ThreadID, cIDX, Time, cycles, deltaT, RX, OnRX, TX, SupTX, OnTX, Idle, OnIdle, Blocked, CacheMiss, CacheHit, CacheWB, CPUIdle, RX/s, TX/s, Sup/s
896, 0, 0, 0, 0, 0, 0, 0, 0, 0, 0, 0, 0, 0, 0, 0, 0, 0, 0, 0
896, 0, 1.000021, 210004388, 1.000021, 29508, 29508, 29505, 0, 7944, 0, 0, 0, 671415, 183374836, 276677, 29380521, 29507.383436, 29504.383499, 0.000000
896, 1, 2.000145, 210026149, 1.000125, 29379, 29379, 29388, 0, 7913, 0, 0, 0, 604970, 183445070, 240389, 29462280, 29375.342210, 29384.341090, 0.000000
896, 2, 3.000158, 210002611, 1.000012, 29395, 29395, 29393, 0, 7914, 0, 0, 0, 592297, 183305583, 234170, 29669752, 29394.634527, 29392.634552, 0.000000
896, 3, 4.000170, 210002509, 1.000012, 29443, 29443, 29438, 0, 7927, 0, 0, 0, 587963, 183357812, 230631, 29594259, 29442.648230, 29437.648290, 0.000000
896, 4, 5.000176, 210001212, 1.000006, 29355, 29355, 29356, 0, 7901, 0, 0, 0, 585388, 183162718, 229665, 29873863, 29354.830581, 29355.830575, 0.000000
896, 5, 6.000195, 210004117, 1.000020, 29366, 29366, 29380, 0, 7911, 0, 0, 0, 579022, 183075020, 226689, 30182563, 29365.424298, 29379.424023, 0.000000
896, 6, 7.000238, 210009007, 1.000043, 29430, 29430, 29427, 0, 7924, 0, 0, 0, 573880, 183082899, 223762, 30247243, 29428.737787, 29425.737916, 0.000000
896, 7, 8.000521, 210059353, 1.000283, 29388, 29388, 29369, 0, 7906, 0, 0, 0, 569552, 183189773, 221143, 29957760, 29379.696318, 29360.701687, 0.000000
