ThreadID, cIDX, Time, cycles, deltaT, RX, OnRX, TX, SupTX, OnTX, Idle, OnIdle, Blocked, CacheMiss, CacheHit, CacheWB, CPUIdle, RX/s, TX/s, Sup/s
542, 0, 0, 0, 0, 0, 0, 0, 0, 0, 0, 0, 0, 0, 0, 0, 0, 0, 0, 0
542, 0, 1.000049, 210010250, 1.000049, 27271, 27271, 27280, 0, 6820, 0, 0, 1, 0, 0, 0, 27568355, 27269.668980, 27278.668541, 0.000000
542, 1, 2.000053, 210000954, 1.000005, 27118, 27118, 27107, 0, 6777, 0, 0, 1, 0, 0, 0, 27574958, 27117.876807, 27106.876857, 0.000000
542, 2, 3.000060, 210001467, 1.000007, 27114, 27114, 27114, 0, 6779, 0, 0, 1, 0, 0, 0, 27634600, 27113.810591, 27113.810591, 0.000000
542, 3, 4.000164, 210021725, 1.000103, 27203, 27203, 27203, 0, 6800, 0, 0, 0, 0, 0, 0, 27667671, 27200.186076, 27200.186076, 0.000000
542, 4, 5.000216, 210010915, 1.000052, 27103, 27103, 27104, 0, 6776, 0, 0, 0, 0, 0, 0, 28256425, 27101.591363, 27102.591311, 0.000000
542, 5, 6.000226, 210002240, 1.000011, 27092, 27092, 27097, 0, 6775, 0, 0, 0, 0, 0, 0, 28331261, 27091.711022, 27096.710968, 0.000000
542, 6, 7.000257, 210006498, 1.000031, 27198, 27198, 27187, 0, 6796, 0, 0, 0, 0, 0, 0, 28263014, 27197.158442, 27186.158783, 0.000000
542, 7, 8.000354, 210020277, 1.000097, 27101, 27101, 27104, 0, 6776, 0, 0, 0, 0, 0, 0, 28327956, 27098.383458, 27101.383168, 0.000000
