ThreadID, cIDX, Time, cycles, deltaT, RX, OnRX, TX, SupTX, OnTX, Idle, OnIdle, Blocked, CacheMiss, CacheHit, CacheWB, CPUIdle, RX/s, TX/s, Sup/s
1552, 0, 0, 0, 0, 0, 0, 0, 0, 0, 0, 0, 0, 0, 0, 0, 0, 0, 0, 0
1552, 0, 1.000049, 210010193, 1.000049, 30551, 30551, 30545, 0, 7920, 0, 0, 0, 0, 0, 0, 29773070, 30549.517185, 30543.517476, 0.000000
1552, 1, 2.000186, 210028781, 1.000137, 30516, 30516, 30534, 0, 7916, 0, 0, 8, 0, 0, 0, 29909125, 30511.818283, 30529.815816, 0.000000
1552, 2, 3.000254, 210014391, 1.000069, 30524, 30524, 30520, 0, 7913, 0, 0, 1, 0, 0, 0, 29933893, 30521.908377, 30517.908651, 0.000000
1552, 3, 4.000275, 210004292, 1.000020, 30527, 30527, 30520, 0, 7911, 0, 0, 8, 0, 0, 0, 30036464, 30526.376099, 30519.376242, 0.000000
1552, 4, 5.000320, 210009572, 1.000046, 30556, 30556, 30555, 0, 7922, 0, 0, 1, 0, 0, 0, 30300604, 30554.607292, 30553.607337, 0.000000
1552, 5, 6.000397, 210016129, 1.000077, 30441, 30441, 30449, 0, 7894, 0, 0, 3, 0, 0, 0, 30655046, 30438.662166, 30446.661551, 0.000000
1552, 6, 7.000525, 210026889, 1.000128, 30466, 30466, 30448, 0, 7894, 0, 0, 0, 0, 0, 0, 30230328, 30462.099546, 30444.101850, 0.000000
1552, 7, 8.000552, 210005582, 1.000027, 30598, 30598, 30617, 0, 7938, 0, 0, 0, 0, 0, 0, 30379296, 30597.186698, 30616.186193, 0.000000
