ThreadID, cIDX, Time, cycles, deltaT, RX, OnRX, TX, SupTX, OnTX, Idle, OnIdle, Blocked, CacheMiss, CacheHit, CacheWB, CPUIdle, RX/s, TX/s, Sup/s
10496, 0, 0, 0, 0, 0, 0, 0, 0, 0, 0, 0, 0, 0, 0, 0, 0, 0, 0, 0
10496, 0, 1.000005, 210001107, 1.000005, 30584, 30584, 30588, 0, 7931, 0, 0, 0, 651099, 182100940, 268850, 31601901, 30583.838779, 30587.838758, 0.000000
10496, 1, 2.000031, 210005494, 1.000026, 30570, 30570, 30576, 0, 7927, 0, 0, 2, 565224, 182068609, 229088, 31712772, 30569.200251, 30575.200095, 0.000000
10496, 2, 3.000091, 210012569, 1.000060, 30563, 30563, 30554, 0, 7921, 0, 0, 7, 549992, 182117689, 223220, 31687286, 30561.170841, 30552.171380, 0.000000
10496, 3, 4.000136, 210009307, 1.000044, 30496, 30496, 30496, 0, 7906, 0, 0, 5, 535627, 181965219, 214986, 31950751, 30494.648506, 30494.648506, 0.000000
10496, 4, 5.000154, 210003842, 1.000018, 30474, 30474, 30480, 0, 7904, 0, 0, 7, 523414, 181856604, 208817, 32208584, 30473.442481, 30479.442371, 0.000000
10496, 5, 6.000309, 210032517, 1.000155, 30526, 30526, 30510, 0, 7911, 0, 0, 0, 519085, 181608907, 207210, 32711381, 30521.273999, 30505.276476, 0.000000
10496, 6, 7.000313, 210000813, 1.000004, 30411, 30411, 30421, 0, 7884, 0, 0, 1, 516025, 181663269, 205798, 32609809, 30410.882266, 30420.882228, 0.000000
10496, 7, 8.000326, 210002844, 1.000014, 30474, 30474, 30467, 0, 7900, 0, 0, 0, 514844, 181833982, 205462, 32363100, 30473.587301, 30466.587395, 0.000000
