ThreadID, cIDX, Time, cycles, deltaT, RX, OnRX, TX, SupTX, OnTX, Idle, OnIdle, Blocked, CacheMiss, CacheHit, CacheWB, CPUIdle, RX/s, TX/s, Sup/s
2140, 0, 0, 0, 0, 0, 0, 0, 0, 0, 0, 0, 0, 0, 0, 0, 0, 0, 0, 0
2140, 0, 1.000186, 210039025, 1.000186, 27245, 27245, 27244, 0, 6811, 0, 0, 5, 0, 0, 0, 29104779, 27239.937912, 27238.938097, 0.000000
2140, 1, 2.000207, 210004486, 1.000021, 27194, 27194, 27204, 0, 6801, 0, 0, 9, 0, 0, 0, 28956151, 27193.419097, 27203.418883, 0.000000
2140, 2, 3.000441, 210049026, 1.000233, 27128, 27128, 27119, 0, 6780, 0, 0, 13, 0, 0, 0, 29329633, 27121.668253, 27112.670353, 0.000000
2140, 3, 4.000462, 210004460, 1.000021, 27111, 27111, 27107, 0, 6777, 0, 0, 8, 0, 0, 0, 29489806, 27110.424226, 27106.424311, 0.000000
2140, 4, 5.000480, 210003772, 1.000018, 27125, 27125, 27130, 0, 6782, 0, 0, 8, 0, 0, 0, 29620025, 27124.512792, 27129.512702, 0.000000
2140, 5, 6.000508, 210005967, 1.000028, 27136, 27136, 27136, 0, 6784, 0, 0, 4, 0, 0, 0, 30157806, 27135.228972, 27135.228972, 0.000000
2140, 6, 7.000535, 210005544, 1.000026, 27091, 27091, 27080, 0, 6770, 0, 0, 4, 0, 0, 0, 29845400, 27090.284816, 27079.285107, 0.000000
2140, 7, 8.000543, 210001650, 1.000008, 27118, 27118, 27125, 0, 6782, 0, 0, 1, 0, 0, 0, 29608512, 27117.786932, 27124.786877, 0.000000
