ThreadID, cIDX, Time, cycles, deltaT, RX, OnRX, TX, SupTX, OnTX, Idle, OnIdle, Blocked, CacheMiss, CacheHit, CacheWB, CPUIdle, RX/s, TX/s, Sup/s
1914, 0, 0, 0, 0, 0, 0, 0, 0, 0, 0, 0, 0, 0, 0, 0, 0, 0, 0, 0
1914, 0, 1.000182, 210038252, 1.000182, 27210, 27210, 27212, 0, 6803, 0, 0, 0, 0, 0, 0, 30914872, 27205.044536, 27207.044172, 0.000000
1914, 1, 2.000197, 210003112, 1.000015, 27201, 27201, 27205, 0, 6802, 0, 0, 8, 0, 0, 0, 30803667, 27200.596913, 27204.596854, 0.000000
1914, 2, 3.000242, 210009359, 1.000045, 27136, 27136, 27135, 0, 6783, 0, 0, 2, 0, 0, 0, 31049192, 27134.790693, 27133.790737, 0.000000
1914, 3, 4.000301, 210012475, 1.000059, 27067, 27067, 27064, 0, 6766, 0, 0, 3, 0, 0, 0, 31167569, 27065.392187, 27062.392365, 0.000000
1914, 4, 5.000377, 210015893, 1.000076, 27115, 27115, 27112, 0, 6778, 0, 0, 1, 0, 0, 0, 31438180, 27112.948066, 27109.948293, 0.000000
1914, 5, 6.000422, 210009493, 1.000045, 27204, 27204, 27204, 0, 6801, 0, 0, 0, 0, 0, 0, 31743308, 27202.770305, 27202.770305, 0.000000
1914, 6, 7.000426, 210000883, 1.000004, 27154, 27154, 27161, 0, 6791, 0, 0, 0, 0, 0, 0, 31549603, 27153.885824, 27160.885795, 0.000000
1914, 7, 8.000432, 210001258, 1.000006, 27047, 27047, 27043, 0, 6760, 0, 0, 0, 0, 0, 0, 31410252, 27046.837977, 27042.838001, 0.000000
