ThreadID, cIDX, Time, cycles, deltaT, RX, OnRX, TX, SupTX, OnTX, Idle, OnIdle, Blocked, CacheMiss, CacheHit, CacheWB, CPUIdle, RX/s, TX/s, Sup/s
10986, 0, 0, 0, 0, 0, 0, 0, 0, 0, 0, 0, 0, 0, 0, 0, 0, 0, 0, 0
10986, 0, 1.000007, 210001481, 1.000007, 27234, 27234, 27235, 0, 6809, 0, 0, 0, 0, 0, 0, 28888080, 27233.807937, 27234.807930, 0.000000
10986, 1, 2.000689, 210143167, 1.000682, 27152, 27152, 27153, 0, 6788, 0, 0, 4, 0, 0, 0, 29057277, 27133.501800, 27134.501118, 0.000000
10986, 2, 3.000696, 210001614, 1.000008, 27126, 27126, 27130, 0, 6783, 0, 0, 2, 0, 0, 0, 29106639, 27125.791519, 27129.791488, 0.000000
10986, 3, 4.000710, 210002879, 1.000014, 27174, 27174, 27170, 0, 6792, 0, 0, 7, 0, 0, 0, 29084023, 27173.627463, 27169.627517, 0.000000
10986, 4, 5.000877, 210034972, 1.000167, 27171, 27171, 27172, 0, 6793, 0, 0, 6, 0, 0, 0, 29539158, 27166.475876, 27167.475710, 0.000000
10986, 5, 6.000930, 210011105, 1.000053, 27044, 27044, 27044, 0, 6761, 0, 0, 1, 0, 0, 0, 29957028, 27042.569963, 27042.569963, 0.000000
10986, 6, 7.000933, 210000687, 1.000003, 27192, 27192, 27196, 0, 6799, 0, 0, 0, 0, 0, 0, 29546131, 27191.911044, 27195.911031, 0.000000
10986, 7, 8.001022, 210018795, 1.000090, 27120, 27120, 27112, 0, 6778, 0, 0, 0, 0, 0, 0, 29541835, 27117.572977, 27109.573693, 0.000000
