ThreadID, cIDX, Time, cycles, deltaT, RX, OnRX, TX, SupTX, OnTX, Idle, OnIdle, Blocked, CacheMiss, CacheHit, CacheWB, CPUIdle, RX/s, TX/s, Sup/s
1749, 0, 0, 0, 0, 0, 0, 0, 0, 0, 0, 0, 0, 0, 0, 0, 0, 0, 0, 0
1749, 0, 1.000038, 210007943, 1.000038, 31549, 31549, 31551, 0, 7888, 0, 0, 0, 0, 0, 0, 29103756, 31547.806742, 31549.806666, 0.000000
1749, 1, 2.000177, 210029278, 1.000139, 31654, 31654, 31634, 0, 7909, 0, 0, 3, 0, 0, 0, 29113498, 31649.587445, 31629.590233, 0.000000
1749, 2, 3.000272, 210019933, 1.000095, 31663, 31663, 31680, 0, 7920, 0, 0, 9, 0, 0, 0, 29278665, 31659.994863, 31676.993250, 0.000000
1749, 3, 4.000274, 210000456, 1.000002, 31754, 31754, 31765, 0, 7941, 0, 0, 8, 0, 0, 0, 29410827, 31753.931049, 31764.931025, 0.000000
1749, 4, 5.000348, 210015474, 1.000074, 31709, 31709, 31694, 0, 7923, 0, 0, 2, 0, 0, 0, 29652324, 31706.663672, 31691.664777, 0.000000
1749, 5, 6.000373, 210005168, 1.000025, 31590, 31590, 31593, 0, 7899, 0, 0, 3, 0, 0, 0, 30053094, 31589.222604, 31592.222530, 0.000000
1749, 6, 7.000906, 210112058, 1.000534, 31656, 31656, 31640, 0, 7910, 0, 0, 2, 0, 0, 0, 29710358, 31639.117066, 31623.125599, 0.000000
1749, 7, 8.000929, 210004813, 1.000023, 31716, 31716, 31719, 0, 7929, 0, 0, 0, 0, 0, 0, 29667395, 31715.273116, 31718.273047, 0.000000
