ThreadID, cIDX, Time, cycles, deltaT, RX, OnRX, TX, SupTX, OnTX, Idle, OnIdle, Blocked, CacheMiss, CacheHit, CacheWB, CPUIdle, RX/s, TX/s, Sup/s
9231, 0, 0, 0, 0, 0, 0, 0, 0, 0, 0, 0, 0, 0, 0, 0, 0, 0, 0, 0
9231, 0, 1.000023, 210004760, 1.000023, 27237, 27237, 27231, 0, 6808, 0, 0, 1, 632071, 182063002, 263210, 31728503, 27236.382642, 27230.382778, 0.000000
9231, 1, 2.000179, 210032914, 1.000157, 27111, 27111, 27121, 0, 6780, 0, 0, 7, 556719, 182185890, 223322, 31629732, 27106.751468, 27116.749901, 0.000000
9231, 2, 3.000705, 210110445, 1.000526, 27109, 27109, 27097, 0, 6775, 0, 0, 13, 544634, 182106164, 217867, 31907201, 27094.750097, 27082.756405, 0.000000
9231, 3, 4.000749, 210009206, 1.000044, 27252, 27252, 27257, 0, 6814, 0, 0, 10, 530696, 182158399, 210409, 31683495, 27250.805377, 27255.805157, 0.000000
9231, 4, 5.000750, 210000202, 1.000001, 27092, 27092, 27101, 0, 6775, 0, 0, 7, 521195, 181917944, 206743, 32173946, 27091.973940, 27100.973931, 0.000000
9231, 5, 6.000931, 210037909, 1.000181, 27084, 27084, 27073, 0, 6768, 0, 0, 3, 521674, 181938668, 206581, 32119628, 27079.111705, 27068.113690, 0.000000
9231, 6, 7.001043, 210023613, 1.000112, 27194, 27194, 27192, 0, 6798, 0, 0, 0, 517118, 181854209, 202923, 32338595, 27190.942573, 27188.942798, 0.000000
9231, 7, 8.001052, 210001791, 1.000009, 27117, 27117, 27124, 0, 6781, 0, 0, 0, 520342, 181967619, 204578, 32075097, 27116.768733, 27123.768673, 0.000000
