ThreadID, cIDX, Time, cycles, deltaT, RX, OnRX, TX, SupTX, OnTX, Idle, OnIdle, Blocked, CacheMiss, CacheHit, CacheWB, CPUIdle, RX/s, TX/s, Sup/s
9103, 0, 0, 0, 0, 0, 0, 0, 0, 0, 0, 0, 0, 0, 0, 0, 0, 0, 0, 0
9103, 0, 1.000004, 210000821, 1.000004, 27220, 27220, 27216, 0, 6804, 0, 0, 0, 661802, 182017793, 276760, 32171040, 27219.893583, 27215.893599, 0.000000
9103, 1, 2.000007, 210000569, 1.000003, 27129, 27129, 27128, 0, 6782, 0, 0, 4, 571661, 182097279, 232654, 32236718, 27128.926494, 27127.926496, 0.000000
9103, 2, 3.000037, 210006346, 1.000030, 27130, 27130, 27136, 0, 6784, 0, 0, 5, 551827, 182020454, 225526, 32394211, 27129.180182, 27135.180001, 0.000000
9103, 3, 4.000079, 210008773, 1.000042, 27208, 27208, 27212, 0, 6803, 0, 0, 2, 546727, 182065462, 222243, 32423873, 27206.863401, 27210.863234, 0.000000
9103, 4, 5.000089, 210002263, 1.000011, 27094, 27094, 27088, 0, 6772, 0, 0, 1, 539905, 181773001, 218054, 32895223, 27093.708033, 27087.708098, 0.000000
9103, 5, 6.000140, 210010642, 1.000051, 27094, 27094, 27083, 0, 6771, 0, 0, 0, 535591, 181728284, 216798, 32958172, 27092.627049, 27081.627606, 0.000000
9103, 6, 7.000186, 210009638, 1.000046, 27183, 27183, 27189, 0, 6797, 0, 0, 1, 532137, 181820387, 212936, 32777649, 27181.752487, 27187.752212, 0.000000
9103, 7, 8.000196, 210002198, 1.000010, 27118, 27118, 27133, 0, 6784, 0, 0, 0, 526234, 181792545, 210066, 32967709, 27117.716168, 27132.716011, 0.000000
