ThreadID, cIDX, Time, cycles, deltaT, RX, OnRX, TX, SupTX, OnTX, Idle, OnIdle, Blocked, CacheMiss, CacheHit, CacheWB, CPUIdle, RX/s, TX/s, Sup/s
9739, 0, 0, 0, 0, 0, 0, 0, 0, 0, 0, 0, 0, 0, 0, 0, 0, 0, 0, 0
9739, 0, 1.000008, 210001746, 1.000008, 26067, 26067, 26075, 0, 6803, 0, 0, 0, 633459, 182057929, 262812, 31745626, 26066.783273, 26074.783207, 0.000000
9739, 1, 2.000013, 210000904, 1.000004, 26057, 26057, 26051, 0, 6796, 0, 0, 1, 553817, 182150979, 223587, 31759584, 26056.887831, 26050.887857, 0.000000
9739, 2, 3.000051, 210008163, 1.000039, 26003, 26003, 26003, 0, 6784, 0, 0, 6, 539450, 182065596, 216961, 31868457, 26001.989266, 26001.989266, 0.000000
9739, 3, 4.000052, 210000194, 1.000001, 26004, 26004, 26005, 0, 6785, 0, 0, 7, 535200, 181967521, 215215, 32017434, 26003.975977, 26004.975976, 0.000000
9739, 4, 5.000059, 210001297, 1.000006, 25930, 25930, 25930, 0, 6764, 0, 0, 7, 533040, 181845403, 214013, 32300225, 25929.839852, 25929.839852, 0.000000
9739, 5, 6.000083, 210005081, 1.000024, 26013, 26013, 26015, 0, 6785, 0, 0, 4, 520492, 181687071, 207501, 32593373, 26012.370624, 26014.370576, 0.000000
9739, 6, 7.000121, 210008064, 1.000038, 25924, 25924, 25917, 0, 6761, 0, 0, 3, 520286, 181854041, 206518, 32344093, 25923.004557, 25916.004825, 0.000000
9739, 7, 8.000222, 210021110, 1.000101, 25991, 25991, 25997, 0, 6783, 0, 0, 0, 521551, 181975697, 207746, 32122458, 25988.387548, 25994.386945, 0.000000
