ThreadID, cIDX, Time, cycles, deltaT, RX, OnRX, TX, SupTX, OnTX, Idle, OnIdle, Blocked, CacheMiss, CacheHit, CacheWB, CPUIdle, RX/s, TX/s, Sup/s
2946, 0, 0, 0, 0, 0, 0, 0, 0, 0, 0, 0, 0, 0, 0, 0, 0, 0, 0, 0
2946, 0, 1.000205, 210043092, 1.000205, 31612, 31612, 31597, 0, 7900, 0, 0, 3, 658998, 182111539, 273198, 31634024, 31605.514548, 31590.517626, 0.000000
2946, 1, 2.000345, 210029363, 1.000140, 31709, 31709, 31722, 0, 7930, 0, 0, 11, 566790, 182213643, 225321, 31598521, 31704.566947, 31717.565129, 0.000000
2946, 2, 3.000379, 210007195, 1.000034, 31722, 31722, 31712, 0, 7928, 0, 0, 12, 547186, 182159994, 217202, 31740479, 31720.913181, 31710.913524, 0.000000
2946, 3, 4.000384, 210000896, 1.000004, 31579, 31579, 31578, 0, 7895, 0, 0, 13, 542087, 182107967, 214780, 31818363, 31578.865264, 31577.865268, 0.000000
2946, 4, 5.000461, 210016180, 1.000077, 31577, 31577, 31599, 0, 7899, 0, 0, 6, 531683, 181932954, 208325, 32136203, 31574.567255, 31596.565560, 0.000000
2946, 5, 6.000868, 210085477, 1.000407, 31727, 31727, 31704, 0, 7926, 0, 0, 4, 526836, 181770786, 207091, 32567695, 31714.091308, 31691.100666, 0.000000
2946, 6, 7.000973, 210022056, 1.000105, 31519, 31519, 31516, 0, 7879, 0, 0, 0, 520914, 181810086, 202782, 32310361, 31515.689952, 31512.690267, 0.000000
2946, 7, 8.000978, 210001077, 1.000005, 31582, 31582, 31602, 0, 7901, 0, 0, 0, 517713, 181883441, 202494, 32244550, 31581.838030, 31601.837928, 0.000000
