ThreadID, cIDX, Time, cycles, deltaT, RX, OnRX, TX, SupTX, OnTX, Idle, OnIdle, Blocked, CacheMiss, CacheHit, CacheWB, CPUIdle, RX/s, TX/s, Sup/s
10222, 0, 0, 0, 0, 0, 0, 0, 0, 0, 0, 0, 0, 0, 0, 0, 0, 0, 0, 0
10222, 0, 1.000013, 210002819, 1.000013, 27206, 27206, 27208, 0, 6802, 0, 0, 0, 0, 0, 0, 28939149, 27205.634797, 27207.634770, 0.000000
10222, 1, 2.000022, 210001870, 1.000009, 27187, 27187, 27187, 0, 6797, 0, 0, 5, 0, 0, 0, 29049712, 27186.757908, 27186.757908, 0.000000
10222, 2, 3.000039, 210003434, 1.000016, 27147, 27147, 27146, 0, 6787, 0, 0, 6, 0, 0, 0, 29144339, 27146.556089, 27145.556106, 0.000000
10222, 3, 4.000134, 210020122, 1.000096, 27048, 27048, 27047, 0, 6761, 0, 0, 7, 0, 0, 0, 29273930, 27045.408535, 27044.408631, 0.000000
10222, 4, 5.000153, 210003902, 1.000019, 27109, 27109, 27113, 0, 6779, 0, 0, 5, 0, 0, 0, 29513001, 27108.496298, 27112.496224, 0.000000
10222, 5, 6.000163, 210002082, 1.000010, 27152, 27152, 27151, 0, 6787, 0, 0, 4, 0, 0, 0, 29910731, 27151.730810, 27150.730820, 0.000000
10222, 6, 7.000194, 210006450, 1.000031, 26945, 26945, 26936, 0, 6734, 0, 0, 1, 0, 0, 0, 29813169, 26944.172429, 26935.172705, 0.000000
10222, 7, 8.000307, 210023758, 1.000113, 27159, 27159, 27156, 0, 6789, 0, 0, 0, 0, 0, 0, 29483734, 27155.927759, 27152.928099, 0.000000
