ThreadID, cIDX, Time, cycles, deltaT, RX, OnRX, TX, SupTX, OnTX, Idle, OnIdle, Blocked, CacheMiss, CacheHit, CacheWB, CPUIdle, RX/s, TX/s, Sup/s
8355, 0, 0, 0, 0, 0, 0, 0, 0, 0, 0, 0, 0, 0, 0, 0, 0, 0, 0, 0
8355, 0, 1.000021, 210004421, 1.000021, 31585, 31585, 31596, 0, 7899, 0, 0, 1, 0, 0, 0, 27553512, 31584.335075, 31595.334843, 0.000000
8355, 1, 2.000091, 210014637, 1.000070, 31715, 31715, 31692, 0, 7923, 0, 0, 8, 0, 0, 0, 27486590, 31712.789619, 31689.791222, 0.000000
8355, 2, 3.000095, 210000893, 1.000004, 31701, 31701, 31700, 0, 7925, 0, 0, 4, 0, 0, 0, 27646645, 31700.865196, 31699.865200, 0.000000
8355, 3, 4.000145, 210010452, 1.000050, 31582, 31582, 31580, 0, 7895, 0, 0, 2, 0, 0, 0, 27547588, 31580.428197, 31578.428297, 0.000000
8355, 4, 5.000297, 210031865, 1.000152, 31587, 31587, 31588, 0, 7897, 0, 0, 2, 0, 0, 0, 27789524, 31582.207776, 31583.207624, 0.000000
8355, 5, 6.000514, 210045626, 1.000217, 31710, 31710, 31713, 0, 7929, 0, 0, 0, 0, 0, 0, 28107611, 31703.111971, 31706.111319, 0.000000
8355, 6, 7.000685, 210035974, 1.000171, 31576, 31576, 31567, 0, 7891, 0, 0, 2, 0, 0, 0, 28123185, 31570.591807, 31561.593349, 0.000000
8355, 7, 8.000688, 210000575, 1.000003, 31571, 31571, 31577, 0, 7895, 0, 0, 0, 0, 0, 0, 27613911, 31570.913556, 31576.913539, 0.000000
