ThreadID, cIDX, Time, cycles, deltaT, RX, OnRX, TX, SupTX, OnTX, Idle, OnIdle, Blocked, CacheMiss, CacheHit, CacheWB, CPUIdle, RX/s, TX/s, Sup/s
952, 0, 0, 0, 0, 0, 0, 0, 0, 0, 0, 0, 0, 0, 0, 0, 0, 0, 0, 0
952, 0, 1.000025, 210005326, 1.000025, 30471, 30471, 30472, 0, 7901, 0, 0, 0, 0, 0, 0, 25890541, 30470.227217, 30471.227192, 0.000000
952, 1, 2.000030, 210001045, 1.000005, 30557, 30557, 30571, 0, 7924, 0, 0, 1, 0, 0, 0, 25871831, 30556.847943, 30570.847874, 0.000000
952, 2, 3.000159, 210027087, 1.000129, 30561, 30561, 30533, 0, 7917, 0, 0, 0, 0, 0, 0, 26152691, 30557.058576, 30529.062187, 0.000000
952, 3, 4.000189, 210006323, 1.000030, 30557, 30557, 30576, 0, 7928, 0, 0, 0, 0, 0, 0, 26058055, 30556.079971, 30575.079399, 0.000000
952, 4, 5.000198, 210001765, 1.000008, 30497, 30497, 30489, 0, 7906, 0, 0, 0, 0, 0, 0, 26429747, 30496.743682, 30488.743749, 0.000000
952, 5, 6.000210, 210002565, 1.000012, 30507, 30507, 30510, 0, 7910, 0, 0, 0, 0, 0, 0, 26568454, 30506.627383, 30509.627347, 0.000000
952, 6, 7.000245, 210007366, 1.000035, 30457, 30457, 30459, 0, 7896, 0, 0, 0, 0, 0, 0, 26635158, 30455.931722, 30457.931652, 0.000000
952, 7, 8.000331, 210018065, 1.000086, 30526, 30526, 30538, 0, 7919, 0, 0, 1, 0, 0, 0, 26618416, 30523.374263, 30535.373231, 0.000000
