ThreadID, cIDX, Time, cycles, deltaT, RX, OnRX, TX, SupTX, OnTX, Idle, OnIdle, Blocked, CacheMiss, CacheHit, CacheWB, CPUIdle, RX/s, TX/s, Sup/s
1188, 0, 0, 0, 0, 0, 0, 0, 0, 0, 0, 0, 0, 0, 0, 0, 0, 0, 0, 0
1188, 0, 1.000006, 210001159, 1.000006, 31499, 31499, 31512, 0, 7878, 0, 0, 1, 0, 0, 0, 28362590, 31498.826156, 31511.826085, 0.000000
1188, 1, 2.000008, 210000561, 1.000003, 31705, 31705, 31707, 0, 7927, 0, 0, 0, 0, 0, 0, 28299475, 31704.915303, 31706.915297, 0.000000
1188, 2, 3.000072, 210013358, 1.000064, 31710, 31710, 31701, 0, 7925, 0, 0, 0, 0, 0, 0, 28516531, 31707.983070, 31698.983643, 0.000000
1188, 3, 4.000087, 210003177, 1.000015, 31691, 31691, 31692, 0, 7923, 0, 0, 1, 0, 0, 0, 28324423, 31690.520568, 31691.520553, 0.000000
1188, 4, 5.000149, 210013063, 1.000062, 31678, 31678, 31651, 0, 7913, 0, 0, 3, 0, 0, 0, 28542121, 31676.029600, 31649.031280, 0.000000
1188, 5, 6.000150, 210000263, 1.000001, 31572, 31572, 31611, 0, 7903, 0, 0, 4, 0, 0, 0, 28910524, 31571.960460, 31610.960411, 0.000000
1188, 6, 7.000155, 210000973, 1.000005, 31718, 31718, 31692, 0, 7923, 0, 0, 1, 0, 0, 0, 28816764, 31717.853041, 31691.853161, 0.000000
1188, 7, 8.000361, 210043322, 1.000206, 31686, 31686, 31694, 0, 7923, 0, 0, 1, 0, 0, 0, 28823780, 31679.464677, 31687.463027, 0.000000
