ThreadID, cIDX, Time, cycles, deltaT, RX, OnRX, TX, SupTX, OnTX, Idle, OnIdle, Blocked, CacheMiss, CacheHit, CacheWB, CPUIdle, RX/s, TX/s, Sup/s
2520, 0, 0, 0, 0, 0, 0, 0, 0, 0, 0, 0, 0, 0, 0, 0, 0, 0, 0, 0
2520, 0, 1.000006, 210001167, 1.000006, 27127, 27127, 27124, 0, 6781, 0, 0, 0, 0, 0, 0, 28929563, 27126.849252, 27123.849269, 0.000000
2520, 1, 2.000032, 210005570, 1.000027, 27111, 27111, 27109, 0, 6778, 0, 0, 2, 0, 0, 0, 28871598, 27110.280932, 27108.280985, 0.000000
2520, 2, 3.000034, 210000365, 1.000002, 27148, 27148, 27151, 0, 6787, 0, 0, 3, 0, 0, 0, 29083381, 27147.952814, 27150.952809, 0.000000
2520, 3, 4.000045, 210002451, 1.000012, 27225, 27225, 27221, 0, 6806, 0, 0, 1, 0, 0, 0, 29259420, 27224.682249, 27220.682296, 0.000000
2520, 4, 5.000086, 210008471, 1.000040, 27166, 27166, 27174, 0, 6793, 0, 0, 8, 0, 0, 0, 29578097, 27164.904220, 27172.903897, 0.000000
2520, 5, 6.000134, 210010091, 1.000048, 27066, 27066, 27065, 0, 6766, 0, 0, 2, 0, 0, 0, 30007113, 27064.699477, 27063.699525, 0.000000
2520, 6, 7.000180, 210009703, 1.000046, 27091, 27091, 27096, 0, 6774, 0, 0, 2, 0, 0, 0, 29937905, 27089.748325, 27094.748094, 0.000000
2520, 7, 8.000187, 210001396, 1.000007, 27202, 27202, 27193, 0, 6799, 0, 0, 0, 0, 0, 0, 29606107, 27201.819173, 27192.819232, 0.000000
