ThreadID, cIDX, Time, cycles, deltaT, RX, OnRX, TX, SupTX, OnTX, Idle, OnIdle, Blocked, CacheMiss, CacheHit, CacheWB, CPUIdle, RX/s, TX/s, Sup/s
9403, 0, 0, 0, 0, 0, 0, 0, 0, 0, 0, 0, 0, 0, 0, 0, 0, 0, 0, 0
9403, 0, 1.000636, 210133608, 1.000636, 27216, 27216, 27216, 0, 6804, 0, 0, 0, 0, 0, 0, 28591775, 27198.695413, 27198.695413, 0.000000
9403, 1, 2.000654, 210003764, 1.000018, 27138, 27138, 27129, 0, 6783, 0, 0, 8, 0, 0, 0, 28263615, 27137.513592, 27128.513754, 0.000000
9403, 2, 3.000716, 210012996, 1.000062, 27126, 27126, 27128, 0, 6782, 0, 0, 7, 0, 0, 0, 28329809, 27124.321392, 27126.321268, 0.000000
9403, 3, 4.000754, 210008061, 1.000038, 27075, 27075, 27072, 0, 6768, 0, 0, 10, 0, 0, 0, 28228229, 27073.960747, 27070.960862, 0.000000
9403, 4, 5.000779, 210005137, 1.000024, 27095, 27095, 27108, 0, 6777, 0, 0, 7, 0, 0, 0, 28444735, 27094.337221, 27107.336903, 0.000000
9403, 5, 6.001053, 210057632, 1.000274, 27165, 27165, 27155, 0, 6788, 0, 0, 6, 0, 0, 0, 29081344, 27157.546935, 27147.549678, 0.000000
9403, 6, 7.001056, 210000622, 1.000003, 26999, 26999, 27004, 0, 6751, 0, 0, 0, 0, 0, 0, 28942895, 26998.920032, 27003.920017, 0.000000
9403, 7, 8.001215, 210033360, 1.000159, 27159, 27159, 27156, 0, 6789, 0, 0, 0, 0, 0, 0, 28809506, 27154.686284, 27151.686761, 0.000000
