ThreadID, cIDX, Time, cycles, deltaT, RX, OnRX, TX, SupTX, OnTX, Idle, OnIdle, Blocked, CacheMiss, CacheHit, CacheWB, CPUIdle, RX/s, TX/s, Sup/s
8354, 0, 0, 0, 0, 0, 0, 0, 0, 0, 0, 0, 0, 0, 0, 0, 0, 0, 0, 0
8354, 0, 1.000357, 210075012, 1.000357, 31715, 31715, 31709, 0, 7928, 0, 0, 3, 0, 0, 0, 27610307, 31703.675447, 31697.677590, 0.000000
8354, 1, 2.000373, 210003353, 1.000016, 31677, 31677, 31691, 0, 7922, 0, 0, 10, 0, 0, 0, 27480654, 31676.494232, 31690.494008, 0.000000
8354, 2, 3.000440, 210013947, 1.000066, 31692, 31692, 31679, 0, 7920, 0, 0, 9, 0, 0, 0, 27640185, 31689.895338, 31676.896202, 0.000000
8354, 3, 4.000458, 210003881, 1.000018, 31625, 31625, 31624, 0, 7906, 0, 0, 4, 0, 0, 0, 27530996, 31624.415551, 31623.415569, 0.000000
8354, 4, 5.000487, 210005987, 1.000029, 31622, 31622, 31637, 0, 7909, 0, 0, 1, 0, 0, 0, 27771061, 31621.098498, 31636.098070, 0.000000
8354, 5, 6.000513, 210005477, 1.000026, 31629, 31629, 31632, 0, 7908, 0, 0, 0, 0, 0, 0, 28098885, 31628.175107, 31631.175029, 0.000000
8354, 6, 7.000875, 210076161, 1.000363, 31611, 31611, 31578, 0, 7895, 0, 0, 1, 0, 0, 0, 28126330, 31599.539750, 31566.551714, 0.000000
8354, 7, 8.000881, 210001281, 1.000006, 31618, 31618, 31627, 0, 7907, 0, 0, 2, 0, 0, 0, 27615704, 31617.807131, 31626.807076, 0.000000
