ThreadID, cIDX, Time, cycles, deltaT, RX, OnRX, TX, SupTX, OnTX, Idle, OnIdle, Blocked, CacheMiss, CacheHit, CacheWB, CPUIdle, RX/s, TX/s, Sup/s
10357, 0, 0, 0, 0, 0, 0, 0, 0, 0, 0, 0, 0, 0, 0, 0, 0, 0, 0, 0
10357, 0, 1.000048, 210010085, 1.000048, 31585, 31585, 31572, 0, 7893, 0, 0, 1, 0, 0, 0, 30710328, 31583.483241, 31570.483865, 0.000000
10357, 1, 2.000400, 210073955, 1.000352, 31639, 31639, 31664, 0, 7916, 0, 0, 4, 0, 0, 0, 30927166, 31627.861721, 31652.852920, 0.000000
10357, 2, 3.000850, 210094379, 1.000449, 31683, 31683, 31673, 0, 7919, 0, 0, 10, 0, 0, 0, 31034444, 31668.767302, 31658.771794, 0.000000
10357, 3, 4.000858, 210001768, 1.000008, 31704, 31704, 31694, 0, 7923, 0, 0, 9, 0, 0, 0, 31100268, 31703.733085, 31693.733169, 0.000000
10357, 4, 5.001101, 210051126, 1.000243, 31709, 31709, 31708, 0, 7927, 0, 0, 3, 0, 0, 0, 31097962, 31701.282096, 31700.282340, 0.000000
10357, 5, 6.001462, 210075724, 1.000361, 31580, 31580, 31573, 0, 7893, 0, 0, 3, 0, 0, 0, 31591167, 31568.616657, 31561.619181, 0.000000
10357, 6, 7.001620, 210033120, 1.000158, 31583, 31583, 31604, 0, 7901, 0, 0, 0, 0, 0, 0, 31641482, 31578.019695, 31599.016384, 0.000000
10357, 7, 8.002093, 210099439, 1.000474, 31729, 31729, 31700, 0, 7925, 0, 0, 0, 0, 0, 0, 31477341, 31713.982825, 31684.996551, 0.000000
