ThreadID, cIDX, Time, cycles, deltaT, RX, OnRX, TX, SupTX, OnTX, Idle, OnIdle, Blocked, CacheMiss, CacheHit, CacheWB, CPUIdle, RX/s, TX/s, Sup/s
10543, 0, 0, 0, 0, 0, 0, 0, 0, 0, 0, 0, 0, 0, 0, 0, 0, 0, 0, 0
10543, 0, 1.000016, 210003321, 1.000016, 27192, 27192, 27188, 0, 6797, 0, 0, 1, 0, 0, 0, 28269072, 27191.569985, 27187.570048, 0.000000
10543, 1, 2.000034, 210003853, 1.000018, 27181, 27181, 27180, 0, 6795, 0, 0, 3, 0, 0, 0, 28359324, 27180.501303, 27179.501321, 0.000000
10543, 2, 3.000043, 210001822, 1.000009, 27139, 27139, 27140, 0, 6785, 0, 0, 4, 0, 0, 0, 28148130, 27138.764539, 27139.764530, 0.000000
10543, 3, 4.000057, 210002947, 1.000014, 27050, 27050, 27060, 0, 6765, 0, 0, 6, 0, 0, 0, 28568500, 27049.620404, 27059.620263, 0.000000
10543, 4, 5.000065, 210001620, 1.000008, 27118, 27118, 27112, 0, 6778, 0, 0, 2, 0, 0, 0, 28819758, 27117.790806, 27111.790852, 0.000000
10543, 5, 6.000096, 210006572, 1.000031, 27158, 27158, 27160, 0, 6790, 0, 0, 2, 0, 0, 0, 29346636, 27157.150111, 27159.150048, 0.000000
10543, 6, 7.000110, 210002946, 1.000014, 26960, 26960, 26960, 0, 6740, 0, 0, 1, 0, 0, 0, 29235181, 26959.621795, 26959.621795, 0.000000
10543, 7, 8.000154, 210009250, 1.000044, 27126, 27126, 27116, 0, 6779, 0, 0, 0, 0, 0, 0, 28898992, 27124.805217, 27114.805657, 0.000000
