ThreadID, cIDX, Time, cycles, deltaT, RX, OnRX, TX, SupTX, OnTX, Idle, OnIdle, Blocked, CacheMiss, CacheHit, CacheWB, CPUIdle, RX/s, TX/s, Sup/s
760, 0, 0, 0, 0, 0, 0, 0, 0, 0, 0, 0, 0, 0, 0, 0, 0, 0, 0, 0
760, 0, 1.000039, 210008230, 1.000039, 30450, 30450, 30459, 0, 7897, 0, 0, 0, 0, 0, 0, 29207439, 30448.806697, 30457.806344, 0.000000
760, 1, 2.000152, 210023658, 1.000113, 30563, 30563, 30539, 0, 7916, 0, 0, 0, 0, 0, 0, 29176168, 30559.557248, 30535.559951, 0.000000
760, 2, 3.000378, 210047434, 1.000226, 30566, 30566, 30581, 0, 7930, 0, 0, 0, 0, 0, 0, 29445039, 30559.097427, 30574.094040, 0.000000
760, 3, 4.000383, 210001162, 1.000006, 30557, 30557, 30565, 0, 7925, 0, 0, 0, 0, 0, 0, 29349555, 30556.830919, 30564.830875, 0.000000
760, 4, 5.000392, 210001801, 1.000009, 30462, 30462, 30461, 0, 7898, 0, 0, 0, 0, 0, 0, 29812487, 30461.738754, 30460.738763, 0.000000
760, 5, 6.000547, 210032510, 1.000155, 30537, 30537, 30516, 0, 7912, 0, 0, 0, 0, 0, 0, 29957239, 30532.273313, 30511.276564, 0.000000
760, 6, 7.000620, 210015409, 1.000073, 30480, 30480, 30489, 0, 7904, 0, 0, 0, 0, 0, 0, 29782341, 30477.763658, 30486.762997, 0.000000
760, 7, 8.000628, 210001574, 1.000007, 30464, 30464, 30476, 0, 7903, 0, 0, 2, 0, 0, 0, 29658904, 30463.771667, 30475.771577, 0.000000
