ThreadID, cIDX, Time, cycles, deltaT, RX, OnRX, TX, SupTX, OnTX, Idle, OnIdle, Blocked, CacheMiss, CacheHit, CacheWB, CPUIdle, RX/s, TX/s, Sup/s
1810, 0, 0, 0, 0, 0, 0, 0, 0, 0, 0, 0, 0, 0, 0, 0, 0, 0, 0, 0
1810, 0, 1.000012, 210002599, 1.000012, 31689, 31689, 31683, 0, 7921, 0, 0, 0, 0, 0, 0, 29710792, 31688.607816, 31682.607890, 0.000000
1810, 1, 2.000031, 210003981, 1.000019, 31645, 31645, 31637, 0, 7909, 0, 0, 6, 0, 0, 0, 29854350, 31644.400113, 31636.400264, 0.000000
1810, 2, 3.000106, 210015751, 1.000075, 31607, 31607, 31636, 0, 7909, 0, 0, 10, 0, 0, 0, 29928137, 31604.629502, 31633.627327, 0.000000
1810, 3, 4.000125, 210003949, 1.000019, 31745, 31745, 31717, 0, 7930, 0, 0, 0, 0, 0, 0, 30130344, 31744.403054, 31716.403581, 0.000000
1810, 4, 5.000138, 210002690, 1.000013, 31673, 31673, 31680, 0, 7920, 0, 0, 7, 0, 0, 0, 30228643, 31672.594289, 31679.594199, 0.000000
1810, 5, 6.000143, 210001140, 1.000005, 31590, 31590, 31587, 0, 7896, 0, 0, 5, 0, 0, 0, 30673079, 31589.828512, 31586.828529, 0.000000
1810, 6, 7.000317, 210036525, 1.000174, 31611, 31611, 31608, 0, 7902, 0, 0, 3, 0, 0, 0, 30552575, 31605.502900, 31602.503422, 0.000000
1810, 7, 8.000610, 210061411, 1.000292, 31751, 31751, 31749, 0, 7938, 0, 0, 0, 0, 0, 0, 30294182, 31741.717664, 31739.718248, 0.000000
