ThreadID, cIDX, Time, cycles, deltaT, RX, OnRX, TX, SupTX, OnTX, Idle, OnIdle, Blocked, CacheMiss, CacheHit, CacheWB, CPUIdle, RX/s, TX/s, Sup/s
415, 0, 0, 0, 0, 0, 0, 0, 0, 0, 0, 0, 0, 0, 0, 0, 0, 0, 0, 0
415, 0, 1.000141, 210029631, 1.000141, 27175, 27175, 27180, 0, 6795, 0, 0, 0, 0, 0, 0, 27518308, 27171.166148, 27176.165443, 0.000000
415, 1, 2.000230, 210018625, 1.000089, 27129, 27129, 27128, 0, 6782, 0, 0, 1, 0, 0, 0, 27494884, 27126.594129, 27125.594218, 0.000000
415, 2, 3.000305, 210015767, 1.000075, 27107, 27107, 27108, 0, 6777, 0, 0, 4, 0, 0, 0, 27733195, 27104.964933, 27105.964858, 0.000000
415, 3, 4.000328, 210004811, 1.000023, 27196, 27196, 27200, 0, 6800, 0, 0, 0, 0, 0, 0, 27535175, 27195.376967, 27199.376875, 0.000000
415, 4, 5.000340, 210002499, 1.000012, 27138, 27138, 27136, 0, 6784, 0, 0, 0, 0, 0, 0, 28154221, 27137.677062, 27135.677085, 0.000000
415, 5, 6.000341, 210000325, 1.000002, 27111, 27111, 27112, 0, 6778, 0, 0, 0, 0, 0, 0, 28100342, 27110.958043, 27111.958041, 0.000000
415, 6, 7.000429, 210018453, 1.000088, 27117, 27117, 27112, 0, 6778, 0, 0, 0, 0, 0, 0, 28264597, 27114.617400, 27109.617839, 0.000000
415, 7, 8.000482, 210011143, 1.000053, 27208, 27208, 27197, 0, 6800, 0, 0, 1, 0, 0, 0, 27935517, 27206.556368, 27195.556952, 0.000000
