ThreadID, cIDX, Time, cycles, deltaT, RX, OnRX, TX, SupTX, OnTX, Idle, OnIdle, Blocked, CacheMiss, CacheHit, CacheWB, CPUIdle, RX/s, TX/s, Sup/s
444, 0, 0, 0, 0, 0, 0, 0, 0, 0, 0, 0, 0, 0, 0, 0, 0, 0, 0, 0
444, 0, 1.000020, 210004282, 1.000020, 27222, 27222, 27224, 0, 6806, 0, 0, 0, 0, 0, 0, 25861577, 27221.444942, 27223.444901, 0.000000
444, 1, 2.000069, 210010297, 1.000049, 27109, 27109, 27112, 0, 6778, 0, 0, 3, 0, 0, 0, 25998936, 27107.670821, 27110.670673, 0.000000
444, 2, 3.000096, 210005674, 1.000027, 27073, 27073, 27064, 0, 6766, 0, 0, 0, 0, 0, 0, 26129808, 27072.268533, 27063.268776, 0.000000
444, 3, 4.000106, 210001941, 1.000009, 27204, 27204, 27205, 0, 6802, 0, 0, 0, 0, 0, 0, 25978348, 27203.748560, 27204.748550, 0.000000
444, 4, 5.000264, 210033280, 1.000158, 27149, 27149, 27151, 0, 6787, 0, 0, 0, 0, 0, 0, 26674948, 27144.698212, 27146.697895, 0.000000
444, 5, 6.000383, 210024872, 1.000118, 27102, 27102, 27096, 0, 6774, 0, 0, 0, 0, 0, 0, 26649745, 27098.790471, 27092.791181, 0.000000
444, 6, 7.000454, 210015047, 1.000072, 27060, 27060, 27064, 0, 6766, 0, 0, 0, 0, 0, 0, 26771888, 27058.061225, 27062.060939, 0.000000
444, 7, 8.000463, 210001833, 1.000009, 27229, 27229, 27233, 0, 6809, 0, 0, 0, 0, 0, 0, 26567549, 27228.762332, 27232.762297, 0.000000
