ThreadID, cIDX, Time, cycles, deltaT, RX, OnRX, TX, SupTX, OnTX, Idle, OnIdle, Blocked, CacheMiss, CacheHit, CacheWB, CPUIdle, RX/s, TX/s, Sup/s
10735, 0, 0, 0, 0, 0, 0, 0, 0, 0, 0, 0, 0, 0, 0, 0, 0, 0, 0, 0
10735, 0, 1.000007, 210001367, 1.000007, 27253, 27253, 27241, 0, 6811, 0, 0, 1, 0, 0, 0, 28855652, 27252.822597, 27240.822675, 0.000000
10735, 1, 2.000033, 210005500, 1.000026, 27189, 27189, 27207, 0, 6801, 0, 0, 4, 0, 0, 0, 28971429, 27188.287926, 27206.287454, 0.000000
10735, 2, 3.000036, 210000779, 1.000004, 27119, 27119, 27116, 0, 6779, 0, 0, 1, 0, 0, 0, 29116718, 27118.899402, 27115.899413, 0.000000
10735, 3, 4.000056, 210004061, 1.000019, 27069, 27069, 27065, 0, 6767, 0, 0, 0, 0, 0, 0, 29290942, 27068.476547, 27064.476625, 0.000000
10735, 4, 5.000096, 210008445, 1.000040, 27123, 27123, 27127, 0, 6781, 0, 0, 8, 0, 0, 0, 29486007, 27121.909312, 27125.909151, 0.000000
10735, 5, 6.000119, 210004790, 1.000023, 27136, 27136, 27136, 0, 6784, 0, 0, 4, 0, 0, 0, 30031480, 27135.381055, 27135.381055, 0.000000
10735, 6, 7.000141, 210004583, 1.000022, 26995, 26995, 26988, 0, 6747, 0, 0, 2, 0, 0, 0, 29746621, 26994.410879, 26987.411032, 0.000000
10735, 7, 8.000238, 210020420, 1.000097, 27115, 27115, 27116, 0, 6779, 0, 0, 0, 0, 0, 0, 29540423, 27112.363645, 27113.363548, 0.000000
