ThreadID, cIDX, Time, cycles, deltaT, RX, OnRX, TX, SupTX, OnTX, Idle, OnIdle, Blocked, CacheMiss, CacheHit, CacheWB, CPUIdle, RX/s, TX/s, Sup/s
10727, 0, 0, 0, 0, 0, 0, 0, 0, 0, 0, 0, 0, 0, 0, 0, 0, 0, 0, 0
10727, 0, 1.000067, 210014080, 1.000067, 30460, 30460, 30452, 0, 7896, 0, 0, 0, 0, 0, 0, 28864832, 30457.957866, 30449.958403, 0.000000
10727, 1, 2.000785, 210150666, 1.000717, 30532, 30532, 30546, 0, 7920, 0, 0, 9, 0, 0, 0, 29103798, 30510.110303, 30524.100266, 0.000000
10727, 2, 3.000816, 210006603, 1.000031, 30514, 30514, 30502, 0, 7907, 0, 0, 10, 0, 0, 0, 29113256, 30513.040583, 30501.040960, 0.000000
10727, 3, 4.001105, 210060609, 1.000289, 30646, 30646, 30645, 0, 7945, 0, 0, 5, 0, 0, 0, 29271408, 30637.157679, 30636.157967, 0.000000
10727, 4, 5.001182, 210016275, 1.000077, 30553, 30553, 30562, 0, 7924, 0, 0, 6, 0, 0, 0, 29443206, 30550.632326, 30559.631629, 0.000000
10727, 5, 6.001357, 210036715, 1.000175, 30462, 30462, 30447, 0, 7894, 0, 0, 5, 0, 0, 0, 30004622, 30456.675158, 30441.677780, 0.000000
10727, 6, 7.001370, 210002678, 1.000013, 30441, 30441, 30461, 0, 7898, 0, 0, 0, 0, 0, 0, 29735277, 30440.611810, 30460.611555, 0.000000
10727, 7, 8.001378, 210001729, 1.000008, 30608, 30608, 30606, 0, 7934, 0, 0, 0, 0, 0, 0, 29541133, 30607.747996, 30605.748013, 0.000000
