ThreadID, cIDX, Time, cycles, deltaT, RX, OnRX, TX, SupTX, OnTX, Idle, OnIdle, Blocked, CacheMiss, CacheHit, CacheWB, CPUIdle, RX/s, TX/s, Sup/s
1181, 0, 0, 0, 0, 0, 0, 0, 0, 0, 0, 0, 0, 0, 0, 0, 0, 0, 0, 0
1181, 0, 1.000335, 210070322, 1.000335, 27251, 27251, 27261, 0, 6816, 0, 0, 2, 0, 0, 0, 29915281, 27241.877603, 27251.874256, 0.000000
1181, 1, 2.000457, 210025565, 1.000122, 27152, 27152, 27143, 0, 6785, 0, 0, 2, 0, 0, 0, 29791834, 27148.694970, 27139.696065, 0.000000
1181, 2, 3.000621, 210034572, 1.000165, 27128, 27128, 27132, 0, 6783, 0, 0, 3, 0, 0, 0, 30031475, 27123.534691, 27127.534033, 0.000000
1181, 3, 4.000639, 210003832, 1.000018, 27185, 27185, 27180, 0, 6795, 0, 0, 0, 0, 0, 0, 29783268, 27184.503948, 27179.504039, 0.000000
1181, 4, 5.000700, 210012801, 1.000061, 27084, 27084, 27084, 0, 6771, 0, 0, 2, 0, 0, 0, 30171696, 27082.349137, 27082.349137, 0.000000
1181, 5, 6.000740, 210008404, 1.000040, 27054, 27054, 27060, 0, 6765, 0, 0, 3, 0, 0, 0, 30363194, 27052.917368, 27058.917128, 0.000000
1181, 6, 7.000784, 210009073, 1.000043, 27163, 27163, 27156, 0, 6789, 0, 0, 0, 0, 0, 0, 30329221, 27161.826480, 27154.826782, 0.000000
1181, 7, 8.000797, 210002789, 1.000013, 27063, 27063, 27062, 0, 6766, 0, 0, 0, 0, 0, 0, 30277652, 27062.640582, 27061.640596, 0.000000
