ThreadID, cIDX, Time, cycles, deltaT, RX, OnRX, TX, SupTX, OnTX, Idle, OnIdle, Blocked, CacheMiss, CacheHit, CacheWB, CPUIdle, RX/s, TX/s, Sup/s
10031, 0, 0, 0, 0, 0, 0, 0, 0, 0, 0, 0, 0, 0, 0, 0, 0, 0, 0, 0
10031, 0, 1.000022, 210004680, 1.000022, 27173, 27173, 27173, 0, 6794, 0, 0, 0, 0, 0, 0, 28249436, 27172.394444, 27172.394444, 0.000000
10031, 1, 2.000036, 210002788, 1.000013, 27130, 27130, 27132, 0, 6783, 0, 0, 5, 0, 0, 0, 28188440, 27129.639822, 27131.639795, 0.000000
10031, 2, 3.000063, 210005756, 1.000027, 27166, 27166, 27167, 0, 6791, 0, 0, 7, 0, 0, 0, 28428103, 27165.255413, 27166.255386, 0.000000
10031, 3, 4.000128, 210013585, 1.000065, 27198, 27198, 27200, 0, 6800, 0, 0, 4, 0, 0, 0, 28413564, 27196.240662, 27198.240533, 0.000000
10031, 4, 5.000191, 210013213, 1.000063, 27095, 27095, 27084, 0, 6771, 0, 0, 0, 0, 0, 0, 28814644, 27093.295316, 27082.296008, 0.000000
10031, 5, 6.000246, 210011691, 1.000056, 27054, 27054, 27050, 0, 6763, 0, 0, 3, 0, 0, 0, 29066351, 27052.493949, 27048.494172, 0.000000
10031, 6, 7.000279, 210006931, 1.000033, 27172, 27172, 27178, 0, 6794, 0, 0, 3, 0, 0, 0, 28980792, 27171.103224, 27177.103026, 0.000000
10031, 7, 8.000315, 210007459, 1.000036, 27037, 27037, 27044, 0, 6761, 0, 0, 0, 0, 0, 0, 28895307, 27036.039706, 27043.039457, 0.000000
