ThreadID, cIDX, Time, cycles, deltaT, RX, OnRX, TX, SupTX, OnTX, Idle, OnIdle, Blocked, CacheMiss, CacheHit, CacheWB, CPUIdle, RX/s, TX/s, Sup/s
1262, 0, 0, 0, 0, 0, 0, 0, 0, 0, 0, 0, 0, 0, 0, 0, 0, 0, 0, 0
1262, 0, 1.000022, 210004623, 1.000022, 27251, 27251, 27252, 0, 6813, 0, 0, 1, 0, 0, 0, 28884264, 27250.400102, 27251.400080, 0.000000
1262, 1, 2.000306, 210059590, 1.000284, 27154, 27154, 27162, 0, 6791, 0, 0, 1, 0, 0, 0, 29085902, 27146.296915, 27154.294646, 0.000000
1262, 2, 3.000319, 210002808, 1.000013, 27099, 27099, 27091, 0, 6773, 0, 0, 4, 0, 0, 0, 29263495, 27098.637653, 27090.637759, 0.000000
1262, 3, 4.000502, 210038389, 1.000183, 27166, 27166, 27171, 0, 6792, 0, 0, 3, 0, 0, 0, 29181813, 27161.034833, 27166.033920, 0.000000
1262, 4, 5.000513, 210002274, 1.000011, 27150, 27150, 27148, 0, 6787, 0, 0, 3, 0, 0, 0, 29360085, 27149.706007, 27147.706029, 0.000000
1262, 5, 6.000559, 210009644, 1.000046, 27036, 27036, 27032, 0, 6758, 0, 0, 1, 0, 0, 0, 29631091, 27034.758461, 27030.758645, 0.000000
1262, 6, 7.000571, 210002515, 1.000012, 27107, 27107, 27108, 0, 6777, 0, 0, 0, 0, 0, 0, 29532613, 27106.675365, 27107.675353, 0.000000
1262, 7, 8.000573, 210000534, 1.000003, 27096, 27096, 27084, 0, 6771, 0, 0, 0, 0, 0, 0, 29571723, 27095.931099, 27083.931129, 0.000000
