ThreadID, cIDX, Time, cycles, deltaT, RX, OnRX, TX, SupTX, OnTX, Idle, OnIdle, Blocked, CacheMiss, CacheHit, CacheWB, CPUIdle, RX/s, TX/s, Sup/s
9721, 0, 0, 0, 0, 0, 0, 0, 0, 0, 0, 0, 0, 0, 0, 0, 0, 0, 0, 0
9721, 0, 1.000012, 210002418, 1.000012, 27146, 27146, 27144, 0, 6786, 0, 0, 0, 0, 0, 0, 30921461, 27145.687437, 27143.687460, 0.000000
9721, 1, 2.000060, 210010223, 1.000049, 27197, 27197, 27192, 0, 6798, 0, 0, 3, 0, 0, 0, 30917326, 27195.676089, 27190.676332, 0.000000
9721, 2, 3.000088, 210005774, 1.000027, 27178, 27178, 27188, 0, 6797, 0, 0, 5, 0, 0, 0, 31010190, 27177.252755, 27187.252480, 0.000000
9721, 3, 4.000089, 210000362, 1.000002, 27101, 27101, 27094, 0, 6774, 0, 0, 0, 0, 0, 0, 31127669, 27100.953283, 27093.953295, 0.000000
9721, 4, 5.000139, 210010500, 1.000050, 27099, 27099, 27098, 0, 6774, 0, 0, 5, 0, 0, 0, 31329953, 27097.645118, 27096.645168, 0.000000
9721, 5, 6.000245, 210022184, 1.000106, 27149, 27149, 27152, 0, 6788, 0, 0, 7, 0, 0, 0, 31710054, 27146.132334, 27149.132017, 0.000000
9721, 6, 7.000296, 210010751, 1.000051, 27092, 27092, 27096, 0, 6774, 0, 0, 11, 0, 0, 0, 31377128, 27090.613090, 27094.612885, 0.000000
9721, 7, 8.000307, 210002172, 1.000010, 27070, 27070, 27074, 0, 6769, 0, 0, 0, 0, 0, 0, 31278426, 27069.720022, 27073.719980, 0.000000
