ThreadID, cIDX, Time, cycles, deltaT, RX, OnRX, TX, SupTX, OnTX, Idle, OnIdle, Blocked, CacheMiss, CacheHit, CacheWB, CPUIdle, RX/s, TX/s, Sup/s
11042, 0, 0, 0, 0, 0, 0, 0, 0, 0, 0, 0, 0, 0, 0, 0, 0, 0, 0, 0
11042, 0, 1.000033, 210006840, 1.000033, 31636, 31636, 31624, 0, 7906, 0, 0, 0, 0, 0, 0, 28247801, 31634.969604, 31622.969995, 0.000000
11042, 1, 2.000372, 210071310, 1.000340, 31702, 31702, 31720, 0, 7930, 0, 0, 6, 0, 0, 0, 28297644, 31691.238561, 31709.232451, 0.000000
11042, 2, 3.000474, 210021369, 1.000102, 31712, 31712, 31709, 0, 7928, 0, 0, 3, 0, 0, 0, 28390426, 31708.773406, 31705.773711, 0.000000
11042, 3, 4.000493, 210003924, 1.000019, 31616, 31616, 31620, 0, 7905, 0, 0, 7, 0, 0, 0, 28415102, 31615.409243, 31619.409169, 0.000000
11042, 4, 5.000732, 210050309, 1.000240, 31617, 31617, 31599, 0, 7899, 0, 0, 7, 0, 0, 0, 28798611, 31609.427435, 31591.431746, 0.000000
11042, 5, 6.001425, 210145600, 1.000693, 31682, 31682, 31680, 0, 7920, 0, 0, 0, 0, 0, 0, 29117557, 31660.049033, 31658.050418, 0.000000
11042, 6, 7.001806, 210079895, 1.000380, 31543, 31543, 31540, 0, 7885, 0, 0, 0, 0, 0, 0, 28885985, 31531.003954, 31528.005095, 0.000000
11042, 7, 8.002018, 210044527, 1.000212, 31610, 31610, 31608, 0, 7902, 0, 0, 0, 0, 0, 0, 28741458, 31603.299047, 31601.299471, 0.000000
