ThreadID, cIDX, Time, cycles, deltaT, RX, OnRX, TX, SupTX, OnTX, Idle, OnIdle, Blocked, CacheMiss, CacheHit, CacheWB, CPUIdle, RX/s, TX/s, Sup/s
1122, 0, 0, 0, 0, 0, 0, 0, 0, 0, 0, 0, 0, 0, 0, 0, 0, 0, 0, 0
1122, 0, 1.000308, 210064604, 1.000308, 31581, 31581, 31581, 0, 7896, 0, 0, 6, 0, 0, 0, 29079008, 31571.287469, 31571.287469, 0.000000
1122, 1, 2.000400, 210019460, 1.000093, 31664, 31664, 31663, 0, 7915, 0, 0, 3, 0, 0, 0, 29016602, 31661.066075, 31660.066167, 0.000000
1122, 2, 3.000409, 210001842, 1.000009, 31643, 31643, 31648, 0, 7912, 0, 0, 5, 0, 0, 0, 29243472, 31642.722448, 31647.722404, 0.000000
1122, 3, 4.000474, 210013555, 1.000065, 31774, 31774, 31772, 0, 7943, 0, 0, 0, 0, 0, 0, 29041740, 31771.949196, 31769.949325, 0.000000
1122, 4, 5.000532, 210012200, 1.000058, 31639, 31639, 31630, 0, 7908, 0, 0, 4, 0, 0, 0, 29432280, 31637.162032, 31628.162554, 0.000000
1122, 5, 6.000544, 210002612, 1.000012, 31614, 31614, 31638, 0, 7909, 0, 0, 6, 0, 0, 0, 29512614, 31613.606787, 31637.606488, 0.000000
1122, 6, 7.000648, 210021747, 1.000104, 31650, 31650, 31644, 0, 7911, 0, 0, 1, 0, 0, 0, 29497520, 31646.722756, 31640.723377, 0.000000
1122, 7, 8.000653, 210001189, 1.000006, 31752, 31752, 31731, 0, 7933, 0, 0, 0, 0, 0, 0, 29536633, 31751.820224, 31730.820343, 0.000000
