ThreadID, cIDX, Time, cycles, deltaT, RX, OnRX, TX, SupTX, OnTX, Idle, OnIdle, Blocked, CacheMiss, CacheHit, CacheWB, CPUIdle, RX/s, TX/s, Sup/s
2011, 0, 0, 0, 0, 0, 0, 0, 0, 0, 0, 0, 0, 0, 0, 0, 0, 0, 0, 0
2011, 0, 1.000040, 210008498, 1.000040, 27189, 27189, 27189, 0, 6798, 0, 0, 1, 0, 0, 0, 29121713, 27187.899796, 27187.899796, 0.000000
2011, 1, 2.000042, 210000415, 1.000002, 27196, 27196, 27188, 0, 6797, 0, 0, 6, 0, 0, 0, 29066165, 27195.946256, 27187.946271, 0.000000
2011, 2, 3.000075, 210006776, 1.000032, 27155, 27155, 27167, 0, 6791, 0, 0, 8, 0, 0, 0, 29339335, 27154.123827, 27166.123440, 0.000000
2011, 3, 4.000076, 210000263, 1.000001, 27096, 27096, 27092, 0, 6773, 0, 0, 0, 0, 0, 0, 29443163, 27095.966066, 27091.966071, 0.000000
2011, 4, 5.000177, 210021300, 1.000101, 27083, 27083, 27084, 0, 6771, 0, 0, 0, 0, 0, 0, 29512771, 27080.253289, 27081.253187, 0.000000
2011, 5, 6.000242, 210013513, 1.000064, 27172, 27172, 27168, 0, 6792, 0, 0, 0, 0, 0, 0, 29946112, 27170.251659, 27166.251916, 0.000000
2011, 6, 7.000302, 210012622, 1.000060, 27140, 27140, 27141, 0, 6786, 0, 0, 1, 0, 0, 0, 29818499, 27138.368855, 27139.368795, 0.000000
2011, 7, 8.000332, 210006401, 1.000030, 27075, 27075, 27075, 0, 6768, 0, 0, 0, 0, 0, 0, 29694451, 27074.174753, 27074.174753, 0.000000
