ThreadID, cIDX, Time, cycles, deltaT, RX, OnRX, TX, SupTX, OnTX, Idle, OnIdle, Blocked, CacheMiss, CacheHit, CacheWB, CPUIdle, RX/s, TX/s, Sup/s
11108, 0, 0, 0, 0, 0, 0, 0, 0, 0, 0, 0, 0, 0, 0, 0, 0, 0, 0, 0
11108, 0, 1.000455, 210095489, 1.000455, 31538, 31538, 31525, 0, 7882, 0, 0, 2, 0, 0, 0, 29022434, 31523.665889, 31510.671797, 0.000000
11108, 1, 2.000550, 210020007, 1.000095, 31691, 31691, 31701, 0, 7925, 0, 0, 9, 0, 0, 0, 28896866, 31687.981041, 31697.980088, 0.000000
11108, 2, 3.000567, 210003547, 1.000017, 31689, 31689, 31708, 0, 7927, 0, 0, 6, 0, 0, 0, 28993055, 31688.464767, 31707.464446, 0.000000
11108, 3, 4.000956, 210081698, 1.000389, 31676, 31676, 31646, 0, 7911, 0, 0, 0, 0, 0, 0, 29056248, 31663.681622, 31633.693288, 0.000000
11108, 4, 5.001130, 210036471, 1.000174, 31649, 31649, 31652, 0, 7913, 0, 0, 5, 0, 0, 0, 29344505, 31643.504427, 31646.503906, 0.000000
11108, 5, 6.001352, 210046804, 1.000223, 31606, 31606, 31632, 0, 7908, 0, 0, 5, 0, 0, 0, 29718434, 31598.957345, 31624.951551, 0.000000
11108, 6, 7.001437, 210017658, 1.000084, 31613, 31613, 31596, 0, 7899, 0, 0, 0, 0, 0, 0, 29679695, 31610.342022, 31593.343451, 0.000000
11108, 7, 8.001467, 210006394, 1.000030, 31610, 31610, 31597, 0, 7900, 0, 0, 0, 0, 0, 0, 29298453, 31609.037580, 31596.037976, 0.000000
