ThreadID, cIDX, Time, cycles, deltaT, RX, OnRX, TX, SupTX, OnTX, Idle, OnIdle, Blocked, CacheMiss, CacheHit, CacheWB, CPUIdle, RX/s, TX/s, Sup/s
8771, 0, 0, 0, 0, 0, 0, 0, 0, 0, 0, 0, 0, 0, 0, 0, 0, 0, 0, 0
8771, 0, 1.000003, 210000556, 1.000003, 31569, 31569, 31581, 0, 7896, 0, 0, 0, 662835, 182296282, 269046, 28483643, 31568.916418, 31580.916386, 0.000000
8771, 1, 2.000048, 210009474, 1.000045, 31693, 31693, 31691, 0, 7922, 0, 0, 6, 574522, 182436785, 226694, 28381014, 31691.570257, 31689.570348, 0.000000
8771, 2, 3.000065, 210003706, 1.000018, 31712, 31712, 31708, 0, 7927, 0, 0, 0, 548304, 182401822, 215715, 28432578, 31711.440369, 31707.440439, 0.000000
8771, 3, 4.000176, 210023151, 1.000110, 31669, 31669, 31664, 0, 7916, 0, 0, 2, 531733, 182438696, 206111, 28418752, 31665.509104, 31660.509655, 0.000000
8771, 4, 5.000181, 210001076, 1.000005, 31663, 31663, 31676, 0, 7919, 0, 0, 0, 511096, 182063237, 199452, 29166741, 31662.837766, 31675.837699, 0.000000
8771, 5, 6.000408, 210047710, 1.000227, 31598, 31598, 31572, 0, 7893, 0, 0, 0, 500388, 182031807, 194504, 29229166, 31590.822866, 31564.828772, 0.000000
8771, 6, 7.000420, 210002465, 1.000012, 31627, 31627, 31649, 0, 7913, 0, 0, 1, 495040, 182020669, 190831, 29299936, 31626.628764, 31648.628505, 0.000000
8771, 7, 8.000427, 210001618, 1.000008, 31619, 31619, 31600, 0, 7900, 0, 0, 0, 494432, 182134662, 190406, 28956442, 31618.756385, 31599.756531, 0.000000
