ThreadID, cIDX, Time, cycles, deltaT, RX, OnRX, TX, SupTX, OnTX, Idle, OnIdle, Blocked, CacheMiss, CacheHit, CacheWB, CPUIdle, RX/s, TX/s, Sup/s
2265, 0, 0, 0, 0, 0, 0, 0, 0, 0, 0, 0, 0, 0, 0, 0, 0, 0, 0, 0
2265, 0, 1.000046, 210009760, 1.000046, 27194, 27194, 27184, 0, 6796, 0, 0, 2, 0, 0, 0, 29080475, 27192.736185, 27182.736650, 0.000000
2265, 1, 2.000702, 210137624, 1.000655, 27119, 27119, 27130, 0, 6783, 0, 0, 4, 0, 0, 0, 29042286, 27101.239138, 27112.231934, 0.000000
2265, 2, 3.000807, 210022189, 1.000106, 27164, 27164, 27158, 0, 6789, 0, 0, 4, 0, 0, 0, 29345677, 27161.130103, 27155.130737, 0.000000
2265, 3, 4.000815, 210001478, 1.000007, 27109, 27109, 27105, 0, 6777, 0, 0, 1, 0, 0, 0, 29479364, 27108.809206, 27104.809234, 0.000000
2265, 4, 5.000876, 210012941, 1.000062, 27219, 27219, 27231, 0, 6807, 0, 0, 3, 0, 0, 0, 29563225, 27217.322765, 27229.322025, 0.000000
2265, 5, 6.000880, 210000844, 1.000004, 27061, 27061, 27061, 0, 6766, 0, 0, 3, 0, 0, 0, 30001804, 27060.891241, 27060.891241, 0.000000
2265, 6, 7.000894, 210003000, 1.000014, 27167, 27167, 27155, 0, 6788, 0, 0, 4, 0, 0, 0, 29798567, 27166.611906, 27154.612077, 0.000000
2265, 7, 8.000958, 210013385, 1.000064, 27131, 27131, 27144, 0, 6786, 0, 0, 1, 0, 0, 0, 29548866, 27129.270832, 27142.270003, 0.000000
