ThreadID, cIDX, Time, cycles, deltaT, RX, OnRX, TX, SupTX, OnTX, Idle, OnIdle, Blocked, CacheMiss, CacheHit, CacheWB, CPUIdle, RX/s, TX/s, Sup/s
10104, 0, 0, 0, 0, 0, 0, 0, 0, 0, 0, 0, 0, 0, 0, 0, 0, 0, 0, 0
10104, 0, 1.000314, 210065940, 1.000314, 27132, 27132, 27128, 0, 6782, 0, 0, 0, 0, 0, 0, 30784869, 27123.483226, 27119.484482, 0.000000
10104, 1, 2.000319, 210001005, 1.000005, 27171, 27171, 27178, 0, 6795, 0, 0, 7, 0, 0, 0, 30933743, 27170.869968, 27177.869934, 0.000000
10104, 2, 3.000351, 210006737, 1.000032, 27168, 27168, 27174, 0, 6793, 0, 0, 6, 0, 0, 0, 31080195, 27167.128453, 27173.128260, 0.000000
10104, 3, 4.000420, 210014429, 1.000069, 27075, 27075, 27064, 0, 6766, 0, 0, 6, 0, 0, 0, 31206650, 27073.139817, 27062.140573, 0.000000
10104, 4, 5.000429, 210002054, 1.000010, 27197, 27197, 27198, 0, 6800, 0, 0, 6, 0, 0, 0, 31386814, 27196.733990, 27197.733980, 0.000000
10104, 5, 6.000441, 210002400, 1.000011, 27092, 27092, 27086, 0, 6771, 0, 0, 2, 0, 0, 0, 31767610, 27091.690381, 27085.690449, 0.000000
10104, 6, 7.000474, 210007071, 1.000034, 27142, 27142, 27148, 0, 6787, 0, 0, 0, 0, 0, 0, 31609173, 27141.086121, 27147.085919, 0.000000
10104, 7, 8.000515, 210008586, 1.000041, 27149, 27149, 27152, 0, 6788, 0, 0, 0, 0, 0, 0, 31475780, 27147.890039, 27150.889916, 0.000000
