ThreadID, cIDX, Time, cycles, deltaT, RX, OnRX, TX, SupTX, OnTX, Idle, OnIdle, Blocked, CacheMiss, CacheHit, CacheWB, CPUIdle, RX/s, TX/s, Sup/s
1371, 0, 0, 0, 0, 0, 0, 0, 0, 0, 0, 0, 0, 0, 0, 0, 0, 0, 0, 0
1371, 0, 1.000022, 210004624, 1.000022, 27178, 27178, 27176, 0, 6794, 0, 0, 0, 0, 0, 0, 29116051, 27177.401580, 27175.401624, 0.000000
1371, 1, 2.000061, 210008193, 1.000039, 27193, 27193, 27192, 0, 6798, 0, 0, 0, 0, 0, 0, 29224465, 27191.939126, 27190.939165, 0.000000
1371, 2, 3.000235, 210036586, 1.000174, 27142, 27142, 27145, 0, 6787, 0, 0, 2, 0, 0, 0, 29310563, 27137.272170, 27140.271648, 0.000000
1371, 3, 4.000295, 210012470, 1.000059, 27088, 27088, 27087, 0, 6771, 0, 0, 5, 0, 0, 0, 29254727, 27086.391584, 27085.391644, 0.000000
1371, 4, 5.000316, 210004591, 1.000022, 27074, 27074, 27068, 0, 6767, 0, 0, 0, 0, 0, 0, 29578118, 27073.408124, 27067.408255, 0.000000
1371, 5, 6.000381, 210013620, 1.000065, 27159, 27159, 27168, 0, 6792, 0, 0, 4, 0, 0, 0, 29838711, 27157.238659, 27166.238075, 0.000000
1371, 6, 7.000402, 210004320, 1.000021, 27022, 27022, 27020, 0, 6755, 0, 0, 0, 0, 0, 0, 29739520, 27021.444130, 27019.444171, 0.000000
1371, 7, 8.000409, 210001550, 1.000007, 27113, 27113, 27118, 0, 6780, 0, 0, 0, 0, 0, 0, 29419434, 27112.799882, 27117.799845, 0.000000
