ThreadID, cIDX, Time, cycles, deltaT, RX, OnRX, TX, SupTX, OnTX, Idle, OnIdle, Blocked, CacheMiss, CacheHit, CacheWB, CPUIdle, RX/s, TX/s, Sup/s
1344, 0, 0, 0, 0, 0, 0, 0, 0, 0, 0, 0, 0, 0, 0, 0, 0, 0, 0, 0
1344, 0, 1.000037, 210007826, 1.000037, 30603, 30603, 30596, 0, 7932, 0, 0, 0, 664551, 182063244, 272516, 29086974, 30601.859571, 30594.859832, 0.000000
1344, 1, 2.000058, 210004326, 1.000021, 30510, 30510, 30512, 0, 7911, 0, 0, 3, 560368, 182063250, 222936, 29229059, 30509.371507, 30511.371466, 0.000000
1344, 2, 3.000311, 210053082, 1.000253, 30487, 30487, 30503, 0, 7909, 0, 0, 4, 530207, 182072022, 208758, 29290684, 30479.295705, 30495.291662, 0.000000
1344, 3, 4.000317, 210001291, 1.000006, 30606, 30606, 30591, 0, 7929, 0, 0, 7, 517770, 182063645, 201010, 29307396, 30605.811847, 30590.811939, 0.000000
1344, 4, 5.000389, 210015094, 1.000072, 30556, 30556, 30557, 0, 7923, 0, 0, 0, 515486, 181903069, 199840, 29542137, 30553.803909, 30554.803837, 0.000000
1344, 5, 6.000473, 210017708, 1.000084, 30441, 30441, 30445, 0, 7894, 0, 0, 0, 509154, 181763986, 196708, 29855474, 30438.433315, 30442.432978, 0.000000
1344, 6, 7.000475, 210000333, 1.000002, 30490, 30490, 30481, 0, 7901, 0, 0, 0, 512194, 181866024, 198037, 29735258, 30489.951652, 30480.951666, 0.000000
1344, 7, 8.000476, 210000395, 1.000002, 30604, 30604, 30615, 0, 7938, 0, 0, 0, 509668, 182004338, 196760, 29448455, 30603.942435, 30614.942415, 0.000000
