ThreadID, cIDX, Time, cycles, deltaT, RX, OnRX, TX, SupTX, OnTX, Idle, OnIdle, Blocked, CacheMiss, CacheHit, CacheWB, CPUIdle, RX/s, TX/s, Sup/s
482, 0, 0, 0, 0, 0, 0, 0, 0, 0, 0, 0, 0, 0, 0, 0, 0, 0, 0, 0
482, 0, 1.000015, 210003174, 1.000015, 31603, 31603, 31584, 0, 7896, 0, 0, 0, 0, 0, 0, 26768542, 31602.522350, 31583.522638, 0.000000
482, 1, 2.000077, 210013037, 1.000062, 31714, 31714, 31720, 0, 7930, 0, 0, 3, 0, 0, 0, 26845036, 31712.031287, 31718.030914, 0.000000
482, 2, 3.000078, 210000164, 1.000001, 31696, 31696, 31706, 0, 7927, 0, 0, 3, 0, 0, 0, 27023366, 31695.975247, 31705.975239, 0.000000
482, 3, 4.000088, 210002027, 1.000010, 31639, 31639, 31654, 0, 7913, 0, 0, 0, 0, 0, 0, 26868359, 31638.694611, 31653.694466, 0.000000
482, 4, 5.000098, 210002206, 1.000011, 31707, 31707, 31704, 0, 7926, 0, 0, 0, 0, 0, 0, 27409273, 31706.666929, 31703.666961, 0.000000
482, 5, 6.000158, 210012643, 1.000060, 31624, 31624, 31600, 0, 7900, 0, 0, 0, 0, 0, 0, 27515653, 31622.096199, 31598.097644, 0.000000
482, 6, 7.000242, 210017600, 1.000084, 31682, 31682, 31704, 0, 7926, 0, 0, 0, 0, 0, 0, 27572008, 31679.344969, 31701.343126, 0.000000
482, 7, 8.000243, 210000208, 1.000001, 31613, 31613, 31602, 0, 7901, 0, 0, 0, 0, 0, 0, 27527557, 31612.968688, 31601.968699, 0.000000
