ThreadID, cIDX, Time, cycles, deltaT, RX, OnRX, TX, SupTX, OnTX, Idle, OnIdle, Blocked, CacheMiss, CacheHit, CacheWB, CPUIdle, RX/s, TX/s, Sup/s
10089, 0, 0, 0, 0, 0, 0, 0, 0, 0, 0, 0, 0, 0, 0, 0, 0, 0, 0, 0
10089, 0, 1.000016, 210003353, 1.000016, 27232, 27232, 27236, 0, 6809, 0, 0, 0, 0, 0, 0, 28874710, 27231.565203, 27235.565139, 0.000000
10089, 1, 2.000079, 210013321, 1.000063, 27191, 27191, 27189, 0, 6798, 0, 0, 0, 0, 0, 0, 29087953, 27189.275294, 27187.275420, 0.000000
10089, 2, 3.000093, 210002837, 1.000014, 27137, 27137, 27127, 0, 6781, 0, 0, 7, 0, 0, 0, 29188478, 27136.633397, 27126.633532, 0.000000
10089, 3, 4.000206, 210023752, 1.000113, 27047, 27047, 27052, 0, 6763, 0, 0, 10, 0, 0, 0, 29365977, 27043.941201, 27048.940636, 0.000000
10089, 4, 5.000207, 210000273, 1.000001, 27134, 27134, 27132, 0, 6783, 0, 0, 6, 0, 0, 0, 29525729, 27133.964726, 27131.964728, 0.000000
10089, 5, 6.000213, 210001258, 1.000006, 27194, 27194, 27204, 0, 6801, 0, 0, 6, 0, 0, 0, 29858288, 27193.837096, 27203.837036, 0.000000
10089, 6, 7.000249, 210007557, 1.000036, 27168, 27168, 27165, 0, 6792, 0, 0, 1, 0, 0, 0, 29721511, 27167.022375, 27164.022483, 0.000000
10089, 7, 8.000252, 210000627, 1.000003, 27072, 27072, 27079, 0, 6769, 0, 0, 0, 0, 0, 0, 29558153, 27071.919171, 27078.919150, 0.000000
