ThreadID, cIDX, Time, cycles, deltaT, RX, OnRX, TX, SupTX, OnTX, Idle, OnIdle, Blocked, CacheMiss, CacheHit, CacheWB, CPUIdle, RX/s, TX/s, Sup/s
2895, 0, 0, 0, 0, 0, 0, 0, 0, 0, 0, 0, 0, 0, 0, 0, 0, 0, 0, 0
2895, 0, 1.000431, 210090515, 1.000431, 27186, 27186, 27184, 0, 6796, 0, 0, 1, 659004, 182126656, 275025, 29129554, 27174.287235, 27172.288097, 0.000000
2895, 1, 2.000523, 210019280, 1.000092, 27158, 27158, 27160, 0, 6790, 0, 0, 0, 583634, 182222916, 236012, 28903083, 27155.506866, 27157.506682, 0.000000
2895, 2, 3.000560, 210007831, 1.000037, 27162, 27162, 27164, 0, 6791, 0, 0, 0, 566055, 182141466, 227740, 29038579, 27160.987154, 27162.987079, 0.000000
2895, 3, 4.000576, 210003277, 1.000016, 27153, 27153, 27160, 0, 6790, 0, 0, 2, 533991, 182112567, 212357, 29079942, 27152.576291, 27159.576181, 0.000000
2895, 4, 5.000622, 210009691, 1.000046, 27152, 27152, 27136, 0, 6784, 0, 0, 2, 521418, 181917598, 205045, 29505874, 27150.747058, 27134.747796, 0.000000
2895, 5, 6.000631, 210001827, 1.000009, 27129, 27129, 27144, 0, 6786, 0, 0, 1, 512514, 181652414, 201638, 30052373, 27128.763980, 27143.763849, 0.000000
2895, 6, 7.000632, 210000237, 1.000001, 27129, 27129, 27124, 0, 6781, 0, 0, 1, 509010, 181805912, 200902, 29703426, 27128.969383, 27123.969389, 0.000000
2895, 7, 8.000706, 210015601, 1.000074, 27088, 27088, 27088, 0, 6772, 0, 0, 0, 505209, 181891531, 198207, 29676783, 27085.987769, 27085.987769, 0.000000
