ThreadID, cIDX, Time, cycles, deltaT, RX, OnRX, TX, SupTX, OnTX, Idle, OnIdle, Blocked, CacheMiss, CacheHit, CacheWB, CPUIdle, RX/s, TX/s, Sup/s
2240, 0, 0, 0, 0, 0, 0, 0, 0, 0, 0, 0, 0, 0, 0, 0, 0, 0, 0, 0
2240, 0, 1.000015, 210003169, 1.000015, 30576, 30576, 30587, 0, 7931, 0, 0, 1, 658893, 182117882, 272054, 29083596, 30575.538601, 30586.538435, 0.000000
2240, 1, 2.000750, 210154414, 1.000735, 30590, 30590, 30584, 0, 7928, 0, 0, 1, 567539, 182212170, 225640, 29087512, 30567.523554, 30561.527963, 0.000000
2240, 2, 3.000753, 210000469, 1.000002, 30580, 30580, 30586, 0, 7932, 0, 0, 5, 543046, 181999359, 214173, 29282145, 30579.931705, 30585.931691, 0.000000
2240, 3, 4.000809, 210011803, 1.000056, 30457, 30457, 30458, 0, 7895, 0, 0, 7, 531969, 181940638, 209845, 29482230, 30455.288268, 30456.288212, 0.000000
2240, 4, 5.000815, 210001341, 1.000006, 30498, 30498, 30479, 0, 7901, 0, 0, 2, 520704, 181933328, 204288, 29631972, 30497.805250, 30478.805371, 0.000000
2240, 5, 6.000818, 210000636, 1.000003, 30554, 30554, 30551, 0, 7921, 0, 0, 8, 510916, 181675614, 200843, 30006243, 30553.907465, 30550.907474, 0.000000
2240, 6, 7.000820, 210000420, 1.000002, 30353, 30353, 30369, 0, 7875, 0, 0, 4, 507998, 181764567, 198926, 29789204, 30352.939294, 30368.939262, 0.000000
2240, 7, 8.000862, 210008797, 1.000042, 30500, 30500, 30500, 0, 7906, 0, 0, 2, 503340, 181916136, 196323, 29552475, 30498.722394, 30498.722394, 0.000000
