ThreadID, cIDX, Time, cycles, deltaT, RX, OnRX, TX, SupTX, OnTX, Idle, OnIdle, Blocked, CacheMiss, CacheHit, CacheWB, CPUIdle, RX/s, TX/s, Sup/s
1084, 0, 0, 0, 0, 0, 0, 0, 0, 0, 0, 0, 0, 0, 0, 0, 0, 0, 0, 0
1084, 0, 1.000027, 210005653, 1.000027, 27267, 27267, 27269, 0, 6818, 0, 0, 1, 0, 0, 0, 28351428, 27266.266018, 27268.265964, 0.000000
1084, 1, 2.000213, 210039076, 1.000186, 27161, 27161, 27163, 0, 6790, 0, 0, 3, 0, 0, 0, 28316968, 27155.946925, 27157.946553, 0.000000
1084, 2, 3.000340, 210026605, 1.000127, 27082, 27082, 27073, 0, 6769, 0, 0, 8, 0, 0, 0, 28491084, 27078.569403, 27069.570543, 0.000000
1084, 3, 4.000428, 210018485, 1.000088, 27193, 27193, 27191, 0, 6797, 0, 0, 2, 0, 0, 0, 28235449, 27190.606579, 27188.606755, 0.000000
1084, 4, 5.000438, 210002095, 1.000010, 27056, 27056, 27061, 0, 6766, 0, 0, 5, 0, 0, 0, 28708573, 27055.730087, 27060.730037, 0.000000
1084, 5, 6.000474, 210007659, 1.000036, 27072, 27072, 27069, 0, 6767, 0, 0, 2, 0, 0, 0, 28752860, 27071.012681, 27068.012791, 0.000000
1084, 6, 7.000509, 210007369, 1.000035, 27134, 27134, 27138, 0, 6784, 0, 0, 0, 0, 0, 0, 28762318, 27133.047888, 27137.047748, 0.000000
1084, 7, 8.000527, 210003733, 1.000018, 27075, 27075, 27074, 0, 6769, 0, 0, 0, 0, 0, 0, 29002883, 27074.518718, 27073.518736, 0.000000
