ThreadID, cIDX, Time, cycles, deltaT, RX, OnRX, TX, SupTX, OnTX, Idle, OnIdle, Blocked, CacheMiss, CacheHit, CacheWB, CPUIdle, RX/s, TX/s, Sup/s
2633, 0, 0, 0, 0, 0, 0, 0, 0, 0, 0, 0, 0, 0, 0, 0, 0, 0, 0, 0
2633, 0, 1.000424, 210088975, 1.000424, 27169, 27169, 27171, 0, 6793, 0, 0, 1, 649839, 182137037, 268595, 29083834, 27157.493629, 27159.492782, 0.000000
2633, 1, 2.000448, 210005048, 1.000024, 27120, 27120, 27115, 0, 6779, 0, 0, 3, 558779, 182192294, 226160, 28957892, 27119.348103, 27114.348223, 0.000000
2633, 2, 3.000461, 210002754, 1.000013, 27137, 27137, 27137, 0, 6784, 0, 0, 6, 537009, 182146750, 214805, 29078335, 27136.644122, 27136.644122, 0.000000
2633, 3, 4.000722, 210054784, 1.000261, 27229, 27229, 27233, 0, 6808, 0, 0, 3, 517454, 182068262, 204633, 29298542, 27221.898455, 27225.897412, 0.000000
2633, 4, 5.000732, 210002241, 1.000011, 27174, 27174, 27176, 0, 6794, 0, 0, 5, 510274, 181891472, 200936, 29601048, 27173.710018, 27175.709996, 0.000000
2633, 5, 6.000739, 210001389, 1.000007, 27029, 27029, 27022, 0, 6756, 0, 0, 1, 501979, 181617629, 197771, 30082024, 27028.821224, 27021.821270, 0.000000
2633, 6, 7.000760, 210004451, 1.000021, 27181, 27181, 27187, 0, 6797, 0, 0, 1, 498788, 181716754, 196103, 30026923, 27180.423904, 27186.423777, 0.000000
2633, 7, 8.000860, 210021002, 1.000100, 27138, 27138, 27131, 0, 6782, 0, 0, 0, 497738, 181884062, 193860, 29678816, 27135.286213, 27128.286913, 0.000000
