ThreadID, cIDX, Time, cycles, deltaT, RX, OnRX, TX, SupTX, OnTX, Idle, OnIdle, Blocked, CacheMiss, CacheHit, CacheWB, CPUIdle, RX/s, TX/s, Sup/s
1322, 0, 0, 0, 0, 0, 0, 0, 0, 0, 0, 0, 0, 0, 0, 0, 0, 0, 0, 0
1322, 0, 1.000007, 210001459, 1.000007, 27132, 27132, 27127, 0, 6782, 0, 0, 0, 0, 0, 0, 28201447, 27131.811499, 27126.811533, 0.000000
1322, 1, 2.000012, 210001064, 1.000005, 27177, 27177, 27181, 0, 6795, 0, 0, 3, 0, 0, 0, 28346084, 27176.862304, 27180.862284, 0.000000
1322, 2, 3.000015, 210000590, 1.000003, 27145, 27145, 27153, 0, 6789, 0, 0, 4, 0, 0, 0, 28410214, 27144.923736, 27152.923713, 0.000000
1322, 3, 4.000016, 210000347, 1.000002, 27148, 27148, 27147, 0, 6786, 0, 0, 0, 0, 0, 0, 28547898, 27147.955141, 27146.955143, 0.000000
1322, 4, 5.000130, 210023808, 1.000113, 27104, 27104, 27088, 0, 6772, 0, 0, 2, 0, 0, 0, 28679927, 27100.927529, 27084.929343, 0.000000
1322, 5, 6.000279, 210031421, 1.000150, 27092, 27092, 27100, 0, 6775, 0, 0, 7, 0, 0, 0, 28995096, 27087.946998, 27095.945801, 0.000000
1322, 6, 7.000282, 210000627, 1.000003, 27106, 27106, 27106, 0, 6777, 0, 0, 0, 0, 0, 0, 28850492, 27105.919069, 27105.919069, 0.000000
1322, 7, 8.000332, 210010467, 1.000050, 27099, 27099, 27102, 0, 6775, 0, 0, 1, 0, 0, 0, 28684592, 27097.649376, 27100.649226, 0.000000
