ThreadID, cIDX, Time, cycles, deltaT, RX, OnRX, TX, SupTX, OnTX, Idle, OnIdle, Blocked, CacheMiss, CacheHit, CacheWB, CPUIdle, RX/s, TX/s, Sup/s
10043, 0, 0, 0, 0, 0, 0, 0, 0, 0, 0, 0, 0, 0, 0, 0, 0, 0, 0, 0
10043, 0, 1.000158, 210033183, 1.000158, 27213, 27213, 27216, 0, 6804, 0, 0, 2, 0, 0, 0, 28230869, 27208.700637, 27211.700163, 0.000000
10043, 1, 2.000289, 210027604, 1.000131, 27193, 27193, 27194, 0, 6799, 0, 0, 10, 0, 0, 0, 28257865, 27189.426015, 27190.425883, 0.000000
10043, 2, 3.000335, 210009571, 1.000046, 27100, 27100, 27098, 0, 6774, 0, 0, 3, 0, 0, 0, 28376052, 27098.764942, 27096.765033, 0.000000
10043, 3, 4.000422, 210018352, 1.000087, 27161, 27161, 27160, 0, 6790, 0, 0, 2, 0, 0, 0, 28510166, 27158.626595, 27157.626682, 0.000000
10043, 4, 5.000465, 210008992, 1.000043, 27109, 27109, 27116, 0, 6779, 0, 0, 4, 0, 0, 0, 28816141, 27107.839268, 27114.838968, 0.000000
10043, 5, 6.000493, 210005744, 1.000027, 27097, 27097, 27084, 0, 6771, 0, 0, 0, 0, 0, 0, 29108201, 27096.258853, 27083.259208, 0.000000
10043, 6, 7.000502, 210002022, 1.000010, 27089, 27089, 27092, 0, 6773, 0, 0, 0, 0, 0, 0, 28985680, 27088.739174, 27091.739145, 0.000000
10043, 7, 8.000523, 210004458, 1.000021, 27138, 27138, 27144, 0, 6786, 0, 0, 0, 0, 0, 0, 28872131, 27137.423911, 27143.423784, 0.000000
