ThreadID, cIDX, Time, cycles, deltaT, RX, OnRX, TX, SupTX, OnTX, Idle, OnIdle, Blocked, CacheMiss, CacheHit, CacheWB, CPUIdle, RX/s, TX/s, Sup/s
10119, 0, 0, 0, 0, 0, 0, 0, 0, 0, 0, 0, 0, 0, 0, 0, 0, 0, 0, 0
10119, 0, 1.000042, 210008783, 1.000042, 29413, 29413, 29406, 0, 7918, 0, 0, 0, 641618, 182145001, 267719, 31612317, 29411.769888, 29404.770180, 0.000000
10119, 1, 2.000357, 210066184, 1.000315, 29403, 29403, 29423, 0, 7923, 0, 0, 11, 564780, 182144539, 231343, 31831498, 29393.736214, 29413.729913, 0.000000
10119, 2, 3.000379, 210004700, 1.000022, 29420, 29420, 29396, 0, 7915, 0, 0, 5, 548667, 182055486, 223784, 31949169, 29419.341567, 29395.342104, 0.000000
10119, 3, 4.000414, 210007287, 1.000035, 29405, 29405, 29421, 0, 7922, 0, 0, 12, 542091, 182011338, 220519, 32016727, 29403.979682, 29419.979127, 0.000000
10119, 4, 5.000746, 210069745, 1.000332, 29457, 29457, 29442, 0, 7924, 0, 0, 5, 537946, 181963407, 217136, 32214784, 29447.220017, 29432.224997, 0.000000
10119, 5, 6.000752, 210001145, 1.000005, 29306, 29306, 29321, 0, 7894, 0, 0, 0, 524649, 181686478, 211853, 32571011, 29305.840213, 29320.840132, 0.000000
10119, 6, 7.000965, 210044780, 1.000213, 29465, 29465, 29450, 0, 7930, 0, 0, 0, 520772, 181786011, 209362, 32432199, 29458.718279, 29443.721477, 0.000000
10119, 7, 8.001263, 210062697, 1.000299, 29374, 29374, 29373, 0, 7909, 0, 0, 0, 513473, 181944809, 205691, 32295624, 29365.232800, 29364.233098, 0.000000
