ThreadID, cIDX, Time, cycles, deltaT, RX, OnRX, TX, SupTX, OnTX, Idle, OnIdle, Blocked, CacheMiss, CacheHit, CacheWB, CPUIdle, RX/s, TX/s, Sup/s
9280, 0, 0, 0, 0, 0, 0, 0, 0, 0, 0, 0, 0, 0, 0, 0, 0, 0, 0, 0
9280, 0, 1.000031, 210006528, 1.000031, 31728, 31728, 31740, 0, 7935, 0, 0, 1, 653035, 181996797, 271184, 29333893, 31727.013743, 31739.013370, 0.000000
9280, 1, 2.000678, 210135775, 1.000647, 31666, 31666, 31657, 0, 7915, 0, 0, 6, 569208, 182182437, 230478, 29073936, 31645.539652, 31636.545467, 0.000000
9280, 2, 3.000721, 210009006, 1.000043, 31671, 31671, 31656, 0, 7914, 0, 0, 12, 550435, 182039921, 222702, 29208732, 31669.641825, 31654.642468, 0.000000
9280, 3, 4.000809, 210018620, 1.000089, 31714, 31714, 31708, 0, 7927, 0, 0, 8, 540264, 182132148, 215485, 29040163, 31711.188275, 31705.188807, 0.000000
9280, 4, 5.000813, 210000773, 1.000004, 31606, 31606, 31627, 0, 7906, 0, 0, 4, 525667, 181973610, 209439, 29461960, 31605.883660, 31626.883583, 0.000000
9280, 5, 6.000913, 210020944, 1.000100, 31606, 31606, 31608, 0, 7902, 0, 0, 3, 520721, 181807876, 207002, 29649111, 31602.848143, 31604.847943, 0.000000
9280, 6, 7.000918, 210001157, 1.000006, 31729, 31729, 31740, 0, 7935, 0, 0, 0, 514284, 181840822, 202826, 29751552, 31728.825189, 31739.825129, 0.000000
9280, 7, 8.001073, 210032435, 1.000154, 31633, 31633, 31620, 0, 7905, 0, 0, 0, 513125, 181914806, 202458, 29599388, 31628.114962, 31615.116970, 0.000000
