ThreadID, cIDX, Time, cycles, deltaT, RX, OnRX, TX, SupTX, OnTX, Idle, OnIdle, Blocked, CacheMiss, CacheHit, CacheWB, CPUIdle, RX/s, TX/s, Sup/s
2069, 0, 0, 0, 0, 0, 0, 0, 0, 0, 0, 0, 0, 0, 0, 0, 0, 0, 0, 0
2069, 0, 1.000536, 210112585, 1.000536, 31583, 31583, 31569, 0, 7893, 0, 0, 4, 0, 0, 0, 29811219, 31566.076825, 31552.084327, 0.000000
2069, 1, 2.000575, 210008176, 1.000039, 31649, 31649, 31657, 0, 7914, 0, 0, 8, 0, 0, 0, 29671524, 31647.767847, 31655.767535, 0.000000
2069, 2, 3.000894, 210067057, 1.000319, 31683, 31683, 31680, 0, 7920, 0, 0, 8, 0, 0, 0, 29959233, 31672.886244, 31669.887202, 0.000000
2069, 3, 4.000904, 210001937, 1.000009, 31705, 31705, 31711, 0, 7928, 0, 0, 8, 0, 0, 0, 30170524, 31704.707562, 31710.707506, 0.000000
2069, 4, 5.000916, 210002594, 1.000012, 31687, 31687, 31700, 0, 7925, 0, 0, 7, 0, 0, 0, 30229253, 31686.608595, 31699.608434, 0.000000
2069, 5, 6.000943, 210005673, 1.000027, 31575, 31575, 31547, 0, 7886, 0, 0, 2, 0, 0, 0, 30696796, 31574.147047, 31546.147803, 0.000000
2069, 6, 7.000951, 210001770, 1.000008, 31612, 31612, 31641, 0, 7911, 0, 0, 2, 0, 0, 0, 30475970, 31611.733558, 31640.733314, 0.000000
2069, 7, 8.001078, 210026610, 1.000127, 31691, 31691, 31683, 0, 7920, 0, 0, 2, 0, 0, 0, 30404341, 31686.984806, 31678.985820, 0.000000
