ThreadID, cIDX, Time, cycles, deltaT, RX, OnRX, TX, SupTX, OnTX, Idle, OnIdle, Blocked, CacheMiss, CacheHit, CacheWB, CPUIdle, RX/s, TX/s, Sup/s
1012, 0, 0, 0, 0, 0, 0, 0, 0, 0, 0, 0, 0, 0, 0, 0, 0, 0, 0, 0
1012, 0, 1.000123, 210025803, 1.000123, 30415, 30415, 30397, 0, 7881, 0, 0, 0, 0, 0, 0, 29267309, 30411.263325, 30393.265536, 0.000000
1012, 1, 2.000141, 210003892, 1.000019, 30563, 30563, 30599, 0, 7933, 0, 0, 0, 0, 0, 0, 29180449, 30562.433576, 30598.432909, 0.000000
1012, 2, 3.000282, 210029619, 1.000141, 30571, 30571, 30564, 0, 7925, 0, 0, 1, 0, 0, 0, 29428990, 30566.688787, 30559.689774, 0.000000
1012, 3, 4.000312, 210006131, 1.000029, 30517, 30517, 30518, 0, 7911, 0, 0, 0, 0, 0, 0, 29331845, 30516.109075, 30517.109046, 0.000000
1012, 4, 5.000508, 210041207, 1.000196, 30584, 30584, 30568, 0, 7926, 0, 0, 0, 0, 0, 0, 29652745, 30577.999868, 30562.003007, 0.000000
1012, 5, 6.000513, 210001168, 1.000006, 30483, 30483, 30488, 0, 7903, 0, 0, 0, 0, 0, 0, 29810371, 30482.830457, 30487.830430, 0.000000
1012, 6, 7.000613, 210020970, 1.000100, 30562, 30562, 30553, 0, 7922, 0, 0, 1, 0, 0, 0, 29820199, 30558.948471, 30549.949369, 0.000000
1012, 7, 8.000618, 210001027, 1.000005, 30469, 30469, 30489, 0, 7906, 0, 0, 1, 0, 0, 0, 29923371, 30468.850993, 30488.850895, 0.000000
