ThreadID, cIDX, Time, cycles, deltaT, RX, OnRX, TX, SupTX, OnTX, Idle, OnIdle, Blocked, CacheMiss, CacheHit, CacheWB, CPUIdle, RX/s, TX/s, Sup/s
468, 0, 0, 0, 0, 0, 0, 0, 0, 0, 0, 0, 0, 0, 0, 0, 0, 0, 0, 0
468, 0, 1.000009, 210001960, 1.000009, 31630, 31630, 31636, 0, 7909, 0, 0, 0, 0, 0, 0, 26676736, 31629.704789, 31635.704733, 0.000000
468, 1, 2.000071, 210012919, 1.000062, 31729, 31729, 31712, 0, 7928, 0, 0, 0, 0, 0, 0, 26764348, 31727.048182, 31710.049228, 0.000000
468, 2, 3.000072, 210000264, 1.000001, 31670, 31670, 31675, 0, 7919, 0, 0, 3, 0, 0, 0, 26981930, 31669.960186, 31674.960180, 0.000000
468, 3, 4.000102, 210006352, 1.000030, 31581, 31581, 31573, 0, 7893, 0, 0, 1, 0, 0, 0, 26765647, 31580.044779, 31572.045021, 0.000000
468, 4, 5.000135, 210006828, 1.000033, 31606, 31606, 31621, 0, 7906, 0, 0, 0, 0, 0, 0, 27443043, 31604.972387, 31619.971899, 0.000000
468, 5, 6.000570, 210091363, 1.000435, 31694, 31694, 31671, 0, 7917, 0, 0, 0, 0, 0, 0, 27375751, 31680.217144, 31657.227146, 0.000000
468, 6, 7.000605, 210007437, 1.000035, 31653, 31653, 31664, 0, 7916, 0, 0, 0, 0, 0, 0, 27438848, 31651.879071, 31662.878682, 0.000000
468, 7, 8.000607, 210000413, 1.000002, 31592, 31592, 31596, 0, 7899, 0, 0, 0, 0, 0, 0, 27431905, 31591.937869, 31595.937861, 0.000000
