ThreadID, cIDX, Time, cycles, deltaT, RX, OnRX, TX, SupTX, OnTX, Idle, OnIdle, Blocked, CacheMiss, CacheHit, CacheWB, CPUIdle, RX/s, TX/s, Sup/s
9926, 0, 0, 0, 0, 0, 0, 0, 0, 0, 0, 0, 0, 0, 0, 0, 0, 0, 0, 0
9926, 0, 1.000010, 210002010, 1.000010, 31609, 31609, 31609, 0, 7903, 0, 0, 0, 653290, 182135241, 270642, 28998885, 31608.697460, 31608.697460, 0.000000
9926, 1, 2.000061, 210010833, 1.000052, 31694, 31694, 31684, 0, 7921, 0, 0, 7, 564278, 182158814, 231899, 29054089, 31692.365127, 31682.365643, 0.000000
9926, 2, 3.000132, 210014865, 1.000071, 31689, 31689, 31695, 0, 7923, 0, 0, 6, 541180, 182095049, 219089, 29126853, 31686.757030, 31692.756606, 0.000000
9926, 3, 4.000141, 210001805, 1.000009, 31676, 31676, 31669, 0, 7918, 0, 0, 14, 525390, 182039861, 211007, 29225160, 31675.727740, 31668.727800, 0.000000
9926, 4, 5.000206, 210013726, 1.000065, 31691, 31691, 31703, 0, 7925, 0, 0, 5, 517004, 181897209, 206086, 29626150, 31688.928751, 31700.927967, 0.000000
9926, 5, 6.000211, 210000998, 1.000005, 31557, 31557, 31548, 0, 7887, 0, 0, 6, 508178, 181694823, 202448, 29909627, 31556.850030, 31547.850073, 0.000000
9926, 6, 7.000219, 210001677, 1.000008, 31710, 31710, 31712, 0, 7928, 0, 0, 10, 510662, 181833670, 202134, 29747722, 31709.746775, 31711.746759, 0.000000
9926, 7, 8.000230, 210002346, 1.000011, 31632, 31632, 31649, 0, 7913, 0, 0, 0, 510975, 181950007, 203216, 29503505, 31631.646629, 31648.646439, 0.000000
