ThreadID, cIDX, Time, cycles, deltaT, RX, OnRX, TX, SupTX, OnTX, Idle, OnIdle, Blocked, CacheMiss, CacheHit, CacheWB, CPUIdle, RX/s, TX/s, Sup/s
9724, 0, 0, 0, 0, 0, 0, 0, 0, 0, 0, 0, 0, 0, 0, 0, 0, 0, 0, 0
9724, 0, 1.000530, 210111358, 1.000530, 27251, 27251, 27253, 0, 6814, 0, 0, 4, 0, 0, 0, 31018981, 27236.557102, 27238.556042, 0.000000
9724, 1, 2.000571, 210008630, 1.000041, 27133, 27133, 27129, 0, 6782, 0, 0, 5, 0, 0, 0, 30911838, 27131.885009, 27127.885173, 0.000000
9724, 2, 3.000597, 210005453, 1.000026, 27136, 27136, 27132, 0, 6783, 0, 0, 10, 0, 0, 0, 31009822, 27135.295387, 27131.295491, 0.000000
9724, 3, 4.000719, 210025539, 1.000122, 27048, 27048, 27046, 0, 6761, 0, 0, 7, 0, 0, 0, 31110537, 27044.710977, 27042.711220, 0.000000
9724, 4, 5.000827, 210022624, 1.000108, 27106, 27106, 27112, 0, 6778, 0, 0, 8, 0, 0, 0, 31309169, 27103.080095, 27109.079449, 0.000000
9724, 5, 6.000841, 210002994, 1.000014, 27155, 27155, 27160, 0, 6790, 0, 0, 0, 0, 0, 0, 31689016, 27154.612853, 27159.612782, 0.000000
9724, 6, 7.000969, 210026986, 1.000129, 26986, 26986, 26984, 0, 6746, 0, 0, 1, 0, 0, 0, 31365267, 26982.532616, 26980.532873, 0.000000
9724, 7, 8.001076, 210022445, 1.000107, 27167, 27167, 27168, 0, 6792, 0, 0, 0, 0, 0, 0, 31288741, 27164.096675, 27165.096569, 0.000000
