ThreadID, cIDX, Time, cycles, deltaT, RX, OnRX, TX, SupTX, OnTX, Idle, OnIdle, Blocked, CacheMiss, CacheHit, CacheWB, CPUIdle, RX/s, TX/s, Sup/s
2397, 0, 0, 0, 0, 0, 0, 0, 0, 0, 0, 0, 0, 0, 0, 0, 0, 0, 0, 0
2397, 0, 1.000002, 210000519, 1.000002, 27242, 27242, 27244, 0, 6811, 0, 0, 2, 0, 0, 0, 28866505, 27241.932674, 27243.932669, 0.000000
2397, 1, 2.000013, 210002200, 1.000010, 27186, 27186, 27192, 0, 6798, 0, 0, 1, 0, 0, 0, 28913787, 27185.715197, 27191.715134, 0.000000
2397, 2, 3.000018, 210001055, 1.000005, 27132, 27132, 27130, 0, 6783, 0, 0, 0, 0, 0, 0, 29331289, 27131.863695, 27129.863705, 0.000000
2397, 3, 4.000092, 210015521, 1.000074, 27125, 27125, 27118, 0, 6779, 0, 0, 4, 0, 0, 0, 29275317, 27122.995352, 27115.995870, 0.000000
2397, 4, 5.000103, 210002430, 1.000012, 27125, 27125, 27125, 0, 6782, 0, 0, 6, 0, 0, 0, 29433867, 27124.686129, 27124.686129, 0.000000
2397, 5, 6.000104, 210000198, 1.000001, 27124, 27124, 27118, 0, 6779, 0, 0, 6, 0, 0, 0, 29969427, 27123.974426, 27117.974432, 0.000000
2397, 6, 7.000106, 210000395, 1.000002, 27109, 27109, 27117, 0, 6779, 0, 0, 1, 0, 0, 0, 29888856, 27108.949009, 27116.948994, 0.000000
2397, 7, 8.000153, 210009879, 1.000047, 27118, 27118, 27116, 0, 6779, 0, 0, 1, 0, 0, 0, 29716661, 27116.724352, 27114.724446, 0.000000
