ThreadID, cIDX, Time, cycles, deltaT, RX, OnRX, TX, SupTX, OnTX, Idle, OnIdle, Blocked, CacheMiss, CacheHit, CacheWB, CPUIdle, RX/s, TX/s, Sup/s
9504, 0, 0, 0, 0, 0, 0, 0, 0, 0, 0, 0, 0, 0, 0, 0, 0, 0, 0, 0
9504, 0, 1.000016, 210003290, 1.000016, 31740, 31740, 31752, 0, 7938, 0, 0, 1, 0, 0, 0, 28418855, 31739.502748, 31751.502560, 0.000000
9504, 1, 2.000056, 210008399, 1.000040, 31646, 31646, 31628, 0, 7907, 0, 0, 7, 0, 0, 0, 28170733, 31644.734361, 31626.735081, 0.000000
9504, 2, 3.000122, 210013859, 1.000066, 31631, 31631, 31620, 0, 7905, 0, 0, 10, 0, 0, 0, 28432113, 31628.912642, 31617.913368, 0.000000
9504, 3, 4.000129, 210001539, 1.000007, 31742, 31742, 31768, 0, 7942, 0, 0, 3, 0, 0, 0, 28402550, 31741.767378, 31767.767188, 0.000000
9504, 4, 5.000303, 210036501, 1.000174, 31624, 31624, 31628, 0, 7907, 0, 0, 3, 0, 0, 0, 28742635, 31618.504252, 31622.503557, 0.000000
9504, 5, 6.000324, 210004407, 1.000021, 31598, 31598, 31580, 0, 7895, 0, 0, 4, 0, 0, 0, 29079703, 31597.336907, 31579.337285, 0.000000
9504, 6, 7.000414, 210019030, 1.000091, 31708, 31708, 31708, 0, 7927, 0, 0, 5, 0, 0, 0, 28834645, 31705.126912, 31705.126912, 0.000000
9504, 7, 8.000863, 210094294, 1.000449, 31668, 31668, 31660, 0, 7915, 0, 0, 0, 0, 0, 0, 28984219, 31653.786847, 31645.790437, 0.000000
