ThreadID, cIDX, Time, cycles, deltaT, RX, OnRX, TX, SupTX, OnTX, Idle, OnIdle, Blocked, CacheMiss, CacheHit, CacheWB, CPUIdle, RX/s, TX/s, Sup/s
10312, 0, 0, 0, 0, 0, 0, 0, 0, 0, 0, 0, 0, 0, 0, 0, 0, 0, 0, 0
10312, 0, 1.000541, 210113709, 1.000541, 27175, 27175, 27176, 0, 6794, 0, 0, 1, 663877, 182141434, 274293, 29181919, 27160.293477, 27161.292936, 0.000000
10312, 1, 2.000905, 210076392, 1.000364, 27116, 27116, 27110, 0, 6778, 0, 0, 11, 572651, 182139293, 230404, 29131726, 27106.139561, 27100.141743, 0.000000
10312, 2, 3.000927, 210004619, 1.000022, 27172, 27172, 27171, 0, 6793, 0, 0, 5, 558213, 182048708, 224246, 29160457, 27171.402359, 27170.402381, 0.000000
10312, 3, 4.001076, 210031199, 1.000149, 27127, 27127, 27124, 0, 6781, 0, 0, 5, 539121, 182021556, 214853, 29383352, 27122.970431, 27119.970876, 0.000000
10312, 4, 5.001398, 210067758, 1.000323, 27220, 27220, 27219, 0, 6804, 0, 0, 1, 534440, 182049735, 213275, 29488336, 27211.220105, 27210.220428, 0.000000
10312, 5, 6.001404, 210001173, 1.000006, 27052, 27052, 27060, 0, 6765, 0, 0, 0, 528579, 181718440, 212127, 29891101, 27051.848896, 27059.848851, 0.000000
10312, 6, 7.001433, 210006160, 1.000029, 27172, 27172, 27176, 0, 6794, 0, 0, 0, 520738, 181742635, 207504, 29858712, 27171.202978, 27175.202861, 0.000000
10312, 7, 8.001502, 210014452, 1.000069, 27135, 27135, 27124, 0, 6781, 0, 0, 0, 516995, 181864731, 205350, 29729538, 27133.132724, 27122.133481, 0.000000
