ThreadID, cIDX, Time, cycles, deltaT, RX, OnRX, TX, SupTX, OnTX, Idle, OnIdle, Blocked, CacheMiss, CacheHit, CacheWB, CPUIdle, RX/s, TX/s, Sup/s
394, 0, 0, 0, 0, 0, 0, 0, 0, 0, 0, 0, 0, 0, 0, 0, 0, 0, 0, 0
394, 0, 1.000007, 210001446, 1.000007, 27199, 27199, 27206, 0, 6802, 0, 0, 0, 685491, 183333243, 284063, 29492209, 27198.812717, 27205.812669, 0.000000
394, 1, 2.000025, 210003741, 1.000018, 27185, 27185, 27174, 0, 6793, 0, 0, 2, 612869, 183393539, 247981, 29503564, 27184.515727, 27173.515923, 0.000000
394, 2, 3.000102, 210016171, 1.000077, 27099, 27099, 27096, 0, 6774, 0, 0, 1, 592927, 183329939, 236307, 29732263, 27096.913409, 27093.913640, 0.000000
394, 3, 4.000108, 210001266, 1.000006, 27178, 27178, 27188, 0, 6797, 0, 0, 2, 591746, 183389488, 236153, 29513972, 27177.836156, 27187.836096, 0.000000
394, 4, 5.000114, 210001268, 1.000006, 27099, 27099, 27101, 0, 6776, 0, 0, 0, 572912, 183076641, 227153, 30070972, 27098.836375, 27100.836363, 0.000000
394, 5, 6.000154, 210008392, 1.000040, 27019, 27019, 27019, 0, 6754, 0, 0, 0, 570859, 183057843, 225309, 30069275, 27017.920312, 27017.920312, 0.000000
394, 6, 7.000178, 210004993, 1.000024, 27184, 27184, 27180, 0, 6795, 0, 0, 0, 571269, 183016616, 226052, 30290556, 27183.353683, 27179.353779, 0.000000
394, 7, 8.000365, 210039454, 1.000188, 27069, 27069, 27068, 0, 6767, 0, 0, 0, 572149, 183206206, 225951, 29851668, 27063.915335, 27062.915523, 0.000000
