ThreadID, cIDX, Time, cycles, deltaT, RX, OnRX, TX, SupTX, OnTX, Idle, OnIdle, Blocked, CacheMiss, CacheHit, CacheWB, CPUIdle, RX/s, TX/s, Sup/s
271, 0, 0, 0, 0, 0, 0, 0, 0, 0, 0, 0, 0, 0, 0, 0, 0, 0, 0, 0
271, 0, 1.000022, 210004685, 1.000022, 27199, 27199, 27200, 0, 6800, 0, 0, 0, 692181, 183258902, 289855, 29968386, 27198.393217, 27199.393194, 0.000000
271, 1, 2.000044, 210004556, 1.000022, 27093, 27093, 27084, 0, 6771, 0, 0, 2, 600093, 183348407, 241535, 29978308, 27092.412224, 27083.412419, 0.000000
271, 2, 3.000048, 210000926, 1.000004, 27147, 27147, 27156, 0, 6789, 0, 0, 3, 582964, 183267089, 236519, 30107370, 27146.880295, 27155.880255, 0.000000
271, 3, 4.000080, 210006586, 1.000031, 27184, 27184, 27192, 0, 6798, 0, 0, 0, 578297, 183334162, 234642, 30115772, 27183.147485, 27191.147234, 0.000000
271, 4, 5.000088, 210001680, 1.000008, 27169, 27169, 27160, 0, 6790, 0, 0, 0, 571119, 183151688, 232080, 30322587, 27168.782650, 27159.782722, 0.000000
271, 5, 6.000108, 210004295, 1.000020, 27097, 27097, 27096, 0, 6774, 0, 0, 0, 555252, 182962186, 222762, 30803519, 27096.445813, 27095.445834, 0.000000
271, 6, 7.000130, 210004527, 1.000022, 27145, 27145, 27148, 0, 6787, 0, 0, 0, 550294, 182974893, 219746, 30688575, 27144.414844, 27147.414779, 0.000000
271, 7, 8.000137, 210001605, 1.000008, 27197, 27197, 27197, 0, 6800, 0, 0, 0, 544531, 183033511, 216585, 30534485, 27196.792139, 27196.792139, 0.000000
