ThreadID, cIDX, Time, cycles, deltaT, RX, OnRX, TX, SupTX, OnTX, Idle, OnIdle, Blocked, CacheMiss, CacheHit, CacheWB, CPUIdle, RX/s, TX/s, Sup/s
111, 0, 0, 0, 0, 0, 0, 0, 0, 0, 0, 0, 0, 0, 0, 0, 0, 0, 0, 0
111, 0, 1.000012, 210002512, 1.000012, 27178, 27178, 27185, 0, 6797, 0, 0, 0, 0, 0, 0, 26511008, 27177.674903, 27184.674820, 0.000000
111, 1, 2.000013, 210000228, 1.000001, 27153, 27153, 27155, 0, 6788, 0, 0, 2, 0, 0, 0, 26595245, 27152.970520, 27154.970517, 0.000000
111, 2, 3.000038, 210005148, 1.000025, 27150, 27150, 27140, 0, 6785, 0, 0, 0, 0, 0, 0, 26761223, 27149.334453, 27139.334699, 0.000000
111, 3, 4.000063, 210005410, 1.000026, 27156, 27156, 27156, 0, 6789, 0, 0, 0, 0, 0, 0, 26656308, 27155.300428, 27155.300428, 0.000000
111, 4, 5.000103, 210008364, 1.000040, 27189, 27189, 27192, 0, 6798, 0, 0, 0, 0, 0, 0, 27033970, 27187.917144, 27190.917025, 0.000000
111, 5, 6.000168, 210013618, 1.000065, 27091, 27091, 27084, 0, 6771, 0, 0, 0, 0, 0, 0, 27222163, 27089.243327, 27082.243781, 0.000000
111, 6, 7.000238, 210014650, 1.000070, 27155, 27155, 27156, 0, 6789, 0, 0, 0, 0, 0, 0, 27103216, 27153.105748, 27154.105678, 0.000000
111, 7, 8.000273, 210007446, 1.000035, 27169, 27169, 27168, 0, 6792, 0, 0, 0, 0, 0, 0, 26777022, 27168.036699, 27167.036734, 0.000000
