ThreadID, cIDX, Time, cycles, deltaT, RX, OnRX, TX, SupTX, OnTX, Idle, OnIdle, Blocked, CacheMiss, CacheHit, CacheWB, CPUIdle, RX/s, TX/s, Sup/s
2953, 0, 0, 0, 0, 0, 0, 0, 0, 0, 0, 0, 0, 0, 0, 0, 0, 0, 0, 0
2953, 0, 1.000018, 210003796, 1.000018, 27117, 27117, 27120, 0, 6780, 0, 0, 0, 659081, 182102591, 273208, 31597442, 27116.509837, 27119.509783, 0.000000
2953, 1, 2.000043, 210005133, 1.000024, 27151, 27151, 27141, 0, 6786, 0, 0, 0, 566774, 182209243, 225325, 31576269, 27150.336368, 27140.336613, 0.000000
2953, 2, 3.000050, 210001495, 1.000007, 27117, 27117, 27131, 0, 6782, 0, 0, 6, 547180, 182154467, 217193, 31740505, 27116.806954, 27130.806854, 0.000000
2953, 3, 4.000085, 210007490, 1.000036, 27213, 27213, 27208, 0, 6802, 0, 0, 1, 542070, 182101191, 214779, 31829054, 27212.029438, 27207.029616, 0.000000
2953, 4, 5.000130, 210009485, 1.000045, 27130, 27130, 27132, 0, 6783, 0, 0, 6, 531605, 181906294, 208286, 32154491, 27128.774684, 27130.774593, 0.000000
2953, 5, 6.000323, 210040477, 1.000193, 27079, 27079, 27076, 0, 6769, 0, 0, 0, 526684, 181718883, 207043, 32583192, 27073.781593, 27070.782171, 0.000000
2953, 6, 7.000353, 210006331, 1.000030, 27045, 27045, 27048, 0, 6762, 0, 0, 0, 520878, 181795876, 202763, 32305615, 27044.184682, 27047.184592, 0.000000
2953, 7, 8.000362, 210001861, 1.000009, 27218, 27218, 27217, 0, 6805, 0, 0, 0, 517719, 181883801, 202503, 32247473, 27217.758799, 27216.758808, 0.000000
