ThreadID, cIDX, Time, cycles, deltaT, RX, OnRX, TX, SupTX, OnTX, Idle, OnIdle, Blocked, CacheMiss, CacheHit, CacheWB, CPUIdle, RX/s, TX/s, Sup/s
9324, 0, 0, 0, 0, 0, 0, 0, 0, 0, 0, 0, 0, 0, 0, 0, 0, 0, 0, 0
9324, 0, 1.000024, 210004950, 1.000024, 27263, 27263, 27272, 0, 6818, 0, 0, 0, 0, 0, 0, 29181813, 27262.357387, 27271.357175, 0.000000
9324, 1, 2.000634, 210128240, 1.000611, 27144, 27144, 27129, 0, 6783, 0, 0, 10, 0, 0, 0, 29024604, 27127.434180, 27112.443335, 0.000000
9324, 2, 3.000748, 210023818, 1.000113, 27104, 27104, 27108, 0, 6777, 0, 0, 6, 0, 0, 0, 29165473, 27100.926239, 27104.925785, 0.000000
9324, 3, 4.000794, 210009630, 1.000046, 27189, 27189, 27190, 0, 6797, 0, 0, 12, 0, 0, 0, 28991656, 27187.753247, 27188.753201, 0.000000
9324, 4, 5.000825, 210006552, 1.000031, 27094, 27094, 27089, 0, 6772, 0, 0, 6, 0, 0, 0, 29237665, 27093.154694, 27088.154850, 0.000000
9324, 5, 6.000840, 210003180, 1.000015, 27051, 27051, 27057, 0, 6765, 0, 0, 6, 0, 0, 0, 29621313, 27050.590377, 27056.590286, 0.000000
9324, 6, 7.001003, 210034156, 1.000163, 27139, 27139, 27139, 0, 6784, 0, 0, 0, 0, 0, 0, 29644440, 27134.586624, 27134.586624, 0.000000
9324, 7, 8.001100, 210020560, 1.000098, 27095, 27095, 27096, 0, 6774, 0, 0, 0, 0, 0, 0, 29513308, 27092.347530, 27093.347432, 0.000000
