ThreadID, cIDX, Time, cycles, deltaT, RX, OnRX, TX, SupTX, OnTX, Idle, OnIdle, Blocked, CacheMiss, CacheHit, CacheWB, CPUIdle, RX/s, TX/s, Sup/s
1394, 0, 0, 0, 0, 0, 0, 0, 0, 0, 0, 0, 0, 0, 0, 0, 0, 0, 0, 0
1394, 0, 1.000094, 210019709, 1.000094, 30568, 30568, 30562, 0, 7923, 0, 0, 1, 0, 0, 0, 31065020, 30565.131390, 30559.131953, 0.000000
1394, 1, 2.000316, 210046660, 1.000222, 30496, 30496, 30515, 0, 7911, 0, 0, 5, 0, 0, 0, 31004148, 30489.225584, 30508.221364, 0.000000
1394, 2, 3.000348, 210006778, 1.000032, 30529, 30529, 30527, 0, 7914, 0, 0, 0, 0, 0, 0, 30971072, 30528.014672, 30526.014737, 0.000000
1394, 3, 4.000368, 210004100, 1.000020, 30577, 30577, 30570, 0, 7927, 0, 0, 1, 0, 0, 0, 30990500, 30576.403032, 30569.403169, 0.000000
1394, 4, 5.000384, 210003337, 1.000016, 30507, 30507, 30509, 0, 7910, 0, 0, 0, 0, 0, 0, 31316762, 30506.515237, 30508.515205, 0.000000
1394, 5, 6.000394, 210002131, 1.000010, 30480, 30480, 30487, 0, 7904, 0, 0, 2, 0, 0, 0, 31566130, 30479.690704, 30486.690633, 0.000000
1394, 6, 7.000413, 210004008, 1.000019, 30522, 30522, 30519, 0, 7911, 0, 0, 0, 0, 0, 0, 31388135, 30521.417477, 30518.417534, 0.000000
1394, 7, 8.000839, 210089447, 1.000426, 30582, 30582, 30559, 0, 7925, 0, 0, 0, 0, 0, 0, 31223752, 30568.979507, 30545.989300, 0.000000
