ThreadID, cIDX, Time, cycles, deltaT, RX, OnRX, TX, SupTX, OnTX, Idle, OnIdle, Blocked, CacheMiss, CacheHit, CacheWB, CPUIdle, RX/s, TX/s, Sup/s
9823, 0, 0, 0, 0, 0, 0, 0, 0, 0, 0, 0, 0, 0, 0, 0, 0, 0, 0, 0
9823, 0, 1.000023, 210004741, 1.000023, 27182, 27182, 27176, 0, 6794, 0, 0, 0, 0, 0, 0, 29069832, 27181.386348, 27175.386483, 0.000000
9823, 1, 2.000034, 210002344, 1.000011, 27160, 27160, 27153, 0, 6789, 0, 0, 8, 0, 0, 0, 29036126, 27159.696846, 27152.696924, 0.000000
9823, 2, 3.000066, 210006789, 1.000032, 27143, 27143, 27159, 0, 6789, 0, 0, 7, 0, 0, 0, 29275550, 27142.122534, 27158.122017, 0.000000
9823, 3, 4.000070, 210000838, 1.000004, 27165, 27165, 27162, 0, 6791, 0, 0, 8, 0, 0, 0, 29392865, 27164.891599, 27161.891611, 0.000000
9823, 4, 5.000072, 210000305, 1.000001, 27119, 27119, 27118, 0, 6779, 0, 0, 10, 0, 0, 0, 29640424, 27118.960613, 27117.960614, 0.000000
9823, 5, 6.000106, 210007187, 1.000034, 27042, 27042, 27048, 0, 6762, 0, 0, 5, 0, 0, 0, 29909815, 27041.074551, 27047.074346, 0.000000
9823, 6, 7.000111, 210001010, 1.000005, 27111, 27111, 27105, 0, 6777, 0, 0, 5, 0, 0, 0, 29582554, 27110.869610, 27104.869638, 0.000000
9823, 7, 8.000115, 210000991, 1.000005, 27100, 27100, 27104, 0, 6776, 0, 0, 0, 0, 0, 0, 29460099, 27099.872114, 27103.872096, 0.000000
