ThreadID, cIDX, Time, cycles, deltaT, RX, OnRX, TX, SupTX, OnTX, Idle, OnIdle, Blocked, CacheMiss, CacheHit, CacheWB, CPUIdle, RX/s, TX/s, Sup/s
8849, 0, 0, 0, 0, 0, 0, 0, 0, 0, 0, 0, 0, 0, 0, 0, 0, 0, 0, 0
8849, 0, 1.000055, 210011581, 1.000055, 31602, 31602, 31604, 0, 7901, 0, 0, 0, 0, 0, 0, 29420710, 31600.257321, 31602.257211, 0.000000
8849, 1, 2.000108, 210011049, 1.000053, 31691, 31691, 31700, 0, 7925, 0, 0, 9, 0, 0, 0, 29254439, 31689.332688, 31698.332215, 0.000000
8849, 2, 3.000164, 210011753, 1.000056, 31692, 31692, 31692, 0, 7923, 0, 0, 6, 0, 0, 0, 29384951, 31690.226404, 31690.226404, 0.000000
8849, 3, 4.000214, 210010589, 1.000050, 31734, 31734, 31708, 0, 7927, 0, 0, 0, 0, 0, 0, 29304837, 31732.399932, 31706.401242, 0.000000
8849, 4, 5.000461, 210051787, 1.000247, 31688, 31688, 31688, 0, 7922, 0, 0, 1, 0, 0, 0, 29910456, 31680.187515, 31680.187515, 0.000000
8849, 5, 6.000478, 210003625, 1.000017, 31600, 31600, 31605, 0, 7902, 0, 0, 0, 0, 0, 0, 30160698, 31599.454533, 31604.454447, 0.000000
8849, 6, 7.000934, 210095784, 1.000456, 31730, 31730, 31727, 0, 7931, 0, 0, 0, 0, 0, 0, 30049410, 31715.534092, 31712.535460, 0.000000
8849, 7, 8.001054, 210025249, 1.000120, 31667, 31667, 31676, 0, 7919, 0, 0, 3, 0, 0, 0, 29906615, 31663.193029, 31672.191947, 0.000000
