ThreadID, cIDX, Time, cycles, deltaT, RX, OnRX, TX, SupTX, OnTX, Idle, OnIdle, Blocked, CacheMiss, CacheHit, CacheWB, CPUIdle, RX/s, TX/s, Sup/s
10855, 0, 0, 0, 0, 0, 0, 0, 0, 0, 0, 0, 0, 0, 0, 0, 0, 0, 0, 0
10855, 0, 1.000001, 210000313, 1.000001, 30511, 30511, 30508, 0, 7911, 0, 0, 0, 0, 0, 0, 28900588, 30510.954524, 30507.954529, 0.000000
10855, 1, 2.000030, 210005970, 1.000028, 30513, 30513, 30511, 0, 7910, 0, 0, 5, 0, 0, 0, 28939234, 30512.132584, 30510.132641, 0.000000
10855, 2, 3.000048, 210003745, 1.000018, 30536, 30536, 30544, 0, 7918, 0, 0, 4, 0, 0, 0, 29120423, 30535.455451, 30543.455308, 0.000000
10855, 3, 4.000059, 210002436, 1.000012, 30573, 30573, 30573, 0, 7927, 0, 0, 2, 0, 0, 0, 28966654, 30572.645357, 30572.645357, 0.000000
10855, 4, 5.000124, 210013643, 1.000065, 30558, 30558, 30568, 0, 7925, 0, 0, 5, 0, 0, 0, 29337878, 30556.014878, 30566.014228, 0.000000
10855, 5, 6.000161, 210007617, 1.000036, 30438, 30438, 30414, 0, 7886, 0, 0, 0, 0, 0, 0, 29760008, 30436.896010, 30412.896881, 0.000000
10855, 6, 7.000190, 210006166, 1.000029, 30446, 30446, 30446, 0, 7893, 0, 0, 3, 0, 0, 0, 29603615, 30445.106074, 30445.106074, 0.000000
10855, 7, 8.000208, 210003791, 1.000018, 30581, 30581, 30593, 0, 7932, 0, 0, 0, 0, 0, 0, 29560493, 30580.447950, 30592.447733, 0.000000
