ThreadID, cIDX, Time, cycles, deltaT, RX, OnRX, TX, SupTX, OnTX, Idle, OnIdle, Blocked, CacheMiss, CacheHit, CacheWB, CPUIdle, RX/s, TX/s, Sup/s
3069, 0, 0, 0, 0, 0, 0, 0, 0, 0, 0, 0, 0, 0, 0, 0, 0, 0, 0, 0
3069, 0, 1.000132, 210027744, 1.000132, 27218, 27218, 27216, 0, 6804, 0, 0, 0, 0, 0, 0, 30861195, 27214.404588, 27212.404853, 0.000000
3069, 1, 2.000150, 210003801, 1.000018, 27142, 27142, 27144, 0, 6786, 0, 0, 6, 0, 0, 0, 30812762, 27141.508739, 27143.508702, 0.000000
3069, 2, 3.000224, 210015393, 1.000073, 27086, 27086, 27077, 0, 6770, 0, 0, 11, 0, 0, 0, 31027734, 27084.014742, 27075.015401, 0.000000
3069, 3, 4.000293, 210014534, 1.000069, 27192, 27192, 27197, 0, 6799, 0, 0, 9, 0, 0, 0, 30920332, 27190.118185, 27195.117839, 0.000000
3069, 4, 5.000293, 210000142, 1.000001, 27158, 27158, 27162, 0, 6790, 0, 0, 11, 0, 0, 0, 31196424, 27157.981636, 27161.981633, 0.000000
3069, 5, 6.000302, 210001714, 1.000008, 27092, 27092, 27088, 0, 6772, 0, 0, 4, 0, 0, 0, 31580437, 27091.778879, 27087.778912, 0.000000
3069, 6, 7.000336, 210007182, 1.000034, 27125, 27125, 27132, 0, 6783, 0, 0, 1, 0, 0, 0, 31553383, 27124.072357, 27131.072117, 0.000000
3069, 7, 8.000359, 210004798, 1.000023, 27205, 27205, 27208, 0, 6802, 0, 0, 0, 0, 0, 0, 31076053, 27204.378445, 27207.378376, 0.000000
