ThreadID, cIDX, Time, cycles, deltaT, RX, OnRX, TX, SupTX, OnTX, Idle, OnIdle, Blocked, CacheMiss, CacheHit, CacheWB, CPUIdle, RX/s, TX/s, Sup/s
2067, 0, 0, 0, 0, 0, 0, 0, 0, 0, 0, 0, 0, 0, 0, 0, 0, 0, 0, 0
2067, 0, 1.000008, 210001773, 1.000008, 31645, 31645, 31660, 0, 7915, 0, 0, 6, 0, 0, 0, 29706018, 31644.732828, 31659.732701, 0.000000
2067, 1, 2.000262, 210053291, 1.000254, 31643, 31643, 31640, 0, 7910, 0, 0, 0, 0, 0, 0, 29716522, 31634.972099, 31631.972860, 0.000000
2067, 2, 3.000457, 210040983, 1.000195, 31627, 31627, 31604, 0, 7901, 0, 0, 4, 0, 0, 0, 29990981, 31620.828969, 31597.833457, 0.000000
2067, 3, 4.000503, 210009562, 1.000046, 31732, 31732, 31740, 0, 7935, 0, 0, 6, 0, 0, 0, 30171009, 31730.555202, 31738.554838, 0.000000
2067, 4, 5.000596, 210019450, 1.000093, 31683, 31683, 31676, 0, 7919, 0, 0, 0, 0, 0, 0, 30253186, 31680.065822, 31673.066471, 0.000000
2067, 5, 6.000673, 210016258, 1.000077, 31593, 31593, 31612, 0, 7903, 0, 0, 8, 0, 0, 0, 30693652, 31590.554289, 31609.552819, 0.000000
2067, 6, 7.000813, 210029455, 1.000140, 31621, 31621, 31596, 0, 7899, 0, 0, 2, 0, 0, 0, 30478858, 31616.565400, 31591.568906, 0.000000
2067, 7, 8.000819, 210001309, 1.000006, 31739, 31739, 31741, 0, 7936, 0, 0, 6, 0, 0, 0, 30403238, 31738.802161, 31740.802149, 0.000000
