ThreadID, cIDX, Time, cycles, deltaT, RX, OnRX, TX, SupTX, OnTX, Idle, OnIdle, Blocked, CacheMiss, CacheHit, CacheWB, CPUIdle, RX/s, TX/s, Sup/s
10725, 0, 0, 0, 0, 0, 0, 0, 0, 0, 0, 0, 0, 0, 0, 0, 0, 0, 0, 0
10725, 0, 1.000044, 210009220, 1.000044, 31558, 31558, 31560, 0, 7890, 0, 0, 0, 0, 0, 0, 28859735, 31556.614514, 31558.614427, 0.000000
10725, 1, 2.000798, 210158326, 1.000754, 31699, 31699, 31697, 0, 7925, 0, 0, 8, 0, 0, 0, 29110154, 31675.119072, 31673.120579, 0.000000
10725, 2, 3.000801, 210000729, 1.000003, 31627, 31627, 31613, 0, 7903, 0, 0, 3, 0, 0, 0, 29108821, 31626.890210, 31612.890258, 0.000000
10725, 3, 4.000815, 210002826, 1.000013, 31731, 31731, 31732, 0, 7933, 0, 0, 8, 0, 0, 0, 29265225, 31730.572997, 31731.572984, 0.000000
10725, 4, 5.001093, 210058464, 1.000278, 31657, 31657, 31654, 0, 7913, 0, 0, 6, 0, 0, 0, 29447033, 31648.189144, 31645.189979, 0.000000
10725, 5, 6.001107, 210002861, 1.000014, 31584, 31584, 31601, 0, 7901, 0, 0, 3, 0, 0, 0, 29999919, 31583.569711, 31600.569480, 0.000000
10725, 6, 7.001145, 210007947, 1.000038, 31660, 31660, 31667, 0, 7916, 0, 0, 0, 0, 0, 0, 29741498, 31658.801940, 31665.801676, 0.000000
10725, 7, 8.001536, 210082181, 1.000391, 31697, 31697, 31676, 0, 7919, 0, 0, 0, 0, 0, 0, 29545534, 31684.600609, 31663.608824, 0.000000
