ThreadID, cIDX, Time, cycles, deltaT, RX, OnRX, TX, SupTX, OnTX, Idle, OnIdle, Blocked, CacheMiss, CacheHit, CacheWB, CPUIdle, RX/s, TX/s, Sup/s
2062, 0, 0, 0, 0, 0, 0, 0, 0, 0, 0, 0, 0, 0, 0, 0, 0, 0, 0, 0
2062, 0, 1.000006, 210001190, 1.000006, 27255, 27255, 27263, 0, 6816, 0, 0, 3, 668652, 182118246, 275017, 31598781, 27254.845556, 27262.845511, 0.000000
2062, 1, 2.000013, 210001485, 1.000007, 27190, 27190, 27193, 0, 6798, 0, 0, 8, 577335, 182163248, 229875, 31629731, 27189.807729, 27192.807708, 0.000000
2062, 2, 3.000055, 210008872, 1.000042, 27120, 27120, 27104, 0, 6776, 0, 0, 5, 548651, 182030411, 216740, 31913796, 27118.854293, 27102.854969, 0.000000
2062, 3, 4.000077, 210004603, 1.000022, 27057, 27057, 27064, 0, 6766, 0, 0, 6, 522983, 181940763, 205640, 32077220, 27056.406949, 27063.406796, 0.000000
2062, 4, 5.000127, 210010444, 1.000050, 27090, 27090, 27092, 0, 6773, 0, 0, 2, 514695, 181899483, 199865, 32186301, 27088.652791, 27090.652692, 0.000000
2062, 5, 6.000169, 210008989, 1.000043, 27161, 27161, 27161, 0, 6791, 0, 0, 5, 503329, 181642007, 195509, 32620370, 27159.837430, 27159.837430, 0.000000
2062, 6, 7.000172, 210000525, 1.000002, 26973, 26973, 26969, 0, 6742, 0, 0, 4, 503593, 181764359, 195196, 32448542, 26972.932568, 26968.932578, 0.000000
2062, 7, 8.000182, 210002101, 1.000010, 27124, 27124, 27123, 0, 6781, 0, 0, 2, 502421, 181889020, 194602, 32258193, 27123.728634, 27122.728644, 0.000000
