ThreadID, cIDX, Time, cycles, deltaT, RX, OnRX, TX, SupTX, OnTX, Idle, OnIdle, Blocked, CacheMiss, CacheHit, CacheWB, CPUIdle, RX/s, TX/s, Sup/s
1149, 0, 0, 0, 0, 0, 0, 0, 0, 0, 0, 0, 0, 0, 0, 0, 0, 0, 0, 0
1149, 0, 1.000001, 210000167, 1.000001, 27256, 27256, 27251, 0, 6813, 0, 0, 1, 0, 0, 0, 30887771, 27255.978325, 27250.978329, 0.000000
1149, 1, 2.000022, 210004467, 1.000021, 27155, 27155, 27161, 0, 6790, 0, 0, 5, 0, 0, 0, 30948028, 27154.422387, 27160.422259, 0.000000
1149, 2, 3.000034, 210002521, 1.000012, 27126, 27126, 27132, 0, 6783, 0, 0, 5, 0, 0, 0, 31117358, 27125.674363, 27131.674291, 0.000000
1149, 3, 4.000107, 210015415, 1.000073, 27188, 27188, 27180, 0, 6795, 0, 0, 3, 0, 0, 0, 30882544, 27186.004418, 27178.005005, 0.000000
1149, 4, 5.000116, 210001850, 1.000009, 27087, 27087, 27093, 0, 6774, 0, 0, 4, 0, 0, 0, 31280234, 27086.761379, 27092.761326, 0.000000
1149, 5, 6.000121, 210000972, 1.000005, 27033, 27033, 27028, 0, 6757, 0, 0, 4, 0, 0, 0, 31475764, 27032.874876, 27027.874900, 0.000000
1149, 6, 7.000125, 210000809, 1.000004, 27162, 27162, 27163, 0, 6790, 0, 0, 4, 0, 0, 0, 31353698, 27161.895362, 27162.895358, 0.000000
1149, 7, 8.000126, 210000257, 1.000001, 27058, 27058, 27060, 0, 6765, 0, 0, 0, 0, 0, 0, 31365872, 27057.966886, 27059.966884, 0.000000
