ThreadID, cIDX, Time, cycles, deltaT, RX, OnRX, TX, SupTX, OnTX, Idle, OnIdle, Blocked, CacheMiss, CacheHit, CacheWB, CPUIdle, RX/s, TX/s, Sup/s
635, 0, 0, 0, 0, 0, 0, 0, 0, 0, 0, 0, 0, 0, 0, 0, 0, 0, 0, 0
635, 0, 1.000012, 210002506, 1.000012, 27237, 27237, 27236, 0, 6809, 0, 0, 0, 0, 0, 0, 28648163, 27236.674976, 27235.674988, 0.000000
635, 1, 2.000073, 210012739, 1.000061, 27183, 27183, 27181, 0, 6796, 0, 0, 0, 0, 0, 0, 28648201, 27181.351127, 27179.351249, 0.000000
635, 2, 3.000118, 210009549, 1.000045, 27092, 27092, 27099, 0, 6774, 0, 0, 0, 0, 0, 0, 28862684, 27090.768144, 27097.767826, 0.000000
635, 3, 4.000172, 210011328, 1.000054, 27184, 27184, 27176, 0, 6794, 0, 0, 0, 0, 0, 0, 28633617, 27182.533696, 27174.534128, 0.000000
635, 4, 5.000250, 210016389, 1.000078, 27100, 27100, 27101, 0, 6776, 0, 0, 0, 0, 0, 0, 29263576, 27097.885204, 27098.885126, 0.000000
635, 5, 6.000294, 210009286, 1.000044, 27021, 27021, 27019, 0, 6754, 0, 0, 0, 0, 0, 0, 29430338, 27019.805210, 27017.805298, 0.000000
635, 6, 7.000320, 210005478, 1.000026, 27166, 27166, 27176, 0, 6794, 0, 0, 2, 0, 0, 0, 29299571, 27165.291374, 27175.291113, 0.000000
635, 7, 8.000321, 210000194, 1.000001, 27068, 27068, 27057, 0, 6765, 0, 0, 0, 0, 0, 0, 29314379, 27067.974994, 27056.975005, 0.000000
