ThreadID, cIDX, Time, cycles, deltaT, RX, OnRX, TX, SupTX, OnTX, Idle, OnIdle, Blocked, CacheMiss, CacheHit, CacheWB, CPUIdle, RX/s, TX/s, Sup/s
10466, 0, 0, 0, 0, 0, 0, 0, 0, 0, 0, 0, 0, 0, 0, 0, 0, 0, 0, 0
10466, 0, 1.000530, 210111268, 1.000530, 31575, 31575, 31588, 0, 7897, 0, 0, 1, 0, 0, 0, 28994855, 31558.278921, 31571.272037, 0.000000
10466, 1, 2.000864, 210070109, 1.000334, 31679, 31679, 31665, 0, 7917, 0, 0, 8, 0, 0, 0, 29077199, 31668.427420, 31654.432092, 0.000000
10466, 2, 3.000869, 210001065, 1.000005, 31697, 31697, 31686, 0, 7921, 0, 0, 5, 0, 0, 0, 29034634, 31696.839252, 31685.839308, 0.000000
10466, 3, 4.000878, 210001961, 1.000009, 31607, 31607, 31621, 0, 7905, 0, 0, 4, 0, 0, 0, 29239814, 31606.704854, 31620.704723, 0.000000
10466, 4, 5.001074, 210041050, 1.000195, 31717, 31717, 31712, 0, 7928, 0, 0, 3, 0, 0, 0, 29368975, 31710.801293, 31705.802271, 0.000000
10466, 5, 6.001404, 210069383, 1.000330, 31576, 31576, 31564, 0, 7891, 0, 0, 1, 0, 0, 0, 29977923, 31565.570886, 31553.574849, 0.000000
10466, 6, 7.001726, 210067654, 1.000322, 31599, 31599, 31596, 0, 7899, 0, 0, 0, 0, 0, 0, 29840813, 31588.823285, 31585.824251, 0.000000
10466, 7, 8.001728, 210000372, 1.000002, 31692, 31692, 31724, 0, 7931, 0, 0, 0, 0, 0, 0, 29611832, 31691.943860, 31723.943803, 0.000000
