ThreadID, cIDX, Time, cycles, deltaT, RX, OnRX, TX, SupTX, OnTX, Idle, OnIdle, Blocked, CacheMiss, CacheHit, CacheWB, CPUIdle, RX/s, TX/s, Sup/s
10290, 0, 0, 0, 0, 0, 0, 0, 0, 0, 0, 0, 0, 0, 0, 0, 0, 0, 0, 0
10290, 0, 1.000038, 210007929, 1.000038, 31597, 31597, 31600, 0, 7900, 0, 0, 1, 0, 0, 0, 28283365, 31595.807033, 31598.806919, 0.000000
10290, 1, 2.000101, 210013182, 1.000063, 31638, 31638, 31620, 0, 7905, 0, 0, 8, 0, 0, 0, 28289542, 31636.014162, 31618.015292, 0.000000
10290, 2, 3.000202, 210021381, 1.000102, 31650, 31650, 31672, 0, 7918, 0, 0, 3, 0, 0, 0, 28290705, 31646.777906, 31668.775666, 0.000000
10290, 3, 4.000792, 210123789, 1.000589, 31695, 31695, 31680, 0, 7920, 0, 0, 9, 0, 0, 0, 28564235, 31676.327710, 31661.336547, 0.000000
10290, 4, 5.000814, 210004708, 1.000022, 31692, 31692, 31695, 0, 7924, 0, 0, 10, 0, 0, 0, 28646195, 31691.289511, 31694.289444, 0.000000
10290, 5, 6.000851, 210007664, 1.000036, 31597, 31597, 31609, 0, 7902, 0, 0, 5, 0, 0, 0, 29093484, 31595.846902, 31607.846464, 0.000000
10290, 6, 7.000878, 210005694, 1.000027, 31563, 31563, 31568, 0, 7892, 0, 0, 0, 0, 0, 0, 29067790, 31562.144215, 31567.144079, 0.000000
10290, 7, 8.000885, 210001424, 1.000007, 31743, 31743, 31744, 0, 7936, 0, 0, 0, 0, 0, 0, 28859591, 31742.784754, 31743.784747, 0.000000
