ThreadID, cIDX, Time, cycles, deltaT, RX, OnRX, TX, SupTX, OnTX, Idle, OnIdle, Blocked, CacheMiss, CacheHit, CacheWB, CPUIdle, RX/s, TX/s, Sup/s
9531, 0, 0, 0, 0, 0, 0, 0, 0, 0, 0, 0, 0, 0, 0, 0, 0, 0, 0, 0
9531, 0, 1.000034, 210007157, 1.000034, 27186, 27186, 27184, 0, 6796, 0, 0, 1, 0, 0, 0, 28444439, 27185.073507, 27183.073575, 0.000000
9531, 1, 2.000332, 210062585, 1.000298, 27150, 27150, 27160, 0, 6790, 0, 0, 2, 0, 0, 0, 28179010, 27141.911064, 27151.908085, 0.000000
9531, 2, 3.000549, 210045564, 1.000217, 27150, 27150, 27143, 0, 6786, 0, 0, 2, 0, 0, 0, 28427829, 27144.110504, 27137.112022, 0.000000
9531, 3, 4.000622, 210015303, 1.000073, 27040, 27040, 27041, 0, 6760, 0, 0, 2, 0, 0, 0, 28383800, 27038.029700, 27039.029627, 0.000000
9531, 4, 5.000696, 210015656, 1.000075, 27115, 27115, 27108, 0, 6777, 0, 0, 5, 0, 0, 0, 28675504, 27112.978663, 27105.979185, 0.000000
9531, 5, 6.000703, 210001328, 1.000006, 27132, 27132, 27129, 0, 6783, 0, 0, 0, 0, 0, 0, 29154759, 27131.828423, 27128.828442, 0.000000
9531, 6, 7.000716, 210002811, 1.000013, 27027, 27027, 27035, 0, 6758, 0, 0, 0, 0, 0, 0, 28911110, 27026.638229, 27034.638122, 0.000000
9531, 7, 8.000771, 210011470, 1.000055, 27148, 27148, 27152, 0, 6788, 0, 0, 0, 0, 0, 0, 29005603, 27146.517283, 27150.517065, 0.000000
