ThreadID, cIDX, Time, cycles, deltaT, RX, OnRX, TX, SupTX, OnTX, Idle, OnIdle, Blocked, CacheMiss, CacheHit, CacheWB, CPUIdle, RX/s, TX/s, Sup/s
3058, 0, 0, 0, 0, 0, 0, 0, 0, 0, 0, 0, 0, 0, 0, 0, 0, 0, 0, 0
3058, 0, 1.000208, 210043704, 1.000208, 31637, 31637, 31648, 0, 7912, 0, 0, 0, 0, 0, 0, 30874185, 31630.417258, 31641.414970, 0.000000
3058, 1, 2.000233, 210005169, 1.000025, 31734, 31734, 31729, 0, 7933, 0, 0, 5, 0, 0, 0, 30813115, 31733.218909, 31728.219033, 0.000000
3058, 2, 3.000315, 210017179, 1.000082, 31672, 31672, 31672, 0, 7918, 0, 0, 8, 0, 0, 0, 31030658, 31669.409292, 31669.409292, 0.000000
3058, 3, 4.000362, 210009986, 1.000048, 31593, 31593, 31579, 0, 7894, 0, 0, 12, 0, 0, 0, 30913857, 31591.497749, 31577.498415, 0.000000
3058, 4, 5.000411, 210010197, 1.000049, 31594, 31594, 31589, 0, 7898, 0, 0, 7, 0, 0, 0, 31193936, 31592.465960, 31587.466203, 0.000000
3058, 5, 6.000960, 210115353, 1.000549, 31709, 31709, 31707, 0, 7926, 0, 0, 2, 0, 0, 0, 31592225, 31691.591809, 31689.592907, 0.000000
3058, 6, 7.001191, 210048516, 1.000231, 31563, 31563, 31560, 0, 7890, 0, 0, 0, 0, 0, 0, 31555792, 31555.709729, 31552.710422, 0.000000
3058, 7, 8.001196, 210001019, 1.000005, 31562, 31562, 31576, 0, 7894, 0, 0, 0, 0, 0, 0, 31079812, 31561.846850, 31575.846782, 0.000000
