ThreadID, cIDX, Time, cycles, deltaT, RX, OnRX, TX, SupTX, OnTX, Idle, OnIdle, Blocked, CacheMiss, CacheHit, CacheWB, CPUIdle, RX/s, TX/s, Sup/s
1310, 0, 0, 0, 0, 0, 0, 0, 0, 0, 0, 0, 0, 0, 0, 0, 0, 0, 0, 0
1310, 0, 1.000002, 210000327, 1.000002, 27252, 27252, 27260, 0, 6815, 0, 0, 1, 0, 0, 0, 29780205, 27251.957565, 27259.957552, 0.000000
1310, 1, 2.000015, 210002807, 1.000013, 27148, 27148, 27144, 0, 6786, 0, 0, 0, 0, 0, 0, 29901697, 27147.637127, 27143.637180, 0.000000
1310, 2, 3.000062, 210009869, 1.000047, 27142, 27142, 27136, 0, 6784, 0, 0, 4, 0, 0, 0, 30029534, 27140.724515, 27134.724797, 0.000000
1310, 3, 4.000459, 210083487, 1.000398, 27178, 27178, 27180, 0, 6795, 0, 0, 0, 0, 0, 0, 30093486, 27167.199486, 27169.198691, 0.000000
1310, 4, 5.000483, 210004985, 1.000024, 27097, 27097, 27108, 0, 6777, 0, 0, 12, 0, 0, 0, 30263548, 27096.356784, 27107.356523, 0.000000
1310, 5, 6.000492, 210001910, 1.000009, 27048, 27048, 27036, 0, 6759, 0, 0, 0, 0, 0, 0, 30604738, 27047.753994, 27035.754103, 0.000000
1310, 6, 7.000512, 210004101, 1.000020, 27149, 27149, 27154, 0, 6789, 0, 0, 1, 0, 0, 0, 30316338, 27148.469829, 27153.469732, 0.000000
1310, 7, 8.000519, 210001536, 1.000007, 27065, 27065, 27058, 0, 6764, 0, 0, 0, 0, 0, 0, 30293231, 27064.802040, 27057.802092, 0.000000
