ThreadID, cIDX, Time, cycles, deltaT, RX, OnRX, TX, SupTX, OnTX, Idle, OnIdle, Blocked, CacheMiss, CacheHit, CacheWB, CPUIdle, RX/s, TX/s, Sup/s
923, 0, 0, 0, 0, 0, 0, 0, 0, 0, 0, 0, 0, 0, 0, 0, 0, 0, 0, 0
923, 0, 1.000007, 210001562, 1.000007, 27221, 27221, 27224, 0, 6806, 0, 0, 0, 0, 0, 0, 27404226, 27220.797529, 27223.797507, 0.000000
923, 1, 2.000013, 210001082, 1.000005, 27181, 27181, 27178, 0, 6795, 0, 0, 0, 0, 0, 0, 27415776, 27180.859954, 27177.859969, 0.000000
923, 2, 3.000074, 210012923, 1.000062, 27089, 27089, 27094, 0, 6773, 0, 0, 1, 0, 0, 0, 27691910, 27087.333097, 27092.332789, 0.000000
923, 3, 4.000134, 210012560, 1.000060, 27145, 27145, 27132, 0, 6783, 0, 0, 0, 0, 0, 0, 27674839, 27143.376568, 27130.377345, 0.000000
923, 4, 5.000146, 210002441, 1.000012, 27086, 27086, 27089, 0, 6773, 0, 0, 0, 0, 0, 0, 27912183, 27085.685161, 27088.685126, 0.000000
923, 5, 6.000163, 210003720, 1.000018, 27103, 27103, 27099, 0, 6774, 0, 0, 0, 0, 0, 0, 28178603, 27102.519898, 27098.519969, 0.000000
923, 6, 7.000241, 210016246, 1.000077, 27038, 27038, 27048, 0, 6762, 0, 0, 1, 0, 0, 0, 28264625, 27035.908451, 27045.907677, 0.000000
923, 7, 8.000242, 210000288, 1.000001, 27146, 27146, 27144, 0, 6786, 0, 0, 0, 0, 0, 0, 28027599, 27145.962771, 27143.962774, 0.000000
