ThreadID, cIDX, Time, cycles, deltaT, RX, OnRX, TX, SupTX, OnTX, Idle, OnIdle, Blocked, CacheMiss, CacheHit, CacheWB, CPUIdle, RX/s, TX/s, Sup/s
898, 0, 0, 0, 0, 0, 0, 0, 0, 0, 0, 0, 0, 0, 0, 0, 0, 0, 0, 0
898, 0, 1.000002, 210000488, 1.000002, 30486, 30486, 30471, 0, 7901, 0, 0, 0, 671432, 183369548, 276689, 29380283, 30485.929157, 30470.929191, 0.000000
898, 1, 2.000111, 210022809, 1.000109, 30558, 30558, 30564, 0, 7924, 0, 0, 0, 604956, 183443356, 240385, 29460771, 30554.681325, 30560.680673, 0.000000
898, 2, 3.000124, 210002716, 1.000013, 30560, 30560, 30559, 0, 7924, 0, 0, 0, 592292, 183304945, 234166, 29670261, 30559.604762, 30558.604775, 0.000000
898, 3, 4.000187, 210013194, 1.000063, 30576, 30576, 30580, 0, 7927, 0, 0, 0, 588000, 183366928, 230645, 29595712, 30574.079074, 30578.078823, 0.000000
898, 4, 5.000238, 210010718, 1.000051, 30562, 30562, 30570, 0, 7927, 0, 0, 0, 585404, 183170968, 229673, 29876345, 30560.440253, 30568.439845, 0.000000
898, 5, 6.000273, 210007454, 1.000035, 30463, 30463, 30473, 0, 7900, 0, 0, 0, 579033, 183077204, 226696, 30184576, 30461.918747, 30471.918392, 0.000000
898, 6, 7.000281, 210001682, 1.000008, 30567, 30567, 30565, 0, 7923, 0, 0, 0, 573872, 183077247, 223751, 30243580, 30566.755175, 30564.755191, 0.000000
898, 7, 8.000284, 210000594, 1.000003, 30600, 30600, 30601, 0, 7932, 0, 0, 0, 569388, 183138476, 221085, 29951764, 30599.913446, 30600.913443, 0.000000
