ThreadID, cIDX, Time, cycles, deltaT, RX, OnRX, TX, SupTX, OnTX, Idle, OnIdle, Blocked, CacheMiss, CacheHit, CacheWB, CPUIdle, RX/s, TX/s, Sup/s
844, 0, 0, 0, 0, 0, 0, 0, 0, 0, 0, 0, 0, 0, 0, 0, 0, 0, 0, 0
844, 0, 1.000003, 210000732, 1.000003, 27277, 27277, 27280, 0, 6820, 0, 0, 0, 697173, 183389207, 286012, 26656616, 27276.904921, 27279.904910, 0.000000
844, 1, 2.000061, 210012175, 1.000058, 27151, 27151, 27156, 0, 6789, 0, 0, 0, 606577, 183413198, 242995, 26716568, 27149.425980, 27154.425690, 0.000000
844, 2, 3.000123, 210012997, 1.000062, 27114, 27114, 27112, 0, 6778, 0, 0, 0, 577070, 183317360, 228725, 26983647, 27112.322005, 27110.322129, 0.000000
844, 3, 4.000170, 210009830, 1.000047, 27179, 27179, 27176, 0, 6794, 0, 0, 0, 566392, 183404280, 223488, 26791010, 27177.727824, 27174.727964, 0.000000
844, 4, 5.000179, 210001906, 1.000009, 27094, 27094, 27092, 0, 6773, 0, 0, 0, 559586, 183185664, 220309, 27245684, 27093.754092, 27091.754110, 0.000000
844, 5, 6.000237, 210012228, 1.000058, 27023, 27023, 27020, 0, 6755, 0, 0, 0, 552885, 183055330, 216904, 27546335, 27021.426581, 27018.426756, 0.000000
844, 6, 7.000240, 210000522, 1.000002, 27159, 27159, 27166, 0, 6792, 0, 0, 0, 549368, 183062543, 214535, 27493867, 27158.932491, 27165.932473, 0.000000
844, 7, 8.000243, 210000541, 1.000003, 27054, 27054, 27047, 0, 6762, 0, 0, 0, 548843, 183177959, 214004, 27278939, 27053.930304, 27046.930322, 0.000000
