ThreadID, cIDX, Time, cycles, deltaT, RX, OnRX, TX, SupTX, OnTX, Idle, OnIdle, Blocked, CacheMiss, CacheHit, CacheWB, CPUIdle, RX/s, TX/s, Sup/s
10135, 0, 0, 0, 0, 0, 0, 0, 0, 0, 0, 0, 0, 0, 0, 0, 0, 0, 0, 0
10135, 0, 1.000009, 210001876, 1.000009, 30537, 30537, 30550, 0, 7920, 0, 0, 0, 0, 0, 0, 29660043, 30536.727205, 30549.727089, 0.000000
10135, 1, 2.000075, 210013786, 1.000066, 30553, 30553, 30533, 0, 7917, 0, 0, 0, 0, 0, 0, 29839927, 30550.994400, 30530.995713, 0.000000
10135, 2, 3.000077, 210000545, 1.000003, 30541, 30541, 30555, 0, 7922, 0, 0, 13, 0, 0, 0, 29972809, 30540.920739, 30554.920703, 0.000000
10135, 3, 4.000082, 210000966, 1.000005, 30538, 30538, 30519, 0, 7912, 0, 0, 8, 0, 0, 0, 30072278, 30537.859526, 30518.859613, 0.000000
10135, 4, 5.000110, 210006008, 1.000029, 30564, 30564, 30574, 0, 7926, 0, 0, 10, 0, 0, 0, 30282871, 30563.125604, 30573.125317, 0.000000
10135, 5, 6.000368, 210054134, 1.000258, 30446, 30446, 30436, 0, 7891, 0, 0, 5, 0, 0, 0, 30673482, 30438.153624, 30428.156201, 0.000000
10135, 6, 7.000373, 210001041, 1.000005, 30589, 30589, 30596, 0, 7932, 0, 0, 1, 0, 0, 0, 30537893, 30588.848367, 30595.848332, 0.000000
10135, 7, 8.000384, 210002308, 1.000011, 30496, 30496, 30509, 0, 7909, 0, 0, 0, 0, 0, 0, 30421687, 30495.664838, 30508.664695, 0.000000
