ThreadID, cIDX, Time, cycles, deltaT, RX, OnRX, TX, SupTX, OnTX, Idle, OnIdle, Blocked, CacheMiss, CacheHit, CacheWB, CPUIdle, RX/s, TX/s, Sup/s
11251, 0, 0, 0, 0, 0, 0, 0, 0, 0, 0, 0, 0, 0, 0, 0, 0, 0, 0, 0
11251, 0, 1.000003, 210000578, 1.000003, 30473, 30473, 30473, 0, 7902, 0, 0, 0, 0, 0, 0, 30818805, 30472.916127, 30472.916127, 0.000000
11251, 1, 2.000010, 210001482, 1.000007, 30549, 30549, 30561, 0, 7921, 0, 0, 7, 0, 0, 0, 30739028, 30548.784413, 30560.784328, 0.000000
11251, 2, 3.000129, 210025085, 1.000119, 30581, 30581, 30568, 0, 7926, 0, 0, 6, 0, 0, 0, 30905775, 30577.347463, 30564.349016, 0.000000
11251, 3, 4.000176, 210009808, 1.000047, 30537, 30537, 30526, 0, 7915, 0, 0, 7, 0, 0, 0, 30971191, 30535.573843, 30524.574357, 0.000000
11251, 4, 5.000356, 210037845, 1.000180, 30448, 30448, 30450, 0, 7895, 0, 0, 10, 0, 0, 0, 31365924, 30442.513824, 30444.513464, 0.000000
11251, 5, 6.000442, 210018044, 1.000086, 30511, 30511, 30514, 0, 7912, 0, 0, 4, 0, 0, 0, 31639757, 30508.378604, 30511.378346, 0.000000
11251, 6, 7.000451, 210001962, 1.000009, 30461, 30461, 30472, 0, 7900, 0, 0, 0, 0, 0, 0, 31448639, 30460.715410, 30471.715307, 0.000000
11251, 7, 8.000473, 210004472, 1.000021, 30481, 30481, 30487, 0, 7905, 0, 0, 0, 0, 0, 0, 31210721, 30480.350914, 30486.350786, 0.000000
