ThreadID, cIDX, Time, cycles, deltaT, RX, OnRX, TX, SupTX, OnTX, Idle, OnIdle, Blocked, CacheMiss, CacheHit, CacheWB, CPUIdle, RX/s, TX/s, Sup/s
11169, 0, 0, 0, 0, 0, 0, 0, 0, 0, 0, 0, 0, 0, 0, 0, 0, 0, 0, 0
11169, 0, 1.000039, 210008260, 1.000039, 31675, 31675, 31680, 0, 7920, 0, 0, 0, 0, 0, 0, 28280700, 31673.754166, 31678.753969, 0.000000
11169, 1, 2.000049, 210002046, 1.000010, 31726, 31726, 31724, 0, 7931, 0, 0, 5, 0, 0, 0, 28282491, 31725.690901, 31723.690921, 0.000000
11169, 2, 3.000083, 210007105, 1.000034, 31687, 31687, 31688, 0, 7922, 0, 0, 4, 0, 0, 0, 28386110, 31685.927959, 31686.927926, 0.000000
11169, 3, 4.000084, 210000323, 1.000002, 31586, 31586, 31584, 0, 7896, 0, 0, 4, 0, 0, 0, 28442642, 31585.951418, 31583.951421, 0.000000
11169, 4, 5.000089, 210000911, 1.000004, 31581, 31581, 31571, 0, 7893, 0, 0, 10, 0, 0, 0, 28712793, 31580.862999, 31570.863043, 0.000000
11169, 5, 6.000096, 210001486, 1.000007, 31680, 31680, 31698, 0, 7925, 0, 0, 8, 0, 0, 0, 29049737, 31679.775828, 31697.775701, 0.000000
11169, 6, 7.000102, 210001243, 1.000006, 31553, 31553, 31529, 0, 7882, 0, 0, 0, 0, 0, 0, 28973105, 31552.813237, 31528.813379, 0.000000
11169, 7, 8.000571, 210098612, 1.000470, 31597, 31597, 31598, 0, 7899, 0, 0, 0, 0, 0, 0, 28472431, 31582.169615, 31583.169145, 0.000000
