ThreadID, cIDX, Time, cycles, deltaT, RX, OnRX, TX, SupTX, OnTX, Idle, OnIdle, Blocked, CacheMiss, CacheHit, CacheWB, CPUIdle, RX/s, TX/s, Sup/s
9447, 0, 0, 0, 0, 0, 0, 0, 0, 0, 0, 0, 0, 0, 0, 0, 0, 0, 0, 0
9447, 0, 1.000616, 210129415, 1.000616, 30495, 30495, 30489, 0, 7905, 0, 0, 1, 0, 0, 0, 29208596, 30476.218667, 30470.222363, 0.000000
9447, 1, 2.000756, 210029355, 1.000140, 30598, 30598, 30609, 0, 7935, 0, 0, 6, 0, 0, 0, 29029650, 30593.723435, 30604.721897, 0.000000
9447, 2, 3.000772, 210003261, 1.000016, 30553, 30553, 30536, 0, 7916, 0, 0, 3, 0, 0, 0, 29092374, 30552.525563, 30535.525827, 0.000000
9447, 3, 4.001192, 210088189, 1.000420, 30470, 30470, 30463, 0, 7899, 0, 0, 6, 0, 0, 0, 29050797, 30457.209567, 30450.212506, 0.000000
9447, 4, 5.001607, 210087253, 1.000415, 30537, 30537, 30544, 0, 7920, 0, 0, 7, 0, 0, 0, 29186206, 30524.317437, 30531.314530, 0.000000
9447, 5, 6.001622, 210003140, 1.000015, 30577, 30577, 30578, 0, 7928, 0, 0, 5, 0, 0, 0, 29805924, 30576.542808, 30577.542793, 0.000000
9447, 6, 7.001657, 210007358, 1.000035, 30519, 30519, 30534, 0, 7914, 0, 0, 0, 0, 0, 0, 29618674, 30517.930710, 30532.930184, 0.000000
9447, 7, 8.001679, 210004696, 1.000022, 30439, 30439, 30436, 0, 7891, 0, 0, 0, 0, 0, 0, 29535196, 30438.319341, 30435.319408, 0.000000
