ThreadID, cIDX, Time, cycles, deltaT, RX, OnRX, TX, SupTX, OnTX, Idle, OnIdle, Blocked, CacheMiss, CacheHit, CacheWB, CPUIdle, RX/s, TX/s, Sup/s
2562, 0, 0, 0, 0, 0, 0, 0, 0, 0, 0, 0, 0, 0, 0, 0, 0, 0, 0, 0
2562, 0, 1.000507, 210106477, 1.000507, 31613, 31613, 31624, 0, 7906, 0, 0, 0, 652792, 182143260, 270333, 31687880, 31596.979278, 31607.973704, 0.000000
2562, 1, 2.000509, 210000484, 1.000002, 31673, 31673, 31674, 0, 7919, 0, 0, 7, 566113, 182149082, 227751, 31652019, 31672.927001, 31673.926999, 0.000000
2562, 2, 3.000514, 210000934, 1.000004, 31712, 31712, 31700, 0, 7925, 0, 0, 8, 547755, 182092022, 218664, 31877550, 31711.858958, 31699.859011, 0.000000
2562, 3, 4.000526, 210002611, 1.000012, 31669, 31669, 31666, 0, 7916, 0, 0, 2, 531439, 182018995, 211356, 31876368, 31668.606254, 31665.606291, 0.000000
2562, 4, 5.000575, 210010211, 1.000049, 31646, 31646, 31656, 0, 7914, 0, 0, 5, 519476, 181935754, 204004, 32091443, 31644.461326, 31654.460840, 0.000000
2562, 5, 6.000579, 210000854, 1.000004, 31572, 31572, 31584, 0, 7896, 0, 0, 2, 512891, 181622816, 201856, 32704612, 31571.871608, 31583.871559, 0.000000
2562, 6, 7.000585, 210001312, 1.000006, 31663, 31663, 31632, 0, 7908, 0, 0, 1, 507574, 181690852, 199514, 32537387, 31662.802183, 31631.802377, 0.000000
2562, 7, 8.000593, 210001740, 1.000008, 31603, 31603, 31628, 0, 7907, 0, 0, 0, 506649, 181878822, 199284, 32179909, 31602.738149, 31627.737942, 0.000000
