ThreadID, cIDX, Time, cycles, deltaT, RX, OnRX, TX, SupTX, OnTX, Idle, OnIdle, Blocked, CacheMiss, CacheHit, CacheWB, CPUIdle, RX/s, TX/s, Sup/s
8796, 0, 0, 0, 0, 0, 0, 0, 0, 0, 0, 0, 0, 0, 0, 0, 0, 0, 0, 0
8796, 0, 1.000063, 210013287, 1.000063, 27231, 27231, 27236, 0, 6809, 0, 0, 0, 0, 0, 0, 28498778, 27229.277165, 27234.276848, 0.000000
8796, 1, 2.000137, 210015396, 1.000073, 27105, 27105, 27108, 0, 6777, 0, 0, 6, 0, 0, 0, 28324116, 27103.012962, 27106.012742, 0.000000
8796, 2, 3.000173, 210007658, 1.000036, 27067, 27067, 27052, 0, 6763, 0, 0, 3, 0, 0, 0, 28407814, 27066.012993, 27051.013540, 0.000000
8796, 3, 4.000204, 210006602, 1.000031, 27205, 27205, 27213, 0, 6804, 0, 0, 6, 0, 0, 0, 28365935, 27204.144754, 27212.144502, 0.000000
8796, 4, 5.000208, 210000803, 1.000004, 27145, 27145, 27145, 0, 6786, 0, 0, 1, 0, 0, 0, 29158304, 27144.896203, 27144.896203, 0.000000
8796, 5, 6.000241, 210006858, 1.000033, 27092, 27092, 27090, 0, 6772, 0, 0, 0, 0, 0, 0, 29270257, 27091.115282, 27089.115347, 0.000000
8796, 6, 7.000263, 210004542, 1.000022, 27057, 27057, 27060, 0, 6765, 0, 0, 0, 0, 0, 0, 29283593, 27056.414808, 27059.414744, 0.000000
8796, 7, 8.000278, 210003241, 1.000015, 27233, 27233, 27227, 0, 6807, 0, 0, 0, 0, 0, 0, 28923507, 27232.579711, 27226.579803, 0.000000
