ThreadID, cIDX, Time, cycles, deltaT, RX, OnRX, TX, SupTX, OnTX, Idle, OnIdle, Blocked, CacheMiss, CacheHit, CacheWB, CPUIdle, RX/s, TX/s, Sup/s
249, 0, 0, 0, 0, 0, 0, 0, 0, 0, 0, 0, 0, 0, 0, 0, 0, 0, 0, 0
249, 0, 1.000002, 210000379, 1.000002, 27150, 27150, 27156, 0, 6789, 0, 0, 0, 0, 0, 0, 29156866, 27149.951001, 27155.950990, 0.000000
249, 1, 2.000004, 210000545, 1.000003, 27179, 27179, 27173, 0, 6794, 0, 0, 0, 0, 0, 0, 29131532, 27178.929464, 27172.929480, 0.000000
249, 2, 3.000030, 210005318, 1.000025, 27088, 27088, 27087, 0, 6771, 0, 0, 3, 0, 0, 0, 29316959, 27087.314046, 27086.314071, 0.000000
249, 3, 4.000107, 210016176, 1.000077, 27197, 27197, 27208, 0, 6802, 0, 0, 0, 0, 0, 0, 29277203, 27194.905215, 27205.904368, 0.000000
249, 4, 5.000108, 210000356, 1.000002, 27076, 27076, 27065, 0, 6767, 0, 0, 0, 0, 0, 0, 29504988, 27075.954100, 27064.954118, 0.000000
249, 5, 6.000163, 210011532, 1.000055, 27049, 27049, 27055, 0, 6763, 0, 0, 1, 0, 0, 0, 29950790, 27047.514705, 27053.514376, 0.000000
249, 6, 7.000167, 210000727, 1.000003, 27159, 27159, 27160, 0, 6790, 0, 0, 1, 0, 0, 0, 29808125, 27158.905978, 27159.905975, 0.000000
249, 7, 8.000171, 210000779, 1.000004, 27105, 27105, 27096, 0, 6774, 0, 0, 1, 0, 0, 0, 29664998, 27104.899454, 27095.899487, 0.000000
