ThreadID, cIDX, Time, cycles, deltaT, RX, OnRX, TX, SupTX, OnTX, Idle, OnIdle, Blocked, CacheMiss, CacheHit, CacheWB, CPUIdle, RX/s, TX/s, Sup/s
1507, 0, 0, 0, 0, 0, 0, 0, 0, 0, 0, 0, 0, 0, 0, 0, 0, 0, 0, 0
1507, 0, 1.000005, 210001099, 1.000005, 31589, 31589, 31600, 0, 7900, 0, 0, 0, 0, 0, 0, 28946117, 31588.834685, 31599.834628, 0.000000
1507, 1, 2.000009, 210000744, 1.000004, 31646, 31646, 31646, 0, 7912, 0, 0, 2, 0, 0, 0, 29029476, 31645.887883, 31645.887883, 0.000000
1507, 2, 3.000055, 210009612, 1.000046, 31650, 31650, 31646, 0, 7911, 0, 0, 1, 0, 0, 0, 29144160, 31648.551401, 31644.551584, 0.000000
1507, 3, 4.000060, 210001046, 1.000005, 31740, 31740, 31725, 0, 7932, 0, 0, 0, 0, 0, 0, 29204704, 31739.841905, 31724.841980, 0.000000
1507, 4, 5.000242, 210038344, 1.000183, 31641, 31641, 31639, 0, 7909, 0, 0, 13, 0, 0, 0, 29520162, 31635.223709, 31633.224075, 0.000000
1507, 5, 6.000251, 210001917, 1.000009, 31618, 31618, 31619, 0, 7905, 0, 0, 6, 0, 0, 0, 29759105, 31617.711375, 31618.711366, 0.000000
1507, 6, 7.000349, 210020610, 1.000098, 31644, 31644, 31637, 0, 7909, 0, 0, 6, 0, 0, 0, 29511609, 31640.894672, 31633.895359, 0.000000
1507, 7, 8.000354, 210000974, 1.000005, 31712, 31712, 31731, 0, 7933, 0, 0, 0, 0, 0, 0, 29583814, 31711.852917, 31730.852829, 0.000000
