ThreadID, cIDX, Time, cycles, deltaT, RX, OnRX, TX, SupTX, OnTX, Idle, OnIdle, Blocked, CacheMiss, CacheHit, CacheWB, CPUIdle, RX/s, TX/s, Sup/s
11131, 0, 0, 0, 0, 0, 0, 0, 0, 0, 0, 0, 0, 0, 0, 0, 0, 0, 0, 0
11131, 0, 1.000044, 210009183, 1.000044, 26153, 26153, 26153, 0, 6822, 0, 0, 0, 0, 0, 0, 30921920, 26151.856417, 26151.856417, 0.000000
11131, 1, 2.000083, 210008331, 1.000040, 25992, 25992, 25994, 0, 6782, 0, 0, 8, 0, 0, 0, 30808327, 25990.968901, 25992.968822, 0.000000
11131, 2, 3.000311, 210047799, 1.000228, 25962, 25962, 25964, 0, 6773, 0, 0, 4, 0, 0, 0, 30949519, 25956.092023, 25958.091568, 0.000000
11131, 3, 4.000430, 210024984, 1.000119, 26012, 26012, 26011, 0, 6786, 0, 0, 4, 0, 0, 0, 30989132, 26008.905683, 26007.905802, 0.000000
11131, 4, 5.000460, 210006250, 1.000030, 26070, 26070, 26075, 0, 6803, 0, 0, 6, 0, 0, 0, 31206133, 26069.224130, 26074.223981, 0.000000
11131, 5, 6.000469, 210001880, 1.000009, 25935, 25935, 25925, 0, 6763, 0, 0, 0, 0, 0, 0, 31628036, 25934.767822, 25924.767912, 0.000000
11131, 6, 7.000616, 210030993, 1.000148, 26028, 26028, 26026, 0, 6788, 0, 0, 0, 0, 0, 0, 31648937, 26024.159206, 26022.159501, 0.000000
11131, 7, 8.000631, 210003104, 1.000015, 25997, 25997, 26005, 0, 6786, 0, 0, 0, 0, 0, 0, 31268220, 25996.615745, 26004.615627, 0.000000
