ThreadID, cIDX, Time, cycles, deltaT, RX, OnRX, TX, SupTX, OnTX, Idle, OnIdle, Blocked, CacheMiss, CacheHit, CacheWB, CPUIdle, RX/s, TX/s, Sup/s
501, 0, 0, 0, 0, 0, 0, 0, 0, 0, 0, 0, 0, 0, 0, 0, 0, 0, 0, 0
501, 0, 1.000012, 210002555, 1.000012, 31512, 31512, 31501, 0, 7876, 0, 0, 0, 0, 0, 0, 29133293, 31511.616609, 31500.616742, 0.000000
501, 1, 2.000015, 210000518, 1.000002, 31709, 31709, 31709, 0, 7927, 0, 0, 3, 0, 0, 0, 29180429, 31708.921785, 31708.921785, 0.000000
501, 2, 3.000024, 210001867, 1.000009, 31726, 31726, 31727, 0, 7932, 0, 0, 4, 0, 0, 0, 29340639, 31725.717943, 31726.717934, 0.000000
501, 3, 4.000030, 210001430, 1.000007, 31591, 31591, 31613, 0, 7903, 0, 0, 1, 0, 0, 0, 29231099, 31590.784882, 31612.784732, 0.000000
501, 4, 5.000263, 210048914, 1.000233, 31619, 31619, 31590, 0, 7897, 0, 0, 0, 0, 0, 0, 29720488, 31611.636897, 31582.643650, 0.000000
501, 5, 6.000444, 210038048, 1.000181, 31689, 31689, 31692, 0, 7923, 0, 0, 1, 0, 0, 0, 30050318, 31683.259597, 31686.259053, 0.000000
501, 6, 7.000448, 210000784, 1.000004, 31637, 31637, 31667, 0, 7917, 0, 0, 0, 0, 0, 0, 29962531, 31636.881889, 31666.881777, 0.000000
501, 7, 8.000453, 210001033, 1.000005, 31570, 31570, 31539, 0, 7885, 0, 0, 0, 0, 0, 0, 29889180, 31569.844706, 31538.844859, 0.000000
