ThreadID, cIDX, Time, cycles, deltaT, RX, OnRX, TX, SupTX, OnTX, Idle, OnIdle, Blocked, CacheMiss, CacheHit, CacheWB, CPUIdle, RX/s, TX/s, Sup/s
9133, 0, 0, 0, 0, 0, 0, 0, 0, 0, 0, 0, 0, 0, 0, 0, 0, 0, 0, 0
9133, 0, 1.000033, 210006951, 1.000033, 27227, 27227, 27228, 0, 6807, 0, 0, 0, 0, 0, 0, 28221682, 27226.098816, 27227.098783, 0.000000
9133, 1, 2.000087, 210011284, 1.000054, 27110, 27110, 27116, 0, 6779, 0, 0, 0, 0, 0, 0, 28120204, 27108.543368, 27114.543045, 0.000000
9133, 2, 3.000098, 210002275, 1.000011, 27093, 27093, 27086, 0, 6772, 0, 0, 2, 0, 0, 0, 28288591, 27092.706496, 27085.706572, 0.000000
9133, 3, 4.000173, 210015791, 1.000075, 27167, 27167, 27166, 0, 6791, 0, 0, 2, 0, 0, 0, 28200653, 27164.957325, 27163.957400, 0.000000
9133, 4, 5.000183, 210002032, 1.000010, 27144, 27144, 27148, 0, 6787, 0, 0, 0, 0, 0, 0, 28809845, 27143.737352, 27147.737313, 0.000000
9133, 5, 6.000184, 210000311, 1.000001, 27072, 27072, 27078, 0, 6770, 0, 0, 0, 0, 0, 0, 28888999, 27071.959908, 27077.959899, 0.000000
9133, 6, 7.000224, 210008311, 1.000040, 27087, 27087, 27078, 0, 6769, 0, 0, 0, 0, 0, 0, 28687410, 27085.928042, 27076.928398, 0.000000
9133, 7, 8.000274, 210010671, 1.000051, 27188, 27188, 27184, 0, 6796, 0, 0, 0, 0, 0, 0, 28761615, 27186.618531, 27182.618735, 0.000000
