ThreadID, cIDX, Time, cycles, deltaT, RX, OnRX, TX, SupTX, OnTX, Idle, OnIdle, Blocked, CacheMiss, CacheHit, CacheWB, CPUIdle, RX/s, TX/s, Sup/s
8372, 0, 0, 0, 0, 0, 0, 0, 0, 0, 0, 0, 0, 0, 0, 0, 0, 0, 0, 0
8372, 0, 1.000070, 210014793, 1.000070, 31569, 31569, 31556, 0, 7889, 0, 0, 1, 0, 0, 0, 27651196, 31566.776346, 31553.777262, 0.000000
8372, 1, 2.000144, 210015370, 1.000073, 31719, 31719, 31732, 0, 7933, 0, 0, 6, 0, 0, 0, 27407462, 31716.678641, 31729.677690, 0.000000
8372, 2, 3.000368, 210047126, 1.000224, 31718, 31718, 31717, 0, 7930, 0, 0, 11, 0, 0, 0, 27624979, 31710.883776, 31709.884000, 0.000000
8372, 3, 4.000379, 210002280, 1.000011, 31610, 31610, 31603, 0, 7900, 0, 0, 8, 0, 0, 0, 27505791, 31609.656809, 31602.656885, 0.000000
8372, 4, 5.000534, 210032617, 1.000155, 31598, 31598, 31616, 0, 7904, 0, 0, 0, 0, 0, 0, 27745709, 31593.092991, 31611.090196, 0.000000
8372, 5, 6.000944, 210086136, 1.000410, 31686, 31686, 31661, 0, 7916, 0, 0, 0, 0, 0, 0, 28141485, 31673.008637, 31648.018887, 0.000000
8372, 6, 7.001103, 210033234, 1.000158, 31559, 31559, 31559, 0, 7889, 0, 0, 1, 0, 0, 0, 28070054, 31554.006353, 31554.006353, 0.000000
8372, 7, 8.001397, 210061904, 1.000295, 31610, 31610, 31608, 0, 7902, 0, 0, 3, 0, 0, 0, 27577346, 31600.684720, 31598.685309, 0.000000
