ThreadID, cIDX, Time, cycles, deltaT, RX, OnRX, TX, SupTX, OnTX, Idle, OnIdle, Blocked, CacheMiss, CacheHit, CacheWB, CPUIdle, RX/s, TX/s, Sup/s
9034, 0, 0, 0, 0, 0, 0, 0, 0, 0, 0, 0, 0, 0, 0, 0, 0, 0, 0, 0
9034, 0, 1.000018, 210003751, 1.000018, 27177, 27177, 27176, 0, 6794, 0, 0, 0, 652822, 182297731, 267772, 28564411, 27176.514576, 27175.514594, 0.000000
9034, 1, 2.000058, 210008462, 1.000040, 27177, 27177, 27180, 0, 6795, 0, 0, 2, 569511, 182416342, 228381, 28437485, 27175.904940, 27178.904820, 0.000000
9034, 2, 3.000091, 210006861, 1.000033, 27107, 27107, 27100, 0, 6775, 0, 0, 1, 553469, 182330892, 218079, 28516374, 27106.114405, 27099.114633, 0.000000
9034, 3, 4.000094, 210000570, 1.000003, 27126, 27126, 27125, 0, 6782, 0, 0, 3, 543984, 182358165, 213676, 28526566, 27125.926372, 27124.926375, 0.000000
9034, 4, 5.000325, 210048664, 1.000232, 27100, 27100, 27103, 0, 6775, 0, 0, 5, 533550, 182100132, 209226, 29236666, 27093.721482, 27096.720787, 0.000000
9034, 5, 6.000403, 210016402, 1.000078, 27117, 27117, 27112, 0, 6778, 0, 0, 0, 517500, 182051600, 201245, 29167913, 27114.882199, 27109.882589, 0.000000
9034, 6, 7.000436, 210006865, 1.000033, 27029, 27029, 27044, 0, 6761, 0, 0, 0, 512915, 182118947, 197966, 29056554, 27028.116438, 27043.115948, 0.000000
9034, 7, 8.000438, 210000442, 1.000002, 27157, 27157, 27151, 0, 6788, 0, 0, 0, 513649, 182058103, 197362, 29222507, 27156.942841, 27150.942854, 0.000000
