ThreadID, cIDX, Time, cycles, deltaT, RX, OnRX, TX, SupTX, OnTX, Idle, OnIdle, Blocked, CacheMiss, CacheHit, CacheWB, CPUIdle, RX/s, TX/s, Sup/s
11257, 0, 0, 0, 0, 0, 0, 0, 0, 0, 0, 0, 0, 0, 0, 0, 0, 0, 0, 0
11257, 0, 1.000014, 210002908, 1.000014, 27136, 27136, 27132, 0, 6783, 0, 0, 0, 0, 0, 0, 30818623, 27135.624236, 27131.624292, 0.000000
11257, 1, 2.000040, 210005498, 1.000026, 27147, 27147, 27144, 0, 6786, 0, 0, 7, 0, 0, 0, 30739028, 27146.289284, 27143.289363, 0.000000
11257, 2, 3.000052, 210002465, 1.000012, 27107, 27107, 27112, 0, 6778, 0, 0, 8, 0, 0, 0, 30898263, 27106.681819, 27111.681760, 0.000000
11257, 3, 4.000054, 210000550, 1.000003, 27214, 27214, 27222, 0, 6806, 0, 0, 4, 0, 0, 0, 30972689, 27213.928725, 27221.928704, 0.000000
11257, 4, 5.000188, 210028129, 1.000134, 27134, 27134, 27126, 0, 6781, 0, 0, 7, 0, 0, 0, 31355417, 27130.365952, 27122.367024, 0.000000
11257, 5, 6.000366, 210037311, 1.000178, 27082, 27082, 27072, 0, 6768, 0, 0, 5, 0, 0, 0, 31654864, 27077.189157, 27067.190934, 0.000000
11257, 6, 7.000379, 210002699, 1.000013, 27039, 27039, 27048, 0, 6762, 0, 0, 1, 0, 0, 0, 31449306, 27038.652489, 27047.652373, 0.000000
11257, 7, 8.000391, 210002588, 1.000012, 27232, 27232, 27236, 0, 6809, 0, 0, 0, 0, 0, 0, 31208797, 27231.664402, 27235.664353, 0.000000
