ThreadID, cIDX, Time, cycles, deltaT, RX, OnRX, TX, SupTX, OnTX, Idle, OnIdle, Blocked, CacheMiss, CacheHit, CacheWB, CPUIdle, RX/s, TX/s, Sup/s
2124, 0, 0, 0, 0, 0, 0, 0, 0, 0, 0, 0, 0, 0, 0, 0, 0, 0, 0, 0
2124, 0, 1.000009, 210001959, 1.000009, 27249, 27249, 27256, 0, 6814, 0, 0, 2, 655913, 182104836, 267699, 29068251, 27248.745808, 27255.745743, 0.000000
2124, 1, 2.000020, 210002261, 1.000011, 27188, 27188, 27188, 0, 6797, 0, 0, 0, 564997, 182146557, 227137, 28939907, 27187.707279, 27187.707279, 0.000000
2124, 2, 3.000046, 210005488, 1.000026, 27120, 27120, 27116, 0, 6779, 0, 0, 8, 538730, 182003932, 212550, 29292821, 27119.291283, 27115.291387, 0.000000
2124, 3, 4.000303, 210054022, 1.000257, 27122, 27122, 27124, 0, 6781, 0, 0, 8, 522235, 181929533, 203860, 29545127, 27115.024724, 27117.024210, 0.000000
2124, 4, 5.000305, 210000300, 1.000001, 27122, 27122, 27115, 0, 6779, 0, 0, 7, 518040, 181881586, 200857, 29696478, 27121.961254, 27114.961264, 0.000000
2124, 5, 6.000359, 210011415, 1.000054, 27134, 27134, 27137, 0, 6784, 0, 0, 6, 506048, 181604326, 196967, 30125402, 27132.525153, 27135.524990, 0.000000
2124, 6, 7.000384, 210005231, 1.000025, 27088, 27088, 27084, 0, 6771, 0, 0, 2, 507091, 181733562, 196405, 29862103, 27087.325268, 27083.325367, 0.000000
2124, 7, 8.000385, 210000224, 1.000001, 27124, 27124, 27135, 0, 6784, 0, 0, 6, 502551, 181910613, 193228, 29577599, 27123.971068, 27134.971056, 0.000000
