ThreadID, cIDX, Time, cycles, deltaT, RX, OnRX, TX, SupTX, OnTX, Idle, OnIdle, Blocked, CacheMiss, CacheHit, CacheWB, CPUIdle, RX/s, TX/s, Sup/s
8823, 0, 0, 0, 0, 0, 0, 0, 0, 0, 0, 0, 0, 0, 0, 0, 0, 0, 0, 0
8823, 0, 1.000024, 210005061, 1.000024, 31564, 31564, 31560, 0, 7890, 0, 0, 0, 0, 0, 0, 30948229, 31563.239326, 31559.239422, 0.000000
8823, 1, 2.000166, 210029789, 1.000142, 31679, 31679, 31690, 0, 7923, 0, 0, 9, 0, 0, 0, 30654374, 31674.506896, 31685.505336, 0.000000
8823, 2, 3.000291, 210026324, 1.000125, 31715, 31715, 31694, 0, 7923, 0, 0, 3, 0, 0, 0, 30815509, 31711.024948, 31690.027580, 0.000000
8823, 3, 4.000303, 210002510, 1.000012, 31685, 31685, 31703, 0, 7926, 0, 0, 5, 0, 0, 0, 30840049, 31684.621293, 31702.621078, 0.000000
8823, 4, 5.000469, 210034716, 1.000165, 31606, 31606, 31589, 0, 7897, 0, 0, 0, 0, 0, 0, 31453111, 31600.775940, 31583.778750, 0.000000
8823, 5, 6.000527, 210012354, 1.000059, 31652, 31652, 31684, 0, 7921, 0, 0, 0, 0, 0, 0, 31603624, 31650.138068, 31682.136185, 0.000000
8823, 6, 7.000530, 210000459, 1.000002, 31616, 31616, 31595, 0, 7899, 0, 0, 0, 0, 0, 0, 31592556, 31615.930897, 31594.930943, 0.000000
8823, 7, 8.000682, 210031915, 1.000152, 31609, 31609, 31597, 0, 7899, 0, 0, 0, 0, 0, 0, 31439280, 31604.196915, 31592.198738, 0.000000
