ThreadID, cIDX, Time, cycles, deltaT, RX, OnRX, TX, SupTX, OnTX, Idle, OnIdle, Blocked, CacheMiss, CacheHit, CacheWB, CPUIdle, RX/s, TX/s, Sup/s
8982, 0, 0, 0, 0, 0, 0, 0, 0, 0, 0, 0, 0, 0, 0, 0, 0, 0, 0, 0
8982, 0, 1.000003, 210000731, 1.000003, 31535, 31535, 31529, 0, 7883, 0, 0, 0, 0, 0, 0, 29261500, 31534.890229, 31528.890249, 0.000000
8982, 1, 2.000187, 210038547, 1.000184, 31729, 31729, 31723, 0, 7930, 0, 0, 5, 0, 0, 0, 29166277, 31723.176984, 31717.178085, 0.000000
8982, 2, 3.000193, 210001155, 1.000006, 31714, 31714, 31726, 0, 7932, 0, 0, 7, 0, 0, 0, 29408022, 31713.825574, 31725.825508, 0.000000
8982, 3, 4.000205, 210002618, 1.000012, 31615, 31615, 31626, 0, 7906, 0, 0, 2, 0, 0, 0, 29249544, 31614.605871, 31625.605734, 0.000000
8982, 4, 5.000209, 210000798, 1.000004, 31616, 31616, 31617, 0, 7905, 0, 0, 0, 0, 0, 0, 29945523, 31615.879860, 31616.879856, 0.000000
8982, 5, 6.000317, 210022652, 1.000108, 31703, 31703, 31707, 0, 7926, 0, 0, 0, 0, 0, 0, 29903945, 31699.580672, 31703.580240, 0.000000
8982, 6, 7.000522, 210043215, 1.000206, 31606, 31606, 31572, 0, 7893, 0, 0, 0, 0, 0, 0, 29945388, 31599.497275, 31565.504270, 0.000000
8982, 7, 8.000530, 210001669, 1.000008, 31556, 31556, 31577, 0, 7895, 0, 0, 1, 0, 0, 0, 29903973, 31555.749207, 31576.749040, 0.000000
