ThreadID, cIDX, Time, cycles, deltaT, RX, OnRX, TX, SupTX, OnTX, Idle, OnIdle, Blocked, CacheMiss, CacheHit, CacheWB, CPUIdle, RX/s, TX/s, Sup/s
10762, 0, 0, 0, 0, 0, 0, 0, 0, 0, 0, 0, 0, 0, 0, 0, 0, 0, 0, 0
10762, 0, 1.000001, 210000278, 1.000001, 27244, 27244, 27244, 0, 6811, 0, 0, 0, 646173, 182119024, 270670, 31600228, 27243.963934, 27243.963934, 0.000000
10762, 1, 2.000003, 210000412, 1.000002, 27100, 27100, 27106, 0, 6777, 0, 0, 1, 557032, 182126805, 222676, 31662464, 27099.946832, 27105.946821, 0.000000
10762, 2, 3.000080, 210016069, 1.000077, 27155, 27155, 27146, 0, 6786, 0, 0, 1, 540713, 182091638, 215722, 31763984, 27152.922284, 27143.922973, 0.000000
10762, 3, 4.000109, 210006146, 1.000029, 27144, 27144, 27148, 0, 6787, 0, 0, 6, 529558, 182031699, 212262, 31932542, 27143.205609, 27147.205492, 0.000000
10762, 4, 5.000177, 210014172, 1.000067, 27166, 27166, 27168, 0, 6792, 0, 0, 2, 520398, 181902418, 206376, 32174865, 27164.166807, 27166.166672, 0.000000
10762, 5, 6.000217, 210008471, 1.000040, 27073, 27073, 27067, 0, 6767, 0, 0, 2, 517847, 181664171, 205719, 32640947, 27071.907971, 27065.908213, 0.000000
10762, 6, 7.000219, 210000382, 1.000002, 27143, 27143, 27153, 0, 6788, 0, 0, 1, 512633, 181751638, 202987, 32462455, 27142.950626, 27152.950607, 0.000000
10762, 7, 8.000220, 210000306, 1.000001, 27159, 27159, 27151, 0, 6788, 0, 0, 0, 513586, 181829007, 202908, 32312495, 27158.960426, 27150.960437, 0.000000
