ThreadID, cIDX, Time, cycles, deltaT, RX, OnRX, TX, SupTX, OnTX, Idle, OnIdle, Blocked, CacheMiss, CacheHit, CacheWB, CPUIdle, RX/s, TX/s, Sup/s
512, 0, 0, 0, 0, 0, 0, 0, 0, 0, 0, 0, 0, 0, 0, 0, 0, 0, 0, 0
512, 0, 1.000044, 210009195, 1.000044, 30556, 30556, 30549, 0, 7921, 0, 0, 0, 694220, 183272215, 288502, 29964493, 30554.662142, 30547.662449, 0.000000
512, 1, 2.000053, 210001963, 1.000009, 30492, 30492, 30497, 0, 7907, 0, 0, 3, 622739, 183339181, 256208, 29953298, 30491.714975, 30496.714928, 0.000000
512, 2, 3.000108, 210011429, 1.000054, 30558, 30558, 30550, 0, 7921, 0, 0, 0, 599794, 183307489, 246146, 30105196, 30556.337008, 30548.337443, 0.000000
512, 3, 4.000333, 210047355, 1.000225, 30602, 30602, 30600, 0, 7934, 0, 0, 0, 596311, 183373412, 243452, 30061726, 30595.100805, 30593.101256, 0.000000
512, 4, 5.000337, 210000816, 1.000004, 30538, 30538, 30548, 0, 7918, 0, 0, 0, 588976, 183012598, 241173, 30554186, 30537.881339, 30547.881300, 0.000000
512, 5, 6.000338, 210000320, 1.000002, 30485, 30485, 30491, 0, 7905, 0, 0, 0, 578296, 182927534, 234704, 30794866, 30484.953547, 30490.953538, 0.000000
512, 6, 7.000344, 210001220, 1.000006, 30544, 30544, 30529, 0, 7916, 0, 0, 0, 576219, 182981473, 233807, 30686142, 30543.822555, 30528.822642, 0.000000
512, 7, 8.000416, 210015035, 1.000072, 30595, 30595, 30608, 0, 7935, 0, 0, 0, 571800, 183011812, 231087, 30678754, 30592.809701, 30605.808770, 0.000000
