ThreadID, cIDX, Time, cycles, deltaT, RX, OnRX, TX, SupTX, OnTX, Idle, OnIdle, Blocked, CacheMiss, CacheHit, CacheWB, CPUIdle, RX/s, TX/s, Sup/s
1522, 0, 0, 0, 0, 0, 0, 0, 0, 0, 0, 0, 0, 0, 0, 0, 0, 0, 0, 0
1522, 0, 1.000001, 210000176, 1.000001, 31656, 31656, 31645, 0, 7912, 0, 0, 0, 0, 0, 0, 30852014, 31655.973469, 31644.973478, 0.000000
1522, 1, 2.000092, 210019144, 1.000091, 31684, 31684, 31684, 0, 7921, 0, 0, 6, 0, 0, 0, 30928292, 31681.111889, 31681.111889, 0.000000
1522, 2, 3.000226, 210028228, 1.000134, 31645, 31645, 31663, 0, 7915, 0, 0, 5, 0, 0, 0, 31024169, 31640.746881, 31658.744462, 0.000000
1522, 3, 4.000248, 210004595, 1.000022, 31724, 31724, 31724, 0, 7931, 0, 0, 0, 0, 0, 0, 31127779, 31723.305864, 31723.305864, 0.000000
1522, 4, 5.000250, 210000318, 1.000002, 31611, 31611, 31609, 0, 7903, 0, 0, 6, 0, 0, 0, 31328601, 31610.952132, 31608.952135, 0.000000
1522, 5, 6.000275, 210005240, 1.000025, 31624, 31624, 31611, 0, 7902, 0, 0, 2, 0, 0, 0, 31690423, 31623.210926, 31610.211250, 0.000000
1522, 6, 7.000345, 210014827, 1.000071, 31703, 31703, 31693, 0, 7924, 0, 0, 5, 0, 0, 0, 31388516, 31700.761775, 31690.762481, 0.000000
1522, 7, 8.000941, 210125171, 1.000596, 31685, 31685, 31695, 0, 7923, 0, 0, 2, 0, 0, 0, 31489947, 31666.125331, 31676.119374, 0.000000
