ThreadID, cIDX, Time, cycles, deltaT, RX, OnRX, TX, SupTX, OnTX, Idle, OnIdle, Blocked, CacheMiss, CacheHit, CacheWB, CPUIdle, RX/s, TX/s, Sup/s
11036, 0, 0, 0, 0, 0, 0, 0, 0, 0, 0, 0, 0, 0, 0, 0, 0, 0, 0, 0
11036, 0, 1.000007, 210001548, 1.000007, 27257, 27257, 27256, 0, 6814, 0, 0, 0, 0, 0, 0, 29720853, 27256.799078, 27255.799086, 0.000000
11036, 1, 2.000011, 210000832, 1.000004, 27105, 27105, 27109, 0, 6778, 0, 0, 4, 0, 0, 0, 29744462, 27104.892613, 27108.892597, 0.000000
11036, 2, 3.000036, 210005105, 1.000024, 27120, 27120, 27119, 0, 6779, 0, 0, 7, 0, 0, 0, 29933007, 27119.340742, 27118.340766, 0.000000
11036, 3, 4.000043, 210001446, 1.000007, 27175, 27175, 27171, 0, 6793, 0, 0, 4, 0, 0, 0, 30040701, 27174.812882, 27170.812910, 0.000000
11036, 4, 5.000061, 210003866, 1.000018, 27155, 27155, 27157, 0, 6789, 0, 0, 3, 0, 0, 0, 30405108, 27154.500099, 27156.500062, 0.000000
11036, 5, 6.000062, 210000248, 1.000001, 27110, 27110, 27108, 0, 6777, 0, 0, 4, 0, 0, 0, 30623058, 27109.967984, 27107.967987, 0.000000
11036, 6, 7.000075, 210002794, 1.000013, 27135, 27135, 27136, 0, 6784, 0, 0, 0, 0, 0, 0, 30359691, 27134.638980, 27135.638967, 0.000000
11036, 7, 8.000096, 210004274, 1.000020, 27182, 27182, 27186, 0, 6797, 0, 0, 0, 0, 0, 0, 30367471, 27181.446793, 27185.446711, 0.000000
