ThreadID, cIDX, Time, cycles, deltaT, RX, OnRX, TX, SupTX, OnTX, Idle, OnIdle, Blocked, CacheMiss, CacheHit, CacheWB, CPUIdle, RX/s, TX/s, Sup/s
11091, 0, 0, 0, 0, 0, 0, 0, 0, 0, 0, 0, 0, 0, 0, 0, 0, 0, 0, 0
11091, 0, 1.000023, 210004935, 1.000023, 31558, 31558, 31552, 0, 7888, 0, 0, 0, 0, 0, 0, 29137979, 31557.258404, 31551.258545, 0.000000
11091, 1, 2.000283, 210054483, 1.000259, 31655, 31655, 31661, 0, 7916, 0, 0, 8, 0, 0, 0, 29096291, 31646.789467, 31652.787910, 0.000000
11091, 2, 3.000311, 210005815, 1.000028, 31711, 31711, 31696, 0, 7924, 0, 0, 9, 0, 0, 0, 29177215, 31710.121932, 31695.122347, 0.000000
11091, 3, 4.000333, 210004655, 1.000022, 31690, 31690, 31696, 0, 7924, 0, 0, 7, 0, 0, 0, 29223946, 31689.297554, 31695.297421, 0.000000
11091, 4, 5.000336, 210000608, 1.000003, 31629, 31629, 31628, 0, 7907, 0, 0, 9, 0, 0, 0, 29577698, 31628.908427, 31627.908430, 0.000000
11091, 5, 6.000878, 210113811, 1.000542, 31606, 31606, 31599, 0, 7899, 0, 0, 3, 0, 0, 0, 29905674, 31588.880181, 31581.883972, 0.000000
11091, 6, 7.000904, 210005496, 1.000026, 31646, 31646, 31664, 0, 7916, 0, 0, 0, 0, 0, 0, 29804827, 31645.171801, 31663.171330, 0.000000
11091, 7, 8.000935, 210006479, 1.000031, 31588, 31588, 31600, 0, 7900, 0, 0, 0, 0, 0, 0, 29494743, 31587.025465, 31599.025095, 0.000000
