ThreadID, cIDX, Time, cycles, deltaT, RX, OnRX, TX, SupTX, OnTX, Idle, OnIdle, Blocked, CacheMiss, CacheHit, CacheWB, CPUIdle, RX/s, TX/s, Sup/s
2871, 0, 0, 0, 0, 0, 0, 0, 0, 0, 0, 0, 0, 0, 0, 0, 0, 0, 0, 0
2871, 0, 1.000005, 210000950, 1.000005, 31616, 31616, 31604, 0, 7901, 0, 0, 0, 0, 0, 0, 28157496, 31615.856976, 31603.857030, 0.000000
2871, 1, 2.000024, 210004113, 1.000020, 31686, 31686, 31680, 0, 7920, 0, 0, 6, 0, 0, 0, 28044757, 31685.379419, 31679.379537, 0.000000
2871, 2, 3.000063, 210008158, 1.000039, 31642, 31642, 31660, 0, 7915, 0, 0, 9, 0, 0, 0, 28141807, 31640.770831, 31658.770132, 0.000000
2871, 3, 4.000241, 210037393, 1.000178, 31694, 31694, 31708, 0, 7927, 0, 0, 0, 0, 0, 0, 28322837, 31688.357511, 31702.355018, 0.000000
2871, 4, 5.000250, 210001986, 1.000009, 31682, 31682, 31660, 0, 7915, 0, 0, 0, 0, 0, 0, 28688759, 31681.700382, 31659.700590, 0.000000
2871, 5, 6.000252, 210000271, 1.000001, 31553, 31553, 31555, 0, 7889, 0, 0, 8, 0, 0, 0, 29170540, 31552.959282, 31554.959279, 0.000000
2871, 6, 7.000258, 210001372, 1.000007, 31697, 31697, 31695, 0, 7924, 0, 0, 1, 0, 0, 0, 28859316, 31696.792914, 31694.792927, 0.000000
2871, 7, 8.000266, 210001642, 1.000008, 31608, 31608, 31599, 0, 7900, 0, 0, 0, 0, 0, 0, 28878089, 31607.752857, 31598.752928, 0.000000
