ThreadID, cIDX, Time, cycles, deltaT, RX, OnRX, TX, SupTX, OnTX, Idle, OnIdle, Blocked, CacheMiss, CacheHit, CacheWB, CPUIdle, RX/s, TX/s, Sup/s
9672, 0, 0, 0, 0, 0, 0, 0, 0, 0, 0, 0, 0, 0, 0, 0, 0, 0, 0, 0
9672, 0, 1.000019, 210003945, 1.000019, 27133, 27133, 27132, 0, 6783, 0, 0, 0, 648992, 182047916, 267813, 29165789, 27132.490297, 27131.490316, 0.000000
9672, 1, 2.000046, 210005701, 1.000027, 27183, 27183, 27188, 0, 6797, 0, 0, 11, 564306, 182131568, 227386, 29070558, 27182.262066, 27187.261931, 0.000000
9672, 2, 3.000110, 210013474, 1.000064, 27186, 27186, 27184, 0, 6796, 0, 0, 0, 548708, 182085821, 220320, 29134710, 27184.255806, 27182.255935, 0.000000
9672, 3, 4.000466, 210074802, 1.000356, 27058, 27058, 27046, 0, 6762, 0, 0, 3, 540332, 182038123, 216810, 29353279, 27048.365372, 27036.369645, 0.000000
9672, 4, 5.000482, 210003252, 1.000015, 27109, 27109, 27124, 0, 6781, 0, 0, 7, 530834, 181918246, 211561, 29505963, 27108.580204, 27123.579972, 0.000000
9672, 5, 6.000489, 210001418, 1.000007, 27172, 27172, 27170, 0, 6792, 0, 0, 7, 524330, 181723764, 208380, 29873975, 27171.816526, 27169.816539, 0.000000
9672, 6, 7.000517, 210005955, 1.000028, 27158, 27158, 27153, 0, 6789, 0, 0, 0, 520929, 181874863, 204243, 29717843, 27157.229899, 27152.230040, 0.000000
9672, 7, 8.000559, 210008924, 1.000042, 27055, 27055, 27059, 0, 6764, 0, 0, 0, 519670, 181942104, 205160, 29632706, 27053.850340, 27057.850170, 0.000000
