ThreadID, cIDX, Time, cycles, deltaT, RX, OnRX, TX, SupTX, OnTX, Idle, OnIdle, Blocked, CacheMiss, CacheHit, CacheWB, CPUIdle, RX/s, TX/s, Sup/s
2721, 0, 0, 0, 0, 0, 0, 0, 0, 0, 0, 0, 0, 0, 0, 0, 0, 0, 0, 0
2721, 0, 1.000001, 210000222, 1.000001, 31665, 31665, 31665, 0, 7917, 0, 0, 0, 0, 0, 0, 28255341, 31664.966526, 31664.966526, 0.000000
2721, 1, 2.000036, 210007425, 1.000035, 31701, 31701, 31707, 0, 7926, 0, 0, 3, 0, 0, 0, 28090168, 31699.879183, 31705.878971, 0.000000
2721, 2, 3.000433, 210083275, 1.000397, 31699, 31699, 31705, 0, 7927, 0, 0, 4, 0, 0, 0, 28183463, 31686.434820, 31692.432441, 0.000000
2721, 3, 4.000435, 210000527, 1.000003, 31572, 31572, 31559, 0, 7889, 0, 0, 3, 0, 0, 0, 28374761, 31571.920770, 31558.920802, 0.000000
2721, 4, 5.000896, 210096778, 1.000461, 31615, 31615, 31604, 0, 7901, 0, 0, 4, 0, 0, 0, 28845569, 31600.437014, 31589.442081, 0.000000
2721, 5, 6.000903, 210001329, 1.000006, 31708, 31708, 31702, 0, 7926, 0, 0, 0, 0, 0, 0, 29141949, 31707.799335, 31701.799373, 0.000000
2721, 6, 7.000910, 210001473, 1.000007, 31497, 31497, 31522, 0, 7880, 0, 0, 0, 0, 0, 0, 28958279, 31496.779073, 31521.778897, 0.000000
2721, 7, 8.000925, 210003160, 1.000015, 31598, 31598, 31604, 0, 7901, 0, 0, 0, 0, 0, 0, 28721869, 31597.524532, 31603.524442, 0.000000
