ThreadID, cIDX, Time, cycles, deltaT, RX, OnRX, TX, SupTX, OnTX, Idle, OnIdle, Blocked, CacheMiss, CacheHit, CacheWB, CPUIdle, RX/s, TX/s, Sup/s
169, 0, 0, 0, 0, 0, 0, 0, 0, 0, 0, 0, 0, 0, 0, 0, 0, 0, 0, 0
169, 0, 1.000005, 210000998, 1.000005, 27163, 27163, 27160, 0, 6790, 0, 0, 0, 0, 0, 0, 25858506, 27162.870912, 27159.870926, 0.000000
169, 1, 2.000008, 210000598, 1.000003, 27167, 27167, 27167, 0, 6792, 0, 0, 0, 0, 0, 0, 25867212, 27166.922639, 27166.922639, 0.000000
169, 2, 3.000028, 210004187, 1.000020, 27106, 27106, 27117, 0, 6779, 0, 0, 0, 0, 0, 0, 25952581, 27105.459569, 27116.459349, 0.000000
169, 3, 4.000218, 210039893, 1.000190, 27177, 27177, 27164, 0, 6791, 0, 0, 0, 0, 0, 0, 25850793, 27171.838256, 27158.840726, 0.000000
169, 4, 5.000219, 210000374, 1.000002, 27106, 27106, 27108, 0, 6777, 0, 0, 0, 0, 0, 0, 26197328, 27105.951726, 27107.951722, 0.000000
169, 5, 6.000280, 210012793, 1.000061, 27026, 27026, 27024, 0, 6756, 0, 0, 0, 0, 0, 0, 26392868, 27024.353702, 27022.353824, 0.000000
169, 6, 7.000392, 210023558, 1.000112, 27190, 27190, 27188, 0, 6797, 0, 0, 0, 0, 0, 0, 26371529, 27186.950142, 27184.950366, 0.000000
169, 7, 8.000496, 210021699, 1.000103, 27083, 27083, 27088, 0, 6772, 0, 0, 0, 0, 0, 0, 26089749, 27080.201841, 27085.201325, 0.000000
