ThreadID, cIDX, Time, cycles, deltaT, RX, OnRX, TX, SupTX, OnTX, Idle, OnIdle, Blocked, CacheMiss, CacheHit, CacheWB, CPUIdle, RX/s, TX/s, Sup/s
2317, 0, 0, 0, 0, 0, 0, 0, 0, 0, 0, 0, 0, 0, 0, 0, 0, 0, 0, 0
2317, 0, 1.000017, 210003471, 1.000017, 27239, 27239, 27248, 0, 6812, 0, 0, 0, 662365, 182162564, 271915, 31540367, 27238.549786, 27247.549637, 0.000000
2317, 1, 2.000743, 210152512, 1.000726, 27168, 27168, 27156, 0, 6789, 0, 0, 0, 569578, 182233754, 227878, 31570802, 27148.283624, 27136.292332, 0.000000
2317, 2, 3.000808, 210013732, 1.000065, 27138, 27138, 27144, 0, 6786, 0, 0, 3, 536803, 182026834, 211461, 31880652, 27136.225549, 27142.225157, 0.000000
2317, 3, 4.000832, 210005064, 1.000024, 27177, 27177, 27172, 0, 6793, 0, 0, 2, 527740, 181959781, 207506, 32064676, 27176.344662, 27171.344782, 0.000000
2317, 4, 5.000965, 210027779, 1.000132, 27116, 27116, 27116, 0, 6779, 0, 0, 1, 522506, 182011044, 203283, 32120617, 27112.413544, 27112.413544, 0.000000
2317, 5, 6.001095, 210027430, 1.000131, 27118, 27118, 27120, 0, 6780, 0, 0, 1, 512141, 181699448, 199098, 32614115, 27114.458335, 27116.458074, 0.000000
2317, 6, 7.001096, 210000223, 1.000001, 27097, 27097, 27097, 0, 6775, 0, 0, 1, 505039, 181755058, 196206, 32366801, 27096.971226, 27096.971226, 0.000000
2317, 7, 8.001134, 210007939, 1.000038, 27126, 27126, 27127, 0, 6781, 0, 0, 3, 506105, 181935141, 195886, 32148128, 27124.974547, 27125.974509, 0.000000
