ThreadID, cIDX, Time, cycles, deltaT, RX, OnRX, TX, SupTX, OnTX, Idle, OnIdle, Blocked, CacheMiss, CacheHit, CacheWB, CPUIdle, RX/s, TX/s, Sup/s
9980, 0, 0, 0, 0, 0, 0, 0, 0, 0, 0, 0, 0, 0, 0, 0, 0, 0, 0, 0
9980, 0, 1.000196, 210041197, 1.000196, 26109, 26109, 26113, 0, 6813, 0, 0, 0, 0, 0, 0, 30729340, 26103.879040, 26107.878256, 0.000000
9980, 1, 2.000434, 210050002, 1.000238, 26065, 26065, 26068, 0, 6800, 0, 0, 0, 0, 0, 0, 30787454, 26058.795277, 26061.794563, 0.000000
9980, 2, 3.000481, 210009901, 1.000047, 25985, 25985, 25975, 0, 6778, 0, 0, 4, 0, 0, 0, 30969860, 25983.774927, 25973.775398, 0.000000
9980, 3, 4.000486, 210000907, 1.000004, 25977, 25977, 25978, 0, 6775, 0, 0, 10, 0, 0, 0, 31031578, 25976.887805, 25977.887800, 0.000000
9980, 4, 5.000491, 210001118, 1.000005, 25940, 25940, 25943, 0, 6767, 0, 0, 4, 0, 0, 0, 31341236, 25939.861901, 25942.861885, 0.000000
9980, 5, 6.000519, 210005785, 1.000028, 26037, 26037, 26034, 0, 6792, 0, 0, 2, 0, 0, 0, 31703206, 26036.282762, 26033.282845, 0.000000
9980, 6, 7.000541, 210004754, 1.000023, 25891, 25891, 25893, 0, 6753, 0, 0, 0, 0, 0, 0, 31443874, 25890.413890, 25892.413845, 0.000000
9980, 7, 8.000616, 210015669, 1.000075, 25970, 25970, 25962, 0, 6773, 0, 0, 0, 0, 0, 0, 31357024, 25968.062412, 25960.063008, 0.000000
