ThreadID, cIDX, Time, cycles, deltaT, RX, OnRX, TX, SupTX, OnTX, Idle, OnIdle, Blocked, CacheMiss, CacheHit, CacheWB, CPUIdle, RX/s, TX/s, Sup/s
1377, 0, 0, 0, 0, 0, 0, 0, 0, 0, 0, 0, 0, 0, 0, 0, 0, 0, 0, 0
1377, 0, 1.000002, 210000430, 1.000002, 31711, 31711, 31706, 0, 7927, 0, 0, 0, 0, 0, 0, 28979638, 31710.935068, 31705.935078, 0.000000
1377, 1, 2.000019, 210003567, 1.000017, 31645, 31645, 31642, 0, 7910, 0, 0, 6, 0, 0, 0, 29132825, 31644.462496, 31641.462547, 0.000000
1377, 2, 3.000057, 210007900, 1.000038, 31614, 31614, 31632, 0, 7908, 0, 0, 5, 0, 0, 0, 29108657, 31612.810756, 31630.810079, 0.000000
1377, 3, 4.000165, 210022851, 1.000109, 31770, 31770, 31756, 0, 7939, 0, 0, 0, 0, 0, 0, 29084360, 31766.543346, 31752.544870, 0.000000
1377, 4, 5.000234, 210014295, 1.000068, 31628, 31628, 31620, 0, 7905, 0, 0, 3, 0, 0, 0, 29396778, 31625.847183, 31617.847728, 0.000000
1377, 5, 6.000259, 210005373, 1.000026, 31586, 31586, 31593, 0, 7899, 0, 0, 4, 0, 0, 0, 29674982, 31585.191870, 31592.191691, 0.000000
1377, 6, 7.000321, 210013040, 1.000062, 31705, 31705, 31699, 0, 7924, 0, 0, 2, 0, 0, 0, 29571089, 31703.031393, 31697.031765, 0.000000
1377, 7, 8.000353, 210006586, 1.000031, 31675, 31675, 31684, 0, 7921, 0, 0, 1, 0, 0, 0, 29323029, 31674.006643, 31683.006361, 0.000000
