ThreadID, cIDX, Time, cycles, deltaT, RX, OnRX, TX, SupTX, OnTX, Idle, OnIdle, Blocked, CacheMiss, CacheHit, CacheWB, CPUIdle, RX/s, TX/s, Sup/s
9627, 0, 0, 0, 0, 0, 0, 0, 0, 0, 0, 0, 0, 0, 0, 0, 0, 0, 0, 0
9627, 0, 1.000315, 210066234, 1.000315, 27212, 27212, 27220, 0, 6805, 0, 0, 0, 0, 0, 0, 29833095, 27203.420041, 27211.417519, 0.000000
9627, 1, 2.000544, 210048096, 1.000229, 27167, 27167, 27151, 0, 6788, 0, 0, 4, 0, 0, 0, 29763123, 27160.779405, 27144.783069, 0.000000
9627, 2, 3.000613, 210014371, 1.000068, 27145, 27145, 27155, 0, 6789, 0, 0, 10, 0, 0, 0, 29845120, 27143.142504, 27153.141820, 0.000000
9627, 3, 4.000673, 210012623, 1.000060, 27058, 27058, 27058, 0, 6764, 0, 0, 3, 0, 0, 0, 29982694, 27056.373654, 27056.373654, 0.000000
9627, 4, 5.000709, 210007563, 1.000036, 27079, 27079, 27076, 0, 6769, 0, 0, 4, 0, 0, 0, 30247200, 27078.024804, 27075.024912, 0.000000
9627, 5, 6.000786, 210016208, 1.000077, 27170, 27170, 27168, 0, 6792, 0, 0, 0, 0, 0, 0, 30609907, 27167.903155, 27165.903310, 0.000000
9627, 6, 7.000787, 210000253, 1.000001, 27013, 27013, 27010, 0, 6753, 0, 0, 0, 0, 0, 0, 30345189, 27012.967456, 27009.967459, 0.000000
9627, 7, 8.000820, 210006759, 1.000032, 27117, 27117, 27124, 0, 6781, 0, 0, 0, 0, 0, 0, 30414205, 27116.127248, 27123.127023, 0.000000
