ThreadID, cIDX, Time, cycles, deltaT, RX, OnRX, TX, SupTX, OnTX, Idle, OnIdle, Blocked, CacheMiss, CacheHit, CacheWB, CPUIdle, RX/s, TX/s, Sup/s
10446, 0, 0, 0, 0, 0, 0, 0, 0, 0, 0, 0, 0, 0, 0, 0, 0, 0, 0, 0
10446, 0, 1.000565, 210118626, 1.000565, 27259, 27259, 27264, 0, 6816, 0, 0, 1, 667925, 182142774, 277298, 29086185, 27243.610474, 27248.607651, 0.000000
10446, 1, 2.000893, 210068911, 1.000328, 27207, 27207, 27201, 0, 6801, 0, 0, 9, 570073, 182090121, 233230, 29244718, 27198.075016, 27192.076985, 0.000000
10446, 2, 3.000899, 210001267, 1.000006, 27113, 27113, 27113, 0, 6778, 0, 0, 6, 553546, 182073022, 227837, 29066757, 27112.836419, 27112.836419, 0.000000
10446, 3, 4.001080, 210037992, 1.000181, 27069, 27069, 27057, 0, 6764, 0, 0, 4, 535151, 182032424, 218141, 29312333, 27064.103717, 27052.105888, 0.000000
10446, 4, 5.001086, 210001305, 1.000006, 27116, 27116, 27137, 0, 6784, 0, 0, 3, 518739, 181963691, 209921, 29408138, 27115.831494, 27136.831364, 0.000000
10446, 5, 6.001091, 210000932, 1.000004, 27157, 27157, 27156, 0, 6789, 0, 0, 0, 503920, 181646434, 204018, 29949178, 27156.879475, 27155.879480, 0.000000
10446, 6, 7.001106, 210003249, 1.000015, 26983, 26983, 26972, 0, 6743, 0, 0, 0, 503463, 181690380, 202766, 29979789, 26982.582541, 26971.582711, 0.000000
10446, 7, 8.001115, 210001881, 1.000009, 27111, 27111, 27116, 0, 6779, 0, 0, 0, 500158, 181849717, 200598, 29696297, 27110.757165, 27115.757120, 0.000000
