ThreadID, cIDX, Time, cycles, deltaT, RX, OnRX, TX, SupTX, OnTX, Idle, OnIdle, Blocked, CacheMiss, CacheHit, CacheWB, CPUIdle, RX/s, TX/s, Sup/s
2992, 0, 0, 0, 0, 0, 0, 0, 0, 0, 0, 0, 0, 0, 0, 0, 0, 0, 0, 0
2992, 0, 1.000027, 210005767, 1.000027, 30509, 30509, 30513, 0, 7910, 0, 0, 0, 0, 0, 0, 28304156, 30508.162188, 30512.162078, 0.000000
2992, 1, 2.000156, 210026895, 1.000128, 30576, 30576, 30580, 0, 7929, 0, 0, 9, 0, 0, 0, 28096862, 30572.084589, 30576.084077, 0.000000
2992, 2, 3.000286, 210027383, 1.000130, 30560, 30560, 30558, 0, 7924, 0, 0, 8, 0, 0, 0, 28216420, 30556.015641, 30554.015902, 0.000000
2992, 3, 4.000343, 210011954, 1.000057, 30562, 30562, 30558, 0, 7921, 0, 0, 11, 0, 0, 0, 28350885, 30560.260394, 30556.260621, 0.000000
2992, 4, 5.000358, 210003095, 1.000015, 30555, 30555, 30560, 0, 7924, 0, 0, 9, 0, 0, 0, 28678938, 30554.549684, 30559.549610, 0.000000
2992, 5, 6.000412, 210011497, 1.000055, 30459, 30459, 30448, 0, 7893, 0, 0, 2, 0, 0, 0, 29068197, 30457.332534, 30446.333136, 0.000000
2992, 6, 7.000419, 210001477, 1.000007, 30500, 30500, 30512, 0, 7911, 0, 0, 0, 0, 0, 0, 28992780, 30499.785485, 30511.785400, 0.000000
2992, 7, 8.000437, 210003787, 1.000018, 30495, 30495, 30492, 0, 7906, 0, 0, 0, 0, 0, 0, 28687718, 30494.450083, 30491.450138, 0.000000
