ThreadID, cIDX, Time, cycles, deltaT, RX, OnRX, TX, SupTX, OnTX, Idle, OnIdle, Blocked, CacheMiss, CacheHit, CacheWB, CPUIdle, RX/s, TX/s, Sup/s
9937, 0, 0, 0, 0, 0, 0, 0, 0, 0, 0, 0, 0, 0, 0, 0, 0, 0, 0, 0
9937, 0, 1.000002, 210000524, 1.000002, 31670, 31670, 31676, 0, 7919, 0, 0, 0, 0, 0, 0, 28977194, 31669.920976, 31675.920961, 0.000000
9937, 1, 2.000005, 210000480, 1.000002, 31639, 31639, 31634, 0, 7909, 0, 0, 8, 0, 0, 0, 29030929, 31638.927682, 31633.927694, 0.000000
9937, 2, 3.000170, 210034678, 1.000165, 31641, 31641, 31630, 0, 7907, 0, 0, 7, 0, 0, 0, 29167245, 31635.775879, 31624.777695, 0.000000
9937, 3, 4.000199, 210006049, 1.000029, 31706, 31706, 31712, 0, 7928, 0, 0, 8, 0, 0, 0, 29258360, 31705.086743, 31711.086570, 0.000000
9937, 4, 5.000311, 210023607, 1.000112, 31696, 31696, 31688, 0, 7922, 0, 0, 10, 0, 0, 0, 29600044, 31692.437317, 31684.438217, 0.000000
9937, 5, 6.000434, 210025883, 1.000123, 31583, 31583, 31592, 0, 7898, 0, 0, 9, 0, 0, 0, 29924367, 31579.107800, 31588.106691, 0.000000
9937, 6, 7.000437, 210000644, 1.000003, 31599, 31599, 31608, 0, 7902, 0, 0, 1, 0, 0, 0, 29727731, 31598.903097, 31607.903069, 0.000000
9937, 7, 8.000443, 210001127, 1.000005, 31735, 31735, 31740, 0, 7935, 0, 0, 0, 0, 0, 0, 29481057, 31734.829690, 31739.829663, 0.000000
