ThreadID, cIDX, Time, cycles, deltaT, RX, OnRX, TX, SupTX, OnTX, Idle, OnIdle, Blocked, CacheMiss, CacheHit, CacheWB, CPUIdle, RX/s, TX/s, Sup/s
122, 0, 0, 0, 0, 0, 0, 0, 0, 0, 0, 0, 0, 0, 0, 0, 0, 0, 0, 0
122, 0, 1.000019, 210004022, 1.000019, 27196, 27196, 27189, 0, 6798, 0, 0, 0, 0, 0, 0, 28473620, 27195.479142, 27188.479276, 0.000000
122, 1, 2.000064, 210009323, 1.000044, 27125, 27125, 27127, 0, 6781, 0, 0, 2, 0, 0, 0, 28527832, 27123.795833, 27125.795744, 0.000000
122, 2, 3.000066, 210000583, 1.000003, 27125, 27125, 27130, 0, 6783, 0, 0, 2, 0, 0, 0, 28798314, 27124.924696, 27129.924682, 0.000000
122, 3, 4.000137, 210014759, 1.000070, 27179, 27179, 27178, 0, 6794, 0, 0, 3, 0, 0, 0, 28670168, 27177.089968, 27176.090039, 0.000000
122, 4, 5.000242, 210022068, 1.000105, 27140, 27140, 27140, 0, 6785, 0, 0, 0, 0, 0, 0, 28931004, 27137.148273, 27137.148273, 0.000000
122, 5, 6.000280, 210008017, 1.000038, 27050, 27050, 27052, 0, 6763, 0, 0, 0, 0, 0, 0, 29190523, 27048.967373, 27050.967297, 0.000000
122, 6, 7.000293, 210002708, 1.000013, 27064, 27064, 27064, 0, 6766, 0, 0, 1, 0, 0, 0, 29060000, 27063.651008, 27063.651008, 0.000000
122, 7, 8.000425, 210027757, 1.000132, 27181, 27181, 27173, 0, 6794, 0, 0, 0, 0, 0, 0, 28832586, 27177.407794, 27169.408851, 0.000000
