ThreadID, cIDX, Time, cycles, deltaT, RX, OnRX, TX, SupTX, OnTX, Idle, OnIdle, Blocked, CacheMiss, CacheHit, CacheWB, CPUIdle, RX/s, TX/s, Sup/s
30, 0, 0, 0, 0, 0, 0, 0, 0, 0, 0, 0, 0, 0, 0, 0, 0, 0, 0, 0
30, 0, 1.000004, 210000831, 1.000004, 27234, 27234, 27234, 0, 6809, 0, 0, 0, 0, 0, 0, 27588600, 27233.892232, 27233.892232, 0.000000
30, 1, 2.000049, 210009444, 1.000045, 27096, 27096, 27098, 0, 6774, 0, 0, 2, 0, 0, 0, 27519772, 27094.781509, 27096.781419, 0.000000
30, 2, 3.000063, 210003015, 1.000014, 27125, 27125, 27120, 0, 6780, 0, 0, 2, 0, 0, 0, 27672226, 27124.610568, 27119.610640, 0.000000
30, 3, 4.000173, 210023130, 1.000110, 27189, 27189, 27192, 0, 6798, 0, 0, 3, 0, 0, 0, 27784556, 27186.005656, 27189.005325, 0.000000
30, 4, 5.000176, 210000644, 1.000003, 27157, 27157, 27155, 0, 6789, 0, 0, 0, 0, 0, 0, 28066865, 27156.916719, 27154.916725, 0.000000
30, 5, 6.000257, 210016829, 1.000080, 27112, 27112, 27117, 0, 6779, 0, 0, 0, 0, 0, 0, 28384780, 27109.827470, 27114.827069, 0.000000
30, 6, 7.000283, 210005591, 1.000027, 27141, 27141, 27133, 0, 6784, 0, 0, 0, 0, 0, 0, 28106673, 27140.277422, 27132.277635, 0.000000
30, 7, 8.000291, 210001647, 1.000008, 27189, 27189, 27196, 0, 6799, 0, 0, 1, 0, 0, 0, 27784724, 27188.786762, 27195.786707, 0.000000
