ThreadID, cIDX, Time, cycles, deltaT, RX, OnRX, TX, SupTX, OnTX, Idle, OnIdle, Blocked, CacheMiss, CacheHit, CacheWB, CPUIdle, RX/s, TX/s, Sup/s
1113, 0, 0, 0, 0, 0, 0, 0, 0, 0, 0, 0, 0, 0, 0, 0, 0, 0, 0, 0
1113, 0, 1.000286, 210060050, 1.000286, 27098, 27098, 27104, 0, 6776, 0, 0, 1, 0, 0, 0, 29180160, 27090.253478, 27096.251762, 0.000000
1113, 1, 2.000357, 210014970, 1.000071, 27175, 27175, 27161, 0, 6791, 0, 0, 10, 0, 0, 0, 29221527, 27173.062949, 27159.063947, 0.000000
1113, 2, 3.000362, 210000906, 1.000004, 27141, 27141, 27148, 0, 6787, 0, 0, 6, 0, 0, 0, 29334988, 27140.882906, 27147.882876, 0.000000
1113, 3, 4.000380, 210003792, 1.000018, 27153, 27153, 27151, 0, 6787, 0, 0, 1, 0, 0, 0, 29110693, 27152.509703, 27150.509739, 0.000000
1113, 4, 5.000392, 210002658, 1.000013, 27114, 27114, 27113, 0, 6779, 0, 0, 2, 0, 0, 0, 29605899, 27113.656819, 27112.656831, 0.000000
1113, 5, 6.000432, 210008375, 1.000040, 27097, 27097, 27107, 0, 6776, 0, 0, 4, 0, 0, 0, 29679463, 27095.919389, 27105.918990, 0.000000
1113, 6, 7.000452, 210004262, 1.000020, 27090, 27090, 27088, 0, 6772, 0, 0, 0, 0, 0, 0, 29695180, 27089.450213, 27087.450254, 0.000000
1113, 7, 8.000454, 210000235, 1.000001, 27110, 27110, 27108, 0, 6777, 0, 0, 0, 0, 0, 0, 29737544, 27109.969663, 27107.969665, 0.000000
