ThreadID, cIDX, Time, cycles, deltaT, RX, OnRX, TX, SupTX, OnTX, Idle, OnIdle, Blocked, CacheMiss, CacheHit, CacheWB, CPUIdle, RX/s, TX/s, Sup/s
10891, 0, 0, 0, 0, 0, 0, 0, 0, 0, 0, 0, 0, 0, 0, 0, 0, 0, 0, 0
10891, 0, 1.000003, 210000545, 1.000003, 27208, 27208, 27208, 0, 6802, 0, 0, 0, 656124, 182117575, 271267, 31656536, 27207.929389, 27207.929389, 0.000000
10891, 1, 2.000009, 210001427, 1.000007, 27163, 27163, 27162, 0, 6791, 0, 0, 4, 576457, 182099825, 232671, 31697218, 27162.815422, 27161.815429, 0.000000
10891, 2, 3.000089, 210016737, 1.000080, 27108, 27108, 27110, 0, 6777, 0, 0, 6, 565096, 182073434, 227742, 31785846, 27105.839665, 27107.839505, 0.000000
10891, 3, 4.000124, 210007430, 1.000035, 27140, 27140, 27140, 0, 6785, 0, 0, 5, 562127, 182084747, 228307, 31793574, 27139.039795, 27139.039795, 0.000000
10891, 4, 5.000237, 210023713, 1.000113, 27191, 27191, 27188, 0, 6797, 0, 0, 4, 548963, 181887209, 220592, 32124189, 27187.929965, 27184.930304, 0.000000
10891, 5, 6.000248, 210002180, 1.000010, 27074, 27074, 27080, 0, 6770, 0, 0, 3, 538847, 181632906, 215173, 32643493, 27073.718949, 27079.718887, 0.000000
10891, 6, 7.000249, 210000162, 1.000001, 27130, 27130, 27124, 0, 6781, 0, 0, 1, 534187, 181766632, 214089, 32443896, 27129.979071, 27123.979076, 0.000000
10891, 7, 8.000291, 210008885, 1.000042, 27187, 27187, 27188, 0, 6797, 0, 0, 0, 526742, 181853626, 209666, 32259534, 27185.849780, 27186.849737, 0.000000
