ThreadID, cIDX, Time, cycles, deltaT, RX, OnRX, TX, SupTX, OnTX, Idle, OnIdle, Blocked, CacheMiss, CacheHit, CacheWB, CPUIdle, RX/s, TX/s, Sup/s
10700, 0, 0, 0, 0, 0, 0, 0, 0, 0, 0, 0, 0, 0, 0, 0, 0, 0, 0, 0
10700, 0, 1.000041, 210008602, 1.000041, 27211, 27211, 27216, 0, 6804, 0, 0, 0, 662788, 182124233, 272092, 29019137, 27209.885431, 27214.885226, 0.000000
10700, 1, 2.000826, 210164839, 1.000785, 27190, 27190, 27192, 0, 6798, 0, 0, 4, 565957, 182141275, 227498, 29251591, 27168.674014, 27170.672445, 0.000000
10700, 2, 3.000835, 210001940, 1.000009, 27155, 27155, 27146, 0, 6787, 0, 0, 4, 544243, 182056405, 216568, 29248454, 27154.749142, 27145.749225, 0.000000
10700, 3, 4.000847, 210002524, 1.000012, 27096, 27096, 27099, 0, 6775, 0, 0, 7, 528964, 181982470, 209785, 29419835, 27095.674336, 27098.674300, 0.000000
10700, 4, 5.000850, 210000684, 1.000003, 27134, 27134, 27138, 0, 6784, 0, 0, 4, 517460, 181921802, 202957, 29566670, 27133.911621, 27137.911608, 0.000000
10700, 5, 6.000946, 210019979, 1.000095, 27175, 27175, 27169, 0, 6792, 0, 0, 1, 508547, 181613898, 198149, 30154961, 27172.414868, 27166.415439, 0.000000
10700, 6, 7.001064, 210024881, 1.000118, 27160, 27160, 27164, 0, 6791, 0, 0, 0, 507568, 181752384, 199071, 29915790, 27156.782439, 27160.781965, 0.000000
10700, 7, 8.001074, 210002083, 1.000010, 27093, 27093, 27096, 0, 6774, 0, 0, 0, 505685, 181858030, 197645, 29739198, 27092.731266, 27095.731236, 0.000000
