ThreadID, cIDX, Time, cycles, deltaT, RX, OnRX, TX, SupTX, OnTX, Idle, OnIdle, Blocked, CacheMiss, CacheHit, CacheWB, CPUIdle, RX/s, TX/s, Sup/s
2464, 0, 0, 0, 0, 0, 0, 0, 0, 0, 0, 0, 0, 0, 0, 0, 0, 0, 0, 0
2464, 0, 1.000012, 210002474, 1.000012, 30578, 30578, 30570, 0, 7927, 0, 0, 1, 0, 0, 0, 28215048, 30577.639766, 30569.639861, 0.000000
2464, 1, 2.000016, 210000816, 1.000004, 30568, 30568, 30563, 0, 7922, 0, 0, 4, 0, 0, 0, 28037944, 30567.881222, 30562.881241, 0.000000
2464, 2, 3.000018, 210000396, 1.000002, 30561, 30561, 30570, 0, 7928, 0, 0, 4, 0, 0, 0, 28302536, 30560.942371, 30569.942354, 0.000000
2464, 3, 4.000044, 210005489, 1.000026, 30432, 30432, 30437, 0, 7891, 0, 0, 6, 0, 0, 0, 28366534, 30431.204586, 30436.204456, 0.000000
2464, 4, 5.000077, 210006999, 1.000033, 30477, 30477, 30471, 0, 7897, 0, 0, 2, 0, 0, 0, 28692377, 30475.984279, 30469.984479, 0.000000
2464, 5, 6.000214, 210028778, 1.000137, 30567, 30567, 30567, 0, 7925, 0, 0, 4, 0, 0, 0, 29070113, 30562.811730, 30562.811730, 0.000000
2464, 6, 7.000355, 210029671, 1.000141, 30367, 30367, 30362, 0, 7874, 0, 0, 6, 0, 0, 0, 29064809, 30362.710038, 30357.710745, 0.000000
2464, 7, 8.000371, 210003365, 1.000016, 30484, 30484, 30500, 0, 7906, 0, 0, 3, 0, 0, 0, 28800764, 30483.511538, 30499.511282, 0.000000
