ThreadID, cIDX, Time, cycles, deltaT, RX, OnRX, TX, SupTX, OnTX, Idle, OnIdle, Blocked, CacheMiss, CacheHit, CacheWB, CPUIdle, RX/s, TX/s, Sup/s
10224, 0, 0, 0, 0, 0, 0, 0, 0, 0, 0, 0, 0, 0, 0, 0, 0, 0, 0, 0
10224, 0, 1.000163, 210034163, 1.000163, 31668, 31668, 31680, 0, 7920, 0, 0, 0, 0, 0, 0, 30939944, 31662.849058, 31674.847106, 0.000000
10224, 1, 2.000165, 210000466, 1.000002, 31683, 31683, 31658, 0, 7915, 0, 0, 1, 0, 0, 0, 30946959, 31682.929694, 31657.929750, 0.000000
10224, 2, 3.000168, 210000652, 1.000003, 31700, 31700, 31718, 0, 7929, 0, 0, 7, 0, 0, 0, 31154193, 31699.901579, 31717.901523, 0.000000
10224, 3, 4.000220, 210010901, 1.000052, 31688, 31688, 31688, 0, 7922, 0, 0, 5, 0, 0, 0, 31265168, 31686.355176, 31686.355176, 0.000000
10224, 4, 5.000254, 210007160, 1.000034, 31611, 31611, 31616, 0, 7904, 0, 0, 4, 0, 0, 0, 31465421, 31609.922252, 31614.922082, 0.000000
10224, 5, 6.000437, 210038335, 1.000183, 31574, 31574, 31552, 0, 7888, 0, 0, 0, 0, 0, 0, 31851368, 31568.237293, 31546.241309, 0.000000
10224, 6, 7.000515, 210016493, 1.000079, 31705, 31705, 31704, 0, 7926, 0, 0, 2, 0, 0, 0, 31694005, 31702.510145, 31701.510224, 0.000000
10224, 7, 8.000575, 210012561, 1.000060, 31565, 31565, 31564, 0, 7891, 0, 0, 0, 0, 0, 0, 31356083, 31563.112075, 31562.112135, 0.000000
