ThreadID, cIDX, Time, cycles, deltaT, RX, OnRX, TX, SupTX, OnTX, Idle, OnIdle, Blocked, CacheMiss, CacheHit, CacheWB, CPUIdle, RX/s, TX/s, Sup/s
9662, 0, 0, 0, 0, 0, 0, 0, 0, 0, 0, 0, 0, 0, 0, 0, 0, 0, 0, 0
9662, 0, 1.000026, 210005401, 1.000026, 27235, 27235, 27236, 0, 6809, 0, 0, 1, 0, 0, 0, 28413012, 27234.299560, 27235.299534, 0.000000
9662, 1, 2.000057, 210006669, 1.000032, 27138, 27138, 27137, 0, 6785, 0, 0, 3, 0, 0, 0, 28177810, 27137.138202, 27136.138234, 0.000000
9662, 2, 3.000070, 210002645, 1.000013, 27161, 27161, 27167, 0, 6791, 0, 0, 9, 0, 0, 0, 28224936, 27160.657905, 27166.657829, 0.000000
9662, 3, 4.000081, 210002297, 1.000011, 27181, 27181, 27176, 0, 6794, 0, 0, 3, 0, 0, 0, 28421368, 27180.702695, 27175.702750, 0.000000
9662, 4, 5.000131, 210010555, 1.000050, 27085, 27085, 27084, 0, 6771, 0, 0, 7, 0, 0, 0, 28672014, 27083.638725, 27082.638775, 0.000000
9662, 5, 6.000149, 210003774, 1.000018, 27034, 27034, 27040, 0, 6760, 0, 0, 3, 0, 0, 0, 29048288, 27033.514169, 27039.514061, 0.000000
9662, 6, 7.000183, 210007160, 1.000034, 27160, 27160, 27152, 0, 6788, 0, 0, 4, 0, 0, 0, 28843650, 27159.074005, 27151.074278, 0.000000
9662, 7, 8.000190, 210001399, 1.000007, 27056, 27056, 27055, 0, 6764, 0, 0, 0, 0, 0, 0, 28830396, 27055.819757, 27054.819763, 0.000000
