ThreadID, cIDX, Time, cycles, deltaT, RX, OnRX, TX, SupTX, OnTX, Idle, OnIdle, Blocked, CacheMiss, CacheHit, CacheWB, CPUIdle, RX/s, TX/s, Sup/s
849, 0, 0, 0, 0, 0, 0, 0, 0, 0, 0, 0, 0, 0, 0, 0, 0, 0, 0, 0
849, 0, 1.000002, 210000513, 1.000002, 31615, 31615, 31612, 0, 7903, 0, 0, 0, 0, 0, 0, 26630323, 31614.922769, 31611.922777, 0.000000
849, 1, 2.000173, 210035835, 1.000171, 31655, 31655, 31664, 0, 7916, 0, 0, 0, 0, 0, 0, 26708088, 31649.599222, 31658.597686, 0.000000
849, 2, 3.000184, 210002395, 1.000011, 31653, 31653, 31649, 0, 7913, 0, 0, 0, 0, 0, 0, 26927534, 31652.639009, 31648.639055, 0.000000
849, 3, 4.000235, 210010536, 1.000050, 31762, 31762, 31779, 0, 7944, 0, 0, 1, 0, 0, 0, 26822939, 31760.406535, 31777.405682, 0.000000
849, 4, 5.000240, 210001124, 1.000005, 31638, 31638, 31630, 0, 7908, 0, 0, 0, 0, 0, 0, 27277688, 31637.830662, 31629.830705, 0.000000
849, 5, 6.000564, 210067965, 1.000324, 31636, 31636, 31610, 0, 7902, 0, 0, 0, 0, 0, 0, 27535785, 31625.764547, 31599.772959, 0.000000
849, 6, 7.000567, 210000692, 1.000003, 31658, 31658, 31665, 0, 7917, 0, 0, 0, 0, 0, 0, 27507992, 31657.895680, 31664.895657, 0.000000
849, 7, 8.000893, 210068441, 1.000326, 31750, 31750, 31743, 0, 7935, 0, 0, 1, 0, 0, 0, 27290901, 31739.655744, 31732.658025, 0.000000
