ThreadID, cIDX, Time, cycles, deltaT, RX, OnRX, TX, SupTX, OnTX, Idle, OnIdle, Blocked, CacheMiss, CacheHit, CacheWB, CPUIdle, RX/s, TX/s, Sup/s
2835, 0, 0, 0, 0, 0, 0, 0, 0, 0, 0, 0, 0, 0, 0, 0, 0, 0, 0, 0
2835, 0, 1.000030, 210006234, 1.000030, 31582, 31582, 31584, 0, 7896, 0, 0, 0, 0, 0, 0, 29778951, 31581.062494, 31583.062434, 0.000000
2835, 1, 2.000195, 210034675, 1.000165, 31667, 31667, 31672, 0, 7918, 0, 0, 0, 0, 0, 0, 29693952, 31661.772038, 31666.771213, 0.000000
2835, 2, 3.000226, 210006628, 1.000032, 31720, 31720, 31711, 0, 7928, 0, 0, 3, 0, 0, 0, 29719324, 31718.998888, 31709.999172, 0.000000
2835, 3, 4.000294, 210014192, 1.000068, 31669, 31669, 31665, 0, 7916, 0, 0, 8, 0, 0, 0, 29829762, 31666.859923, 31662.860194, 0.000000
2835, 4, 5.000342, 210010086, 1.000048, 31633, 31633, 31652, 0, 7913, 0, 0, 3, 0, 0, 0, 30131572, 31631.480785, 31650.479873, 0.000000
2835, 5, 6.000354, 210002512, 1.000012, 31586, 31586, 31565, 0, 7892, 0, 0, 1, 0, 0, 0, 30671731, 31585.622176, 31564.622427, 0.000000
2835, 6, 7.000482, 210026809, 1.000128, 31652, 31652, 31647, 0, 7911, 0, 0, 0, 0, 0, 0, 30425216, 31647.959761, 31642.960399, 0.000000
2835, 7, 8.000508, 210005489, 1.000026, 31603, 31603, 31632, 0, 7908, 0, 0, 0, 0, 0, 0, 30376735, 31602.173979, 31631.173221, 0.000000
