ThreadID, cIDX, Time, cycles, deltaT, RX, OnRX, TX, SupTX, OnTX, Idle, OnIdle, Blocked, CacheMiss, CacheHit, CacheWB, CPUIdle, RX/s, TX/s, Sup/s
9419, 0, 0, 0, 0, 0, 0, 0, 0, 0, 0, 0, 0, 0, 0, 0, 0, 0, 0, 0
9419, 0, 1.000020, 210004183, 1.000020, 27206, 27206, 27204, 0, 6801, 0, 0, 0, 657762, 182018857, 275372, 29264684, 27205.458093, 27203.458133, 0.000000
9419, 1, 2.000025, 210001155, 1.000006, 27134, 27134, 27133, 0, 6784, 0, 0, 6, 575756, 182109384, 236809, 29065601, 27133.850764, 27132.850769, 0.000000
9419, 2, 3.000118, 210019510, 1.000093, 27136, 27136, 27139, 0, 6784, 0, 0, 10, 558494, 182077187, 229233, 29180351, 27133.479171, 27136.478892, 0.000000
9419, 3, 4.000606, 210102384, 1.000488, 27067, 27067, 27069, 0, 6768, 0, 0, 9, 544382, 182118704, 220707, 29190308, 27053.810108, 27055.809134, 0.000000
9419, 4, 5.000648, 210008835, 1.000042, 27100, 27100, 27096, 0, 6774, 0, 0, 2, 528493, 182005673, 213938, 29206651, 27098.859912, 27094.860081, 0.000000
9419, 5, 6.000667, 210003988, 1.000019, 27161, 27161, 27157, 0, 6789, 0, 0, 9, 513690, 181718964, 205663, 29897387, 27160.484209, 27156.484285, 0.000000
9419, 6, 7.000670, 210000679, 1.000003, 26987, 26987, 26991, 0, 6748, 0, 0, 0, 512425, 181853241, 203187, 29767009, 26986.912742, 26990.912729, 0.000000
9419, 7, 8.000672, 210000349, 1.000002, 27163, 27163, 27161, 0, 6790, 0, 0, 0, 513354, 181905540, 203746, 29648706, 27162.954858, 27160.954861, 0.000000
