ThreadID, cIDX, Time, cycles, deltaT, RX, OnRX, TX, SupTX, OnTX, Idle, OnIdle, Blocked, CacheMiss, CacheHit, CacheWB, CPUIdle, RX/s, TX/s, Sup/s
859, 0, 0, 0, 0, 0, 0, 0, 0, 0, 0, 0, 0, 0, 0, 0, 0, 0, 0, 0
859, 0, 1.000008, 210001750, 1.000008, 27237, 27237, 27244, 0, 6811, 0, 0, 0, 0, 0, 0, 26629990, 27236.773027, 27243.772969, 0.000000
859, 1, 2.000028, 210004106, 1.000020, 27182, 27182, 27183, 0, 6796, 0, 0, 0, 0, 0, 0, 26696778, 27181.468538, 27182.468518, 0.000000
859, 2, 3.000093, 210013704, 1.000065, 27072, 27072, 27053, 0, 6763, 0, 0, 0, 0, 0, 0, 26937383, 27070.233474, 27051.234714, 0.000000
859, 3, 4.000102, 210001887, 1.000009, 27182, 27182, 27185, 0, 6797, 0, 0, 0, 0, 0, 0, 26820539, 27181.755753, 27184.755726, 0.000000
859, 4, 5.000213, 210023211, 1.000111, 27063, 27063, 27063, 0, 6765, 0, 0, 0, 0, 0, 0, 27280705, 27060.009096, 27060.009096, 0.000000
859, 5, 6.000275, 210013188, 1.000063, 27067, 27067, 27076, 0, 6769, 0, 0, 0, 0, 0, 0, 27526300, 27065.300299, 27074.299734, 0.000000
859, 6, 7.000284, 210001709, 1.000008, 27139, 27139, 27140, 0, 6785, 0, 0, 0, 0, 0, 0, 27512552, 27138.779142, 27139.779134, 0.000000
859, 7, 8.000320, 210007543, 1.000036, 27071, 27071, 27068, 0, 6767, 0, 0, 0, 0, 0, 0, 27286545, 27070.027670, 27067.027778, 0.000000
