ThreadID, cIDX, Time, cycles, deltaT, RX, OnRX, TX, SupTX, OnTX, Idle, OnIdle, Blocked, CacheMiss, CacheHit, CacheWB, CPUIdle, RX/s, TX/s, Sup/s
2824, 0, 0, 0, 0, 0, 0, 0, 0, 0, 0, 0, 0, 0, 0, 0, 0, 0, 0, 0
2824, 0, 1.000002, 210000407, 1.000002, 27144, 27144, 27136, 0, 6784, 0, 0, 0, 657389, 182108361, 268693, 31606165, 27143.947392, 27135.947408, 0.000000
2824, 1, 2.000023, 210004437, 1.000021, 27131, 27131, 27148, 0, 6787, 0, 0, 0, 557281, 182203864, 222244, 31592635, 27130.426773, 27147.426414, 0.000000
2824, 2, 3.000027, 210000798, 1.000004, 27139, 27139, 27133, 0, 6784, 0, 0, 0, 544934, 182178475, 216531, 31614987, 27138.896872, 27132.896895, 0.000000
2824, 3, 4.000031, 210000964, 1.000005, 27174, 27174, 27168, 0, 6792, 0, 0, 6, 538763, 182122610, 213595, 31744737, 27173.875259, 27167.875287, 0.000000
2824, 4, 5.000083, 210010801, 1.000051, 27157, 27157, 27163, 0, 6790, 0, 0, 7, 536496, 181938652, 212274, 32036564, 27155.603297, 27161.602988, 0.000000
2824, 5, 6.000130, 210009809, 1.000047, 27033, 27033, 27024, 0, 6756, 0, 0, 0, 527938, 181667794, 208533, 32564468, 27031.737360, 27022.737781, 0.000000
2824, 6, 7.000145, 210003206, 1.000015, 27077, 27077, 27084, 0, 6771, 0, 0, 1, 525832, 181794476, 208196, 32312493, 27076.586631, 27083.586524, 0.000000
2824, 7, 8.000153, 210001617, 1.000008, 27156, 27156, 27149, 0, 6788, 0, 0, 1, 518991, 181856438, 203290, 32259308, 27155.790900, 27148.790954, 0.000000
