ThreadID, cIDX, Time, cycles, deltaT, RX, OnRX, TX, SupTX, OnTX, Idle, OnIdle, Blocked, CacheMiss, CacheHit, CacheWB, CPUIdle, RX/s, TX/s, Sup/s
1590, 0, 0, 0, 0, 0, 0, 0, 0, 0, 0, 0, 0, 0, 0, 0, 0, 0, 0, 0
1590, 0, 1.000183, 210038440, 1.000183, 31601, 31601, 31594, 0, 7899, 0, 0, 1, 0, 0, 0, 28425617, 31595.216571, 31588.217852, 0.000000
1590, 1, 2.000222, 210008108, 1.000039, 31688, 31688, 31687, 0, 7922, 0, 0, 5, 0, 0, 0, 28366527, 31686.776589, 31685.776627, 0.000000
1590, 2, 3.000264, 210008904, 1.000042, 31684, 31684, 31695, 0, 7923, 0, 0, 3, 0, 0, 0, 28378963, 31682.656655, 31693.656189, 0.000000
1590, 3, 4.000267, 210000526, 1.000003, 31671, 31671, 31664, 0, 7916, 0, 0, 6, 0, 0, 0, 28465856, 31670.920672, 31663.920689, 0.000000
1590, 4, 5.000342, 210015915, 1.000076, 31700, 31700, 31700, 0, 7925, 0, 0, 1, 0, 0, 0, 28791544, 31697.597775, 31697.597775, 0.000000
1590, 5, 6.000352, 210002112, 1.000010, 31562, 31562, 31569, 0, 7893, 0, 0, 5, 0, 0, 0, 29157889, 31561.682580, 31568.682509, 0.000000
1590, 6, 7.000357, 210000934, 1.000004, 31713, 31713, 31707, 0, 7926, 0, 0, 1, 0, 0, 0, 28675204, 31712.858953, 31706.858980, 0.000000
1590, 7, 8.000456, 210020879, 1.000099, 31633, 31633, 31648, 0, 7912, 0, 0, 0, 0, 0, 0, 28847003, 31629.855239, 31644.853748, 0.000000
