ThreadID, cIDX, Time, cycles, deltaT, RX, OnRX, TX, SupTX, OnTX, Idle, OnIdle, Blocked, CacheMiss, CacheHit, CacheWB, CPUIdle, RX/s, TX/s, Sup/s
1661, 0, 0, 0, 0, 0, 0, 0, 0, 0, 0, 0, 0, 0, 0, 0, 0, 0, 0, 0
1661, 0, 1.000002, 210000515, 1.000002, 27248, 27248, 27252, 0, 6813, 0, 0, 0, 0, 0, 0, 30810077, 27247.933178, 27251.933168, 0.000000
1661, 1, 2.000023, 210004331, 1.000021, 27147, 27147, 27148, 0, 6787, 0, 0, 0, 0, 0, 0, 30927145, 27146.440137, 27147.440116, 0.000000
1661, 2, 3.000039, 210003366, 1.000016, 27136, 27136, 27128, 0, 6782, 0, 0, 0, 0, 0, 0, 30954970, 27135.565056, 27127.565184, 0.000000
1661, 3, 4.000153, 210023995, 1.000114, 27042, 27042, 27040, 0, 6760, 0, 0, 4, 0, 0, 0, 31199035, 27038.910483, 27036.910711, 0.000000
1661, 4, 5.000156, 210000498, 1.000002, 27097, 27097, 27101, 0, 6776, 0, 0, 2, 0, 0, 0, 31271874, 27096.935742, 27100.935732, 0.000000
1661, 5, 6.000161, 210001119, 1.000005, 27159, 27159, 27164, 0, 6791, 0, 0, 2, 0, 0, 0, 31598801, 27158.855282, 27163.855255, 0.000000
1661, 6, 7.000212, 210010794, 1.000051, 26971, 26971, 26964, 0, 6741, 0, 0, 1, 0, 0, 0, 31488309, 26969.613762, 26962.614122, 0.000000
1661, 7, 8.000298, 210017879, 1.000085, 27170, 27170, 27175, 0, 6793, 0, 0, 0, 0, 0, 0, 31417464, 27167.686995, 27172.686569, 0.000000
