ThreadID, cIDX, Time, cycles, deltaT, RX, OnRX, TX, SupTX, OnTX, Idle, OnIdle, Blocked, CacheMiss, CacheHit, CacheWB, CPUIdle, RX/s, TX/s, Sup/s
1135, 0, 0, 0, 0, 0, 0, 0, 0, 0, 0, 0, 0, 0, 0, 0, 0, 0, 0, 0
1135, 0, 1.000027, 210005573, 1.000027, 27235, 27235, 27225, 0, 6807, 0, 0, 1, 0, 0, 0, 29025260, 27234.277254, 27224.277520, 0.000000
1135, 1, 2.000167, 210029393, 1.000140, 27096, 27096, 27115, 0, 6778, 0, 0, 2, 0, 0, 0, 29034986, 27092.207994, 27111.205335, 0.000000
1135, 2, 3.000230, 210013332, 1.000063, 27101, 27101, 27094, 0, 6774, 0, 0, 7, 0, 0, 0, 29267266, 27099.279583, 27092.280027, 0.000000
1135, 3, 4.000323, 210019557, 1.000093, 27206, 27206, 27210, 0, 6802, 0, 0, 3, 0, 0, 0, 29046427, 27203.466580, 27207.466208, 0.000000
1135, 4, 5.000338, 210003137, 1.000015, 27159, 27159, 27157, 0, 6790, 0, 0, 5, 0, 0, 0, 29430371, 27158.594302, 27156.594332, 0.000000
1135, 5, 6.000408, 210014719, 1.000070, 27066, 27066, 27067, 0, 6766, 0, 0, 3, 0, 0, 0, 29513968, 27064.103064, 27065.102994, 0.000000
1135, 6, 7.000410, 210000291, 1.000001, 27104, 27104, 27089, 0, 6773, 0, 0, 0, 0, 0, 0, 29494841, 27103.962442, 27088.962462, 0.000000
1135, 7, 8.000491, 210017053, 1.000081, 27196, 27196, 27199, 0, 6799, 0, 0, 0, 0, 0, 0, 29544485, 27193.791735, 27196.791491, 0.000000
