ThreadID, cIDX, Time, cycles, deltaT, RX, OnRX, TX, SupTX, OnTX, Idle, OnIdle, Blocked, CacheMiss, CacheHit, CacheWB, CPUIdle, RX/s, TX/s, Sup/s
1819, 0, 0, 0, 0, 0, 0, 0, 0, 0, 0, 0, 0, 0, 0, 0, 0, 0, 0, 0
1819, 0, 1.000223, 210046784, 1.000223, 27221, 27221, 27220, 0, 6805, 0, 0, 0, 0, 0, 0, 29740871, 27214.937030, 27213.937253, 0.000000
1819, 1, 2.000228, 210001111, 1.000005, 27189, 27189, 27184, 0, 6796, 0, 0, 0, 0, 0, 0, 29848728, 27188.856158, 27183.856184, 0.000000
1819, 2, 3.000234, 210001273, 1.000006, 27129, 27129, 27141, 0, 6786, 0, 0, 6, 0, 0, 0, 29914663, 27128.835548, 27140.835475, 0.000000
1819, 3, 4.000414, 210037705, 1.000180, 27148, 27148, 27139, 0, 6784, 0, 0, 1, 0, 0, 0, 30150231, 27143.126516, 27134.128132, 0.000000
1819, 4, 5.000491, 210016314, 1.000078, 27107, 27107, 27108, 0, 6777, 0, 0, 5, 0, 0, 0, 30225489, 27104.894337, 27105.894259, 0.000000
1819, 5, 6.000526, 210007272, 1.000035, 27117, 27117, 27122, 0, 6781, 0, 0, 3, 0, 0, 0, 30657615, 27116.061010, 27121.060836, 0.000000
1819, 6, 7.000559, 210006881, 1.000033, 27077, 27077, 27072, 0, 6768, 0, 0, 0, 0, 0, 0, 30544314, 27076.112806, 27071.112970, 0.000000
1819, 7, 8.000562, 210000765, 1.000004, 27135, 27135, 27142, 0, 6785, 0, 0, 0, 0, 0, 0, 30288558, 27134.901151, 27141.901126, 0.000000
