ThreadID, cIDX, Time, cycles, deltaT, RX, OnRX, TX, SupTX, OnTX, Idle, OnIdle, Blocked, CacheMiss, CacheHit, CacheWB, CPUIdle, RX/s, TX/s, Sup/s
10015, 0, 0, 0, 0, 0, 0, 0, 0, 0, 0, 0, 0, 0, 0, 0, 0, 0, 0, 0
10015, 0, 1.000018, 210003720, 1.000018, 27175, 27175, 27172, 0, 6793, 0, 0, 0, 0, 0, 0, 29707316, 27174.518623, 27171.518676, 0.000000
10015, 1, 2.000098, 210016909, 1.000081, 27129, 27129, 27128, 0, 6782, 0, 0, 9, 0, 0, 0, 29689710, 27126.815775, 27125.815855, 0.000000
10015, 2, 3.000148, 210010377, 1.000049, 27173, 27173, 27182, 0, 6796, 0, 0, 9, 0, 0, 0, 29917103, 27171.657332, 27180.656887, 0.000000
10015, 3, 4.000159, 210002383, 1.000011, 27199, 27199, 27194, 0, 6798, 0, 0, 10, 0, 0, 0, 29940539, 27198.691360, 27193.691416, 0.000000
10015, 4, 5.000166, 210001373, 1.000007, 27087, 27087, 27087, 0, 6772, 0, 0, 11, 0, 0, 0, 30242240, 27086.822904, 27086.822904, 0.000000
10015, 5, 6.000171, 210001181, 1.000006, 27050, 27050, 27053, 0, 6763, 0, 0, 5, 0, 0, 0, 30573831, 27049.847877, 27052.847860, 0.000000
10015, 6, 7.000176, 210000914, 1.000004, 27178, 27178, 27184, 0, 6796, 0, 0, 0, 0, 0, 0, 30457930, 27177.881712, 27183.881685, 0.000000
10015, 7, 8.000191, 210003162, 1.000015, 27040, 27040, 27029, 0, 6758, 0, 0, 0, 0, 0, 0, 30291148, 27039.592861, 27028.593027, 0.000000
