ThreadID, cIDX, Time, cycles, deltaT, RX, OnRX, TX, SupTX, OnTX, Idle, OnIdle, Blocked, CacheMiss, CacheHit, CacheWB, CPUIdle, RX/s, TX/s, Sup/s
2493, 0, 0, 0, 0, 0, 0, 0, 0, 0, 0, 0, 0, 0, 0, 0, 0, 0, 0, 0
2493, 0, 1.000622, 210130620, 1.000622, 27215, 27215, 27213, 0, 6804, 0, 0, 3, 0, 0, 0, 28309922, 27198.082793, 27196.084036, 0.000000
2493, 1, 2.000676, 210011426, 1.000054, 27200, 27200, 27204, 0, 6801, 0, 0, 3, 0, 0, 0, 28026827, 27198.520141, 27202.519924, 0.000000
2493, 2, 3.000685, 210001892, 1.000009, 27147, 27147, 27143, 0, 6785, 0, 0, 1, 0, 0, 0, 28261634, 27146.755421, 27142.755457, 0.000000
2493, 3, 4.000686, 210000218, 1.000001, 27110, 27110, 27113, 0, 6779, 0, 0, 3, 0, 0, 0, 28400232, 27109.971857, 27112.971854, 0.000000
2493, 4, 5.000768, 210017189, 1.000082, 27112, 27112, 27115, 0, 6778, 0, 0, 8, 0, 0, 0, 28645111, 27109.781000, 27112.780754, 0.000000
2493, 5, 6.000822, 210011355, 1.000054, 27160, 27160, 27160, 0, 6790, 0, 0, 3, 0, 0, 0, 29163803, 27158.531499, 27158.531499, 0.000000
2493, 6, 7.000824, 210000407, 1.000002, 27140, 27140, 27139, 0, 6785, 0, 0, 5, 0, 0, 0, 29130534, 27139.947400, 27138.947402, 0.000000
2493, 7, 8.000830, 210001141, 1.000005, 27087, 27087, 27093, 0, 6773, 0, 0, 3, 0, 0, 0, 28809198, 27086.852828, 27092.852795, 0.000000
