ThreadID, cIDX, Time, cycles, deltaT, RX, OnRX, TX, SupTX, OnTX, Idle, OnIdle, Blocked, CacheMiss, CacheHit, CacheWB, CPUIdle, RX/s, TX/s, Sup/s
1267, 0, 0, 0, 0, 0, 0, 0, 0, 0, 0, 0, 0, 0, 0, 0, 0, 0, 0, 0
1267, 0, 1.000012, 210002625, 1.000012, 31579, 31579, 31572, 0, 7893, 0, 0, 1, 0, 0, 0, 30804860, 31578.605267, 31571.605355, 0.000000
1267, 1, 2.000330, 210066757, 1.000318, 31625, 31625, 31648, 0, 7912, 0, 0, 2, 0, 0, 0, 30966179, 31614.949909, 31637.942599, 0.000000
1267, 2, 3.000359, 210005944, 1.000028, 31703, 31703, 31681, 0, 7921, 0, 0, 6, 0, 0, 0, 31178306, 31702.102680, 31680.103302, 0.000000
1267, 3, 4.000369, 210002069, 1.000010, 31727, 31727, 31744, 0, 7936, 0, 0, 8, 0, 0, 0, 31145143, 31726.687417, 31743.687249, 0.000000
1267, 4, 5.000380, 210002375, 1.000011, 31678, 31678, 31675, 0, 7918, 0, 0, 1, 0, 0, 0, 31311042, 31677.641741, 31674.641775, 0.000000
1267, 5, 6.000390, 210002190, 1.000010, 31630, 31630, 31621, 0, 7906, 0, 0, 5, 0, 0, 0, 31571939, 31629.670148, 31620.670242, 0.000000
1267, 6, 7.000582, 210040361, 1.000192, 31669, 31669, 31655, 0, 7913, 0, 0, 1, 0, 0, 0, 31470208, 31662.914539, 31648.917229, 0.000000
1267, 7, 8.000587, 210001052, 1.000005, 31716, 31716, 31736, 0, 7934, 0, 0, 0, 0, 0, 0, 31496951, 31715.841119, 31735.841019, 0.000000
