ThreadID, cIDX, Time, cycles, deltaT, RX, OnRX, TX, SupTX, OnTX, Idle, OnIdle, Blocked, CacheMiss, CacheHit, CacheWB, CPUIdle, RX/s, TX/s, Sup/s
846, 0, 0, 0, 0, 0, 0, 0, 0, 0, 0, 0, 0, 0, 0, 0, 0, 0, 0, 0
846, 0, 1.000043, 210009103, 1.000043, 27282, 27282, 27285, 0, 6822, 0, 0, 0, 697176, 183398108, 286006, 26657691, 27280.817442, 27283.817311, 0.000000
846, 1, 2.000061, 210003616, 1.000017, 27086, 27086, 27084, 0, 6771, 0, 0, 0, 606555, 183405259, 242987, 26715306, 27085.533613, 27083.533647, 0.000000
846, 2, 3.000085, 210005192, 1.000025, 27075, 27075, 27071, 0, 6767, 0, 0, 0, 577053, 183310733, 228716, 26982389, 27074.330619, 27070.330718, 0.000000
846, 3, 4.000111, 210005360, 1.000026, 27215, 27215, 27224, 0, 6806, 0, 0, 0, 566377, 183400729, 223485, 26789088, 27214.305387, 27223.305158, 0.000000
846, 4, 5.000113, 210000539, 1.000003, 27159, 27159, 27154, 0, 6789, 0, 0, 0, 559572, 183183974, 220294, 27247204, 27158.930292, 27153.930305, 0.000000
846, 5, 6.000306, 210040383, 1.000192, 27080, 27080, 27078, 0, 6769, 0, 0, 1, 552966, 183080105, 216946, 27548996, 27074.793517, 27072.793902, 0.000000
846, 6, 7.000328, 210004747, 1.000023, 27099, 27099, 27096, 0, 6774, 0, 0, 0, 549371, 183065433, 214532, 27497434, 27098.387447, 27095.387515, 0.000000
846, 7, 8.000369, 210008638, 1.000041, 27194, 27194, 27200, 0, 6800, 0, 0, 0, 548858, 183185343, 214011, 27277762, 27192.881466, 27198.881219, 0.000000
