ThreadID, cIDX, Time, cycles, deltaT, RX, OnRX, TX, SupTX, OnTX, Idle, OnIdle, Blocked, CacheMiss, CacheHit, CacheWB, CPUIdle, RX/s, TX/s, Sup/s
357, 0, 0, 0, 0, 0, 0, 0, 0, 0, 0, 0, 0, 0, 0, 0, 0, 0, 0, 0
357, 0, 1.000082, 210017172, 1.000082, 31539, 31539, 31528, 0, 7882, 0, 0, 0, 0, 0, 0, 26697951, 31536.421222, 31525.422121, 0.000000
357, 1, 2.000094, 210002520, 1.000012, 31733, 31733, 31737, 0, 7935, 0, 0, 2, 0, 0, 0, 26707765, 31732.619209, 31736.619161, 0.000000
357, 2, 3.000155, 210012827, 1.000061, 31701, 31701, 31719, 0, 7929, 0, 0, 1, 0, 0, 0, 26921219, 31699.063791, 31717.062692, 0.000000
357, 3, 4.000272, 210024654, 1.000117, 31611, 31611, 31580, 0, 7895, 0, 0, 0, 0, 0, 0, 26637264, 31607.289304, 31576.292943, 0.000000
357, 4, 5.000278, 210001276, 1.000006, 31616, 31616, 31628, 0, 7907, 0, 0, 1, 0, 0, 0, 27227445, 31615.807896, 31627.807823, 0.000000
357, 5, 6.000284, 210001233, 1.000006, 31675, 31675, 31670, 0, 7918, 0, 0, 0, 0, 0, 0, 27286339, 31674.814024, 31669.814053, 0.000000
357, 6, 7.000354, 210014576, 1.000069, 31571, 31571, 31598, 0, 7899, 0, 0, 0, 0, 0, 0, 27546744, 31568.808824, 31595.806950, 0.000000
357, 7, 8.000363, 210001869, 1.000009, 31584, 31584, 31568, 0, 7892, 0, 0, 0, 0, 0, 0, 27157098, 31583.718905, 31567.719047, 0.000000
