ThreadID, cIDX, Time, cycles, deltaT, RX, OnRX, TX, SupTX, OnTX, Idle, OnIdle, Blocked, CacheMiss, CacheHit, CacheWB, CPUIdle, RX/s, TX/s, Sup/s
2297, 0, 0, 0, 0, 0, 0, 0, 0, 0, 0, 0, 0, 0, 0, 0, 0, 0, 0, 0
2297, 0, 1.000660, 210138613, 1.000660, 26058, 26058, 26051, 0, 6796, 0, 0, 4, 0, 0, 0, 30944459, 26040.811452, 26033.816070, 0.000000
2297, 1, 2.000726, 210013856, 1.000066, 26002, 26002, 26015, 0, 6787, 0, 0, 1, 0, 0, 0, 30639856, 26000.284476, 26013.283619, 0.000000
2297, 2, 3.000767, 210008661, 1.000041, 26019, 26019, 26014, 0, 6787, 0, 0, 3, 0, 0, 0, 31092313, 26017.926946, 26012.927153, 0.000000
2297, 3, 4.000820, 210011033, 1.000053, 25982, 25982, 25982, 0, 6777, 0, 0, 3, 0, 0, 0, 31273115, 25980.635027, 25980.635027, 0.000000
2297, 4, 5.001004, 210038756, 1.000185, 26105, 26105, 26095, 0, 6808, 0, 0, 4, 0, 0, 0, 31265048, 26100.183149, 26090.184994, 0.000000
2297, 5, 6.001237, 210048777, 1.000232, 25928, 25928, 25931, 0, 6764, 0, 0, 3, 0, 0, 0, 31751337, 25921.979065, 25924.978368, 0.000000
2297, 6, 7.001245, 210001845, 1.000009, 26041, 26041, 26050, 0, 6797, 0, 0, 2, 0, 0, 0, 31552657, 26040.771213, 26049.771134, 0.000000
2297, 7, 8.001265, 210004115, 1.000020, 25981, 25981, 25975, 0, 6776, 0, 0, 1, 0, 0, 0, 31352938, 25980.490906, 25974.491024, 0.000000
