ThreadID, cIDX, Time, cycles, deltaT, RX, OnRX, TX, SupTX, OnTX, Idle, OnIdle, Blocked, CacheMiss, CacheHit, CacheWB, CPUIdle, RX/s, TX/s, Sup/s
8895, 0, 0, 0, 0, 0, 0, 0, 0, 0, 0, 0, 0, 0, 0, 0, 0, 0, 0, 0
8895, 0, 1.000039, 210008237, 1.000039, 27229, 27229, 27232, 0, 6808, 0, 0, 0, 0, 0, 0, 27831030, 27227.932017, 27230.931899, 0.000000
8895, 1, 2.000155, 210024209, 1.000115, 27105, 27105, 27108, 0, 6777, 0, 0, 1, 0, 0, 0, 27620524, 27101.875670, 27104.875324, 0.000000
8895, 2, 3.000167, 210002672, 1.000013, 27116, 27116, 27111, 0, 6778, 0, 0, 5, 0, 0, 0, 27650391, 27115.654986, 27110.655049, 0.000000
8895, 3, 4.000184, 210003613, 1.000017, 27206, 27206, 27202, 0, 6801, 0, 0, 1, 0, 0, 0, 27582646, 27205.531935, 27201.532004, 0.000000
8895, 4, 5.000189, 210000930, 1.000004, 27114, 27114, 27120, 0, 6780, 0, 0, 0, 0, 0, 0, 28318817, 27113.879924, 27119.879898, 0.000000
8895, 5, 6.000238, 210010246, 1.000049, 27095, 27095, 27091, 0, 6772, 0, 0, 0, 0, 0, 0, 28399667, 27093.678087, 27089.678282, 0.000000
8895, 6, 7.000242, 210000994, 1.000005, 27114, 27114, 27117, 0, 6780, 0, 0, 0, 0, 0, 0, 28450217, 27113.871661, 27116.871647, 0.000000
8895, 7, 8.000256, 210002777, 1.000013, 27184, 27184, 27183, 0, 6795, 0, 0, 1, 0, 0, 0, 28334749, 27183.640529, 27182.640542, 0.000000
