ThreadID, cIDX, Time, cycles, deltaT, RX, OnRX, TX, SupTX, OnTX, Idle, OnIdle, Blocked, CacheMiss, CacheHit, CacheWB, CPUIdle, RX/s, TX/s, Sup/s
1400, 0, 0, 0, 0, 0, 0, 0, 0, 0, 0, 0, 0, 0, 0, 0, 0, 0, 0, 0
1400, 0, 1.000009, 210001977, 1.000009, 27134, 27134, 27129, 0, 6783, 0, 0, 1, 0, 0, 0, 31050618, 27133.744555, 27128.744602, 0.000000
1400, 1, 2.000322, 210065699, 1.000313, 27198, 27198, 27203, 0, 6800, 0, 0, 5, 0, 0, 0, 31018615, 27189.493702, 27194.492138, 0.000000
1400, 2, 3.000556, 210049018, 1.000233, 27172, 27172, 27180, 0, 6795, 0, 0, 5, 0, 0, 0, 31003191, 27165.659018, 27173.657151, 0.000000
1400, 3, 4.000724, 210035405, 1.000169, 27058, 27058, 27048, 0, 6762, 0, 0, 0, 0, 0, 0, 30998480, 27053.438919, 27043.440605, 0.000000
1400, 4, 5.000842, 210024756, 1.000118, 27110, 27110, 27108, 0, 6777, 0, 0, 2, 0, 0, 0, 31300533, 27106.804495, 27104.804731, 0.000000
1400, 5, 6.000849, 210001454, 1.000007, 27185, 27185, 27186, 0, 6797, 0, 0, 1, 0, 0, 0, 31563081, 27184.811778, 27185.811771, 0.000000
1400, 6, 7.000853, 210000896, 1.000004, 27162, 27162, 27162, 0, 6790, 0, 0, 0, 0, 0, 0, 31378041, 27161.884109, 27161.884109, 0.000000
1400, 7, 8.000864, 210002222, 1.000011, 27048, 27048, 27044, 0, 6761, 0, 0, 0, 0, 0, 0, 31213275, 27047.713809, 27043.713852, 0.000000
