ThreadID, cIDX, Time, cycles, deltaT, RX, OnRX, TX, SupTX, OnTX, Idle, OnIdle, Blocked, CacheMiss, CacheHit, CacheWB, CPUIdle, RX/s, TX/s, Sup/s
1302, 0, 0, 0, 0, 0, 0, 0, 0, 0, 0, 0, 0, 0, 0, 0, 0, 0, 0, 0
1302, 0, 1.000085, 210017831, 1.000085, 31543, 31543, 31536, 0, 7884, 0, 0, 0, 0, 0, 0, 29789758, 31540.321926, 31533.322521, 0.000000
1302, 1, 2.000340, 210053633, 1.000255, 31705, 31705, 31720, 0, 7930, 0, 0, 4, 0, 0, 0, 29947176, 31696.904761, 31711.900932, 0.000000
1302, 2, 3.000368, 210005775, 1.000028, 31696, 31696, 31696, 0, 7924, 0, 0, 0, 0, 0, 0, 30021053, 31695.128384, 31695.128384, 0.000000
1302, 3, 4.000377, 210001970, 1.000009, 31596, 31596, 31592, 0, 7898, 0, 0, 4, 0, 0, 0, 30033663, 31595.703602, 31591.703640, 0.000000
1302, 4, 5.000385, 210001599, 1.000008, 31747, 31747, 31751, 0, 7938, 0, 0, 7, 0, 0, 0, 30264964, 31746.758271, 31750.758241, 0.000000
1302, 5, 6.000429, 210009206, 1.000044, 31602, 31602, 31605, 0, 7901, 0, 0, 0, 0, 0, 0, 30611472, 31600.614689, 31603.614558, 0.000000
1302, 6, 7.000452, 210004942, 1.000024, 31679, 31679, 31684, 0, 7921, 0, 0, 0, 0, 0, 0, 30317898, 31678.254505, 31683.254387, 0.000000
1302, 7, 8.000627, 210036749, 1.000175, 31666, 31666, 31636, 0, 7909, 0, 0, 0, 0, 0, 0, 30298402, 31660.459570, 31630.464819, 0.000000
