ThreadID, cIDX, Time, cycles, deltaT, RX, OnRX, TX, SupTX, OnTX, Idle, OnIdle, Blocked, CacheMiss, CacheHit, CacheWB, CPUIdle, RX/s, TX/s, Sup/s
611, 0, 0, 0, 0, 0, 0, 0, 0, 0, 0, 0, 0, 0, 0, 0, 0, 0, 0, 0
611, 0, 1.000058, 210012281, 1.000058, 31556, 31556, 31560, 0, 7890, 0, 0, 0, 0, 0, 0, 26720855, 31554.154683, 31558.154449, 0.000000
611, 1, 2.000175, 210024533, 1.000117, 31695, 31695, 31680, 0, 7920, 0, 0, 0, 0, 0, 0, 26672896, 31691.297702, 31676.299454, 0.000000
611, 2, 3.000218, 210008867, 1.000042, 31695, 31695, 31696, 0, 7924, 0, 0, 0, 0, 0, 0, 26820406, 31693.661773, 31694.661731, 0.000000
611, 3, 4.000236, 210003974, 1.000019, 31713, 31713, 31728, 0, 7932, 0, 0, 0, 0, 0, 0, 26639363, 31712.399881, 31727.399597, 0.000000
611, 4, 5.000238, 210000316, 1.000002, 31667, 31667, 31667, 0, 7917, 0, 0, 1, 0, 0, 0, 27330585, 31666.952349, 31666.952349, 0.000000
611, 5, 6.000244, 210001312, 1.000006, 31610, 31610, 31617, 0, 7904, 0, 0, 0, 0, 0, 0, 27483189, 31609.802514, 31616.802470, 0.000000
611, 6, 7.000275, 210006386, 1.000030, 31634, 31634, 31616, 0, 7904, 0, 0, 1, 0, 0, 0, 27418980, 31633.038054, 31615.038602, 0.000000
611, 7, 8.000285, 210002088, 1.000010, 31619, 31619, 31636, 0, 7909, 0, 0, 1, 0, 0, 0, 27411558, 31618.685620, 31635.685451, 0.000000
