ThreadID, cIDX, Time, cycles, deltaT, RX, OnRX, TX, SupTX, OnTX, Idle, OnIdle, Blocked, CacheMiss, CacheHit, CacheWB, CPUIdle, RX/s, TX/s, Sup/s
1144, 0, 0, 0, 0, 0, 0, 0, 0, 0, 0, 0, 0, 0, 0, 0, 0, 0, 0, 0
1144, 0, 1.000348, 210072976, 1.000348, 27085, 27085, 27086, 0, 6772, 0, 0, 2, 0, 0, 0, 30951431, 27075.591103, 27076.590756, 0.000000
1144, 1, 2.000348, 210000199, 1.000001, 27196, 27196, 27193, 0, 6798, 0, 0, 4, 0, 0, 0, 30940662, 27195.974229, 27192.974231, 0.000000
1144, 2, 3.000370, 210004515, 1.000021, 27196, 27196, 27198, 0, 6800, 0, 0, 10, 0, 0, 0, 31097748, 27195.415299, 27197.415256, 0.000000
1144, 3, 4.000374, 210000853, 1.000004, 27104, 27104, 27107, 0, 6776, 0, 0, 2, 0, 0, 0, 30873295, 27103.889907, 27106.889894, 0.000000
1144, 4, 5.000425, 210010733, 1.000051, 27087, 27087, 27077, 0, 6770, 0, 0, 1, 0, 0, 0, 31274085, 27085.615667, 27075.616178, 0.000000
1144, 5, 6.000431, 210001294, 1.000006, 27145, 27145, 27157, 0, 6789, 0, 0, 0, 0, 0, 0, 31472570, 27144.832736, 27156.832662, 0.000000
1144, 6, 7.000441, 210002089, 1.000010, 27104, 27104, 27094, 0, 6773, 0, 0, 0, 0, 0, 0, 31342668, 27103.730382, 27093.730482, 0.000000
1144, 7, 8.000443, 210000328, 1.000002, 27063, 27063, 27069, 0, 6768, 0, 0, 0, 0, 0, 0, 31366525, 27062.957730, 27068.957721, 0.000000
