ThreadID, cIDX, Time, cycles, deltaT, RX, OnRX, TX, SupTX, OnTX, Idle, OnIdle, Blocked, CacheMiss, CacheHit, CacheWB, CPUIdle, RX/s, TX/s, Sup/s
9272, 0, 0, 0, 0, 0, 0, 0, 0, 0, 0, 0, 0, 0, 0, 0, 0, 0, 0, 0
9272, 0, 1.000605, 210127048, 1.000605, 27100, 27100, 27098, 0, 6775, 0, 0, 5, 0, 0, 0, 28464908, 27083.614671, 27081.615880, 0.000000
9272, 1, 2.000613, 210001726, 1.000008, 27188, 27188, 27186, 0, 6796, 0, 0, 7, 0, 0, 0, 28193809, 27187.776542, 27185.776559, 0.000000
9272, 2, 3.000707, 210019720, 1.000094, 27140, 27140, 27141, 0, 6786, 0, 0, 9, 0, 0, 0, 28374588, 27137.451664, 27138.451570, 0.000000
9272, 3, 4.000773, 210013846, 1.000066, 27165, 27165, 27163, 0, 6790, 0, 0, 1, 0, 0, 0, 28202598, 27163.209039, 27161.209171, 0.000000
9272, 4, 5.000836, 210013323, 1.000063, 27096, 27096, 27112, 0, 6778, 0, 0, 7, 0, 0, 0, 28637837, 27094.281061, 27110.280046, 0.000000
9272, 5, 6.000845, 210001694, 1.000008, 27114, 27114, 27088, 0, 6772, 0, 0, 0, 0, 0, 0, 28722981, 27113.781282, 27087.781492, 0.000000
9272, 6, 7.000885, 210008478, 1.000040, 27086, 27086, 27098, 0, 6775, 0, 0, 0, 0, 0, 0, 28955203, 27084.906544, 27096.906059, 0.000000
9272, 7, 8.000900, 210003224, 1.000015, 27118, 27118, 27118, 0, 6779, 0, 0, 0, 0, 0, 0, 28698533, 27117.583681, 27117.583681, 0.000000
