ThreadID, cIDX, Time, cycles, deltaT, RX, OnRX, TX, SupTX, OnTX, Idle, OnIdle, Blocked, CacheMiss, CacheHit, CacheWB, CPUIdle, RX/s, TX/s, Sup/s
285, 0, 0, 0, 0, 0, 0, 0, 0, 0, 0, 0, 0, 0, 0, 0, 0, 0, 0, 0
285, 0, 1.000012, 210002535, 1.000012, 27275, 27275, 27272, 0, 6818, 0, 0, 0, 0, 0, 0, 27564702, 27274.670756, 27271.670792, 0.000000
285, 1, 2.000066, 210011311, 1.000054, 27135, 27135, 27140, 0, 6785, 0, 0, 2, 0, 0, 0, 27589365, 27133.538536, 27138.538267, 0.000000
285, 2, 3.000108, 210008824, 1.000042, 27094, 27094, 27096, 0, 6774, 0, 0, 0, 0, 0, 0, 27743488, 27092.861584, 27094.861500, 0.000000
285, 3, 4.000111, 210000607, 1.000003, 27192, 27192, 27186, 0, 6797, 0, 0, 0, 0, 0, 0, 27673697, 27191.921402, 27185.921420, 0.000000
285, 4, 5.000114, 210000691, 1.000003, 27127, 27127, 27130, 0, 6782, 0, 0, 0, 0, 0, 0, 27829536, 27126.910740, 27129.910730, 0.000000
285, 5, 6.000337, 210046776, 1.000223, 27082, 27082, 27076, 0, 6769, 0, 0, 0, 0, 0, 0, 28347684, 27075.969021, 27069.970357, 0.000000
285, 6, 7.000365, 210005950, 1.000028, 27203, 27203, 27208, 0, 6802, 0, 0, 1, 0, 0, 0, 28328889, 27202.229270, 27207.229129, 0.000000
285, 7, 8.000371, 210001217, 1.000006, 27094, 27094, 27095, 0, 6774, 0, 0, 0, 0, 0, 0, 28233622, 27093.842985, 27094.842979, 0.000000
