ThreadID, cIDX, Time, cycles, deltaT, RX, OnRX, TX, SupTX, OnTX, Idle, OnIdle, Blocked, CacheMiss, CacheHit, CacheWB, CPUIdle, RX/s, TX/s, Sup/s
627, 0, 0, 0, 0, 0, 0, 0, 0, 0, 0, 0, 0, 0, 0, 0, 0, 0, 0, 0
627, 0, 1.000004, 210000894, 1.000004, 31568, 31568, 31563, 0, 7891, 0, 0, 0, 0, 0, 0, 28647869, 31567.865611, 31562.865632, 0.000000
627, 1, 2.000010, 210001150, 1.000005, 31670, 31670, 31677, 0, 7919, 0, 0, 4, 0, 0, 0, 28646236, 31669.826570, 31676.826532, 0.000000
627, 2, 3.000012, 210000557, 1.000003, 31695, 31695, 31697, 0, 7925, 0, 0, 0, 0, 0, 0, 28859569, 31694.915933, 31696.915928, 0.000000
627, 3, 4.000169, 210032983, 1.000157, 31733, 31733, 31719, 0, 7929, 0, 0, 0, 0, 0, 0, 28638864, 31728.016737, 31714.018936, 0.000000
627, 4, 5.000447, 210058321, 1.000278, 31672, 31672, 31676, 0, 7919, 0, 0, 0, 0, 0, 0, 29266370, 31663.206524, 31667.205414, 0.000000
627, 5, 6.000451, 210000720, 1.000003, 31619, 31619, 31623, 0, 7906, 0, 0, 0, 0, 0, 0, 29429814, 31618.891592, 31622.891579, 0.000000
627, 6, 7.000462, 210002409, 1.000011, 31628, 31628, 31637, 0, 7909, 0, 0, 0, 0, 0, 0, 29300657, 31627.637186, 31636.637083, 0.000000
627, 7, 8.000467, 210001049, 1.000005, 31622, 31622, 31620, 0, 7905, 0, 0, 2, 0, 0, 0, 29312188, 31621.842041, 31619.842051, 0.000000
