ThreadID, cIDX, Time, cycles, deltaT, RX, OnRX, TX, SupTX, OnTX, Idle, OnIdle, Blocked, CacheMiss, CacheHit, CacheWB, CPUIdle, RX/s, TX/s, Sup/s
2779, 0, 0, 0, 0, 0, 0, 0, 0, 0, 0, 0, 0, 0, 0, 0, 0, 0, 0, 0
2779, 0, 1.000001, 210000179, 1.000001, 27271, 27271, 27269, 0, 6818, 0, 0, 0, 0, 0, 0, 29053766, 27270.976755, 27268.976756, 0.000000
2779, 1, 2.000013, 210002468, 1.000012, 27118, 27118, 27128, 0, 6782, 0, 0, 7, 0, 0, 0, 28874583, 27117.681303, 27127.681185, 0.000000
2779, 2, 3.000020, 210001466, 1.000007, 27115, 27115, 27111, 0, 6777, 0, 0, 3, 0, 0, 0, 28999893, 27114.810713, 27110.810741, 0.000000
2779, 3, 4.000024, 210000846, 1.000004, 27131, 27131, 27127, 0, 6782, 0, 0, 0, 0, 0, 0, 29132753, 27130.890701, 27126.890717, 0.000000
2779, 4, 5.000036, 210002593, 1.000012, 27203, 27203, 27198, 0, 6800, 0, 0, 4, 0, 0, 0, 29501510, 27202.664112, 27197.664174, 0.000000
2779, 5, 6.000113, 210016086, 1.000077, 27054, 27054, 27056, 0, 6764, 0, 0, 2, 0, 0, 0, 30022834, 27051.927822, 27053.927669, 0.000000
2779, 6, 7.000134, 210004491, 1.000021, 27153, 27153, 27148, 0, 6787, 0, 0, 3, 0, 0, 0, 29794291, 27152.419326, 27147.419433, 0.000000
2779, 7, 8.000136, 210000429, 1.000002, 27148, 27148, 27160, 0, 6790, 0, 0, 1, 0, 0, 0, 29657952, 27147.944541, 27159.944516, 0.000000
