ThreadID, cIDX, Time, cycles, deltaT, RX, OnRX, TX, SupTX, OnTX, Idle, OnIdle, Blocked, CacheMiss, CacheHit, CacheWB, CPUIdle, RX/s, TX/s, Sup/s
8224, 0, 0, 0, 0, 0, 0, 0, 0, 0, 0, 0, 0, 0, 0, 0, 0, 0, 0, 0
8224, 0, 1.000350, 210073405, 1.000350, 30545, 30545, 30539, 0, 7917, 0, 0, 6, 0, 0, 0, 28256182, 30534.326799, 30528.328895, 0.000000
8224, 1, 2.000387, 210007788, 1.000037, 30536, 30536, 30535, 0, 7918, 0, 0, 6, 0, 0, 0, 28117692, 30534.867593, 30533.867630, 0.000000
8224, 2, 3.000423, 210007586, 1.000036, 30581, 30581, 30592, 0, 7932, 0, 0, 7, 0, 0, 0, 28055269, 30579.895338, 30590.894940, 0.000000
8224, 3, 4.000477, 210011358, 1.000054, 30560, 30560, 30553, 0, 7920, 0, 0, 5, 0, 0, 0, 28208089, 30558.347230, 30551.347609, 0.000000
8224, 4, 5.000687, 210044057, 1.000210, 30556, 30556, 30545, 0, 7919, 0, 0, 0, 0, 0, 0, 28547643, 30549.590841, 30538.593149, 0.000000
8224, 5, 6.000729, 210008807, 1.000042, 30502, 30502, 30509, 0, 7909, 0, 0, 1, 0, 0, 0, 28920209, 30500.720858, 30507.720564, 0.000000
8224, 6, 7.000735, 210001260, 1.000006, 30519, 30519, 30524, 0, 7915, 0, 0, 0, 0, 0, 0, 28623518, 30518.816887, 30523.816857, 0.000000
8224, 7, 8.000736, 210000288, 1.000001, 30483, 30483, 30488, 0, 7904, 0, 0, 2, 0, 0, 0, 28082111, 30482.958195, 30487.958188, 0.000000
