ThreadID, cIDX, Time, cycles, deltaT, RX, OnRX, TX, SupTX, OnTX, Idle, OnIdle, Blocked, CacheMiss, CacheHit, CacheWB, CPUIdle, RX/s, TX/s, Sup/s
9563, 0, 0, 0, 0, 0, 0, 0, 0, 0, 0, 0, 0, 0, 0, 0, 0, 0, 0, 0
9563, 0, 1.000053, 210011204, 1.000053, 27190, 27190, 27192, 0, 6798, 0, 0, 1, 0, 0, 0, 29182916, 27188.549426, 27190.549319, 0.000000
9563, 1, 2.000441, 210081395, 1.000388, 27154, 27154, 27152, 0, 6788, 0, 0, 0, 0, 0, 0, 28967414, 27143.479317, 27141.480092, 0.000000
9563, 2, 3.000742, 210063169, 1.000301, 27161, 27161, 27160, 0, 6790, 0, 0, 6, 0, 0, 0, 29237310, 27152.832299, 27151.832599, 0.000000
9563, 3, 4.000784, 210008835, 1.000042, 27041, 27041, 27041, 0, 6761, 0, 0, 4, 0, 0, 0, 29190733, 27039.862394, 27039.862394, 0.000000
9563, 4, 5.000803, 210004021, 1.000019, 27103, 27103, 27103, 0, 6775, 0, 0, 3, 0, 0, 0, 29458469, 27102.481052, 27102.481052, 0.000000
9563, 5, 6.000830, 210005631, 1.000027, 27141, 27141, 27132, 0, 6783, 0, 0, 0, 0, 0, 0, 30004313, 27140.272253, 27131.272494, 0.000000
9563, 6, 7.000877, 210009926, 1.000047, 27018, 27018, 27028, 0, 6757, 0, 0, 0, 0, 0, 0, 29746060, 27016.723010, 27026.722537, 0.000000
9563, 7, 8.000884, 210001563, 1.000007, 27145, 27145, 27148, 0, 6787, 0, 0, 0, 0, 0, 0, 29781949, 27144.797965, 27147.797943, 0.000000
