ThreadID, cIDX, Time, cycles, deltaT, RX, OnRX, TX, SupTX, OnTX, Idle, OnIdle, Blocked, CacheMiss, CacheHit, CacheWB, CPUIdle, RX/s, TX/s, Sup/s
10756, 0, 0, 0, 0, 0, 0, 0, 0, 0, 0, 0, 0, 0, 0, 0, 0, 0, 0, 0
10756, 0, 1.000571, 210119886, 1.000571, 31541, 31541, 31556, 0, 7889, 0, 0, 0, 646193, 182126946, 270663, 31714527, 31523.003967, 31537.995409, 0.000000
10756, 1, 2.000670, 210020899, 1.000100, 31639, 31639, 31630, 0, 7908, 0, 0, 4, 557046, 182130329, 222684, 31677816, 31635.851630, 31626.852526, 0.000000
10756, 2, 3.001171, 210105076, 1.000500, 31679, 31679, 31657, 0, 7914, 0, 0, 6, 540960, 182180504, 215820, 31763118, 31663.156962, 31641.167965, 0.000000
10756, 3, 4.001682, 210107427, 1.000512, 31703, 31703, 31705, 0, 7926, 0, 0, 6, 529819, 182136763, 212361, 31929985, 31686.790396, 31688.789373, 0.000000
10756, 4, 5.001688, 210001271, 1.000006, 31677, 31677, 31695, 0, 7924, 0, 0, 3, 520534, 181932154, 206424, 32134688, 31676.808280, 31694.808171, 0.000000
10756, 5, 6.001704, 210003283, 1.000016, 31591, 31591, 31598, 0, 7900, 0, 0, 3, 517853, 181684371, 205752, 32620678, 31590.506135, 31597.506026, 0.000000
10756, 6, 7.001709, 210000966, 1.000005, 31600, 31600, 31589, 0, 7897, 0, 0, 0, 512743, 181765681, 203002, 32443634, 31599.854641, 31588.854691, 0.000000
10756, 7, 8.001719, 210002113, 1.000010, 31739, 31739, 31731, 0, 7933, 0, 0, 0, 513537, 181829969, 202887, 32315834, 31738.680648, 31730.680729, 0.000000
