ThreadID, cIDX, Time, cycles, deltaT, RX, OnRX, TX, SupTX, OnTX, Idle, OnIdle, Blocked, CacheMiss, CacheHit, CacheWB, CPUIdle, RX/s, TX/s, Sup/s
9841, 0, 0, 0, 0, 0, 0, 0, 0, 0, 0, 0, 0, 0, 0, 0, 0, 0, 0, 0
9841, 0, 1.000039, 210008105, 1.000039, 30581, 30581, 30581, 0, 7929, 0, 0, 0, 0, 0, 0, 30636004, 30579.819765, 30579.819765, 0.000000
9841, 1, 2.000283, 210051281, 1.000244, 30513, 30513, 30517, 0, 7912, 0, 0, 10, 0, 0, 0, 30870731, 30505.550690, 30509.549713, 0.000000
9841, 2, 3.000460, 210037258, 1.000177, 30506, 30506, 30501, 0, 7908, 0, 0, 17, 0, 0, 0, 30982091, 30500.588615, 30495.589502, 0.000000
9841, 3, 4.000467, 210001477, 1.000007, 30612, 30612, 30606, 0, 7935, 0, 0, 13, 0, 0, 0, 31163016, 30611.784697, 30605.784739, 0.000000
9841, 4, 5.000470, 210000632, 1.000003, 30519, 30519, 30521, 0, 7911, 0, 0, 11, 0, 0, 0, 31335252, 30518.908153, 30520.908147, 0.000000
9841, 5, 6.000481, 210002256, 1.000011, 30439, 30439, 30443, 0, 7892, 0, 0, 9, 0, 0, 0, 31709323, 30438.673002, 30442.672959, 0.000000
9841, 6, 7.000675, 210040845, 1.000195, 30582, 30582, 30571, 0, 7927, 0, 0, 0, 0, 0, 0, 31349283, 30576.052958, 30565.055097, 0.000000
9841, 7, 8.000676, 210000209, 1.000001, 30533, 30533, 30549, 0, 7921, 0, 0, 0, 0, 0, 0, 31345472, 30532.969612, 30548.969597, 0.000000
