ThreadID, cIDX, Time, cycles, deltaT, RX, OnRX, TX, SupTX, OnTX, Idle, OnIdle, Blocked, CacheMiss, CacheHit, CacheWB, CPUIdle, RX/s, TX/s, Sup/s
10911, 0, 0, 0, 0, 0, 0, 0, 0, 0, 0, 0, 0, 0, 0, 0, 0, 0, 0, 0
10911, 0, 1.000469, 210098485, 1.000469, 27228, 27228, 27232, 0, 6808, 0, 0, 0, 0, 0, 0, 29834658, 27215.236702, 27219.234827, 0.000000
10911, 1, 2.000478, 210001812, 1.000009, 27132, 27132, 27136, 0, 6784, 0, 0, 4, 0, 0, 0, 29755449, 27131.765892, 27135.765857, 0.000000
10911, 2, 3.000530, 210011031, 1.000053, 27164, 27164, 27160, 0, 6790, 0, 0, 1, 0, 0, 0, 29894788, 27162.573189, 27158.573399, 0.000000
10911, 3, 4.000565, 210007273, 1.000035, 27172, 27172, 27167, 0, 6792, 0, 0, 7, 0, 0, 0, 29884050, 27171.058976, 27166.059149, 0.000000
10911, 4, 5.000577, 210002562, 1.000012, 27111, 27111, 27122, 0, 6781, 0, 0, 14, 0, 0, 0, 30223263, 27110.669250, 27121.669116, 0.000000
10911, 5, 6.000644, 210013998, 1.000067, 27079, 27079, 27067, 0, 6766, 0, 0, 3, 0, 0, 0, 30684955, 27077.195112, 27065.195911, 0.000000
10911, 6, 7.000654, 210002167, 1.000010, 27083, 27083, 27089, 0, 6773, 0, 0, 0, 0, 0, 0, 30529445, 27082.720532, 27088.720470, 0.000000
10911, 7, 8.000658, 210000870, 1.000004, 27112, 27112, 27107, 0, 6776, 0, 0, 0, 0, 0, 0, 30375169, 27111.887679, 27106.887700, 0.000000
