ThreadID, cIDX, Time, cycles, deltaT, RX, OnRX, TX, SupTX, OnTX, Idle, OnIdle, Blocked, CacheMiss, CacheHit, CacheWB, CPUIdle, RX/s, TX/s, Sup/s
9658, 0, 0, 0, 0, 0, 0, 0, 0, 0, 0, 0, 0, 0, 0, 0, 0, 0, 0, 0
9658, 0, 1.000519, 210109069, 1.000519, 27153, 27153, 27149, 0, 6788, 0, 0, 3, 0, 0, 0, 28508347, 27138.904699, 27134.906775, 0.000000
9658, 1, 2.000589, 210014579, 1.000069, 27175, 27175, 27183, 0, 6795, 0, 0, 3, 0, 0, 0, 28178122, 27173.113539, 27181.112984, 0.000000
9658, 2, 3.000641, 210010970, 1.000052, 27142, 27142, 27134, 0, 6784, 0, 0, 4, 0, 0, 0, 28232536, 27140.582228, 27132.582646, 0.000000
9658, 3, 4.000681, 210008376, 1.000040, 27148, 27148, 27146, 0, 6786, 0, 0, 6, 0, 0, 0, 28390193, 27146.917226, 27144.917306, 0.000000
9658, 4, 5.000684, 210000547, 1.000003, 27112, 27112, 27122, 0, 6781, 0, 0, 4, 0, 0, 0, 28647067, 27111.929380, 27121.929354, 0.000000
9658, 5, 6.000684, 210000164, 1.000001, 27090, 27090, 27081, 0, 6770, 0, 0, 0, 0, 0, 0, 29038722, 27089.978844, 27080.978851, 0.000000
9658, 6, 7.000692, 210001669, 1.000008, 27105, 27105, 27117, 0, 6779, 0, 0, 0, 0, 0, 0, 28818091, 27104.784581, 27116.784486, 0.000000
9658, 7, 8.000738, 210009653, 1.000046, 27109, 27109, 27092, 0, 6773, 0, 0, 0, 0, 0, 0, 28834921, 27107.753947, 27090.754728, 0.000000
