ThreadID, cIDX, Time, cycles, deltaT, RX, OnRX, TX, SupTX, OnTX, Idle, OnIdle, Blocked, CacheMiss, CacheHit, CacheWB, CPUIdle, RX/s, TX/s, Sup/s
8340, 0, 0, 0, 0, 0, 0, 0, 0, 0, 0, 0, 0, 0, 0, 0, 0, 0, 0, 0
8340, 0, 1.000373, 210078406, 1.000373, 31584, 31584, 31573, 0, 7894, 0, 0, 2, 0, 0, 0, 29391557, 31572.212139, 31561.216244, 0.000000
8340, 1, 2.000403, 210006241, 1.000030, 31711, 31711, 31712, 0, 7928, 0, 0, 7, 0, 0, 0, 29260420, 31710.057607, 31711.057578, 0.000000
8340, 2, 3.000424, 210004290, 1.000020, 31703, 31703, 31698, 0, 7924, 0, 0, 6, 0, 0, 0, 29384686, 31702.352366, 31697.352468, 0.000000
8340, 3, 4.000660, 210049767, 1.000237, 31644, 31644, 31643, 0, 7911, 0, 0, 6, 0, 0, 0, 29431876, 31636.502601, 31635.502838, 0.000000
8340, 4, 5.001078, 210087744, 1.000418, 31613, 31613, 31610, 0, 7902, 0, 0, 0, 0, 0, 0, 29657339, 31599.796702, 31596.797955, 0.000000
8340, 5, 6.001173, 210019920, 1.000095, 31645, 31645, 31672, 0, 7918, 0, 0, 1, 0, 0, 0, 29945199, 31641.998530, 31668.995970, 0.000000
8340, 6, 7.001253, 210016766, 1.000080, 31558, 31558, 31552, 0, 7888, 0, 0, 1, 0, 0, 0, 29747323, 31555.480671, 31549.481150, 0.000000
8340, 7, 8.001396, 210029953, 1.000143, 31621, 31621, 31604, 0, 7901, 0, 0, 9, 0, 0, 0, 29489378, 31616.490435, 31599.492859, 0.000000
