ThreadID, cIDX, Time, cycles, deltaT, RX, OnRX, TX, SupTX, OnTX, Idle, OnIdle, Blocked, CacheMiss, CacheHit, CacheWB, CPUIdle, RX/s, TX/s, Sup/s
8452, 0, 0, 0, 0, 0, 0, 0, 0, 0, 0, 0, 0, 0, 0, 0, 0, 0, 0, 0
8452, 0, 1.000012, 210002460, 1.000012, 31538, 31538, 31540, 0, 7885, 0, 0, 0, 648951, 182404150, 261911, 31129156, 31537.630559, 31539.630536, 0.000000
8452, 1, 2.000057, 210009468, 1.000045, 31745, 31745, 31748, 0, 7937, 0, 0, 9, 569795, 182513991, 221636, 31096546, 31743.568819, 31746.568683, 0.000000
8452, 2, 3.000116, 210012478, 1.000059, 31707, 31707, 31700, 0, 7925, 0, 0, 8, 545492, 182419788, 207135, 31252104, 31705.116112, 31698.116528, 0.000000
8452, 3, 4.000158, 210008734, 1.000042, 31579, 31579, 31584, 0, 7896, 0, 0, 5, 534517, 182492078, 203137, 31148721, 31577.686669, 31582.686461, 0.000000
8452, 4, 5.000161, 210000718, 1.000003, 31593, 31593, 31592, 0, 7898, 0, 0, 3, 529193, 182291136, 201025, 31426291, 31592.891982, 31591.891986, 0.000000
8452, 5, 6.000166, 210001008, 1.000005, 31697, 31697, 31692, 0, 7923, 0, 0, 0, 522295, 182119233, 196392, 31729090, 31696.847855, 31691.847879, 0.000000
8452, 6, 7.000594, 210089904, 1.000428, 31590, 31590, 31584, 0, 7896, 0, 0, 0, 517458, 182222351, 193353, 31795241, 31576.481657, 31570.484225, 0.000000
8452, 7, 8.000625, 210006515, 1.000031, 31567, 31567, 31564, 0, 7891, 0, 0, 0, 515908, 182237548, 192035, 31515615, 31566.020702, 31563.020795, 0.000000
