ThreadID, cIDX, Time, cycles, deltaT, RX, OnRX, TX, SupTX, OnTX, Idle, OnIdle, Blocked, CacheMiss, CacheHit, CacheWB, CPUIdle, RX/s, TX/s, Sup/s
711, 0, 0, 0, 0, 0, 0, 0, 0, 0, 0, 0, 0, 0, 0, 0, 0, 0, 0, 0
711, 0, 1.000007, 210001498, 1.000007, 31562, 31562, 31576, 0, 7894, 0, 0, 0, 699777, 183230473, 291905, 26759557, 31561.774859, 31575.774759, 0.000000
711, 1, 2.000184, 210037189, 1.000177, 31702, 31702, 31688, 0, 7922, 0, 0, 0, 608726, 183365204, 248026, 26692170, 31696.386872, 31682.389351, 0.000000
711, 2, 3.000193, 210001922, 1.000009, 31684, 31684, 31689, 0, 7923, 0, 0, 0, 586389, 183224599, 237920, 26917251, 31683.710019, 31688.709973, 0.000000
711, 3, 4.000354, 210033751, 1.000161, 31711, 31711, 31695, 0, 7923, 0, 0, 0, 581307, 183288598, 234549, 26871894, 31705.904257, 31689.906828, 0.000000
711, 4, 5.000781, 210089617, 1.000427, 31627, 31627, 31620, 0, 7905, 0, 0, 0, 571356, 183082410, 229985, 27298610, 31613.509010, 31606.511996, 0.000000
711, 5, 6.001018, 210049892, 1.000238, 31659, 31659, 31676, 0, 7919, 0, 0, 0, 566691, 182946766, 227746, 27593171, 31651.480211, 31668.476173, 0.000000
711, 6, 7.001418, 210083869, 1.000399, 31599, 31599, 31588, 0, 7897, 0, 0, 0, 563402, 183102989, 225229, 27315461, 31586.385150, 31575.389541, 0.000000
711, 7, 8.001811, 210082497, 1.000393, 31669, 31669, 31664, 0, 7916, 0, 0, 1, 558299, 183095208, 224039, 27477728, 31656.563945, 31651.565908, 0.000000
