ThreadID, cIDX, Time, cycles, deltaT, RX, OnRX, TX, SupTX, OnTX, Idle, OnIdle, Blocked, CacheMiss, CacheHit, CacheWB, CPUIdle, RX/s, TX/s, Sup/s
1756, 0, 0, 0, 0, 0, 0, 0, 0, 0, 0, 0, 0, 0, 0, 0, 0, 0, 0, 0
1756, 0, 1.000049, 210010299, 1.000049, 27223, 27223, 27224, 0, 6806, 0, 0, 0, 0, 0, 0, 29100408, 27221.664972, 27222.664923, 0.000000
1756, 1, 2.000203, 210032417, 1.000154, 27184, 27184, 27181, 0, 6796, 0, 0, 4, 0, 0, 0, 29116611, 27179.804344, 27176.804807, 0.000000
1756, 2, 3.000213, 210002102, 1.000010, 27118, 27118, 27128, 0, 6782, 0, 0, 8, 0, 0, 0, 29271335, 27117.728564, 27127.728464, 0.000000
1756, 3, 4.000227, 210002896, 1.000014, 27152, 27152, 27143, 0, 6785, 0, 0, 2, 0, 0, 0, 29409298, 27151.625566, 27142.625690, 0.000000
1756, 4, 5.000229, 210000427, 1.000002, 27066, 27066, 27068, 0, 6767, 0, 0, 0, 0, 0, 0, 29648374, 27065.944966, 27067.944962, 0.000000
1756, 5, 6.000301, 210015038, 1.000072, 27119, 27119, 27116, 0, 6779, 0, 0, 0, 0, 0, 0, 30062928, 27117.058160, 27114.058375, 0.000000
1756, 6, 7.000466, 210034599, 1.000165, 27089, 27089, 27080, 0, 6770, 0, 0, 1, 0, 0, 0, 29701736, 27084.537629, 27075.539112, 0.000000
1756, 7, 8.000545, 210016744, 1.000080, 27098, 27098, 27104, 0, 6776, 0, 0, 0, 0, 0, 0, 29665896, 27095.839558, 27101.839080, 0.000000
