ThreadID, cIDX, Time, cycles, deltaT, RX, OnRX, TX, SupTX, OnTX, Idle, OnIdle, Blocked, CacheMiss, CacheHit, CacheWB, CPUIdle, RX/s, TX/s, Sup/s
11112, 0, 0, 0, 0, 0, 0, 0, 0, 0, 0, 0, 0, 0, 0, 0, 0, 0, 0, 0
11112, 0, 1.000654, 210137338, 1.000654, 27151, 27151, 27144, 0, 6786, 0, 0, 0, 0, 0, 0, 29041277, 27133.255110, 27126.259685, 0.000000
11112, 1, 2.000668, 210002910, 1.000014, 27123, 27123, 27127, 0, 6782, 0, 0, 6, 0, 0, 0, 28887055, 27122.624158, 27126.624102, 0.000000
11112, 2, 3.000675, 210001433, 1.000007, 27140, 27140, 27147, 0, 6787, 0, 0, 11, 0, 0, 0, 28986913, 27139.814803, 27146.814755, 0.000000
11112, 3, 4.000696, 210004549, 1.000022, 27189, 27189, 27190, 0, 6797, 0, 0, 9, 0, 0, 0, 29048385, 27188.411047, 27189.411026, 0.000000
11112, 4, 5.000710, 210002905, 1.000014, 27148, 27148, 27148, 0, 6787, 0, 0, 0, 0, 0, 0, 29341445, 27147.624458, 27147.624458, 0.000000
11112, 5, 6.000715, 210000991, 1.000005, 27044, 27044, 27038, 0, 6760, 0, 0, 3, 0, 0, 0, 29698549, 27043.872379, 27037.872407, 0.000000
11112, 6, 7.000719, 210000822, 1.000004, 27068, 27068, 27075, 0, 6769, 0, 0, 0, 0, 0, 0, 29685538, 27067.894049, 27074.894021, 0.000000
11112, 7, 8.000725, 210001331, 1.000006, 27181, 27181, 27183, 0, 6795, 0, 0, 0, 0, 0, 0, 29298899, 27180.827725, 27182.827713, 0.000000
