ThreadID, cIDX, Time, cycles, deltaT, RX, OnRX, TX, SupTX, OnTX, Idle, OnIdle, Blocked, CacheMiss, CacheHit, CacheWB, CPUIdle, RX/s, TX/s, Sup/s
160, 0, 0, 0, 0, 0, 0, 0, 0, 0, 0, 0, 0, 0, 0, 0, 0, 0, 0, 0
160, 0, 1.000034, 210007229, 1.000034, 30516, 30516, 30505, 0, 7910, 0, 0, 0, 0, 0, 0, 25861684, 30514.949559, 30503.949938, 0.000000
160, 1, 2.000039, 210001028, 1.000005, 30583, 30583, 30583, 0, 7929, 0, 0, 1, 0, 0, 0, 25866025, 30582.850290, 30582.850290, 0.000000
160, 2, 3.000070, 210006489, 1.000031, 30560, 30560, 30578, 0, 7928, 0, 0, 2, 0, 0, 0, 25952033, 30559.055725, 30577.055169, 0.000000
160, 3, 4.000190, 210025148, 1.000120, 30567, 30567, 30548, 0, 7921, 0, 0, 0, 0, 0, 0, 25848207, 30563.339967, 30544.342242, 0.000000
160, 4, 5.000207, 210003677, 1.000018, 30528, 30528, 30547, 0, 7918, 0, 0, 0, 0, 0, 0, 26198368, 30527.465479, 30546.465146, 0.000000
160, 5, 6.000271, 210013443, 1.000064, 30467, 30467, 30473, 0, 7899, 0, 0, 0, 0, 0, 0, 26392876, 30465.049802, 30471.049418, 0.000000
160, 6, 7.000337, 210013665, 1.000065, 30574, 30574, 30564, 0, 7926, 0, 0, 0, 0, 0, 0, 26369788, 30572.010636, 30562.011286, 0.000000
160, 7, 8.000340, 210000706, 1.000003, 30535, 30535, 30530, 0, 7917, 0, 0, 3, 0, 0, 0, 26086613, 30534.897345, 30529.897361, 0.000000
