ThreadID, cIDX, Time, cycles, deltaT, RX, OnRX, TX, SupTX, OnTX, Idle, OnIdle, Blocked, CacheMiss, CacheHit, CacheWB, CPUIdle, RX/s, TX/s, Sup/s
2984, 0, 0, 0, 0, 0, 0, 0, 0, 0, 0, 0, 0, 0, 0, 0, 0, 0, 0, 0
2984, 0, 1.000481, 210101033, 1.000481, 27190, 27190, 27188, 0, 6797, 0, 0, 0, 0, 0, 0, 28329571, 27176.924923, 27174.925884, 0.000000
2984, 1, 2.000495, 210003015, 1.000014, 27146, 27146, 27144, 0, 6786, 0, 0, 0, 0, 0, 0, 28098603, 27145.610267, 27143.610295, 0.000000
2984, 2, 3.000606, 210023279, 1.000111, 27133, 27133, 27140, 0, 6785, 0, 0, 2, 0, 0, 0, 28203210, 27129.992576, 27136.991800, 0.000000
2984, 3, 4.000619, 210002611, 1.000012, 27166, 27166, 27168, 0, 6792, 0, 0, 8, 0, 0, 0, 28309089, 27165.662240, 27167.662215, 0.000000
2984, 4, 5.000751, 210027833, 1.000133, 27131, 27131, 27120, 0, 6780, 0, 0, 5, 0, 0, 0, 28715543, 27127.404585, 27116.406043, 0.000000
2984, 5, 6.000827, 210015965, 1.000076, 27019, 27019, 27024, 0, 6756, 0, 0, 1, 0, 0, 0, 29066100, 27016.946069, 27021.945689, 0.000000
2984, 6, 7.000831, 210000849, 1.000004, 27182, 27182, 27181, 0, 6796, 0, 0, 1, 0, 0, 0, 28944465, 27181.890108, 27180.890112, 0.000000
2984, 7, 8.000884, 210011043, 1.000053, 27054, 27054, 27047, 0, 6761, 0, 0, 0, 0, 0, 0, 28693270, 27052.577421, 27045.577789, 0.000000
