ThreadID, cIDX, Time, cycles, deltaT, RX, OnRX, TX, SupTX, OnTX, Idle, OnIdle, Blocked, CacheMiss, CacheHit, CacheWB, CPUIdle, RX/s, TX/s, Sup/s
9215, 0, 0, 0, 0, 0, 0, 0, 0, 0, 0, 0, 0, 0, 0, 0, 0, 0, 0, 0
9215, 0, 1.000006, 210001205, 1.000006, 27238, 27238, 27236, 0, 6809, 0, 0, 0, 0, 0, 0, 30850667, 27237.843707, 27235.843718, 0.000000
9215, 1, 2.000016, 210002132, 1.000010, 27105, 27105, 27104, 0, 6776, 0, 0, 0, 0, 0, 0, 30812774, 27104.724823, 27103.724833, 0.000000
9215, 2, 3.000028, 210002535, 1.000012, 27104, 27104, 27105, 0, 6777, 0, 0, 3, 0, 0, 0, 30978547, 27103.672820, 27104.672808, 0.000000
9215, 3, 4.000079, 210010791, 1.000051, 27247, 27247, 27251, 0, 6812, 0, 0, 6, 0, 0, 0, 30807858, 27245.599965, 27249.599760, 0.000000
9215, 4, 5.000113, 210007161, 1.000034, 27090, 27090, 27092, 0, 6773, 0, 0, 1, 0, 0, 0, 31397424, 27089.076262, 27091.076194, 0.000000
9215, 5, 6.000141, 210005823, 1.000028, 27079, 27079, 27068, 0, 6767, 0, 0, 0, 0, 0, 0, 31281555, 27078.249159, 27067.249464, 0.000000
9215, 6, 7.000194, 210011070, 1.000053, 27191, 27191, 27196, 0, 6799, 0, 0, 0, 0, 0, 0, 31545613, 27189.566721, 27194.566458, 0.000000
9215, 7, 8.000247, 210011114, 1.000053, 27127, 27127, 27132, 0, 6783, 0, 0, 0, 0, 0, 0, 31148380, 27125.564412, 27130.564147, 0.000000
