ThreadID, cIDX, Time, cycles, deltaT, RX, OnRX, TX, SupTX, OnTX, Idle, OnIdle, Blocked, CacheMiss, CacheHit, CacheWB, CPUIdle, RX/s, TX/s, Sup/s
69, 0, 0, 0, 0, 0, 0, 0, 0, 0, 0, 0, 0, 0, 0, 0, 0, 0, 0, 0
69, 0, 1.000005, 210001074, 1.000005, 31518, 31518, 31511, 0, 7878, 0, 0, 0, 691292, 183415684, 285079, 26612169, 31517.838809, 31510.838845, 0.000000
69, 1, 2.000012, 210001352, 1.000006, 31655, 31655, 31674, 0, 7919, 0, 0, 2, 599772, 183483900, 239413, 26530350, 31654.796203, 31673.796081, 0.000000
69, 2, 3.000018, 210001428, 1.000007, 31716, 31716, 31697, 0, 7924, 0, 0, 1, 584776, 183378068, 232084, 26779557, 31715.784333, 31696.784462, 0.000000
69, 3, 4.000043, 210005162, 1.000025, 31687, 31687, 31696, 0, 7924, 0, 0, 3, 580745, 183415092, 230415, 26770787, 31686.221123, 31695.220901, 0.000000
69, 4, 5.000197, 210032440, 1.000154, 31624, 31624, 31602, 0, 7900, 0, 0, 0, 572291, 183257394, 227417, 27118941, 31619.115599, 31597.118997, 0.000000
69, 5, 6.000440, 210050946, 1.000243, 31617, 31617, 31620, 0, 7905, 0, 0, 0, 559254, 183162009, 220221, 27331978, 31609.331576, 31612.330849, 0.000000
69, 6, 7.000452, 210002552, 1.000012, 31634, 31634, 31653, 0, 7914, 0, 0, 0, 549682, 183177794, 215345, 27166166, 31633.615576, 31652.615345, 0.000000
69, 7, 8.000463, 210002241, 1.000011, 31587, 31587, 31563, 0, 7890, 0, 0, 0, 547859, 183329512, 214277, 26775497, 31586.662925, 31562.663181, 0.000000
