ThreadID, cIDX, Time, cycles, deltaT, RX, OnRX, TX, SupTX, OnTX, Idle, OnIdle, Blocked, CacheMiss, CacheHit, CacheWB, CPUIdle, RX/s, TX/s, Sup/s
10372, 0, 0, 0, 0, 0, 0, 0, 0, 0, 0, 0, 0, 0, 0, 0, 0, 0, 0, 0
10372, 0, 1.000002, 210000385, 1.000002, 31555, 31555, 31556, 0, 7889, 0, 0, 1, 647474, 182165164, 268797, 31561835, 31554.942149, 31555.942147, 0.000000
10372, 1, 2.000009, 210001427, 1.000007, 31694, 31694, 31710, 0, 7928, 0, 0, 6, 563508, 182080990, 226343, 31722195, 31693.784633, 31709.784524, 0.000000
10372, 2, 3.000149, 210029553, 1.000141, 31659, 31659, 31620, 0, 7905, 0, 0, 0, 550279, 182057127, 221201, 31846807, 31654.545301, 31615.550789, 0.000000
10372, 3, 4.000168, 210003976, 1.000019, 31711, 31711, 31718, 0, 7929, 0, 0, 2, 542605, 181993860, 218234, 31869991, 31710.399616, 31717.399484, 0.000000
10372, 4, 5.000172, 210000788, 1.000004, 31630, 31630, 31652, 0, 7913, 0, 0, 3, 539472, 181978528, 216145, 31922894, 31629.881313, 31651.881230, 0.000000
10372, 5, 6.000193, 210004438, 1.000021, 31606, 31606, 31587, 0, 7897, 0, 0, 2, 530858, 181693994, 211812, 32461665, 31605.332074, 31586.332476, 0.000000
10372, 6, 7.000219, 210005467, 1.000026, 31692, 31692, 31702, 0, 7926, 0, 0, 3, 531126, 181715462, 213278, 32456623, 31691.174973, 31701.174713, 0.000000
10372, 7, 8.000284, 210013645, 1.000065, 31663, 31663, 31679, 0, 7919, 0, 0, 0, 528625, 181893831, 211302, 32236415, 31660.942793, 31676.941753, 0.000000
