ThreadID, cIDX, Time, cycles, deltaT, RX, OnRX, TX, SupTX, OnTX, Idle, OnIdle, Blocked, CacheMiss, CacheHit, CacheWB, CPUIdle, RX/s, TX/s, Sup/s
535, 0, 0, 0, 0, 0, 0, 0, 0, 0, 0, 0, 0, 0, 0, 0, 0, 0, 0, 0
535, 0, 1.000051, 210010678, 1.000051, 31540, 31540, 31528, 0, 7882, 0, 0, 0, 0, 0, 0, 27566563, 31538.396348, 31526.396958, 0.000000
535, 1, 2.000217, 210034875, 1.000166, 31682, 31682, 31692, 0, 7923, 0, 0, 1, 0, 0, 0, 27588752, 31676.739399, 31686.737738, 0.000000
535, 2, 3.000220, 210000745, 1.000004, 31698, 31698, 31703, 0, 7926, 0, 0, 0, 0, 0, 0, 27630624, 31697.887548, 31702.887530, 0.000000
535, 3, 4.000225, 210000993, 1.000005, 31692, 31692, 31704, 0, 7926, 0, 0, 1, 0, 0, 0, 27660673, 31691.850143, 31703.850086, 0.000000
535, 4, 5.000415, 210039806, 1.000190, 31627, 31627, 31597, 0, 7899, 0, 0, 0, 0, 0, 0, 28258320, 31621.006163, 31591.011848, 0.000000
535, 5, 6.000459, 210009388, 1.000045, 31639, 31639, 31672, 0, 7918, 0, 0, 0, 0, 0, 0, 28334824, 31637.585649, 31670.584174, 0.000000
535, 6, 7.000622, 210034049, 1.000162, 31615, 31615, 31600, 0, 7900, 0, 0, 1, 0, 0, 0, 28265041, 31609.874835, 31594.877267, 0.000000
535, 7, 8.000628, 210001291, 1.000006, 31609, 31609, 31614, 0, 7904, 0, 0, 1, 0, 0, 0, 28323670, 31608.805681, 31613.805650, 0.000000
