ThreadID, cIDX, Time, cycles, deltaT, RX, OnRX, TX, SupTX, OnTX, Idle, OnIdle, Blocked, CacheMiss, CacheHit, CacheWB, CPUIdle, RX/s, TX/s, Sup/s
910, 0, 0, 0, 0, 0, 0, 0, 0, 0, 0, 0, 0, 0, 0, 0, 0, 0, 0, 0
910, 0, 1.000078, 210016479, 1.000078, 27265, 27265, 27260, 0, 6815, 0, 0, 0, 671449, 183384334, 276673, 29381837, 27262.860644, 27257.861037, 0.000000
910, 1, 2.000108, 210006266, 1.000030, 27083, 27083, 27088, 0, 6772, 0, 0, 0, 604913, 183428866, 240368, 29458956, 27082.191919, 27087.191770, 0.000000
910, 2, 3.000110, 210000402, 1.000002, 27077, 27077, 27076, 0, 6769, 0, 0, 0, 592288, 183302877, 234165, 29670109, 27076.948167, 27075.948169, 0.000000
910, 3, 4.000116, 210001149, 1.000005, 27197, 27197, 27200, 0, 6800, 0, 0, 0, 587954, 183356068, 230631, 29593858, 27196.851194, 27199.851178, 0.000000
910, 4, 5.000117, 210000303, 1.000001, 27159, 27159, 27155, 0, 6789, 0, 0, 0, 585390, 183162451, 229663, 29871371, 27158.960813, 27154.960819, 0.000000
910, 5, 6.000156, 210008251, 1.000039, 27075, 27075, 27073, 0, 6768, 0, 0, 0, 579047, 183078774, 226697, 30185112, 27073.936252, 27071.936331, 0.000000
910, 6, 7.000170, 210002818, 1.000013, 27095, 27095, 27104, 0, 6776, 0, 0, 0, 573859, 183076868, 223755, 30247517, 27094.636416, 27103.636295, 0.000000
910, 7, 8.000217, 210009982, 1.000048, 27197, 27197, 27192, 0, 6798, 0, 0, 0, 569414, 183147166, 221088, 29952139, 27195.707297, 27190.707535, 0.000000
