ThreadID, cIDX, Time, cycles, deltaT, RX, OnRX, TX, SupTX, OnTX, Idle, OnIdle, Blocked, CacheMiss, CacheHit, CacheWB, CPUIdle, RX/s, TX/s, Sup/s
721, 0, 0, 0, 0, 0, 0, 0, 0, 0, 0, 0, 0, 0, 0, 0, 0, 0, 0, 0
721, 0, 1.000119, 210024922, 1.000119, 31654, 31654, 31644, 0, 7911, 0, 0, 0, 0, 0, 0, 26702798, 31650.243870, 31640.245056, 0.000000
721, 1, 2.000121, 210000547, 1.000003, 31639, 31639, 31668, 0, 7917, 0, 0, 1, 0, 0, 0, 26645693, 31638.917588, 31667.917513, 0.000000
721, 2, 3.000128, 210001445, 1.000007, 31713, 31713, 31692, 0, 7923, 0, 0, 0, 0, 0, 0, 26883551, 31712.781786, 31691.781930, 0.000000
721, 3, 4.000132, 210000777, 1.000004, 31724, 31724, 31724, 0, 7931, 0, 0, 1, 0, 0, 0, 26859017, 31723.882622, 31723.882622, 0.000000
721, 4, 5.000135, 210000598, 1.000003, 31660, 31660, 31676, 0, 7919, 0, 0, 0, 0, 0, 0, 27339314, 31659.909845, 31675.909799, 0.000000
721, 5, 6.000260, 210026320, 1.000125, 31626, 31626, 31596, 0, 7899, 0, 0, 0, 0, 0, 0, 27606803, 31622.036705, 31592.040464, 0.000000
721, 6, 7.000350, 210018817, 1.000090, 31669, 31669, 31688, 0, 7922, 0, 0, 0, 0, 0, 0, 27304156, 31666.162561, 31685.160859, 0.000000
721, 7, 8.000444, 210019779, 1.000094, 31741, 31741, 31724, 0, 7931, 0, 0, 1, 0, 0, 0, 27399537, 31738.010733, 31721.012334, 0.000000
