ThreadID, cIDX, Time, cycles, deltaT, RX, OnRX, TX, SupTX, OnTX, Idle, OnIdle, Blocked, CacheMiss, CacheHit, CacheWB, CPUIdle, RX/s, TX/s, Sup/s
8742, 0, 0, 0, 0, 0, 0, 0, 0, 0, 0, 0, 0, 0, 0, 0, 0, 0, 0, 0
8742, 0, 1.000036, 210007490, 1.000036, 31536, 31536, 31540, 0, 7885, 0, 0, 0, 0, 0, 0, 27678802, 31534.875256, 31538.875113, 0.000000
8742, 1, 2.000051, 210003154, 1.000015, 31689, 31689, 31680, 0, 7920, 0, 0, 4, 0, 0, 0, 27632750, 31688.524069, 31679.524204, 0.000000
8742, 2, 3.000094, 210009075, 1.000043, 31694, 31694, 31711, 0, 7928, 0, 0, 10, 0, 0, 0, 27612296, 31692.630426, 31709.629691, 0.000000
8742, 3, 4.000113, 210004013, 1.000019, 31696, 31696, 31669, 0, 7917, 0, 0, 2, 0, 0, 0, 27634770, 31695.394316, 31668.394832, 0.000000
8742, 4, 5.000471, 210075157, 1.000358, 31652, 31652, 31656, 0, 7914, 0, 0, 6, 0, 0, 0, 28409564, 31640.676103, 31644.674672, 0.000000
8742, 5, 6.000481, 210002075, 1.000010, 31632, 31632, 31638, 0, 7910, 0, 0, 0, 0, 0, 0, 28396811, 31631.687449, 31637.687390, 0.000000
8742, 6, 7.000498, 210003532, 1.000017, 31583, 31583, 31595, 0, 7899, 0, 0, 1, 0, 0, 0, 28451402, 31582.468813, 31594.468611, 0.000000
8742, 7, 8.000503, 210001155, 1.000006, 31663, 31663, 31657, 0, 7914, 0, 0, 4, 0, 0, 0, 28248808, 31662.825854, 31656.825887, 0.000000
