ThreadID, cIDX, Time, cycles, deltaT, RX, OnRX, TX, SupTX, OnTX, Idle, OnIdle, Blocked, CacheMiss, CacheHit, CacheWB, CPUIdle, RX/s, TX/s, Sup/s
1501, 0, 0, 0, 0, 0, 0, 0, 0, 0, 0, 0, 0, 0, 0, 0, 0, 0, 0, 0
1501, 0, 1.000405, 210084991, 1.000405, 27263, 27263, 27268, 0, 6817, 0, 0, 0, 0, 0, 0, 29225114, 27251.970608, 27256.968586, 0.000000
1501, 1, 2.000566, 210033870, 1.000161, 27176, 27176, 27176, 0, 6794, 0, 0, 2, 0, 0, 0, 29179013, 27171.617606, 27171.617606, 0.000000
1501, 2, 3.000779, 210044635, 1.000213, 27109, 27109, 27104, 0, 6776, 0, 0, 2, 0, 0, 0, 29354873, 27103.239271, 27098.240334, 0.000000
1501, 3, 4.000786, 210001502, 1.000007, 27100, 27100, 27106, 0, 6777, 0, 0, 0, 0, 0, 0, 29297551, 27099.806172, 27105.806129, 0.000000
1501, 4, 5.000794, 210001779, 1.000008, 27104, 27104, 27098, 0, 6774, 0, 0, 2, 0, 0, 0, 29654323, 27103.770392, 27097.770443, 0.000000
1501, 5, 6.000835, 210008536, 1.000041, 27120, 27120, 27124, 0, 6781, 0, 0, 5, 0, 0, 0, 29876567, 27118.897681, 27122.897519, 0.000000
1501, 6, 7.000847, 210002658, 1.000013, 26996, 26996, 26993, 0, 6749, 0, 0, 0, 0, 0, 0, 29632437, 26995.658312, 26992.658350, 0.000000
1501, 7, 8.000849, 210000227, 1.000001, 27155, 27155, 27155, 0, 6788, 0, 0, 0, 0, 0, 0, 29709160, 27154.970647, 27154.970647, 0.000000
