ThreadID, cIDX, Time, cycles, deltaT, RX, OnRX, TX, SupTX, OnTX, Idle, OnIdle, Blocked, CacheMiss, CacheHit, CacheWB, CPUIdle, RX/s, TX/s, Sup/s
8494, 0, 0, 0, 0, 0, 0, 0, 0, 0, 0, 0, 0, 0, 0, 0, 0, 0, 0, 0
8494, 0, 1.000003, 210000596, 1.000003, 27199, 27199, 27193, 0, 6799, 0, 0, 0, 0, 0, 0, 27692811, 27198.922807, 27192.922824, 0.000000
8494, 1, 2.000005, 210000475, 1.000002, 27119, 27119, 27127, 0, 6781, 0, 0, 8, 0, 0, 0, 27570759, 27118.938660, 27126.938641, 0.000000
8494, 2, 3.000051, 210009656, 1.000046, 27106, 27106, 27101, 0, 6776, 0, 0, 3, 0, 0, 0, 27781293, 27104.753698, 27099.753928, 0.000000
8494, 3, 4.000071, 210004281, 1.000020, 27190, 27190, 27195, 0, 6798, 0, 0, 5, 0, 0, 0, 27694331, 27189.445724, 27194.445622, 0.000000
8494, 4, 5.000078, 210001431, 1.000007, 27135, 27135, 27136, 0, 6784, 0, 0, 0, 0, 0, 0, 27884940, 27134.815096, 27135.815089, 0.000000
8494, 5, 6.000177, 210020789, 1.000099, 27115, 27115, 27112, 0, 6778, 0, 0, 0, 0, 0, 0, 28404868, 27112.316010, 27109.316307, 0.000000
8494, 6, 7.000192, 210003027, 1.000014, 27115, 27115, 27108, 0, 6777, 0, 0, 2, 0, 0, 0, 28327796, 27114.609162, 27107.609263, 0.000000
8494, 7, 8.000201, 210001994, 1.000009, 27197, 27197, 27208, 0, 6802, 0, 0, 0, 0, 0, 0, 28232855, 27196.741760, 27207.741656, 0.000000
