ThreadID, cIDX, Time, cycles, deltaT, RX, OnRX, TX, SupTX, OnTX, Idle, OnIdle, Blocked, CacheMiss, CacheHit, CacheWB, CPUIdle, RX/s, TX/s, Sup/s
2815, 0, 0, 0, 0, 0, 0, 0, 0, 0, 0, 0, 0, 0, 0, 0, 0, 0, 0, 0
2815, 0, 1.000453, 210095229, 1.000453, 27184, 27184, 27193, 0, 6799, 0, 0, 2, 0, 0, 0, 30923177, 27171.678420, 27180.674341, 0.000000
2815, 1, 2.000487, 210007052, 1.000034, 27142, 27142, 27129, 0, 6782, 0, 0, 3, 0, 0, 0, 30660811, 27141.088576, 27128.089013, 0.000000
2815, 2, 3.000603, 210024248, 1.000115, 27164, 27164, 27162, 0, 6790, 0, 0, 6, 0, 0, 0, 30808212, 27160.863826, 27158.864056, 0.000000
2815, 3, 4.000605, 210000584, 1.000003, 27203, 27203, 27216, 0, 6804, 0, 0, 7, 0, 0, 0, 30845846, 27202.924350, 27215.924314, 0.000000
2815, 4, 5.000770, 210034640, 1.000165, 27132, 27132, 27124, 0, 6781, 0, 0, 3, 0, 0, 0, 31118836, 27127.525250, 27119.526570, 0.000000
2815, 5, 6.000847, 210016044, 1.000076, 27118, 27118, 27112, 0, 6778, 0, 0, 0, 0, 0, 0, 31688368, 27115.928343, 27109.928801, 0.000000
2815, 6, 7.000909, 210013107, 1.000062, 27097, 27097, 27100, 0, 6775, 0, 0, 0, 0, 0, 0, 31527798, 27095.308866, 27098.308678, 0.000000
2815, 7, 8.000913, 210000894, 1.000004, 27104, 27104, 27105, 0, 6777, 0, 0, 0, 0, 0, 0, 31385531, 27103.884615, 27104.884611, 0.000000
