ThreadID, cIDX, Time, cycles, deltaT, RX, OnRX, TX, SupTX, OnTX, Idle, OnIdle, Blocked, CacheMiss, CacheHit, CacheWB, CPUIdle, RX/s, TX/s, Sup/s
8287, 0, 0, 0, 0, 0, 0, 0, 0, 0, 0, 0, 0, 0, 0, 0, 0, 0, 0, 0
8287, 0, 1.000178, 210037349, 1.000178, 27121, 27121, 27120, 0, 6780, 0, 0, 0, 0, 0, 0, 29031556, 27116.177323, 27115.177501, 0.000000
8287, 1, 2.000396, 210045830, 1.000218, 27177, 27177, 27184, 0, 6796, 0, 0, 2, 0, 0, 0, 28912486, 27171.070237, 27178.068710, 0.000000
8287, 2, 3.000399, 210000510, 1.000002, 27170, 27170, 27163, 0, 6791, 0, 0, 3, 0, 0, 0, 28957442, 27169.934016, 27162.934033, 0.000000
8287, 3, 4.000409, 210002203, 1.000010, 27163, 27163, 27169, 0, 6792, 0, 0, 5, 0, 0, 0, 29007340, 27162.715050, 27168.714987, 0.000000
8287, 4, 5.000476, 210014052, 1.000067, 27166, 27166, 27164, 0, 6791, 0, 0, 0, 0, 0, 0, 29326361, 27164.182328, 27162.182462, 0.000000
8287, 5, 6.000478, 210000429, 1.000002, 27109, 27109, 27104, 0, 6776, 0, 0, 0, 0, 0, 0, 29682520, 27108.944620, 27103.944631, 0.000000
8287, 6, 7.000480, 210000524, 1.000002, 27160, 27160, 27166, 0, 6792, 0, 0, 3, 0, 0, 0, 29390914, 27159.932230, 27165.932215, 0.000000
8287, 7, 8.000505, 210005066, 1.000024, 27111, 27111, 27106, 0, 6776, 0, 0, 1, 0, 0, 0, 29022706, 27110.345995, 27105.346116, 0.000000
