ThreadID, cIDX, Time, cycles, deltaT, RX, OnRX, TX, SupTX, OnTX, Idle, OnIdle, Blocked, CacheMiss, CacheHit, CacheWB, CPUIdle, RX/s, TX/s, Sup/s
11161, 0, 0, 0, 0, 0, 0, 0, 0, 0, 0, 0, 0, 0, 0, 0, 0, 0, 0, 0
11161, 0, 1.000474, 210099464, 1.000474, 27167, 27167, 27164, 0, 6791, 0, 0, 0, 0, 0, 0, 29886350, 27154.138765, 27151.140186, 0.000000
11161, 1, 2.000496, 210004789, 1.000023, 27104, 27104, 27104, 0, 6776, 0, 0, 6, 0, 0, 0, 29782810, 27103.381914, 27103.381914, 0.000000
11161, 2, 3.000499, 210000511, 1.000002, 27137, 27137, 27146, 0, 6787, 0, 0, 9, 0, 0, 0, 29940161, 27136.933967, 27145.933945, 0.000000
11161, 3, 4.000548, 210010374, 1.000049, 27211, 27211, 27207, 0, 6802, 0, 0, 8, 0, 0, 0, 29906438, 27209.655843, 27205.656041, 0.000000
11161, 4, 5.000560, 210002530, 1.000012, 27156, 27156, 27155, 0, 6788, 0, 0, 5, 0, 0, 0, 30220166, 27155.672839, 27154.672851, 0.000000
11161, 5, 6.000656, 210020174, 1.000096, 27089, 27089, 27084, 0, 6771, 0, 0, 1, 0, 0, 0, 30621926, 27086.397900, 27081.398380, 0.000000
11161, 6, 7.000668, 210002448, 1.000012, 27061, 27061, 27062, 0, 6766, 0, 0, 0, 0, 0, 0, 30465880, 27060.684550, 27061.684538, 0.000000
11161, 7, 8.000680, 210002609, 1.000012, 27214, 27214, 27215, 0, 6804, 0, 0, 0, 0, 0, 0, 30039485, 27213.661903, 27214.661890, 0.000000
