ThreadID, cIDX, Time, cycles, deltaT, RX, OnRX, TX, SupTX, OnTX, Idle, OnIdle, Blocked, CacheMiss, CacheHit, CacheWB, CPUIdle, RX/s, TX/s, Sup/s
502, 0, 0, 0, 0, 0, 0, 0, 0, 0, 0, 0, 0, 0, 0, 0, 0, 0, 0, 0
502, 0, 1.000063, 210013334, 1.000063, 30428, 30428, 30430, 0, 7890, 0, 0, 0, 0, 0, 0, 29140809, 30426.068090, 30428.067963, 0.000000
502, 1, 2.000076, 210002689, 1.000013, 30564, 30564, 30550, 0, 7919, 0, 0, 2, 0, 0, 0, 29175253, 30563.608640, 30549.608820, 0.000000
502, 2, 3.000167, 210019141, 1.000091, 30555, 30555, 30572, 0, 7927, 0, 0, 2, 0, 0, 0, 29343397, 30552.215238, 30569.213689, 0.000000
502, 3, 4.000217, 210010303, 1.000049, 30571, 30571, 30557, 0, 7923, 0, 0, 0, 0, 0, 0, 29233330, 30569.500202, 30555.500889, 0.000000
502, 4, 5.000244, 210005709, 1.000027, 30478, 30478, 30474, 0, 7902, 0, 0, 0, 0, 0, 0, 29712997, 30477.171456, 30473.171565, 0.000000
502, 5, 6.000248, 210000893, 1.000004, 30521, 30521, 30528, 0, 7915, 0, 0, 1, 0, 0, 0, 30044227, 30520.870214, 30527.870184, 0.000000
502, 6, 7.000304, 210011675, 1.000056, 30457, 30457, 30475, 0, 7900, 0, 0, 0, 0, 0, 0, 29966573, 30455.306830, 30473.305829, 0.000000
502, 7, 8.000507, 210042724, 1.000203, 30523, 30523, 30497, 0, 7909, 0, 0, 1, 0, 0, 0, 29893607, 30516.791431, 30490.796720, 0.000000
