ThreadID, cIDX, Time, cycles, deltaT, RX, OnRX, TX, SupTX, OnTX, Idle, OnIdle, Blocked, CacheMiss, CacheHit, CacheWB, CPUIdle, RX/s, TX/s, Sup/s
8551, 0, 0, 0, 0, 0, 0, 0, 0, 0, 0, 0, 0, 0, 0, 0, 0, 0, 0, 0
8551, 0, 1.000127, 210026655, 1.000127, 31540, 31540, 31552, 0, 7888, 0, 0, 0, 0, 0, 0, 28596194, 31535.997181, 31547.995658, 0.000000
8551, 1, 2.000291, 210034360, 1.000164, 31685, 31685, 31665, 0, 7917, 0, 0, 4, 0, 0, 0, 28547488, 31679.816579, 31659.819850, 0.000000
8551, 2, 3.000328, 210007933, 1.000038, 31706, 31706, 31719, 0, 7929, 0, 0, 3, 0, 0, 0, 28697119, 31704.802313, 31717.801822, 0.000000
8551, 3, 4.000512, 210038616, 1.000184, 31613, 31613, 31596, 0, 7899, 0, 0, 1, 0, 0, 0, 28569897, 31607.187890, 31590.191015, 0.000000
8551, 4, 5.000575, 210013209, 1.000063, 31615, 31615, 31644, 0, 7911, 0, 0, 1, 0, 0, 0, 28896819, 31613.011542, 31642.009718, 0.000000
8551, 5, 6.000757, 210038111, 1.000181, 31688, 31688, 31656, 0, 7914, 0, 0, 0, 0, 0, 0, 29141849, 31682.250275, 31650.256081, 0.000000
8551, 6, 7.001107, 210073589, 1.000350, 31536, 31536, 31540, 0, 7885, 0, 0, 1, 0, 0, 0, 29126941, 31524.952906, 31528.951505, 0.000000
8551, 7, 8.001563, 210095849, 1.000456, 31683, 31683, 31680, 0, 7920, 0, 0, 6, 0, 0, 0, 29199629, 31668.545722, 31665.547090, 0.000000
