ThreadID, cIDX, Time, cycles, deltaT, RX, OnRX, TX, SupTX, OnTX, Idle, OnIdle, Blocked, CacheMiss, CacheHit, CacheWB, CPUIdle, RX/s, TX/s, Sup/s
848, 0, 0, 0, 0, 0, 0, 0, 0, 0, 0, 0, 0, 0, 0, 0, 0, 0, 0, 0
848, 0, 1.000008, 210001728, 1.000008, 30619, 30619, 30622, 0, 7939, 0, 0, 0, 0, 0, 0, 26630039, 30618.748051, 30621.748027, 0.000000
848, 1, 2.000010, 210000398, 1.000002, 30512, 30512, 30508, 0, 7911, 0, 0, 0, 0, 0, 0, 26696428, 30511.942173, 30507.942180, 0.000000
848, 2, 3.000191, 210038063, 1.000181, 30519, 30519, 30514, 0, 7911, 0, 0, 1, 0, 0, 0, 26938777, 30513.469361, 30508.470267, 0.000000
848, 3, 4.000194, 210000650, 1.000003, 30579, 30579, 30596, 0, 7932, 0, 0, 0, 0, 0, 0, 26821659, 30578.905351, 30595.905298, 0.000000
848, 4, 5.000201, 210001391, 1.000007, 30507, 30507, 30490, 0, 7905, 0, 0, 1, 0, 0, 0, 27277700, 30506.797929, 30489.798041, 0.000000
848, 5, 6.000261, 210012659, 1.000060, 30485, 30485, 30482, 0, 7902, 0, 0, 0, 0, 0, 0, 27526629, 30483.162446, 30480.162627, 0.000000
848, 6, 7.000274, 210002642, 1.000013, 30511, 30511, 30516, 0, 7913, 0, 0, 0, 0, 0, 0, 27512488, 30510.616147, 30515.616084, 0.000000
848, 7, 8.000286, 210002473, 1.000012, 30569, 30569, 30583, 0, 7928, 0, 0, 1, 0, 0, 0, 27285873, 30568.640018, 30582.639853, 0.000000
