ThreadID, cIDX, Time, cycles, deltaT, RX, OnRX, TX, SupTX, OnTX, Idle, OnIdle, Blocked, CacheMiss, CacheHit, CacheWB, CPUIdle, RX/s, TX/s, Sup/s
8634, 0, 0, 0, 0, 0, 0, 0, 0, 0, 0, 0, 0, 0, 0, 0, 0, 0, 0, 0
8634, 0, 1.000578, 210121289, 1.000578, 27267, 27267, 27260, 0, 6815, 0, 0, 1, 0, 0, 0, 27767897, 27251.260580, 27244.264621, 0.000000
8634, 1, 2.000616, 210007968, 1.000038, 27148, 27148, 27152, 0, 6788, 0, 0, 2, 0, 0, 0, 27591542, 27146.969966, 27150.969815, 0.000000
8634, 2, 3.000652, 210007633, 1.000036, 27111, 27111, 27112, 0, 6778, 0, 0, 3, 0, 0, 0, 27729471, 27110.014616, 27111.014579, 0.000000
8634, 3, 4.000689, 210007768, 1.000037, 27182, 27182, 27184, 0, 6796, 0, 0, 6, 0, 0, 0, 27600843, 27180.994562, 27182.994488, 0.000000
8634, 4, 5.000792, 210021558, 1.000103, 27111, 27111, 27108, 0, 6777, 0, 0, 0, 0, 0, 0, 28082504, 27108.217148, 27105.217456, 0.000000
8634, 5, 6.000818, 210005637, 1.000027, 27011, 27011, 27016, 0, 6754, 0, 0, 2, 0, 0, 0, 28264684, 27010.274967, 27015.274833, 0.000000
8634, 6, 7.000990, 210036050, 1.000172, 27174, 27174, 27164, 0, 6791, 0, 0, 0, 0, 0, 0, 28346138, 27169.335931, 27159.337647, 0.000000
8634, 7, 8.001022, 210006659, 1.000032, 27052, 27052, 27056, 0, 6764, 0, 0, 1, 0, 0, 0, 28466582, 27051.142221, 27055.142094, 0.000000
