ThreadID, cIDX, Time, cycles, deltaT, RX, OnRX, TX, SupTX, OnTX, Idle, OnIdle, Blocked, CacheMiss, CacheHit, CacheWB, CPUIdle, RX/s, TX/s, Sup/s
2177, 0, 0, 0, 0, 0, 0, 0, 0, 0, 0, 0, 0, 0, 0, 0, 0, 0, 0, 0
2177, 0, 1.000005, 210001089, 1.000005, 31651, 31651, 31647, 0, 7912, 0, 0, 4, 647163, 182106564, 267232, 31663021, 31650.835868, 31646.835889, 0.000000
2177, 1, 2.000016, 210002183, 1.000010, 31671, 31671, 31673, 0, 7918, 0, 0, 2, 573336, 182149921, 231710, 31679586, 31670.670776, 31672.670755, 0.000000
2177, 2, 3.000045, 210006233, 1.000030, 31701, 31701, 31712, 0, 7928, 0, 0, 0, 554544, 182008995, 223576, 31907075, 31700.059112, 31711.058786, 0.000000
2177, 3, 4.000055, 210002033, 1.000010, 31694, 31694, 31675, 0, 7919, 0, 0, 4, 539610, 181920312, 216788, 32079869, 31693.693175, 31674.693359, 0.000000
2177, 4, 5.000269, 210044974, 1.000214, 31604, 31604, 31625, 0, 7906, 0, 0, 6, 535130, 181868791, 213884, 32277196, 31597.233076, 31618.228580, 0.000000
2177, 5, 6.000281, 210002477, 1.000012, 31581, 31581, 31572, 0, 7893, 0, 0, 2, 523206, 181634307, 207647, 32667448, 31580.627499, 31571.627605, 0.000000
2177, 6, 7.000577, 210062223, 1.000296, 31712, 31712, 31696, 0, 7924, 0, 0, 6, 522159, 181781713, 207389, 32607793, 31702.606518, 31686.611257, 0.000000
2177, 7, 8.000692, 210024031, 1.000114, 31571, 31571, 31572, 0, 7893, 0, 0, 2, 524777, 181927819, 208986, 32258304, 31567.387639, 31568.387524, 0.000000
