ThreadID, cIDX, Time, cycles, deltaT, RX, OnRX, TX, SupTX, OnTX, Idle, OnIdle, Blocked, CacheMiss, CacheHit, CacheWB, CPUIdle, RX/s, TX/s, Sup/s
1060, 0, 0, 0, 0, 0, 0, 0, 0, 0, 0, 0, 0, 0, 0, 0, 0, 0, 0, 0
1060, 0, 1.000221, 210046495, 1.000221, 31549, 31549, 31556, 0, 7889, 0, 0, 1, 0, 0, 0, 28261088, 31542.016447, 31549.014898, 0.000000
1060, 1, 2.000353, 210027605, 1.000131, 31720, 31720, 31701, 0, 7926, 0, 0, 7, 0, 0, 0, 28315456, 31715.830879, 31696.833376, 0.000000
1060, 2, 3.000374, 210004371, 1.000021, 31692, 31692, 31689, 0, 7922, 0, 0, 4, 0, 0, 0, 28553435, 31691.340367, 31688.340430, 0.000000
1060, 3, 4.000389, 210003204, 1.000015, 31677, 31677, 31698, 0, 7924, 0, 0, 10, 0, 0, 0, 28308436, 31676.516707, 31697.516386, 0.000000
1060, 4, 5.000451, 210013131, 1.000063, 31666, 31666, 31660, 0, 7915, 0, 0, 2, 0, 0, 0, 28741327, 31664.020094, 31658.020469, 0.000000
1060, 5, 6.000483, 210006581, 1.000031, 31610, 31610, 31609, 0, 7903, 0, 0, 0, 0, 0, 0, 28698745, 31609.009434, 31608.009465, 0.000000
1060, 6, 7.000806, 210067972, 1.000324, 31726, 31726, 31715, 0, 7928, 0, 0, 0, 0, 0, 0, 28828603, 31715.734372, 31704.737931, 0.000000
1060, 7, 8.000812, 210001083, 1.000005, 31609, 31609, 31608, 0, 7902, 0, 0, 0, 0, 0, 0, 28958075, 31608.836989, 31607.836994, 0.000000
