ThreadID, cIDX, Time, cycles, deltaT, RX, OnRX, TX, SupTX, OnTX, Idle, OnIdle, Blocked, CacheMiss, CacheHit, CacheWB, CPUIdle, RX/s, TX/s, Sup/s
1067, 0, 0, 0, 0, 0, 0, 0, 0, 0, 0, 0, 0, 0, 0, 0, 0, 0, 0, 0
1067, 0, 1.000008, 210001696, 1.000008, 27206, 27206, 27209, 0, 6803, 0, 0, 1, 0, 0, 0, 28221718, 27205.780281, 27208.780257, 0.000000
1067, 1, 2.000040, 210006692, 1.000032, 27134, 27134, 27131, 0, 6782, 0, 0, 3, 0, 0, 0, 28296572, 27133.135357, 27130.135453, 0.000000
1067, 2, 3.000230, 210040013, 1.000191, 27118, 27118, 27124, 0, 6781, 0, 0, 3, 0, 0, 0, 28585866, 27112.833972, 27118.832829, 0.000000
1067, 3, 4.000312, 210017210, 1.000082, 27084, 27084, 27077, 0, 6770, 0, 0, 3, 0, 0, 0, 28331034, 27081.780584, 27074.781157, 0.000000
1067, 4, 5.000319, 210001427, 1.000007, 27094, 27094, 27091, 0, 6772, 0, 0, 4, 0, 0, 0, 28736843, 27093.815891, 27090.815911, 0.000000
1067, 5, 6.000327, 210001719, 1.000008, 27142, 27142, 27144, 0, 6786, 0, 0, 8, 0, 0, 0, 28696870, 27141.777825, 27143.777809, 0.000000
1067, 6, 7.000354, 210005581, 1.000027, 27015, 27015, 27017, 0, 6755, 0, 0, 2, 0, 0, 0, 28827793, 27014.282063, 27016.282010, 0.000000
1067, 7, 8.000365, 210002313, 1.000011, 27156, 27156, 27163, 0, 6790, 0, 0, 0, 0, 0, 0, 28949606, 27155.700899, 27162.700822, 0.000000
