ThreadID, cIDX, Time, cycles, deltaT, RX, OnRX, TX, SupTX, OnTX, Idle, OnIdle, Blocked, CacheMiss, CacheHit, CacheWB, CPUIdle, RX/s, TX/s, Sup/s
8993, 0, 0, 0, 0, 0, 0, 0, 0, 0, 0, 0, 0, 0, 0, 0, 0, 0, 0, 0
8993, 0, 1.000063, 210013220, 1.000063, 31635, 31635, 31628, 0, 7907, 0, 0, 0, 0, 0, 0, 27795074, 31633.008627, 31626.009067, 0.000000
8993, 1, 2.000141, 210016348, 1.000078, 31673, 31673, 31692, 0, 7923, 0, 0, 5, 0, 0, 0, 27618867, 31670.534524, 31689.533045, 0.000000
8993, 2, 3.000366, 210047275, 1.000225, 31713, 31713, 31685, 0, 7922, 0, 0, 1, 0, 0, 0, 27786732, 31705.862406, 31677.868708, 0.000000
8993, 3, 4.000467, 210021220, 1.000101, 31716, 31716, 31731, 0, 7932, 0, 0, 0, 0, 0, 0, 27680911, 31712.795498, 31727.793982, 0.000000
8993, 4, 5.000663, 210041160, 1.000196, 31690, 31690, 31680, 0, 7920, 0, 0, 0, 0, 0, 0, 28384187, 31683.789977, 31673.791937, 0.000000
8993, 5, 6.001073, 210086026, 1.000410, 31610, 31610, 31616, 0, 7904, 0, 0, 0, 0, 0, 0, 28398080, 31597.056341, 31603.053884, 0.000000
8993, 6, 7.001473, 210084042, 1.000400, 31697, 31697, 31688, 0, 7922, 0, 0, 0, 0, 0, 0, 28353188, 31684.319935, 31675.323536, 0.000000
8993, 7, 8.001474, 210000178, 1.000001, 31736, 31736, 31738, 0, 7935, 0, 0, 1, 0, 0, 0, 28415324, 31735.973100, 31737.973098, 0.000000
