ThreadID, cIDX, Time, cycles, deltaT, RX, OnRX, TX, SupTX, OnTX, Idle, OnIdle, Blocked, CacheMiss, CacheHit, CacheWB, CPUIdle, RX/s, TX/s, Sup/s
2528, 0, 0, 0, 0, 0, 0, 0, 0, 0, 0, 0, 0, 0, 0, 0, 0, 0, 0, 0
2528, 0, 1.000004, 210000806, 1.000004, 30579, 30579, 30576, 0, 7928, 0, 0, 1, 0, 0, 0, 28800313, 30578.882635, 30575.882647, 0.000000
2528, 1, 2.000726, 210151553, 1.000722, 30600, 30600, 30611, 0, 7935, 0, 0, 1, 0, 0, 0, 28916242, 30577.932489, 30588.924556, 0.000000
2528, 2, 3.000740, 210003117, 1.000015, 30538, 30538, 30530, 0, 7918, 0, 0, 4, 0, 0, 0, 28969840, 30537.546736, 30529.546854, 0.000000
2528, 3, 4.000757, 210003471, 1.000017, 30444, 30444, 30449, 0, 7893, 0, 0, 6, 0, 0, 0, 29167030, 30443.496812, 30448.496730, 0.000000
2528, 4, 5.000813, 210011792, 1.000056, 30483, 30483, 30483, 0, 7901, 0, 0, 3, 0, 0, 0, 29267317, 30481.288403, 30481.288403, 0.000000
2528, 5, 6.000819, 210001311, 1.000006, 30561, 30561, 30567, 0, 7925, 0, 0, 4, 0, 0, 0, 29839534, 30560.809213, 30566.809176, 0.000000
2528, 6, 7.000869, 210010356, 1.000049, 30379, 30379, 30370, 0, 7876, 0, 0, 4, 0, 0, 0, 29798729, 30377.501955, 30368.502399, 0.000000
2528, 7, 8.000871, 210000545, 1.000003, 30484, 30484, 30479, 0, 7901, 0, 0, 2, 0, 0, 0, 29434131, 30483.920887, 30478.920900, 0.000000
