ThreadID, cIDX, Time, cycles, deltaT, RX, OnRX, TX, SupTX, OnTX, Idle, OnIdle, Blocked, CacheMiss, CacheHit, CacheWB, CPUIdle, RX/s, TX/s, Sup/s
132, 0, 0, 0, 0, 0, 0, 0, 0, 0, 0, 0, 0, 0, 0, 0, 0, 0, 0, 0
132, 0, 1.000028, 210005972, 1.000028, 31557, 31557, 31568, 0, 7892, 0, 0, 0, 697388, 183373533, 288406, 29379604, 31556.102605, 31567.102292, 0.000000
132, 1, 2.000067, 210008174, 1.000039, 31741, 31741, 31745, 0, 7937, 0, 0, 1, 612081, 183446969, 245323, 29437210, 31739.764567, 31743.764412, 0.000000
132, 2, 3.000079, 210002527, 1.000012, 31704, 31704, 31700, 0, 7925, 0, 0, 3, 595060, 183376238, 236200, 29607163, 31703.618500, 31699.618548, 0.000000
132, 3, 4.000085, 210001091, 1.000005, 31584, 31584, 31574, 0, 7893, 0, 0, 2, 580284, 183434165, 229477, 29505155, 31583.835914, 31573.835966, 0.000000
132, 4, 5.000436, 210073692, 1.000351, 31597, 31597, 31578, 0, 7895, 0, 0, 2, 570227, 183319480, 224175, 29766551, 31585.916051, 31566.922716, 0.000000
132, 5, 6.000437, 210000264, 1.000001, 31698, 31698, 31709, 0, 7927, 0, 0, 0, 564755, 183112947, 222750, 30036911, 31697.960151, 31708.960137, 0.000000
132, 6, 7.000579, 210029970, 1.000143, 31549, 31549, 31538, 0, 7884, 0, 0, 1, 565819, 183180891, 223061, 29928961, 31544.498149, 31533.499719, 0.000000
132, 7, 8.000586, 210001294, 1.000006, 31567, 31567, 31591, 0, 7898, 0, 0, 2, 564943, 183309934, 221951, 29562995, 31566.805488, 31590.805340, 0.000000
