ThreadID, cIDX, Time, cycles, deltaT, RX, OnRX, TX, SupTX, OnTX, Idle, OnIdle, Blocked, CacheMiss, CacheHit, CacheWB, CPUIdle, RX/s, TX/s, Sup/s
9522, 0, 0, 0, 0, 0, 0, 0, 0, 0, 0, 0, 0, 0, 0, 0, 0, 0, 0, 0
9522, 0, 1.000361, 210075769, 1.000361, 31568, 31568, 31580, 0, 7895, 0, 0, 1, 0, 0, 0, 28510554, 31556.614223, 31568.609895, 0.000000
9522, 1, 2.000604, 210050997, 1.000243, 31668, 31668, 31649, 0, 7913, 0, 0, 5, 0, 0, 0, 28154149, 31660.311519, 31641.316132, 0.000000
9522, 2, 3.000631, 210005841, 1.000028, 31655, 31655, 31644, 0, 7911, 0, 0, 9, 0, 0, 0, 28400802, 31654.119563, 31643.119869, 0.000000
9522, 3, 4.000648, 210003481, 1.000017, 31731, 31731, 31752, 0, 7938, 0, 0, 10, 0, 0, 0, 28370120, 31730.474030, 31751.473682, 0.000000
9522, 4, 5.000744, 210020166, 1.000096, 31636, 31636, 31635, 0, 7908, 0, 0, 6, 0, 0, 0, 28676237, 31632.962332, 31631.962428, 0.000000
9522, 5, 6.000749, 210001029, 1.000005, 31648, 31648, 31655, 0, 7914, 0, 0, 10, 0, 0, 0, 29156078, 31647.844926, 31654.844891, 0.000000
9522, 6, 7.000874, 210026157, 1.000125, 31642, 31642, 31618, 0, 7905, 0, 0, 0, 0, 0, 0, 28913921, 31638.059254, 31614.062243, 0.000000
9522, 7, 8.000884, 210002167, 1.000010, 31716, 31716, 31711, 0, 7927, 0, 0, 0, 0, 0, 0, 29003515, 31715.672724, 31710.672776, 0.000000
