ThreadID, cIDX, Time, cycles, deltaT, RX, OnRX, TX, SupTX, OnTX, Idle, OnIdle, Blocked, CacheMiss, CacheHit, CacheWB, CPUIdle, RX/s, TX/s, Sup/s
1052, 0, 0, 0, 0, 0, 0, 0, 0, 0, 0, 0, 0, 0, 0, 0, 0, 0, 0, 0
1052, 0, 1.000312, 210065613, 1.000312, 27259, 27259, 27255, 0, 6814, 0, 0, 3, 0, 0, 0, 29789931, 27250.485780, 27246.487030, 0.000000
1052, 1, 2.000357, 210009440, 1.000045, 27158, 27158, 27159, 0, 6790, 0, 0, 6, 0, 0, 0, 29767877, 27156.779238, 27157.779193, 0.000000
1052, 2, 3.000383, 210005423, 1.000026, 27098, 27098, 27103, 0, 6776, 0, 0, 7, 0, 0, 0, 29982243, 27097.300244, 27102.300115, 0.000000
1052, 3, 4.000441, 210012071, 1.000057, 27189, 27189, 27179, 0, 6794, 0, 0, 1, 0, 0, 0, 29808230, 27187.437240, 27177.437815, 0.000000
1052, 4, 5.000483, 210008869, 1.000042, 27069, 27069, 27085, 0, 6772, 0, 0, 9, 0, 0, 0, 30217155, 27067.856834, 27083.856158, 0.000000
1052, 5, 6.000509, 210005551, 1.000026, 27060, 27060, 27048, 0, 6762, 0, 0, 2, 0, 0, 0, 30336265, 27059.284733, 27047.285050, 0.000000
1052, 6, 7.000597, 210018489, 1.000088, 27137, 27137, 27143, 0, 6785, 0, 0, 0, 0, 0, 0, 30298708, 27134.610991, 27140.610463, 0.000000
1052, 7, 8.000663, 210013860, 1.000066, 27082, 27082, 27080, 0, 6770, 0, 0, 0, 0, 0, 0, 30459361, 27080.212706, 27078.212838, 0.000000
