ThreadID, cIDX, Time, cycles, deltaT, RX, OnRX, TX, SupTX, OnTX, Idle, OnIdle, Blocked, CacheMiss, CacheHit, CacheWB, CPUIdle, RX/s, TX/s, Sup/s
80, 0, 0, 0, 0, 0, 0, 0, 0, 0, 0, 0, 0, 0, 0, 0, 0, 0, 0, 0
80, 0, 1.000028, 210005898, 1.000028, 30547, 30547, 30536, 0, 7918, 0, 0, 0, 0, 0, 0, 26642625, 30546.142090, 30535.142399, 0.000000
80, 1, 2.000032, 210000819, 1.000004, 30581, 30581, 30601, 0, 7934, 0, 0, 4, 0, 0, 0, 26569403, 30580.880735, 30600.880657, 0.000000
80, 2, 3.000073, 210008610, 1.000041, 30570, 30570, 30553, 0, 7921, 0, 0, 2, 0, 0, 0, 26769646, 30568.746681, 30551.747378, 0.000000
80, 3, 4.000160, 210018186, 1.000087, 30537, 30537, 30535, 0, 7918, 0, 0, 3, 0, 0, 0, 26724684, 30534.355725, 30532.355898, 0.000000
80, 4, 5.000164, 210001007, 1.000005, 30515, 30515, 30534, 0, 7915, 0, 0, 0, 0, 0, 0, 27059328, 30514.853674, 30533.853583, 0.000000
80, 5, 6.000168, 210000682, 1.000003, 30487, 30487, 30482, 0, 7901, 0, 0, 1, 0, 0, 0, 27256688, 30486.900990, 30481.901006, 0.000000
80, 6, 7.000172, 210000908, 1.000004, 30571, 30571, 30571, 0, 7928, 0, 0, 0, 0, 0, 0, 27164223, 30570.867817, 30570.867817, 0.000000
80, 7, 8.000174, 210000445, 1.000002, 30494, 30494, 30493, 0, 7907, 0, 0, 0, 0, 0, 0, 26830210, 30493.935382, 30492.935384, 0.000000
