ThreadID, cIDX, Time, cycles, deltaT, RX, OnRX, TX, SupTX, OnTX, Idle, OnIdle, Blocked, CacheMiss, CacheHit, CacheWB, CPUIdle, RX/s, TX/s, Sup/s
308, 0, 0, 0, 0, 0, 0, 0, 0, 0, 0, 0, 0, 0, 0, 0, 0, 0, 0, 0
308, 0, 1.000012, 210002515, 1.000012, 31577, 31577, 31596, 0, 7899, 0, 0, 0, 0, 0, 0, 25841420, 31576.621832, 31595.621605, 0.000000
308, 1, 2.000082, 210014623, 1.000070, 31714, 31714, 31688, 0, 7922, 0, 0, 0, 0, 0, 0, 25845537, 31711.791802, 31685.793613, 0.000000
308, 2, 3.000245, 210034342, 1.000164, 31691, 31691, 31688, 0, 7922, 0, 0, 0, 0, 0, 0, 26066188, 31685.818313, 31682.818803, 0.000000
308, 3, 4.000248, 210000626, 1.000003, 31578, 31578, 31577, 0, 7895, 0, 0, 0, 0, 0, 0, 25803043, 31577.905868, 31576.905871, 0.000000
308, 4, 5.000496, 210052039, 1.000248, 31602, 31602, 31591, 0, 7897, 0, 0, 0, 0, 0, 0, 26212893, 31594.170814, 31583.173539, 0.000000
308, 5, 6.000941, 210093510, 1.000445, 31711, 31711, 31712, 0, 7928, 0, 0, 1, 0, 0, 0, 26520621, 31696.885830, 31697.885384, 0.000000
308, 6, 7.000958, 210003425, 1.000016, 31603, 31603, 31636, 0, 7909, 0, 0, 1, 0, 0, 0, 26568910, 31602.484579, 31635.484040, 0.000000
308, 7, 8.000962, 210001027, 1.000005, 31578, 31578, 31580, 0, 7895, 0, 0, 1, 0, 0, 0, 26538332, 31577.845569, 31579.845560, 0.000000
