ThreadID, cIDX, Time, cycles, deltaT, RX, OnRX, TX, SupTX, OnTX, Idle, OnIdle, Blocked, CacheMiss, CacheHit, CacheWB, CPUIdle, RX/s, TX/s, Sup/s
8983, 0, 0, 0, 0, 0, 0, 0, 0, 0, 0, 0, 0, 0, 0, 0, 0, 0, 0, 0
8983, 0, 1.000024, 210005066, 1.000024, 31567, 31567, 31571, 0, 7893, 0, 0, 2, 0, 0, 0, 29265100, 31566.238502, 31570.238406, 0.000000
8983, 1, 2.000047, 210004820, 1.000023, 31681, 31681, 31685, 0, 7921, 0, 0, 4, 0, 0, 0, 29156847, 31680.272862, 31684.272771, 0.000000
8983, 2, 3.000054, 210001466, 1.000007, 31712, 31712, 31695, 0, 7924, 0, 0, 2, 0, 0, 0, 29409858, 31711.778622, 31694.778740, 0.000000
8983, 3, 4.000269, 210045096, 1.000215, 31686, 31686, 31681, 0, 7920, 0, 0, 5, 0, 0, 0, 29253783, 31679.197119, 31674.198192, 0.000000
8983, 4, 5.000649, 210079932, 1.000381, 31660, 31660, 31660, 0, 7915, 0, 0, 0, 0, 0, 0, 29963421, 31647.953885, 31647.953885, 0.000000
8983, 5, 6.000672, 210004763, 1.000023, 31623, 31623, 31648, 0, 7912, 0, 0, 1, 0, 0, 0, 29895137, 31622.282777, 31647.282209, 0.000000
8983, 6, 7.000683, 210002192, 1.000010, 31585, 31585, 31577, 0, 7895, 0, 0, 0, 0, 0, 0, 29938818, 31584.670316, 31576.670400, 0.000000
8983, 7, 8.000696, 210002925, 1.000014, 31666, 31666, 31674, 0, 7918, 0, 0, 1, 0, 0, 0, 29905775, 31665.558944, 31673.558833, 0.000000
