ThreadID, cIDX, Time, cycles, deltaT, RX, OnRX, TX, SupTX, OnTX, Idle, OnIdle, Blocked, CacheMiss, CacheHit, CacheWB, CPUIdle, RX/s, TX/s, Sup/s
2741, 0, 0, 0, 0, 0, 0, 0, 0, 0, 0, 0, 0, 0, 0, 0, 0, 0, 0, 0
2741, 0, 1.000001, 210000239, 1.000001, 31517, 31517, 31498, 0, 7875, 0, 0, 0, 0, 0, 0, 28270515, 31516.964131, 31497.964152, 0.000000
2741, 1, 2.000151, 210031453, 1.000150, 31644, 31644, 31644, 0, 7911, 0, 0, 3, 0, 0, 0, 28085725, 31639.261192, 31639.261192, 0.000000
2741, 2, 3.000460, 210064929, 1.000309, 31655, 31655, 31680, 0, 7920, 0, 0, 6, 0, 0, 0, 28205691, 31645.215751, 31670.208024, 0.000000
2741, 3, 4.000472, 210002483, 1.000012, 31677, 31677, 31664, 0, 7916, 0, 0, 5, 0, 0, 0, 28290108, 31676.625462, 31663.625615, 0.000000
2741, 4, 5.000859, 210081208, 1.000387, 31687, 31687, 31679, 0, 7920, 0, 0, 5, 0, 0, 0, 28776897, 31674.751223, 31666.754315, 0.000000
2741, 5, 6.000936, 210016294, 1.000078, 31615, 31615, 31639, 0, 7909, 0, 0, 6, 0, 0, 0, 29180461, 31612.547167, 31636.545305, 0.000000
2741, 6, 7.000951, 210003174, 1.000015, 31552, 31552, 31545, 0, 7887, 0, 0, 0, 0, 0, 0, 28928398, 31551.523121, 31544.523227, 0.000000
2741, 7, 8.000955, 210000815, 1.000004, 31753, 31753, 31748, 0, 7937, 0, 0, 1, 0, 0, 0, 28786413, 31752.876769, 31747.876788, 0.000000
