ThreadID, cIDX, Time, cycles, deltaT, RX, OnRX, TX, SupTX, OnTX, Idle, OnIdle, Blocked, CacheMiss, CacheHit, CacheWB, CPUIdle, RX/s, TX/s, Sup/s
2860, 0, 0, 0, 0, 0, 0, 0, 0, 0, 0, 0, 0, 0, 0, 0, 0, 0, 0, 0
2860, 0, 1.000013, 210002763, 1.000013, 27218, 27218, 27216, 0, 6804, 0, 0, 0, 0, 0, 0, 28203561, 27217.641894, 27215.641920, 0.000000
2860, 1, 2.000187, 210036451, 1.000174, 27135, 27135, 27129, 0, 6783, 0, 0, 1, 0, 0, 0, 28060153, 27130.290827, 27124.291869, 0.000000
2860, 2, 3.000237, 210010462, 1.000050, 27116, 27116, 27126, 0, 6781, 0, 0, 10, 0, 0, 0, 28184819, 27114.649174, 27124.648676, 0.000000
2860, 3, 4.000313, 210015985, 1.000076, 27163, 27163, 27161, 0, 6790, 0, 0, 4, 0, 0, 0, 28242017, 27160.932536, 27158.932688, 0.000000
2860, 4, 5.000417, 210021954, 1.000105, 27168, 27168, 27168, 0, 6792, 0, 0, 3, 0, 0, 0, 28654511, 27165.160077, 27165.160077, 0.000000
2860, 5, 6.000474, 210011918, 1.000057, 27086, 27086, 27088, 0, 6772, 0, 0, 1, 0, 0, 0, 29185024, 27084.462892, 27086.462779, 0.000000
2860, 6, 7.000573, 210020761, 1.000099, 27132, 27132, 27124, 0, 6781, 0, 0, 0, 0, 0, 0, 28842041, 27129.317944, 27121.318735, 0.000000
2860, 7, 8.000577, 210000957, 1.000005, 27189, 27189, 27192, 0, 6798, 0, 0, 0, 0, 0, 0, 28875643, 27188.876096, 27191.876083, 0.000000
