ThreadID, cIDX, Time, cycles, deltaT, RX, OnRX, TX, SupTX, OnTX, Idle, OnIdle, Blocked, CacheMiss, CacheHit, CacheWB, CPUIdle, RX/s, TX/s, Sup/s
9508, 0, 0, 0, 0, 0, 0, 0, 0, 0, 0, 0, 0, 0, 0, 0, 0, 0, 0, 0
9508, 0, 1.000085, 210017863, 1.000085, 31512, 31512, 31494, 0, 7874, 0, 0, 1, 0, 0, 0, 28429541, 31509.319757, 31491.321288, 0.000000
9508, 1, 2.000194, 210022923, 1.000109, 31692, 31692, 31698, 0, 7924, 0, 0, 5, 0, 0, 0, 28187313, 31688.540969, 31694.540315, 0.000000
9508, 2, 3.000557, 210076149, 1.000363, 31707, 31707, 31701, 0, 7926, 0, 0, 10, 0, 0, 0, 28482432, 31695.506756, 31689.508931, 0.000000
9508, 3, 4.000733, 210036965, 1.000176, 31706, 31706, 31699, 0, 7924, 0, 0, 8, 0, 0, 0, 28399613, 31700.419971, 31693.421203, 0.000000
9508, 4, 5.000764, 210006625, 1.000032, 31688, 31688, 31703, 0, 7926, 0, 0, 6, 0, 0, 0, 28692316, 31687.000351, 31701.999877, 0.000000
9508, 5, 6.000791, 210005537, 1.000026, 31554, 31554, 31573, 0, 7893, 0, 0, 6, 0, 0, 0, 29072664, 31553.168048, 31572.167547, 0.000000
9508, 6, 7.000803, 210002533, 1.000012, 31718, 31718, 31692, 0, 7923, 0, 0, 0, 0, 0, 0, 28828380, 31717.617425, 31691.617739, 0.000000
9508, 7, 8.000831, 210005856, 1.000028, 31673, 31673, 31704, 0, 7926, 0, 0, 0, 0, 0, 0, 28972843, 31672.116800, 31703.115936, 0.000000
