ThreadID, cIDX, Time, cycles, deltaT, RX, OnRX, TX, SupTX, OnTX, Idle, OnIdle, Blocked, CacheMiss, CacheHit, CacheWB, CPUIdle, RX/s, TX/s, Sup/s
9741, 0, 0, 0, 0, 0, 0, 0, 0, 0, 0, 0, 0, 0, 0, 0, 0, 0, 0, 0
9741, 0, 1.000024, 210005087, 1.000024, 26151, 26151, 26149, 0, 6822, 0, 0, 0, 633468, 182060046, 262827, 31746857, 26150.366539, 26148.366587, 0.000000
9741, 1, 2.000027, 210000570, 1.000003, 26039, 26039, 26040, 0, 6793, 0, 0, 7, 553815, 182151126, 223583, 31758469, 26038.929323, 26039.929320, 0.000000
9741, 2, 3.000088, 210012916, 1.000062, 25968, 25968, 25972, 0, 6775, 0, 0, 6, 539458, 182068706, 216964, 31871953, 25966.402943, 25970.402697, 0.000000
9741, 3, 4.000099, 210002205, 1.000010, 26005, 26005, 25998, 0, 6783, 0, 0, 6, 535209, 181970110, 215217, 32016290, 26004.726950, 25997.727024, 0.000000
9741, 4, 5.000119, 210004273, 1.000020, 25968, 25968, 25975, 0, 6776, 0, 0, 7, 533038, 181847877, 214018, 32300982, 25967.471624, 25974.471481, 0.000000
9741, 5, 6.000201, 210017078, 1.000081, 25976, 25976, 25972, 0, 6776, 0, 0, 4, 520538, 181698244, 207522, 32591275, 25973.887705, 25969.888030, 0.000000
9741, 6, 7.000319, 210024811, 1.000118, 25881, 25881, 25880, 0, 6748, 0, 0, 4, 520328, 181869242, 206537, 32345705, 25877.942583, 25876.942701, 0.000000
9741, 7, 8.000358, 210008142, 1.000039, 26004, 26004, 26011, 0, 6788, 0, 0, 0, 521509, 181963372, 207724, 32123188, 26002.991827, 26009.991555, 0.000000
