ThreadID, cIDX, Time, cycles, deltaT, RX, OnRX, TX, SupTX, OnTX, Idle, OnIdle, Blocked, CacheMiss, CacheHit, CacheWB, CPUIdle, RX/s, TX/s, Sup/s
9930, 0, 0, 0, 0, 0, 0, 0, 0, 0, 0, 0, 0, 0, 0, 0, 0, 0, 0, 0
9930, 0, 1.000032, 210006772, 1.000032, 27192, 27192, 27188, 0, 6797, 0, 0, 0, 653271, 182139348, 270638, 29000624, 27191.123151, 27187.123280, 0.000000
9930, 1, 2.000047, 210003101, 1.000015, 27193, 27193, 27200, 0, 6800, 0, 0, 7, 564272, 182153700, 231895, 29051622, 27192.598456, 27199.598353, 0.000000
9930, 2, 3.000062, 210003080, 1.000015, 27152, 27152, 27152, 0, 6788, 0, 0, 6, 541166, 182089947, 219083, 29119612, 27151.601777, 27151.601777, 0.000000
9930, 3, 4.000143, 210016983, 1.000081, 27122, 27122, 27116, 0, 6779, 0, 0, 0, 525410, 182046823, 211015, 29233966, 27119.806782, 27113.807268, 0.000000
9930, 4, 5.000154, 210002493, 1.000012, 27103, 27103, 27105, 0, 6777, 0, 0, 8, 516985, 181890284, 206078, 29621163, 27102.678252, 27104.678229, 0.000000
9930, 5, 6.000229, 210015582, 1.000074, 27137, 27137, 27139, 0, 6784, 0, 0, 6, 508205, 181705159, 202458, 29914520, 27134.986584, 27136.986436, 0.000000
9930, 6, 7.000276, 210009864, 1.000047, 27079, 27079, 27076, 0, 6769, 0, 0, 1, 510676, 181840814, 202138, 29747707, 27077.728120, 27074.728261, 0.000000
9930, 7, 8.000334, 210012365, 1.000059, 27109, 27109, 27108, 0, 6777, 0, 0, 0, 510998, 181958623, 203225, 29508171, 27107.403890, 27106.403949, 0.000000
