ThreadID, cIDX, Time, cycles, deltaT, RX, OnRX, TX, SupTX, OnTX, Idle, OnIdle, Blocked, CacheMiss, CacheHit, CacheWB, CPUIdle, RX/s, TX/s, Sup/s
10465, 0, 0, 0, 0, 0, 0, 0, 0, 0, 0, 0, 0, 0, 0, 0, 0, 0, 0, 0
10465, 0, 1.000560, 210117508, 1.000560, 31640, 31640, 31644, 0, 7911, 0, 0, 0, 0, 0, 0, 28997844, 31622.305363, 31626.303126, 0.000000
10465, 1, 2.000870, 210065100, 1.000310, 31678, 31678, 31661, 0, 7916, 0, 0, 6, 0, 0, 0, 29074080, 31668.182863, 31651.188132, 0.000000
10465, 2, 3.000886, 210003508, 1.000017, 31704, 31704, 31722, 0, 7930, 0, 0, 6, 0, 0, 0, 29035311, 31703.470401, 31721.470100, 0.000000
10465, 3, 4.000891, 210001039, 1.000005, 31689, 31689, 31679, 0, 7920, 0, 0, 5, 0, 0, 0, 29239809, 31688.843216, 31678.843265, 0.000000
10465, 4, 5.000899, 210001661, 1.000008, 31624, 31624, 31643, 0, 7911, 0, 0, 8, 0, 0, 0, 29366913, 31623.749871, 31642.749721, 0.000000
10465, 5, 6.001348, 210094317, 1.000449, 31587, 31587, 31563, 0, 7890, 0, 0, 1, 0, 0, 0, 29977520, 31572.819745, 31548.830519, 0.000000
10465, 6, 7.001351, 210000601, 1.000003, 31682, 31682, 31704, 0, 7926, 0, 0, 0, 0, 0, 0, 29827167, 31681.909329, 31703.909266, 0.000000
10465, 7, 8.001445, 210019659, 1.000094, 31580, 31580, 31553, 0, 7889, 0, 0, 0, 0, 0, 0, 29612128, 31577.043938, 31550.046465, 0.000000
