ThreadID, cIDX, Time, cycles, deltaT, RX, OnRX, TX, SupTX, OnTX, Idle, OnIdle, Blocked, CacheMiss, CacheHit, CacheWB, CPUIdle, RX/s, TX/s, Sup/s
8526, 0, 0, 0, 0, 0, 0, 0, 0, 0, 0, 0, 0, 0, 0, 0, 0, 0, 0, 0
8526, 0, 1.000104, 210021874, 1.000104, 27216, 27216, 27220, 0, 6805, 0, 0, 0, 652346, 182311713, 262819, 28552138, 27213.165425, 27217.165008, 0.000000
8526, 1, 2.000121, 210003543, 1.000017, 27106, 27106, 27100, 0, 6775, 0, 0, 6, 567017, 182382953, 222811, 28419142, 27105.542691, 27099.542792, 0.000000
8526, 2, 3.000205, 210017577, 1.000084, 27109, 27109, 27108, 0, 6777, 0, 0, 5, 541834, 182307637, 211598, 28684315, 27106.731167, 27105.731250, 0.000000
8526, 3, 4.000207, 210000422, 1.000002, 27205, 27205, 27213, 0, 6804, 0, 0, 3, 524765, 182375621, 201919, 28514899, 27204.945331, 27212.945315, 0.000000
8526, 4, 5.000215, 210001674, 1.000008, 27121, 27121, 27115, 0, 6778, 0, 0, 2, 516441, 182191274, 198136, 28724062, 27120.783809, 27114.783856, 0.000000
8526, 5, 6.000237, 210004595, 1.000022, 27106, 27106, 27108, 0, 6777, 0, 0, 0, 513072, 182018623, 197189, 29230513, 27105.406908, 27107.406864, 0.000000
8526, 6, 7.000254, 210003706, 1.000018, 27115, 27115, 27114, 0, 6779, 0, 0, 1, 511003, 182055675, 196038, 29096965, 27114.521493, 27113.521511, 0.000000
8526, 7, 8.000323, 210014456, 1.000069, 27201, 27201, 27195, 0, 6799, 0, 0, 0, 507936, 182078509, 193050, 29188794, 27199.127664, 27193.128077, 0.000000
