ThreadID, cIDX, Time, cycles, deltaT, RX, OnRX, TX, SupTX, OnTX, Idle, OnIdle, Blocked, CacheMiss, CacheHit, CacheWB, CPUIdle, RX/s, TX/s, Sup/s
8564, 0, 0, 0, 0, 0, 0, 0, 0, 0, 0, 0, 0, 0, 0, 0, 0, 0, 0, 0
8564, 0, 1.000041, 210008660, 1.000041, 31535, 31535, 31520, 0, 7880, 0, 0, 0, 0, 0, 0, 30916731, 31533.699610, 31518.700229, 0.000000
8564, 1, 2.000093, 210010799, 1.000051, 31710, 31710, 31712, 0, 7928, 0, 0, 8, 0, 0, 0, 30994268, 31708.369435, 31710.369332, 0.000000
8564, 2, 3.000095, 210000388, 1.000002, 31724, 31724, 31728, 0, 7932, 0, 0, 7, 0, 0, 0, 31075209, 31723.941386, 31727.941379, 0.000000
8564, 3, 4.000151, 210011946, 1.000057, 31592, 31592, 31582, 0, 7896, 0, 0, 5, 0, 0, 0, 30985421, 31590.202969, 31580.203538, 0.000000
8564, 4, 5.000208, 210011927, 1.000057, 31576, 31576, 31598, 0, 7899, 0, 0, 3, 0, 0, 0, 31246370, 31574.206735, 31596.205486, 0.000000
8564, 5, 6.000212, 210000866, 1.000004, 31688, 31688, 31691, 0, 7923, 0, 0, 1, 0, 0, 0, 31535626, 31687.869325, 31690.869313, 0.000000
8564, 6, 7.000238, 210005424, 1.000026, 31635, 31635, 31641, 0, 7910, 0, 0, 0, 0, 0, 0, 31590884, 31634.182934, 31640.182779, 0.000000
8564, 7, 8.000241, 210000675, 1.000003, 31566, 31566, 31568, 0, 7892, 0, 0, 0, 0, 0, 0, 31502489, 31565.898538, 31567.898532, 0.000000
