ThreadID, cIDX, Time, cycles, deltaT, RX, OnRX, TX, SupTX, OnTX, Idle, OnIdle, Blocked, CacheMiss, CacheHit, CacheWB, CPUIdle, RX/s, TX/s, Sup/s
10557, 0, 0, 0, 0, 0, 0, 0, 0, 0, 0, 0, 0, 0, 0, 0, 0, 0, 0, 0
10557, 0, 1.000036, 210007609, 1.000036, 27211, 27211, 27212, 0, 6803, 0, 0, 1, 0, 0, 0, 28321695, 27210.014090, 27211.014054, 0.000000
10557, 1, 2.000803, 210160991, 1.000767, 27197, 27197, 27189, 0, 6798, 0, 0, 6, 0, 0, 0, 28527080, 27176.166104, 27168.172232, 0.000000
10557, 2, 3.000821, 210003732, 1.000018, 27124, 27124, 27126, 0, 6781, 0, 0, 8, 0, 0, 0, 28242045, 27123.517976, 27125.517941, 0.000000
10557, 3, 4.000876, 210011653, 1.000055, 27165, 27165, 27168, 0, 6792, 0, 0, 5, 0, 0, 0, 28600850, 27163.492685, 27166.492518, 0.000000
10557, 4, 5.000973, 210020354, 1.000097, 27129, 27129, 27125, 0, 6781, 0, 0, 0, 0, 0, 0, 28789557, 27126.370809, 27122.371196, 0.000000
10557, 5, 6.001362, 210081749, 1.000389, 27099, 27099, 27092, 0, 6773, 0, 0, 3, 0, 0, 0, 29325091, 27088.454980, 27081.457704, 0.000000
10557, 6, 7.001364, 210000381, 1.000002, 27106, 27106, 27122, 0, 6781, 0, 0, 0, 0, 0, 0, 29170309, 27105.950822, 27121.950793, 0.000000
10557, 7, 8.001447, 210017342, 1.000083, 27118, 27118, 27110, 0, 6777, 0, 0, 0, 0, 0, 0, 28910855, 27115.760755, 27107.761415, 0.000000
