ThreadID, cIDX, Time, cycles, deltaT, RX, OnRX, TX, SupTX, OnTX, Idle, OnIdle, Blocked, CacheMiss, CacheHit, CacheWB, CPUIdle, RX/s, TX/s, Sup/s
1515, 0, 0, 0, 0, 0, 0, 0, 0, 0, 0, 0, 0, 0, 0, 0, 0, 0, 0, 0
1515, 0, 1.000007, 210001529, 1.000007, 27186, 27186, 27177, 0, 6795, 0, 0, 1, 0, 0, 0, 28946905, 27185.802061, 27176.802127, 0.000000
1515, 1, 2.000305, 210062480, 1.000298, 27179, 27179, 27191, 0, 6797, 0, 0, 4, 0, 0, 0, 29082950, 27170.916006, 27182.912436, 0.000000
1515, 2, 3.000317, 210002478, 1.000012, 27132, 27132, 27131, 0, 6783, 0, 0, 5, 0, 0, 0, 29132943, 27131.679846, 27130.679858, 0.000000
1515, 3, 4.000528, 210044333, 1.000211, 27157, 27157, 27153, 0, 6788, 0, 0, 2, 0, 0, 0, 29215475, 27151.268109, 27147.268953, 0.000000
1515, 4, 5.000623, 210020026, 1.000095, 27073, 27073, 27072, 0, 6768, 0, 0, 6, 0, 0, 0, 29495391, 27070.418513, 27069.418609, 0.000000
1515, 5, 6.000654, 210006510, 1.000031, 27119, 27119, 27124, 0, 6781, 0, 0, 3, 0, 0, 0, 29754306, 27118.159337, 27123.159182, 0.000000
1515, 6, 7.000657, 210000525, 1.000002, 27089, 27089, 27088, 0, 6772, 0, 0, 0, 0, 0, 0, 29500093, 27088.932278, 27087.932280, 0.000000
1515, 7, 8.000693, 210007667, 1.000037, 27090, 27090, 27092, 0, 6773, 0, 0, 0, 0, 0, 0, 29583377, 27089.010993, 27091.010920, 0.000000
