ThreadID, cIDX, Time, cycles, deltaT, RX, OnRX, TX, SupTX, OnTX, Idle, OnIdle, Blocked, CacheMiss, CacheHit, CacheWB, CPUIdle, RX/s, TX/s, Sup/s
127, 0, 0, 0, 0, 0, 0, 0, 0, 0, 0, 0, 0, 0, 0, 0, 0, 0, 0, 0
127, 0, 1.000159, 210033396, 1.000159, 26052, 26052, 26049, 0, 6796, 0, 0, 0, 0, 0, 0, 28496620, 26047.857646, 26044.858123, 0.000000
127, 1, 2.000160, 210000246, 1.000001, 26025, 26025, 26029, 0, 6791, 0, 0, 2, 0, 0, 0, 28518480, 26024.969514, 26028.969509, 0.000000
127, 2, 3.000338, 210037262, 1.000177, 26014, 26014, 26023, 0, 6788, 0, 0, 3, 0, 0, 0, 28811020, 26009.384944, 26018.383348, 0.000000
127, 3, 4.000342, 210000956, 1.000005, 26025, 26025, 26015, 0, 6785, 0, 0, 0, 0, 0, 0, 28666186, 26024.881525, 26014.881570, 0.000000
127, 4, 5.000348, 210001176, 1.000006, 26059, 26059, 26061, 0, 6799, 0, 0, 0, 0, 0, 0, 28917278, 26058.854070, 26060.854059, 0.000000
127, 5, 6.000416, 210014279, 1.000068, 25961, 25961, 25960, 0, 6772, 0, 0, 0, 0, 0, 0, 29188251, 25959.234896, 25958.234964, 0.000000
127, 6, 7.000441, 210005239, 1.000025, 26028, 26028, 26034, 0, 6791, 0, 0, 1, 0, 0, 0, 29058300, 26027.350680, 26033.350530, 0.000000
127, 7, 8.000479, 210008083, 1.000038, 26046, 26046, 26039, 0, 6791, 0, 0, 0, 0, 0, 0, 28829552, 26044.997516, 26037.997785, 0.000000
