ThreadID, cIDX, Time, cycles, deltaT, RX, OnRX, TX, SupTX, OnTX, Idle, OnIdle, Blocked, CacheMiss, CacheHit, CacheWB, CPUIdle, RX/s, TX/s, Sup/s
10683, 0, 0, 0, 0, 0, 0, 0, 0, 0, 0, 0, 0, 0, 0, 0, 0, 0, 0, 0
10683, 0, 1.000029, 210006103, 1.000029, 27303, 27303, 27305, 0, 6827, 0, 0, 1, 0, 0, 0, 28265786, 27302.206546, 27304.206488, 0.000000
10683, 1, 2.000038, 210001843, 1.000009, 27107, 27107, 27111, 0, 6777, 0, 0, 4, 0, 0, 0, 28315018, 27106.762106, 27110.762071, 0.000000
10683, 2, 3.000040, 210000459, 1.000002, 27152, 27152, 27145, 0, 6787, 0, 0, 4, 0, 0, 0, 28431152, 27151.940654, 27144.940669, 0.000000
10683, 3, 4.000046, 210001337, 1.000006, 27125, 27125, 27124, 0, 6781, 0, 0, 4, 0, 0, 0, 28650119, 27124.827305, 27123.827312, 0.000000
10683, 4, 5.000185, 210029052, 1.000138, 27123, 27123, 27123, 0, 6780, 0, 0, 8, 0, 0, 0, 28798870, 27119.248246, 27119.248246, 0.000000
10683, 5, 6.000187, 210000564, 1.000003, 27155, 27155, 27156, 0, 6789, 0, 0, 4, 0, 0, 0, 29382273, 27154.927070, 27155.927067, 0.000000
10683, 6, 7.000393, 210043207, 1.000206, 27153, 27153, 27144, 0, 6786, 0, 0, 4, 0, 0, 0, 29113727, 27147.414484, 27138.416335, 0.000000
10683, 7, 8.000478, 210017877, 1.000085, 27166, 27166, 27176, 0, 6794, 0, 0, 0, 0, 0, 0, 28953070, 27163.687594, 27173.686743, 0.000000
