ThreadID, cIDX, Time, cycles, deltaT, RX, OnRX, TX, SupTX, OnTX, Idle, OnIdle, Blocked, CacheMiss, CacheHit, CacheWB, CPUIdle, RX/s, TX/s, Sup/s
651, 0, 0, 0, 0, 0, 0, 0, 0, 0, 0, 0, 0, 0, 0, 0, 0, 0, 0, 0
651, 0, 1.000004, 210000737, 1.000004, 27231, 27231, 27235, 0, 6809, 0, 0, 0, 703116, 183313401, 289025, 29438501, 27230.904432, 27234.904418, 0.000000
651, 1, 2.000062, 210012277, 1.000058, 27180, 27180, 27181, 0, 6795, 0, 0, 1, 612070, 183415506, 244663, 29476023, 27178.411098, 27179.411040, 0.000000
651, 2, 3.000096, 210007135, 1.000034, 27098, 27098, 27088, 0, 6772, 0, 0, 0, 589267, 183318494, 232294, 29681594, 27097.079344, 27087.079684, 0.000000
651, 3, 4.000106, 210002064, 1.000010, 27177, 27177, 27185, 0, 6797, 0, 0, 0, 579566, 183376282, 226768, 29489261, 27176.732892, 27184.732813, 0.000000
651, 4, 5.000135, 210006120, 1.000029, 27096, 27096, 27095, 0, 6773, 0, 0, 0, 565126, 183095335, 221201, 30044002, 27095.210368, 27094.210397, 0.000000
651, 5, 6.000150, 210003094, 1.000015, 27024, 27024, 27022, 0, 6756, 0, 0, 0, 556014, 182988567, 215606, 30241468, 27023.601852, 27021.601882, 0.000000
651, 6, 7.000222, 210015112, 1.000072, 27172, 27172, 27174, 0, 6793, 0, 0, 0, 558882, 183090431, 217192, 30164471, 27170.044792, 27172.044648, 0.000000
651, 7, 8.000452, 210048306, 1.000230, 27073, 27073, 27068, 0, 6767, 0, 0, 0, 554210, 183127506, 214548, 30112710, 27066.773869, 27061.775019, 0.000000
