ThreadID, cIDX, Time, cycles, deltaT, RX, OnRX, TX, SupTX, OnTX, Idle, OnIdle, Blocked, CacheMiss, CacheHit, CacheWB, CPUIdle, RX/s, TX/s, Sup/s
9753, 0, 0, 0, 0, 0, 0, 0, 0, 0, 0, 0, 0, 0, 0, 0, 0, 0, 0, 0
9753, 0, 1.000382, 210080247, 1.000382, 27138, 27138, 27136, 0, 6784, 0, 0, 0, 0, 0, 0, 29940802, 27127.633756, 27125.634520, 0.000000
9753, 1, 2.000619, 210049822, 1.000237, 27201, 27201, 27200, 0, 6800, 0, 0, 5, 0, 0, 0, 29813055, 27194.548158, 27193.548395, 0.000000
9753, 2, 3.000676, 210011838, 1.000056, 27182, 27182, 27180, 0, 6795, 0, 0, 0, 0, 0, 0, 29880734, 27180.467798, 27178.467911, 0.000000
9753, 3, 4.000689, 210002696, 1.000013, 27097, 27097, 27104, 0, 6776, 0, 0, 9, 0, 0, 0, 30073670, 27096.652131, 27103.652041, 0.000000
9753, 4, 5.000693, 210000935, 1.000004, 27091, 27091, 27092, 0, 6773, 0, 0, 5, 0, 0, 0, 30323998, 27090.879381, 27091.879377, 0.000000
9753, 5, 6.000817, 210026058, 1.000124, 27169, 27169, 27168, 0, 6792, 0, 0, 5, 0, 0, 0, 30679116, 27165.629134, 27164.629258, 0.000000
9753, 6, 7.000826, 210001967, 1.000009, 27106, 27106, 27102, 0, 6776, 0, 0, 0, 0, 0, 0, 30433613, 27105.746110, 27101.746147, 0.000000
9753, 7, 8.000939, 210023531, 1.000112, 27059, 27059, 27054, 0, 6763, 0, 0, 0, 0, 0, 0, 30250448, 27055.968314, 27050.968875, 0.000000
