ThreadID, cIDX, Time, cycles, deltaT, RX, OnRX, TX, SupTX, OnTX, Idle, OnIdle, Blocked, CacheMiss, CacheHit, CacheWB, CPUIdle, RX/s, TX/s, Sup/s
1919, 0, 0, 0, 0, 0, 0, 0, 0, 0, 0, 0, 0, 0, 0, 0, 0, 0, 0, 0
1919, 0, 1.000228, 210047829, 1.000228, 26102, 26102, 26102, 0, 6810, 0, 0, 0, 0, 0, 0, 30917458, 26096.056437, 26096.056437, 0.000000
1919, 1, 2.000452, 210046989, 1.000224, 26030, 26030, 26035, 0, 6790, 0, 0, 3, 0, 0, 0, 30833206, 26024.176905, 26029.175786, 0.000000
1919, 2, 3.000496, 210009359, 1.000045, 26017, 26017, 26018, 0, 6789, 0, 0, 0, 0, 0, 0, 31052359, 26015.840561, 26016.840516, 0.000000
1919, 3, 4.000595, 210020821, 1.000099, 26021, 26021, 26014, 0, 6787, 0, 0, 0, 0, 0, 0, 31154020, 26018.420336, 26011.421030, 0.000000
1919, 4, 5.000600, 210001105, 1.000005, 25954, 25954, 25952, 0, 6770, 0, 0, 1, 0, 0, 0, 31426378, 25953.863433, 25951.863444, 0.000000
1919, 5, 6.000607, 210001364, 1.000006, 25968, 25968, 25980, 0, 6776, 0, 0, 0, 0, 0, 0, 31743367, 25967.831333, 25979.831255, 0.000000
1919, 6, 7.000612, 210000990, 1.000005, 25950, 25950, 25944, 0, 6771, 0, 0, 1, 0, 0, 0, 31546608, 25949.877665, 25943.877693, 0.000000
1919, 7, 8.000701, 210018840, 1.000090, 25959, 25959, 25956, 0, 6771, 0, 0, 0, 0, 0, 0, 31411815, 25956.671316, 25953.671585, 0.000000
