ThreadID, cIDX, Time, cycles, deltaT, RX, OnRX, TX, SupTX, OnTX, Idle, OnIdle, Blocked, CacheMiss, CacheHit, CacheWB, CPUIdle, RX/s, TX/s, Sup/s
2131, 0, 0, 0, 0, 0, 0, 0, 0, 0, 0, 0, 0, 0, 0, 0, 0, 0, 0, 0
2131, 0, 1.000536, 210112612, 1.000536, 31616, 31616, 31613, 0, 7904, 0, 0, 8, 0, 0, 0, 29166845, 31599.055082, 31596.056690, 0.000000
2131, 1, 2.000564, 210005846, 1.000028, 31642, 31642, 31644, 0, 7911, 0, 0, 8, 0, 0, 0, 28954666, 31641.119172, 31643.119116, 0.000000
2131, 2, 3.000565, 210000157, 1.000001, 31639, 31639, 31630, 0, 7907, 0, 0, 3, 0, 0, 0, 29284684, 31638.976346, 31629.976353, 0.000000
2131, 3, 4.000593, 210005965, 1.000028, 31709, 31709, 31721, 0, 7930, 0, 0, 13, 0, 0, 0, 29481200, 31708.099339, 31720.098998, 0.000000
2131, 4, 5.000597, 210000801, 1.000004, 31693, 31693, 31685, 0, 7922, 0, 0, 6, 0, 0, 0, 29619502, 31692.879114, 31684.879145, 0.000000
2131, 5, 6.000600, 210000618, 1.000003, 31594, 31594, 31596, 0, 7899, 0, 0, 3, 0, 0, 0, 30154627, 31593.907024, 31595.907018, 0.000000
2131, 6, 7.000932, 210069627, 1.000332, 31613, 31613, 31603, 0, 7900, 0, 0, 9, 0, 0, 0, 29851942, 31602.521958, 31592.525273, 0.000000
2131, 7, 8.000937, 210001241, 1.000006, 31733, 31733, 31739, 0, 7935, 0, 0, 5, 0, 0, 0, 29611713, 31732.812474, 31738.812439, 0.000000
