ThreadID, cIDX, Time, cycles, deltaT, RX, OnRX, TX, SupTX, OnTX, Idle, OnIdle, Blocked, CacheMiss, CacheHit, CacheWB, CPUIdle, RX/s, TX/s, Sup/s
1316, 0, 0, 0, 0, 0, 0, 0, 0, 0, 0, 0, 0, 0, 0, 0, 0, 0, 0, 0
1316, 0, 1.000168, 210035290, 1.000168, 31525, 31525, 31509, 0, 7878, 0, 0, 0, 0, 0, 0, 28236686, 31519.703189, 31503.705877, 0.000000
1316, 1, 2.000322, 210032422, 1.000154, 31674, 31674, 31707, 0, 7926, 0, 0, 4, 0, 0, 0, 28366118, 31669.110591, 31702.105497, 0.000000
1316, 2, 3.000328, 210001113, 1.000005, 31698, 31698, 31698, 0, 7925, 0, 0, 8, 0, 0, 0, 28400940, 31697.832001, 31697.832001, 0.000000
1316, 3, 4.000483, 210032551, 1.000155, 31725, 31725, 31706, 0, 7926, 0, 0, 9, 0, 0, 0, 28562787, 31720.083236, 31701.086181, 0.000000
1316, 4, 5.000487, 210000912, 1.000004, 31696, 31696, 31698, 0, 7925, 0, 0, 3, 0, 0, 0, 28661123, 31695.862349, 31697.862341, 0.000000
1316, 5, 6.000549, 210012938, 1.000062, 31595, 31595, 31586, 0, 7896, 0, 0, 0, 0, 0, 0, 28977595, 31593.053567, 31584.054121, 0.000000
1316, 6, 7.000849, 210063168, 1.000301, 31729, 31729, 31724, 0, 7931, 0, 0, 0, 0, 0, 0, 28841025, 31719.458787, 31714.460290, 0.000000
1316, 7, 8.000851, 210000239, 1.000001, 31659, 31659, 31679, 0, 7920, 0, 0, 0, 0, 0, 0, 28683532, 31658.963969, 31678.963946, 0.000000
