ThreadID, cIDX, Time, cycles, deltaT, RX, OnRX, TX, SupTX, OnTX, Idle, OnIdle, Blocked, CacheMiss, CacheHit, CacheWB, CPUIdle, RX/s, TX/s, Sup/s
9670, 0, 0, 0, 0, 0, 0, 0, 0, 0, 0, 0, 0, 0, 0, 0, 0, 0, 0, 0
9670, 0, 1.000001, 210000232, 1.000001, 31552, 31552, 31556, 0, 7889, 0, 0, 0, 648959, 182046087, 267797, 29165232, 31551.965143, 31555.965138, 0.000000
9670, 1, 2.000027, 210005509, 1.000026, 31688, 31688, 31696, 0, 7924, 0, 0, 8, 564305, 182131626, 227386, 29070186, 31687.168740, 31695.168530, 0.000000
9670, 2, 3.000134, 210022497, 1.000107, 31705, 31705, 31688, 0, 7922, 0, 0, 4, 548713, 182089545, 220321, 29140069, 31701.603852, 31684.605673, 0.000000
9670, 3, 4.000452, 210066691, 1.000318, 31646, 31646, 31659, 0, 7915, 0, 0, 16, 540329, 182035306, 216808, 29347984, 31635.953175, 31648.949047, 0.000000
9670, 4, 5.000481, 210005999, 1.000029, 31711, 31711, 31702, 0, 7926, 0, 0, 2, 530838, 181920666, 211564, 29506487, 31710.094148, 31701.094405, 0.000000
9670, 5, 6.000629, 210031105, 1.000148, 31602, 31602, 31597, 0, 7899, 0, 0, 5, 524395, 181748189, 208406, 29879548, 31597.319835, 31592.320576, 0.000000
9670, 6, 7.000907, 210058346, 1.000278, 31680, 31680, 31666, 0, 7916, 0, 0, 0, 521070, 181922156, 204280, 29723668, 31671.200534, 31657.204423, 0.000000
9670, 7, 8.000941, 210007221, 1.000034, 31662, 31662, 31684, 0, 7921, 0, 0, 0, 519657, 181940064, 205180, 29635168, 31660.911317, 31682.910560, 0.000000
