ThreadID, cIDX, Time, cycles, deltaT, RX, OnRX, TX, SupTX, OnTX, Idle, OnIdle, Blocked, CacheMiss, CacheHit, CacheWB, CPUIdle, RX/s, TX/s, Sup/s
10789, 0, 0, 0, 0, 0, 0, 0, 0, 0, 0, 0, 0, 0, 0, 0, 0, 0, 0, 0
10789, 0, 1.000631, 210132551, 1.000631, 31556, 31556, 31560, 0, 7890, 0, 0, 0, 0, 0, 0, 28382901, 31536.094567, 31540.092044, 0.000000
10789, 1, 2.000730, 210020677, 1.000098, 31713, 31713, 31704, 0, 7926, 0, 0, 5, 0, 0, 0, 28298154, 31709.877785, 31700.878671, 0.000000
10789, 2, 3.001036, 210064259, 1.000306, 31639, 31639, 31632, 0, 7908, 0, 0, 2, 0, 0, 0, 28339365, 31629.321578, 31622.323720, 0.000000
10789, 3, 4.001081, 210009435, 1.000045, 31724, 31724, 31709, 0, 7928, 0, 0, 3, 0, 0, 0, 28378210, 31722.574750, 31707.575424, 0.000000
10789, 4, 5.001382, 210063274, 1.000301, 31628, 31628, 31639, 0, 7909, 0, 0, 4, 0, 0, 0, 28721891, 31618.473203, 31629.469890, 0.000000
10789, 5, 6.001517, 210028464, 1.000136, 31622, 31622, 31620, 0, 7905, 0, 0, 3, 0, 0, 0, 29071348, 31617.714445, 31615.714716, 0.000000
10789, 6, 7.001883, 210076738, 1.000365, 31673, 31673, 31673, 0, 7919, 0, 0, 0, 0, 0, 0, 28943817, 31661.430310, 31661.430310, 0.000000
10789, 7, 8.002283, 210083974, 1.000400, 31674, 31674, 31675, 0, 7918, 0, 0, 0, 0, 0, 0, 28973101, 31661.339384, 31662.338985, 0.000000
