ThreadID, cIDX, Time, cycles, deltaT, RX, OnRX, TX, SupTX, OnTX, Idle, OnIdle, Blocked, CacheMiss, CacheHit, CacheWB, CPUIdle, RX/s, TX/s, Sup/s
10393, 0, 0, 0, 0, 0, 0, 0, 0, 0, 0, 0, 0, 0, 0, 0, 0, 0, 0, 0
10393, 0, 1.000760, 210159647, 1.000760, 27173, 27173, 27170, 0, 6793, 0, 0, 4, 0, 0, 0, 29724049, 27152.358131, 27149.360410, 0.000000
10393, 1, 2.000866, 210022218, 1.000106, 27162, 27162, 27163, 0, 6791, 0, 0, 7, 0, 0, 0, 29824986, 27159.126564, 27160.126459, 0.000000
10393, 2, 3.000876, 210002002, 1.000010, 27154, 27154, 27155, 0, 6788, 0, 0, 8, 0, 0, 0, 29874651, 27153.741134, 27154.741125, 0.000000
10393, 3, 4.000892, 210003444, 1.000016, 27082, 27082, 27075, 0, 6769, 0, 0, 7, 0, 0, 0, 30001969, 27081.555862, 27074.555977, 0.000000
10393, 4, 5.000951, 210012485, 1.000059, 27217, 27217, 27225, 0, 6806, 0, 0, 4, 0, 0, 0, 29900391, 27215.381981, 27223.381505, 0.000000
10393, 5, 6.001012, 210012643, 1.000060, 27085, 27085, 27088, 0, 6772, 0, 0, 2, 0, 0, 0, 30510305, 27083.369452, 27086.369272, 0.000000
10393, 6, 7.001044, 210006845, 1.000033, 27144, 27144, 27144, 0, 6786, 0, 0, 0, 0, 0, 0, 30607125, 27143.115264, 27143.115264, 0.000000
10393, 7, 8.001133, 210018738, 1.000089, 27149, 27149, 27148, 0, 6787, 0, 0, 0, 0, 0, 0, 30313773, 27146.577750, 27145.577839, 0.000000
