ThreadID, cIDX, Time, cycles, deltaT, RX, OnRX, TX, SupTX, OnTX, Idle, OnIdle, Blocked, CacheMiss, CacheHit, CacheWB, CPUIdle, RX/s, TX/s, Sup/s
10007, 0, 0, 0, 0, 0, 0, 0, 0, 0, 0, 0, 0, 0, 0, 0, 0, 0, 0, 0
10007, 0, 1.000004, 210000828, 1.000004, 30514, 30514, 30509, 0, 7909, 0, 0, 0, 0, 0, 0, 29707992, 30513.879688, 30508.879708, 0.000000
10007, 1, 2.000012, 210001613, 1.000008, 30503, 30503, 30517, 0, 7914, 0, 0, 7, 0, 0, 0, 29682104, 30502.765710, 30516.765602, 0.000000
10007, 2, 3.000015, 210000723, 1.000003, 30582, 30582, 30581, 0, 7928, 0, 0, 0, 0, 0, 0, 29911533, 30581.894711, 30580.894714, 0.000000
10007, 3, 4.000018, 210000595, 1.000003, 30536, 30536, 30530, 0, 7915, 0, 0, 1, 0, 0, 0, 29948384, 30535.913482, 30529.913499, 0.000000
10007, 4, 5.000024, 210001181, 1.000006, 30543, 30543, 30539, 0, 7917, 0, 0, 5, 0, 0, 0, 30245816, 30542.828233, 30538.828255, 0.000000
10007, 5, 6.000158, 210028253, 1.000135, 30483, 30483, 30473, 0, 7901, 0, 0, 2, 0, 0, 0, 30575254, 30478.899427, 30468.900772, 0.000000
10007, 6, 7.000164, 210001287, 1.000006, 30559, 30559, 30560, 0, 7923, 0, 0, 3, 0, 0, 0, 30458092, 30558.812718, 30559.812712, 0.000000
10007, 7, 8.000237, 210015306, 1.000073, 30523, 30523, 30541, 0, 7917, 0, 0, 0, 0, 0, 0, 30291939, 30520.775471, 30538.774160, 0.000000
