ThreadID, cIDX, Time, cycles, deltaT, RX, OnRX, TX, SupTX, OnTX, Idle, OnIdle, Blocked, CacheMiss, CacheHit, CacheWB, CPUIdle, RX/s, TX/s, Sup/s
1963, 0, 0, 0, 0, 0, 0, 0, 0, 0, 0, 0, 0, 0, 0, 0, 0, 0, 0, 0
1963, 0, 1.000177, 210037249, 1.000177, 27193, 27193, 27188, 0, 6797, 0, 0, 0, 0, 0, 0, 28410088, 27188.177465, 27183.178351, 0.000000
1963, 1, 2.000181, 210000683, 1.000003, 27194, 27194, 27200, 0, 6800, 0, 0, 0, 0, 0, 0, 28232533, 27193.911555, 27199.911536, 0.000000
1963, 2, 3.000217, 210007555, 1.000036, 27160, 27160, 27156, 0, 6789, 0, 0, 0, 0, 0, 0, 28443742, 27159.022922, 27155.023066, 0.000000
1963, 3, 4.000417, 210042107, 1.000201, 27101, 27101, 27112, 0, 6778, 0, 0, 3, 0, 0, 0, 28579585, 27095.567081, 27106.564876, 0.000000
1963, 4, 5.000462, 210009405, 1.000045, 27089, 27089, 27080, 0, 6770, 0, 0, 3, 0, 0, 0, 28811070, 27087.786854, 27078.787257, 0.000000
1963, 5, 6.000505, 210009057, 1.000043, 27184, 27184, 27188, 0, 6797, 0, 0, 2, 0, 0, 0, 29147012, 27182.827643, 27186.827471, 0.000000
1963, 6, 7.000516, 210002232, 1.000011, 27104, 27104, 27097, 0, 6775, 0, 0, 0, 0, 0, 0, 28982092, 27103.711926, 27096.712001, 0.000000
1963, 7, 8.000534, 210003941, 1.000019, 27075, 27075, 27076, 0, 6769, 0, 0, 0, 0, 0, 0, 28906585, 27074.491902, 27075.491883, 0.000000
