ThreadID, cIDX, Time, cycles, deltaT, RX, OnRX, TX, SupTX, OnTX, Idle, OnIdle, Blocked, CacheMiss, CacheHit, CacheWB, CPUIdle, RX/s, TX/s, Sup/s
612, 0, 0, 0, 0, 0, 0, 0, 0, 0, 0, 0, 0, 0, 0, 0, 0, 0, 0, 0
612, 0, 1.000045, 210009416, 1.000045, 31626, 31626, 31612, 0, 7903, 0, 0, 0, 0, 0, 0, 26719627, 31624.582014, 31610.582642, 0.000000
612, 1, 2.000052, 210001413, 1.000007, 31677, 31677, 31685, 0, 7922, 0, 0, 1, 0, 0, 0, 26661137, 31676.786860, 31684.786807, 0.000000
612, 2, 3.000060, 210001751, 1.000008, 31695, 31695, 31699, 0, 7924, 0, 0, 0, 0, 0, 0, 26826972, 31694.735726, 31698.735693, 0.000000
612, 3, 4.000096, 210007638, 1.000036, 31654, 31654, 31640, 0, 7910, 0, 0, 0, 0, 0, 0, 26642471, 31652.848741, 31638.849250, 0.000000
612, 4, 5.000103, 210001444, 1.000007, 31631, 31631, 31655, 0, 7914, 0, 0, 1, 0, 0, 0, 27330557, 31630.782501, 31654.782336, 0.000000
612, 5, 6.000164, 210012863, 1.000061, 31626, 31626, 31605, 0, 7901, 0, 0, 1, 0, 0, 0, 27484015, 31624.062951, 31603.064237, 0.000000
612, 6, 7.000170, 210001088, 1.000005, 31656, 31656, 31656, 0, 7914, 0, 0, 0, 0, 0, 0, 27418093, 31655.835993, 31655.835993, 0.000000
612, 7, 8.000255, 210017895, 1.000085, 31631, 31631, 31632, 0, 7908, 0, 0, 0, 0, 0, 0, 27413104, 31628.304817, 31629.304731, 0.000000
