ThreadID, cIDX, Time, cycles, deltaT, RX, OnRX, TX, SupTX, OnTX, Idle, OnIdle, Blocked, CacheMiss, CacheHit, CacheWB, CPUIdle, RX/s, TX/s, Sup/s
9812, 0, 0, 0, 0, 0, 0, 0, 0, 0, 0, 0, 0, 0, 0, 0, 0, 0, 0, 0
9812, 0, 1.000065, 210013688, 1.000065, 31540, 31540, 31528, 0, 7882, 0, 0, 0, 0, 0, 0, 29076272, 31537.944327, 31525.945109, 0.000000
9812, 1, 2.000237, 210036161, 1.000172, 31650, 31650, 31672, 0, 7918, 0, 0, 10, 0, 0, 0, 29069433, 31644.550959, 31666.547171, 0.000000
9812, 2, 3.000441, 210042831, 1.000204, 31686, 31686, 31658, 0, 7915, 0, 0, 8, 0, 0, 0, 29297554, 31679.538732, 31651.544441, 0.000000
9812, 3, 4.000485, 210009093, 1.000043, 31739, 31739, 31750, 0, 7937, 0, 0, 3, 0, 0, 0, 29378418, 31737.625761, 31748.625285, 0.000000
9812, 4, 5.000491, 210001282, 1.000006, 31697, 31697, 31700, 0, 7925, 0, 0, 7, 0, 0, 0, 29621765, 31696.806499, 31699.806480, 0.000000
9812, 5, 6.000964, 210099411, 1.000473, 31618, 31618, 31607, 0, 7902, 0, 0, 9, 0, 0, 0, 29910122, 31603.039573, 31592.044777, 0.000000
9812, 6, 7.000983, 210003893, 1.000019, 31655, 31655, 31673, 0, 7918, 0, 0, 0, 0, 0, 0, 29580818, 31654.413187, 31672.412854, 0.000000
9812, 7, 8.001012, 210006147, 1.000029, 31721, 31721, 31716, 0, 7929, 0, 0, 0, 0, 0, 0, 29461683, 31720.071508, 31715.071655, 0.000000
