ThreadID, cIDX, Time, cycles, deltaT, RX, OnRX, TX, SupTX, OnTX, Idle, OnIdle, Blocked, CacheMiss, CacheHit, CacheWB, CPUIdle, RX/s, TX/s, Sup/s
1779, 0, 0, 0, 0, 0, 0, 0, 0, 0, 0, 0, 0, 0, 0, 0, 0, 0, 0, 0
1779, 0, 1.000051, 210010671, 1.000051, 31620, 31620, 31620, 0, 7905, 0, 0, 0, 0, 0, 0, 30853106, 31618.393334, 31618.393334, 0.000000
1779, 1, 2.000112, 210012751, 1.000061, 31680, 31680, 31676, 0, 7919, 0, 0, 3, 0, 0, 0, 30938611, 31678.076537, 31674.076780, 0.000000
1779, 2, 3.000167, 210011631, 1.000055, 31651, 31651, 31665, 0, 7917, 0, 0, 5, 0, 0, 0, 31080130, 31649.247084, 31663.246308, 0.000000
1779, 3, 4.000176, 210001920, 1.000009, 31722, 31722, 31712, 0, 7928, 0, 0, 6, 0, 0, 0, 31229317, 31721.709973, 31711.710064, 0.000000
1779, 4, 5.000182, 210001349, 1.000006, 31613, 31613, 31608, 0, 7902, 0, 0, 9, 0, 0, 0, 31372280, 31612.796925, 31607.796958, 0.000000
1779, 5, 6.000234, 210010771, 1.000051, 31613, 31613, 31627, 0, 7906, 0, 0, 4, 0, 0, 0, 31804847, 31611.378637, 31625.377919, 0.000000
1779, 6, 7.000593, 210075428, 1.000359, 31720, 31720, 31700, 0, 7925, 0, 0, 0, 0, 0, 0, 31617460, 31708.610871, 31688.618052, 0.000000
1779, 7, 8.000598, 210001017, 1.000005, 31660, 31660, 31685, 0, 7922, 0, 0, 0, 0, 0, 0, 31396841, 31659.846676, 31684.846555, 0.000000
