ThreadID, cIDX, Time, cycles, deltaT, RX, OnRX, TX, SupTX, OnTX, Idle, OnIdle, Blocked, CacheMiss, CacheHit, CacheWB, CPUIdle, RX/s, TX/s, Sup/s
8699, 0, 0, 0, 0, 0, 0, 0, 0, 0, 0, 0, 0, 0, 0, 0, 0, 0, 0, 0
8699, 0, 1.000017, 210003604, 1.000017, 27249, 27249, 27252, 0, 6813, 0, 0, 0, 0, 0, 0, 30340452, 27248.532363, 27251.532312, 0.000000
8699, 1, 2.000104, 210018235, 1.000087, 27105, 27105, 27104, 0, 6776, 0, 0, 0, 0, 0, 0, 30310582, 27102.646587, 27101.646674, 0.000000
8699, 2, 3.000257, 210032040, 1.000153, 27124, 27124, 27113, 0, 6779, 0, 0, 7, 0, 0, 0, 30439729, 27119.862284, 27108.863962, 0.000000
8699, 3, 4.000278, 210004582, 1.000022, 27153, 27153, 27163, 0, 6790, 0, 0, 5, 0, 0, 0, 30266166, 27152.407560, 27162.407342, 0.000000
8699, 4, 5.000321, 210008942, 1.000043, 27141, 27141, 27136, 0, 6784, 0, 0, 0, 0, 0, 0, 30910336, 27139.844360, 27134.844572, 0.000000
8699, 5, 6.000484, 210034304, 1.000163, 27069, 27069, 27068, 0, 6767, 0, 0, 0, 0, 0, 0, 30960628, 27064.578937, 27063.579100, 0.000000
8699, 6, 7.000495, 210002172, 1.000010, 27065, 27065, 27065, 0, 6767, 0, 0, 3, 0, 0, 0, 30972664, 27064.720073, 27064.720073, 0.000000
8699, 7, 8.000708, 210044876, 1.000214, 27195, 27195, 27199, 0, 6799, 0, 0, 2, 0, 0, 0, 30947463, 27189.189800, 27193.188945, 0.000000
