ThreadID, cIDX, Time, cycles, deltaT, RX, OnRX, TX, SupTX, OnTX, Idle, OnIdle, Blocked, CacheMiss, CacheHit, CacheWB, CPUIdle, RX/s, TX/s, Sup/s
436, 0, 0, 0, 0, 0, 0, 0, 0, 0, 0, 0, 0, 0, 0, 0, 0, 0, 0, 0
436, 0, 1.000014, 210002924, 1.000014, 31611, 31611, 31620, 0, 7905, 0, 0, 0, 0, 0, 0, 25861291, 31610.559861, 31619.559735, 0.000000
436, 1, 2.000092, 210016443, 1.000078, 31728, 31728, 31712, 0, 7928, 0, 0, 4, 0, 0, 0, 25999643, 31725.515892, 31709.517145, 0.000000
436, 2, 3.000100, 210001698, 1.000008, 31679, 31679, 31693, 0, 7924, 0, 0, 3, 0, 0, 0, 26129548, 31678.743855, 31692.743742, 0.000000
436, 3, 4.000237, 210028735, 1.000137, 31588, 31588, 31567, 0, 7891, 0, 0, 2, 0, 0, 0, 25982308, 31583.678300, 31562.681173, 0.000000
436, 4, 5.000239, 210000471, 1.000002, 31594, 31594, 31597, 0, 7900, 0, 0, 0, 0, 0, 0, 26670412, 31593.929139, 31596.929133, 0.000000
436, 5, 6.000718, 210100441, 1.000478, 31706, 31706, 31695, 0, 7923, 0, 0, 1, 0, 0, 0, 26656206, 31690.842572, 31679.847830, 0.000000
436, 6, 7.000994, 210057969, 1.000276, 31655, 31655, 31656, 0, 7914, 0, 0, 0, 0, 0, 0, 26780719, 31646.264275, 31647.263999, 0.000000
436, 7, 8.000997, 210000770, 1.000004, 31578, 31578, 31609, 0, 7903, 0, 0, 1, 0, 0, 0, 26567348, 31577.884214, 31608.884101, 0.000000
