ThreadID, cIDX, Time, cycles, deltaT, RX, OnRX, TX, SupTX, OnTX, Idle, OnIdle, Blocked, CacheMiss, CacheHit, CacheWB, CPUIdle, RX/s, TX/s, Sup/s
1564, 0, 0, 0, 0, 0, 0, 0, 0, 0, 0, 0, 0, 0, 0, 0, 0, 0, 0, 0
1564, 0, 1.000002, 210000421, 1.000002, 27231, 27231, 27237, 0, 6810, 0, 0, 0, 0, 0, 0, 29768788, 27230.945408, 27236.945396, 0.000000
1564, 1, 2.000044, 210008825, 1.000042, 27166, 27166, 27151, 0, 6787, 0, 0, 3, 0, 0, 0, 29889837, 27164.858429, 27149.859059, 0.000000
1564, 2, 3.000124, 210016822, 1.000080, 27145, 27145, 27149, 0, 6788, 0, 0, 5, 0, 0, 0, 29943514, 27142.825730, 27146.825410, 0.000000
1564, 3, 4.000125, 210000216, 1.000001, 27049, 27049, 27055, 0, 6763, 0, 0, 11, 0, 0, 0, 30038740, 27048.972178, 27054.972172, 0.000000
1564, 4, 5.000168, 210009097, 1.000043, 27076, 27076, 27072, 0, 6768, 0, 0, 3, 0, 0, 0, 30297850, 27074.827144, 27070.827318, 0.000000
1564, 5, 6.000173, 210000871, 1.000004, 27167, 27167, 27175, 0, 6794, 0, 0, 3, 0, 0, 0, 30660004, 27166.887322, 27174.887289, 0.000000
1564, 6, 7.000176, 210000634, 1.000003, 27007, 27007, 27004, 0, 6751, 0, 0, 0, 0, 0, 0, 30227142, 27006.918465, 27003.918474, 0.000000
1564, 7, 8.000223, 210009906, 1.000047, 27113, 27113, 27109, 0, 6777, 0, 0, 0, 0, 0, 0, 30377682, 27111.721101, 27107.721290, 0.000000
