ThreadID, cIDX, Time, cycles, deltaT, RX, OnRX, TX, SupTX, OnTX, Idle, OnIdle, Blocked, CacheMiss, CacheHit, CacheWB, CPUIdle, RX/s, TX/s, Sup/s
11146, 0, 0, 0, 0, 0, 0, 0, 0, 0, 0, 0, 0, 0, 0, 0, 0, 0, 0, 0
11146, 0, 1.000007, 210001532, 1.000007, 27225, 27225, 27232, 0, 6808, 0, 0, 0, 656518, 182068129, 273511, 31779278, 27224.801389, 27231.801338, 0.000000
11146, 1, 2.000015, 210001646, 1.000008, 27122, 27122, 27108, 0, 6777, 0, 0, 4, 548303, 182144821, 220929, 31665393, 27121.787417, 27107.787527, 0.000000
11146, 2, 3.000069, 210011263, 1.000054, 27116, 27116, 27120, 0, 6780, 0, 0, 7, 527043, 182094054, 209237, 31835536, 27114.545757, 27118.545542, 0.000000
11146, 3, 4.000113, 210009391, 1.000045, 27217, 27217, 27217, 0, 6805, 0, 0, 7, 517691, 182067819, 205389, 31835006, 27215.782936, 27215.782936, 0.000000
11146, 4, 5.000119, 210001126, 1.000005, 27158, 27158, 27163, 0, 6790, 0, 0, 8, 509786, 181914622, 200846, 32140101, 27157.854382, 27162.854355, 0.000000
11146, 5, 6.000196, 210016229, 1.000077, 27044, 27044, 27044, 0, 6761, 0, 0, 4, 505290, 181720293, 198362, 32571758, 27041.910175, 27041.910175, 0.000000
11146, 6, 7.000202, 210001186, 1.000006, 27203, 27203, 27198, 0, 6800, 0, 0, 4, 507548, 181754190, 201042, 32451702, 27202.846369, 27197.846397, 0.000000
11146, 7, 8.000295, 210019522, 1.000093, 27100, 27100, 27106, 0, 6776, 0, 0, 0, 510135, 181989645, 201574, 32054585, 27097.480967, 27103.480409, 0.000000
