ThreadID, cIDX, Time, cycles, deltaT, RX, OnRX, TX, SupTX, OnTX, Idle, OnIdle, Blocked, CacheMiss, CacheHit, CacheWB, CPUIdle, RX/s, TX/s, Sup/s
2540, 0, 0, 0, 0, 0, 0, 0, 0, 0, 0, 0, 0, 0, 0, 0, 0, 0, 0, 0
2540, 0, 1.000011, 210002320, 1.000011, 27270, 27270, 27271, 0, 6818, 0, 0, 0, 0, 0, 0, 28800986, 27269.698735, 27270.698724, 0.000000
2540, 1, 2.000028, 210003567, 1.000017, 27161, 27161, 27157, 0, 6789, 0, 0, 3, 0, 0, 0, 28775994, 27160.538659, 27156.538727, 0.000000
2540, 2, 3.000041, 210002747, 1.000013, 27139, 27139, 27140, 0, 6785, 0, 0, 3, 0, 0, 0, 28991155, 27138.645001, 27139.644988, 0.000000
2540, 3, 4.000047, 210001159, 1.000006, 27092, 27092, 27091, 0, 6773, 0, 0, 4, 0, 0, 0, 29178663, 27091.850479, 27090.850484, 0.000000
2540, 4, 5.000058, 210002328, 1.000011, 27143, 27143, 27152, 0, 6788, 0, 0, 0, 0, 0, 0, 29303997, 27142.699104, 27151.699004, 0.000000
2540, 5, 6.000067, 210001846, 1.000009, 27173, 27173, 27162, 0, 6791, 0, 0, 1, 0, 0, 0, 29874201, 27172.761138, 27161.761235, 0.000000
2540, 6, 7.000128, 210012947, 1.000062, 27148, 27148, 27155, 0, 6788, 0, 0, 2, 0, 0, 0, 29812531, 27146.326364, 27153.325933, 0.000000
2540, 7, 8.000137, 210001935, 1.000009, 27127, 27127, 27124, 0, 6781, 0, 0, 1, 0, 0, 0, 29430165, 27126.750046, 27123.750074, 0.000000
