ThreadID, cIDX, Time, cycles, deltaT, RX, OnRX, TX, SupTX, OnTX, Idle, OnIdle, Blocked, CacheMiss, CacheHit, CacheWB, CPUIdle, RX/s, TX/s, Sup/s
8475, 0, 0, 0, 0, 0, 0, 0, 0, 0, 0, 0, 0, 0, 0, 0, 0, 0, 0, 0
8475, 0, 1.000259, 210054335, 1.000259, 27227, 27227, 27233, 0, 6809, 0, 0, 2, 0, 0, 0, 29204629, 27219.957160, 27225.955608, 0.000000
8475, 1, 2.000280, 210004445, 1.000021, 27103, 27103, 27105, 0, 6776, 0, 0, 4, 0, 0, 0, 29126045, 27102.426332, 27104.426290, 0.000000
8475, 2, 3.000299, 210004067, 1.000019, 27095, 27095, 27084, 0, 6771, 0, 0, 4, 0, 0, 0, 29278313, 27094.475270, 27083.475483, 0.000000
8475, 3, 4.000325, 210005484, 1.000026, 27199, 27199, 27198, 0, 6799, 0, 0, 7, 0, 0, 0, 29177144, 27198.289736, 27197.289762, 0.000000
8475, 4, 5.000385, 210012517, 1.000060, 27160, 27160, 27160, 0, 6790, 0, 0, 0, 0, 0, 0, 29474385, 27158.381231, 27158.381231, 0.000000
8475, 5, 6.000405, 210004270, 1.000020, 27079, 27079, 27083, 0, 6771, 0, 0, 0, 0, 0, 0, 29822376, 27078.449405, 27082.449324, 0.000000
8475, 6, 7.000422, 210003601, 1.000017, 27078, 27078, 27077, 0, 6769, 0, 0, 0, 0, 0, 0, 29795228, 27077.535685, 27076.535702, 0.000000
8475, 7, 8.000430, 210001633, 1.000008, 27227, 27227, 27232, 0, 6808, 0, 0, 0, 0, 0, 0, 29613233, 27226.788279, 27231.788240, 0.000000
