ThreadID, cIDX, Time, cycles, deltaT, RX, OnRX, TX, SupTX, OnTX, Idle, OnIdle, Blocked, CacheMiss, CacheHit, CacheWB, CPUIdle, RX/s, TX/s, Sup/s
2396, 0, 0, 0, 0, 0, 0, 0, 0, 0, 0, 0, 0, 0, 0, 0, 0, 0, 0, 0
2396, 0, 1.000577, 210121152, 1.000577, 27218, 27218, 27220, 0, 6805, 0, 0, 0, 0, 0, 0, 28976496, 27202.306601, 27204.305448, 0.000000
2396, 1, 2.000831, 210053385, 1.000254, 27200, 27200, 27192, 0, 6798, 0, 0, 0, 0, 0, 0, 28949942, 27193.087129, 27185.089162, 0.000000
2396, 2, 3.000890, 210012304, 1.000059, 27139, 27139, 27148, 0, 6787, 0, 0, 7, 0, 0, 0, 29322794, 27137.410006, 27146.409479, 0.000000
2396, 3, 4.000900, 210002112, 1.000010, 27093, 27093, 27092, 0, 6773, 0, 0, 0, 0, 0, 0, 29251920, 27092.727525, 27091.727535, 0.000000
2396, 4, 5.000901, 210000311, 1.000001, 27133, 27133, 27135, 0, 6784, 0, 0, 5, 0, 0, 0, 29379903, 27132.959817, 27134.959814, 0.000000
2396, 5, 6.000909, 210001721, 1.000008, 27188, 27188, 27185, 0, 6796, 0, 0, 0, 0, 0, 0, 29938595, 27187.777190, 27184.777214, 0.000000
2396, 6, 7.000959, 210010378, 1.000049, 27152, 27152, 27144, 0, 6786, 0, 0, 2, 0, 0, 0, 29888903, 27150.658240, 27142.658636, 0.000000
2396, 7, 8.001051, 210019321, 1.000092, 27085, 27085, 27092, 0, 6773, 0, 0, 2, 0, 0, 0, 29711569, 27082.508280, 27089.507636, 0.000000
