ThreadID, cIDX, Time, cycles, deltaT, RX, OnRX, TX, SupTX, OnTX, Idle, OnIdle, Blocked, CacheMiss, CacheHit, CacheWB, CPUIdle, RX/s, TX/s, Sup/s
2707, 0, 0, 0, 0, 0, 0, 0, 0, 0, 0, 0, 0, 0, 0, 0, 0, 0, 0, 0
2707, 0, 1.000048, 210010011, 1.000048, 31577, 31577, 31567, 0, 7892, 0, 0, 0, 0, 0, 0, 29766292, 31575.494751, 31565.495228, 0.000000
2707, 1, 2.000103, 210011706, 1.000056, 31662, 31662, 31684, 0, 7921, 0, 0, 6, 0, 0, 0, 29643811, 31660.235168, 31682.233942, 0.000000
2707, 2, 3.000560, 210095940, 1.000457, 31714, 31714, 31694, 0, 7924, 0, 0, 6, 0, 0, 0, 29784478, 31699.517849, 31679.526982, 0.000000
2707, 3, 4.000621, 210012828, 1.000061, 31692, 31692, 31692, 0, 7923, 0, 0, 8, 0, 0, 0, 29956685, 31690.064190, 31690.064190, 0.000000
2707, 4, 5.000934, 210065696, 1.000313, 31629, 31629, 31623, 0, 7905, 0, 0, 3, 0, 0, 0, 30349029, 31619.108338, 31613.110215, 0.000000
2707, 5, 6.001069, 210028347, 1.000135, 31602, 31602, 31608, 0, 7902, 0, 0, 1, 0, 0, 0, 30726625, 31597.734757, 31603.733947, 0.000000
2707, 6, 7.001171, 210021349, 1.000102, 31676, 31676, 31672, 0, 7918, 0, 0, 0, 0, 0, 0, 30535431, 31672.780085, 31668.780491, 0.000000
2707, 7, 8.001175, 210000918, 1.000004, 31564, 31564, 31591, 0, 7898, 0, 0, 0, 0, 0, 0, 30296821, 31563.862021, 31590.861903, 0.000000
