ThreadID, cIDX, Time, cycles, deltaT, RX, OnRX, TX, SupTX, OnTX, Idle, OnIdle, Blocked, CacheMiss, CacheHit, CacheWB, CPUIdle, RX/s, TX/s, Sup/s
9392, 0, 0, 0, 0, 0, 0, 0, 0, 0, 0, 0, 0, 0, 0, 0, 0, 0, 0, 0
9392, 0, 1.000367, 210076997, 1.000367, 31708, 31708, 31720, 0, 7930, 0, 0, 0, 0, 0, 0, 28546747, 31696.378447, 31708.374049, 0.000000
9392, 1, 2.000668, 210063278, 1.000301, 31667, 31667, 31657, 0, 7915, 0, 0, 9, 0, 0, 0, 28311040, 31657.460853, 31647.463866, 0.000000
9392, 2, 3.000699, 210006497, 1.000031, 31641, 31641, 31624, 0, 7906, 0, 0, 12, 0, 0, 0, 28325844, 31640.021118, 31623.021644, 0.000000
9392, 3, 4.000755, 210011767, 1.000056, 31734, 31734, 31735, 0, 7933, 0, 0, 7, 0, 0, 0, 28229882, 31732.221938, 31733.221882, 0.000000
9392, 4, 5.000916, 210033794, 1.000161, 31653, 31653, 31647, 0, 7912, 0, 0, 5, 0, 0, 0, 28445117, 31647.907098, 31641.908064, 0.000000
9392, 5, 6.000917, 210000198, 1.000001, 31574, 31574, 31590, 0, 7898, 0, 0, 9, 0, 0, 0, 29075795, 31573.970230, 31589.970215, 0.000000
9392, 6, 7.000961, 210009259, 1.000044, 31729, 31729, 31731, 0, 7932, 0, 0, 0, 0, 0, 0, 28945864, 31727.601115, 31729.601027, 0.000000
9392, 7, 8.000970, 210001949, 1.000009, 31658, 31658, 31651, 0, 7913, 0, 0, 1, 0, 0, 0, 28804398, 31657.706186, 31650.706251, 0.000000
