ThreadID, cIDX, Time, cycles, deltaT, RX, OnRX, TX, SupTX, OnTX, Idle, OnIdle, Blocked, CacheMiss, CacheHit, CacheWB, CPUIdle, RX/s, TX/s, Sup/s
2233, 0, 0, 0, 0, 0, 0, 0, 0, 0, 0, 0, 0, 0, 0, 0, 0, 0, 0, 0
2233, 0, 1.000006, 210001167, 1.000006, 27196, 27196, 27195, 0, 6799, 0, 0, 2, 0, 0, 0, 28235670, 27195.848869, 27194.848874, 0.000000
2233, 1, 2.000007, 210000292, 1.000001, 27101, 27101, 27098, 0, 6775, 0, 0, 1, 0, 0, 0, 28056544, 27100.962317, 27097.962321, 0.000000
2233, 2, 3.000036, 210006018, 1.000029, 27177, 27177, 27175, 0, 6793, 0, 0, 5, 0, 0, 0, 28492476, 27176.221207, 27174.221264, 0.000000
2233, 3, 4.000081, 210009543, 1.000045, 27123, 27123, 27124, 0, 6781, 0, 0, 7, 0, 0, 0, 28692635, 27121.767509, 27122.767464, 0.000000
2233, 4, 5.000083, 210000442, 1.000002, 27184, 27184, 27192, 0, 6798, 0, 0, 3, 0, 0, 0, 28810767, 27183.942784, 27191.942767, 0.000000
2233, 5, 6.000111, 210005806, 1.000028, 27061, 27061, 27055, 0, 6764, 0, 0, 2, 0, 0, 0, 29224958, 27060.251848, 27054.252014, 0.000000
2233, 6, 7.000136, 210005236, 1.000025, 27168, 27168, 27173, 0, 6793, 0, 0, 6, 0, 0, 0, 28967552, 27167.322628, 27172.322503, 0.000000
2233, 7, 8.000185, 210010250, 1.000049, 27142, 27142, 27132, 0, 6783, 0, 0, 2, 0, 0, 0, 28675915, 27140.675277, 27130.675765, 0.000000
