ThreadID, cIDX, Time, cycles, deltaT, RX, OnRX, TX, SupTX, OnTX, Idle, OnIdle, Blocked, CacheMiss, CacheHit, CacheWB, CPUIdle, RX/s, TX/s, Sup/s
2874, 0, 0, 0, 0, 0, 0, 0, 0, 0, 0, 0, 0, 0, 0, 0, 0, 0, 0, 0
2874, 0, 1.000271, 210057002, 1.000271, 27208, 27208, 27205, 0, 6802, 0, 0, 1, 0, 0, 0, 28214452, 27200.616716, 27197.617531, 0.000000
2874, 1, 2.000307, 210007520, 1.000036, 27123, 27123, 27129, 0, 6782, 0, 0, 6, 0, 0, 0, 28046057, 27122.028773, 27128.028558, 0.000000
2874, 2, 3.000309, 210000388, 1.000002, 27117, 27117, 27118, 0, 6779, 0, 0, 3, 0, 0, 0, 28134494, 27116.949898, 27117.949896, 0.000000
2874, 3, 4.000464, 210032616, 1.000155, 27227, 27227, 27224, 0, 6806, 0, 0, 6, 0, 0, 0, 28302113, 27222.771915, 27219.772380, 0.000000
2874, 4, 5.000485, 210004304, 1.000020, 27170, 27170, 27168, 0, 6792, 0, 0, 4, 0, 0, 0, 28674539, 27169.443156, 27167.443197, 0.000000
2874, 5, 6.000495, 210002196, 1.000010, 27034, 27034, 27032, 0, 6758, 0, 0, 1, 0, 0, 0, 29162425, 27033.717305, 27031.717325, 0.000000
2874, 6, 7.000499, 210000737, 1.000004, 27187, 27187, 27192, 0, 6798, 0, 0, 1, 0, 0, 0, 28859851, 27186.904587, 27191.904569, 0.000000
2874, 7, 8.000683, 210038587, 1.000184, 27130, 27130, 27124, 0, 6781, 0, 0, 0, 0, 0, 0, 28884852, 27125.015843, 27119.016945, 0.000000
