ThreadID, cIDX, Time, cycles, deltaT, RX, OnRX, TX, SupTX, OnTX, Idle, OnIdle, Blocked, CacheMiss, CacheHit, CacheWB, CPUIdle, RX/s, TX/s, Sup/s
1380, 0, 0, 0, 0, 0, 0, 0, 0, 0, 0, 0, 0, 0, 0, 0, 0, 0, 0, 0
1380, 0, 1.000004, 210000936, 1.000004, 31539, 31539, 31538, 0, 7885, 0, 0, 1, 0, 0, 0, 28979538, 31538.859427, 31537.859431, 0.000000
1380, 1, 2.000357, 210074028, 1.000353, 31676, 31676, 31690, 0, 7922, 0, 0, 2, 0, 0, 0, 29190599, 31664.837692, 31678.832759, 0.000000
1380, 2, 3.000359, 210000385, 1.000002, 31695, 31695, 31698, 0, 7925, 0, 0, 8, 0, 0, 0, 29094543, 31694.941893, 31697.941887, 0.000000
1380, 3, 4.000360, 210000193, 1.000001, 31689, 31689, 31667, 0, 7917, 0, 0, 7, 0, 0, 0, 29070541, 31688.970876, 31666.970897, 0.000000
1380, 4, 5.000365, 210001060, 1.000005, 31720, 31720, 31717, 0, 7929, 0, 0, 3, 0, 0, 0, 29383900, 31719.839890, 31716.839905, 0.000000
1380, 5, 6.000370, 210001186, 1.000006, 31577, 31577, 31585, 0, 7896, 0, 0, 2, 0, 0, 0, 29673007, 31576.821666, 31584.821621, 0.000000
1380, 6, 7.000443, 210015142, 1.000072, 31708, 31708, 31693, 0, 7923, 0, 0, 0, 0, 0, 0, 29559805, 31705.713867, 31690.714949, 0.000000
1380, 7, 8.000671, 210047894, 1.000228, 31710, 31710, 31712, 0, 7928, 0, 0, 0, 0, 0, 0, 29328560, 31702.769655, 31704.769199, 0.000000
