ThreadID, cIDX, Time, cycles, deltaT, RX, OnRX, TX, SupTX, OnTX, Idle, OnIdle, Blocked, CacheMiss, CacheHit, CacheWB, CPUIdle, RX/s, TX/s, Sup/s
8717, 0, 0, 0, 0, 0, 0, 0, 0, 0, 0, 0, 0, 0, 0, 0, 0, 0, 0, 0
8717, 0, 1.000146, 210030727, 1.000146, 27290, 27290, 27288, 0, 6822, 0, 0, 0, 645953, 182408659, 259538, 31133184, 27286.007537, 27284.007830, 0.000000
8717, 1, 2.000200, 210011184, 1.000053, 27114, 27114, 27121, 0, 6781, 0, 0, 7, 566541, 182484650, 217920, 31152160, 27112.556063, 27119.555690, 0.000000
8717, 2, 3.000253, 210011267, 1.000054, 27081, 27081, 27076, 0, 6769, 0, 0, 9, 550487, 182452994, 210331, 31254226, 27079.547118, 27074.547386, 0.000000
8717, 3, 4.000286, 210006940, 1.000033, 27233, 27233, 27229, 0, 6807, 0, 0, 0, 542078, 182485720, 207389, 31190857, 27232.100044, 27228.100176, 0.000000
8717, 4, 5.000409, 210025731, 1.000123, 27116, 27116, 27118, 0, 6779, 0, 0, 0, 530838, 182149716, 203068, 31778906, 27112.677922, 27114.677677, 0.000000
8717, 5, 6.000419, 210002100, 1.000010, 27084, 27084, 27092, 0, 6773, 0, 0, 0, 529297, 182110364, 202606, 31793749, 27083.729163, 27091.729083, 0.000000
8717, 6, 7.000480, 210012872, 1.000061, 27203, 27203, 27189, 0, 6798, 0, 0, 1, 527036, 182106876, 200501, 31901436, 27201.332688, 27187.333546, 0.000000
8717, 7, 8.000482, 210000350, 1.000002, 27084, 27084, 27087, 0, 6771, 0, 0, 2, 524719, 182192104, 198212, 31792007, 27083.954860, 27086.954855, 0.000000
