ThreadID, cIDX, Time, cycles, deltaT, RX, OnRX, TX, SupTX, OnTX, Idle, OnIdle, Blocked, CacheMiss, CacheHit, CacheWB, CPUIdle, RX/s, TX/s, Sup/s
837, 0, 0, 0, 0, 0, 0, 0, 0, 0, 0, 0, 0, 0, 0, 0, 0, 0, 0, 0
837, 0, 1.000273, 210057346, 1.000273, 31625, 31625, 31608, 0, 7902, 0, 0, 0, 697313, 183433782, 286076, 26676969, 31616.366323, 31599.370964, 0.000000
837, 1, 2.000280, 210001421, 1.000007, 31683, 31683, 31686, 0, 7922, 0, 0, 0, 606525, 183404528, 242964, 26710318, 31682.785613, 31685.785593, 0.000000
837, 2, 3.000313, 210006909, 1.000033, 31704, 31704, 31703, 0, 7926, 0, 0, 0, 577043, 183314626, 228714, 26983254, 31702.956973, 31701.957006, 0.000000
837, 3, 4.000593, 210058786, 1.000280, 31621, 31621, 31619, 0, 7904, 0, 0, 0, 566514, 183449258, 223531, 26788595, 31612.150705, 31610.151265, 0.000000
837, 4, 5.000869, 210058085, 1.000277, 31642, 31642, 31640, 0, 7910, 0, 0, 0, 559769, 183235450, 220371, 27250247, 31633.250394, 31631.250947, 0.000000
837, 5, 6.000874, 210001038, 1.000005, 31681, 31681, 31703, 0, 7926, 0, 0, 1, 552835, 183044067, 216901, 27551109, 31680.843406, 31702.843297, 0.000000
837, 6, 7.000892, 210003791, 1.000018, 31666, 31666, 31674, 0, 7919, 0, 0, 0, 549353, 183066384, 214515, 27491231, 31665.428364, 31673.428219, 0.000000
837, 7, 8.000896, 210000840, 1.000004, 31641, 31641, 31629, 0, 7907, 0, 0, 0, 548866, 183178975, 214020, 27276549, 31640.873437, 31628.873485, 0.000000
