ThreadID, cIDX, Time, cycles, deltaT, RX, OnRX, TX, SupTX, OnTX, Idle, OnIdle, Blocked, CacheMiss, CacheHit, CacheWB, CPUIdle, RX/s, TX/s, Sup/s
8446, 0, 0, 0, 0, 0, 0, 0, 0, 0, 0, 0, 0, 0, 0, 0, 0, 0, 0, 0
8446, 0, 1.000015, 210003225, 1.000015, 27190, 27190, 27192, 0, 6798, 0, 0, 0, 0, 0, 0, 30292546, 27189.582446, 27191.582415, 0.000000
8446, 1, 2.000391, 210078838, 1.000375, 27142, 27142, 27141, 0, 6786, 0, 0, 9, 0, 0, 0, 30265789, 27131.814200, 27130.814575, 0.000000
8446, 2, 3.000397, 210001265, 1.000006, 27086, 27086, 27087, 0, 6771, 0, 0, 7, 0, 0, 0, 30502183, 27085.836840, 27086.836834, 0.000000
8446, 3, 4.000421, 210005029, 1.000024, 27211, 27211, 27212, 0, 6803, 0, 0, 4, 0, 0, 0, 30316259, 27210.348377, 27211.348353, 0.000000
8446, 4, 5.000436, 210003203, 1.000015, 27150, 27150, 27148, 0, 6787, 0, 0, 0, 0, 0, 0, 30524740, 27149.585904, 27147.585935, 0.000000
8446, 5, 6.000442, 210001268, 1.000006, 27096, 27096, 27100, 0, 6775, 0, 0, 0, 0, 0, 0, 30911710, 27095.836393, 27099.836369, 0.000000
8446, 6, 7.000456, 210002846, 1.000014, 27127, 27127, 27113, 0, 6779, 0, 0, 2, 0, 0, 0, 30958670, 27126.632370, 27112.632559, 0.000000
8446, 7, 8.000479, 210005002, 1.000024, 27209, 27209, 27216, 0, 6804, 0, 0, 1, 0, 0, 0, 30713757, 27208.351923, 27215.351756, 0.000000
