ThreadID, cIDX, Time, cycles, deltaT, RX, OnRX, TX, SupTX, OnTX, Idle, OnIdle, Blocked, CacheMiss, CacheHit, CacheWB, CPUIdle, RX/s, TX/s, Sup/s
1410, 0, 0, 0, 0, 0, 0, 0, 0, 0, 0, 0, 0, 0, 0, 0, 0, 0, 0, 0
1410, 0, 1.000380, 210079843, 1.000380, 30564, 30564, 30575, 0, 7927, 0, 0, 2, 665519, 182063430, 270156, 31885923, 30552.383838, 30563.379658, 0.000000
1410, 1, 2.000416, 210007603, 1.000036, 30520, 30520, 30509, 0, 7910, 0, 0, 2, 568093, 182095339, 226001, 31826633, 30518.895071, 30507.895469, 0.000000
1410, 2, 3.000425, 210001895, 1.000009, 30540, 30540, 30546, 0, 7920, 0, 0, 7, 531987, 182059663, 210428, 31844368, 30539.724415, 30545.724361, 0.000000
1410, 3, 4.000508, 210017409, 1.000083, 30564, 30564, 30570, 0, 7926, 0, 0, 9, 521579, 182052733, 206054, 31820158, 30561.466454, 30567.465957, 0.000000
1410, 4, 5.000540, 210006640, 1.000032, 30491, 30491, 30493, 0, 7904, 0, 0, 4, 515863, 181840257, 202374, 32275014, 30490.035934, 30492.035871, 0.000000
1410, 5, 6.000541, 210000222, 1.000001, 30503, 30503, 30490, 0, 7906, 0, 0, 1, 510936, 181740719, 200254, 32454608, 30502.967754, 30489.967768, 0.000000
1410, 6, 7.000646, 210022012, 1.000105, 30561, 30561, 30543, 0, 7920, 0, 0, 0, 511195, 181881952, 199250, 32313576, 30557.796961, 30539.798847, 0.000000
1410, 7, 8.000721, 210015724, 1.000075, 30510, 30510, 30541, 0, 7917, 0, 0, 0, 510183, 181980512, 199231, 32044615, 30507.715698, 30538.713377, 0.000000
