ThreadID, cIDX, Time, cycles, deltaT, RX, OnRX, TX, SupTX, OnTX, Idle, OnIdle, Blocked, CacheMiss, CacheHit, CacheWB, CPUIdle, RX/s, TX/s, Sup/s
8840, 0, 0, 0, 0, 0, 0, 0, 0, 0, 0, 0, 0, 0, 0, 0, 0, 0, 0, 0
8840, 0, 1.000034, 210007045, 1.000034, 27090, 27090, 27084, 0, 6771, 0, 0, 0, 644261, 182272990, 264489, 31767875, 27089.091225, 27083.091427, 0.000000
8840, 1, 2.000044, 210002111, 1.000010, 27162, 27162, 27171, 0, 6793, 0, 0, 6, 566842, 182416108, 226883, 31530081, 27161.726960, 27170.726870, 0.000000
8840, 2, 3.000091, 210010033, 1.000048, 27152, 27152, 27145, 0, 6786, 0, 0, 2, 545532, 182371996, 215772, 31670942, 27150.702843, 27143.703177, 0.000000
8840, 3, 4.000103, 210002466, 1.000012, 27083, 27083, 27090, 0, 6773, 0, 0, 7, 533048, 182419622, 208737, 31622788, 27082.681972, 27089.681890, 0.000000
8840, 4, 5.000154, 210010684, 1.000051, 27081, 27081, 27078, 0, 6769, 0, 0, 4, 520153, 182089293, 202662, 32230416, 27079.622292, 27076.622445, 0.000000
8840, 5, 6.000160, 210001199, 1.000006, 27162, 27162, 27153, 0, 6789, 0, 0, 0, 507948, 181990852, 196242, 32457564, 27161.844919, 27152.844970, 0.000000
8840, 6, 7.000235, 210015817, 1.000075, 27009, 27009, 27019, 0, 6754, 0, 0, 1, 500261, 182048172, 191654, 32399915, 27006.965861, 27016.965108, 0.000000
8840, 7, 8.000236, 210000174, 1.000001, 27130, 27130, 27132, 0, 6783, 0, 0, 1, 499873, 182104609, 191561, 32242962, 27129.977521, 27131.977519, 0.000000
