ThreadID, cIDX, Time, cycles, deltaT, RX, OnRX, TX, SupTX, OnTX, Idle, OnIdle, Blocked, CacheMiss, CacheHit, CacheWB, CPUIdle, RX/s, TX/s, Sup/s
9364, 0, 0, 0, 0, 0, 0, 0, 0, 0, 0, 0, 0, 0, 0, 0, 0, 0, 0, 0
9364, 0, 1.000360, 210075627, 1.000360, 31557, 31557, 31568, 0, 7892, 0, 0, 1, 0, 0, 0, 29960487, 31545.639514, 31556.635554, 0.000000
9364, 1, 2.000662, 210063497, 1.000302, 31708, 31708, 31677, 0, 7920, 0, 0, 2, 0, 0, 0, 29856998, 31698.415456, 31667.424826, 0.000000
9364, 2, 3.000709, 210009668, 1.000046, 31692, 31692, 31699, 0, 7924, 0, 0, 8, 0, 0, 0, 29907638, 31690.541028, 31697.540706, 0.000000
9364, 3, 4.000728, 210004065, 1.000019, 31684, 31684, 31696, 0, 7924, 0, 0, 11, 0, 0, 0, 29844116, 31683.386700, 31695.386468, 0.000000
9364, 4, 5.000851, 210025886, 1.000123, 31671, 31671, 31652, 0, 7913, 0, 0, 6, 0, 0, 0, 30095795, 31667.096503, 31648.098844, 0.000000
9364, 5, 6.000886, 210007412, 1.000035, 31599, 31599, 31599, 0, 7900, 0, 0, 7, 0, 0, 0, 30524919, 31597.884745, 31597.884745, 0.000000
9364, 6, 7.000890, 210000739, 1.000004, 31718, 31718, 31739, 0, 7935, 0, 0, 0, 0, 0, 0, 30407494, 31717.888383, 31738.888309, 0.000000
9364, 7, 8.000896, 210001241, 1.000006, 31621, 31621, 31601, 0, 7900, 0, 0, 0, 0, 0, 0, 30334758, 31620.813136, 31600.813254, 0.000000
