ThreadID, cIDX, Time, cycles, deltaT, RX, OnRX, TX, SupTX, OnTX, Idle, OnIdle, Blocked, CacheMiss, CacheHit, CacheWB, CPUIdle, RX/s, TX/s, Sup/s
236, 0, 0, 0, 0, 0, 0, 0, 0, 0, 0, 0, 0, 0, 0, 0, 0, 0, 0, 0
236, 0, 1.000099, 210020724, 1.000099, 27274, 27274, 27274, 0, 6819, 0, 0, 1, 0, 0, 0, 26792462, 27271.308711, 27271.308711, 0.000000
236, 1, 2.000151, 210010933, 1.000052, 27121, 27121, 27126, 0, 6781, 0, 0, 1, 0, 0, 0, 26702879, 27119.588103, 27124.587842, 0.000000
236, 2, 3.000331, 210037776, 1.000180, 27089, 27089, 27088, 0, 6772, 0, 0, 0, 0, 0, 0, 26944833, 27084.127952, 27083.128132, 0.000000
236, 3, 4.000348, 210003598, 1.000017, 27210, 27210, 27212, 0, 6803, 0, 0, 1, 0, 0, 0, 26870624, 27209.533810, 27211.533776, 0.000000
236, 4, 5.000356, 210001689, 1.000008, 27167, 27167, 27168, 0, 6792, 0, 0, 0, 0, 0, 0, 27015736, 27166.781501, 27167.781493, 0.000000
236, 5, 6.000361, 210001163, 1.000006, 27046, 27046, 27037, 0, 6760, 0, 0, 0, 0, 0, 0, 27545624, 27045.850218, 27036.850267, 0.000000
236, 6, 7.000537, 210036881, 1.000176, 27185, 27185, 27183, 0, 6795, 0, 0, 0, 0, 0, 0, 27421614, 27180.226505, 27178.226856, 0.000000
236, 7, 8.000557, 210004156, 1.000020, 27123, 27123, 27128, 0, 6782, 0, 0, 0, 0, 0, 0, 27300874, 27122.463234, 27127.463135, 0.000000
