ThreadID, cIDX, Time, cycles, deltaT, RX, OnRX, TX, SupTX, OnTX, Idle, OnIdle, Blocked, CacheMiss, CacheHit, CacheWB, CPUIdle, RX/s, TX/s, Sup/s
8609, 0, 0, 0, 0, 0, 0, 0, 0, 0, 0, 0, 0, 0, 0, 0, 0, 0, 0, 0
8609, 0, 1.000021, 210004335, 1.000021, 31634, 31634, 31640, 0, 7910, 0, 0, 1, 0, 0, 0, 27685066, 31633.346997, 31639.346873, 0.000000
8609, 1, 2.000052, 210006533, 1.000031, 31720, 31720, 31724, 0, 7931, 0, 0, 7, 0, 0, 0, 27611689, 31719.013237, 31723.013112, 0.000000
8609, 2, 3.000085, 210006936, 1.000033, 31689, 31689, 31688, 0, 7922, 0, 0, 3, 0, 0, 0, 27761487, 31687.953392, 31686.953425, 0.000000
8609, 3, 4.000115, 210006255, 1.000030, 31680, 31680, 31668, 0, 7917, 0, 0, 0, 0, 0, 0, 27638113, 31679.056417, 31667.056774, 0.000000
8609, 4, 5.000135, 210004359, 1.000021, 31662, 31662, 31662, 0, 7916, 0, 0, 2, 0, 0, 0, 28075087, 31661.342801, 31661.342801, 0.000000
8609, 5, 6.000240, 210021952, 1.000105, 31614, 31614, 31606, 0, 7901, 0, 0, 0, 0, 0, 0, 28287547, 31610.695629, 31602.696465, 0.000000
8609, 6, 7.000280, 210008409, 1.000040, 31704, 31704, 31728, 0, 7932, 0, 0, 2, 0, 0, 0, 28366766, 31702.730532, 31726.729571, 0.000000
8609, 7, 8.000285, 210001170, 1.000006, 31624, 31624, 31604, 0, 7901, 0, 0, 1, 0, 0, 0, 28460548, 31623.823810, 31603.823922, 0.000000
