ThreadID, cIDX, Time, cycles, deltaT, RX, OnRX, TX, SupTX, OnTX, Idle, OnIdle, Blocked, CacheMiss, CacheHit, CacheWB, CPUIdle, RX/s, TX/s, Sup/s
8587, 0, 0, 0, 0, 0, 0, 0, 0, 0, 0, 0, 0, 0, 0, 0, 0, 0, 0, 0
8587, 0, 1.000009, 210001799, 1.000009, 27198, 27198, 27192, 0, 6798, 0, 0, 1, 647580, 182300524, 265415, 31769169, 27197.767006, 27191.767057, 0.000000
8587, 1, 2.000260, 210052894, 1.000252, 27136, 27136, 27144, 0, 6786, 0, 0, 6, 567233, 182408009, 223517, 31766804, 27129.166809, 27137.164794, 0.000000
8587, 2, 3.000275, 210003049, 1.000015, 27091, 27091, 27087, 0, 6772, 0, 0, 5, 545065, 182329423, 213219, 31869099, 27090.606670, 27086.606728, 0.000000
8587, 3, 4.000283, 210001728, 1.000008, 27185, 27185, 27185, 0, 6796, 0, 0, 1, 537875, 182409851, 208266, 31764166, 27184.776308, 27184.776308, 0.000000
8587, 4, 5.000349, 210013822, 1.000066, 27143, 27143, 27136, 0, 6784, 0, 0, 0, 527953, 182171047, 205720, 32077806, 27141.213591, 27134.214052, 0.000000
8587, 5, 6.000362, 210002663, 1.000013, 27082, 27082, 27093, 0, 6774, 0, 0, 0, 521389, 182040617, 202102, 32353259, 27081.656579, 27092.656439, 0.000000
8587, 6, 7.000413, 210010769, 1.000051, 27047, 27047, 27043, 0, 6760, 0, 0, 0, 518935, 182049362, 199982, 32427673, 27045.613075, 27041.613280, 0.000000
8587, 7, 8.000610, 210041313, 1.000197, 27248, 27248, 27244, 0, 6811, 0, 0, 0, 513249, 182073045, 196948, 32341743, 27242.640594, 27238.641381, 0.000000
