ThreadID, cIDX, Time, cycles, deltaT, RX, OnRX, TX, SupTX, OnTX, Idle, OnIdle, Blocked, CacheMiss, CacheHit, CacheWB, CPUIdle, RX/s, TX/s, Sup/s
11183, 0, 0, 0, 0, 0, 0, 0, 0, 0, 0, 0, 0, 0, 0, 0, 0, 0, 0, 0
11183, 0, 1.000043, 210009130, 1.000043, 27172, 27172, 27168, 0, 6792, 0, 0, 0, 0, 0, 0, 28280240, 27170.818716, 27166.818890, 0.000000
11183, 1, 2.000298, 210053536, 1.000255, 27131, 27131, 27140, 0, 6785, 0, 0, 4, 0, 0, 0, 28331747, 27124.085167, 27133.082873, 0.000000
11183, 2, 3.000402, 210021700, 1.000103, 27175, 27175, 27180, 0, 6795, 0, 0, 5, 0, 0, 0, 28395609, 27172.192207, 27177.191690, 0.000000
11183, 3, 4.000451, 210010344, 1.000049, 27178, 27178, 27173, 0, 6794, 0, 0, 5, 0, 0, 0, 28439562, 27176.661355, 27171.661602, 0.000000
11183, 4, 5.000520, 210014392, 1.000069, 27142, 27142, 27143, 0, 6785, 0, 0, 9, 0, 0, 0, 28688314, 27140.139996, 27141.139927, 0.000000
11183, 5, 6.000553, 210007072, 1.000034, 27131, 27131, 27124, 0, 6781, 0, 0, 0, 0, 0, 0, 29033271, 27130.086362, 27123.086598, 0.000000
11183, 6, 7.000611, 210012082, 1.000058, 27113, 27113, 27112, 0, 6778, 0, 0, 0, 0, 0, 0, 28974380, 27111.440188, 27110.440246, 0.000000
11183, 7, 8.000620, 210001967, 1.000009, 27096, 27096, 27105, 0, 6777, 0, 0, 0, 0, 0, 0, 28457438, 27095.746203, 27104.746119, 0.000000
