ThreadID, cIDX, Time, cycles, deltaT, RX, OnRX, TX, SupTX, OnTX, Idle, OnIdle, Blocked, CacheMiss, CacheHit, CacheWB, CPUIdle, RX/s, TX/s, Sup/s
82, 0, 0, 0, 0, 0, 0, 0, 0, 0, 0, 0, 0, 0, 0, 0, 0, 0, 0, 0
82, 0, 1.000002, 210000485, 1.000002, 31704, 31704, 31717, 0, 7930, 0, 0, 0, 0, 0, 0, 26640536, 31703.926779, 31716.926749, 0.000000
82, 1, 2.000024, 210004503, 1.000021, 31676, 31676, 31671, 0, 7917, 0, 0, 2, 0, 0, 0, 26571314, 31675.320791, 31670.320898, 0.000000
82, 2, 3.000076, 210010983, 1.000052, 31703, 31703, 31681, 0, 7921, 0, 0, 0, 0, 0, 0, 26769831, 31701.342020, 31679.343170, 0.000000
82, 3, 4.000217, 210029648, 1.000141, 31640, 31640, 31667, 0, 7916, 0, 0, 3, 0, 0, 0, 26727786, 31635.533665, 31662.529854, 0.000000
82, 4, 5.000541, 210068017, 1.000324, 31655, 31655, 31628, 0, 7907, 0, 0, 0, 0, 0, 0, 27075311, 31644.750567, 31617.759309, 0.000000
82, 5, 6.000988, 210093930, 1.000447, 31626, 31626, 31624, 0, 7906, 0, 0, 0, 0, 0, 0, 27268119, 31611.860466, 31609.861361, 0.000000
82, 6, 7.001087, 210020792, 1.000099, 31579, 31579, 31600, 0, 7900, 0, 0, 1, 0, 0, 0, 27163381, 31575.873688, 31596.871609, 0.000000
82, 7, 8.001111, 210004861, 1.000023, 31630, 31630, 31633, 0, 7909, 0, 0, 0, 0, 0, 0, 26827683, 31629.267858, 31632.267788, 0.000000
