ThreadID, cIDX, Time, cycles, deltaT, RX, OnRX, TX, SupTX, OnTX, Idle, OnIdle, Blocked, CacheMiss, CacheHit, CacheWB, CPUIdle, RX/s, TX/s, Sup/s
8259, 0, 0, 0, 0, 0, 0, 0, 0, 0, 0, 0, 0, 0, 0, 0, 0, 0, 0, 0
8259, 0, 1.000057, 210012067, 1.000057, 31570, 31570, 31564, 0, 7891, 0, 0, 0, 653833, 182029073, 271135, 28993125, 31568.186032, 31562.186377, 0.000000
8259, 1, 2.000065, 210001620, 1.000008, 31719, 31719, 31736, 0, 7934, 0, 0, 6, 559718, 182142551, 221683, 28881083, 31718.755312, 31735.755181, 0.000000
8259, 2, 3.000183, 210024804, 1.000118, 31708, 31708, 31680, 0, 7920, 0, 0, 8, 541585, 182118134, 215457, 28937797, 31704.255275, 31676.258581, 0.000000
8259, 3, 4.000260, 210016193, 1.000077, 31598, 31598, 31601, 0, 7901, 0, 0, 7, 524130, 182095887, 206976, 28950257, 31595.563681, 31598.563450, 0.000000
8259, 4, 5.000263, 210000516, 1.000002, 31556, 31556, 31569, 0, 7892, 0, 0, 1, 513078, 181919656, 202761, 29343515, 31555.922463, 31568.922431, 0.000000
8259, 5, 6.000381, 210024843, 1.000118, 31718, 31718, 31706, 0, 7926, 0, 0, 1, 505226, 181729407, 198447, 29725592, 31714.248204, 31702.249624, 0.000000
8259, 6, 7.000846, 210097674, 1.000465, 31562, 31562, 31556, 0, 7889, 0, 0, 5, 503121, 181919026, 197162, 29407029, 31547.326888, 31541.329677, 0.000000
8259, 7, 8.000864, 210003730, 1.000018, 31587, 31587, 31592, 0, 7898, 0, 0, 3, 504637, 181962643, 198011, 28927321, 31586.438965, 31591.438876, 0.000000
