ThreadID, cIDX, Time, cycles, deltaT, RX, OnRX, TX, SupTX, OnTX, Idle, OnIdle, Blocked, CacheMiss, CacheHit, CacheWB, CPUIdle, RX/s, TX/s, Sup/s
406, 0, 0, 0, 0, 0, 0, 0, 0, 0, 0, 0, 0, 0, 0, 0, 0, 0, 0, 0
406, 0, 1.000017, 210003579, 1.000017, 31517, 31517, 31532, 0, 7883, 0, 0, 0, 0, 0, 0, 27502643, 31516.462869, 31531.462614, 0.000000
406, 1, 2.000060, 210008942, 1.000043, 31675, 31675, 31668, 0, 7917, 0, 0, 3, 0, 0, 0, 27495677, 31673.651306, 31666.651604, 0.000000
406, 2, 3.000151, 210019113, 1.000091, 31719, 31719, 31692, 0, 7923, 0, 0, 0, 0, 0, 0, 27739088, 31716.113381, 31689.115838, 0.000000
406, 3, 4.000273, 210025749, 1.000123, 31677, 31677, 31688, 0, 7922, 0, 0, 0, 0, 0, 0, 27541659, 31673.116423, 31684.115075, 0.000000
406, 4, 5.000282, 210001884, 1.000009, 31640, 31640, 31656, 0, 7914, 0, 0, 0, 0, 0, 0, 28156906, 31639.716147, 31655.716003, 0.000000
406, 5, 6.000304, 210004568, 1.000022, 31632, 31632, 31624, 0, 7906, 0, 0, 1, 0, 0, 0, 28099808, 31631.311944, 31623.312118, 0.000000
406, 6, 7.000612, 210064719, 1.000308, 31605, 31605, 31592, 0, 7898, 0, 0, 0, 0, 0, 0, 28273819, 31595.262791, 31582.266797, 0.000000
406, 7, 8.000624, 210002539, 1.000012, 31660, 31660, 31665, 0, 7917, 0, 0, 1, 0, 0, 0, 27930067, 31659.617220, 31664.617160, 0.000000
