ThreadID, cIDX, Time, cycles, deltaT, RX, OnRX, TX, SupTX, OnTX, Idle, OnIdle, Blocked, CacheMiss, CacheHit, CacheWB, CPUIdle, RX/s, TX/s, Sup/s
9742, 0, 0, 0, 0, 0, 0, 0, 0, 0, 0, 0, 0, 0, 0, 0, 0, 0, 0, 0
9742, 0, 1.000032, 210006783, 1.000032, 27216, 27216, 27216, 0, 6804, 0, 0, 0, 633460, 182061205, 262791, 31747713, 27215.120952, 27215.120952, 0.000000
9742, 1, 2.000041, 210001862, 1.000009, 27140, 27140, 27138, 0, 6785, 0, 0, 6, 553827, 182153007, 223589, 31757379, 27139.759361, 27137.759379, 0.000000
9742, 2, 3.000056, 210003203, 1.000015, 27157, 27157, 27165, 0, 6791, 0, 0, 5, 539432, 182061170, 216954, 31868324, 27156.585797, 27164.585675, 0.000000
9742, 3, 4.000126, 210014517, 1.000069, 27197, 27197, 27185, 0, 6796, 0, 0, 2, 535232, 181978831, 215223, 32022589, 27195.120040, 27183.120870, 0.000000
9742, 4, 5.000133, 210001634, 1.000008, 27077, 27077, 27088, 0, 6772, 0, 0, 9, 533037, 181846496, 214020, 32298943, 27076.789317, 27087.789231, 0.000000
9742, 5, 6.000202, 210014330, 1.000068, 27054, 27054, 27052, 0, 6763, 0, 0, 4, 520532, 181696022, 207519, 32590387, 27052.154013, 27050.154149, 0.000000
9742, 6, 7.000346, 210030351, 1.000145, 27174, 27174, 27168, 0, 6792, 0, 0, 1, 520344, 181874125, 206543, 32345796, 27170.073148, 27164.074015, 0.000000
9742, 7, 8.000422, 210015913, 1.000076, 27039, 27039, 27044, 0, 6761, 0, 0, 0, 521532, 181969860, 207723, 32125051, 27036.951243, 27041.950864, 0.000000
