ThreadID, cIDX, Time, cycles, deltaT, RX, OnRX, TX, SupTX, OnTX, Idle, OnIdle, Blocked, CacheMiss, CacheHit, CacheWB, CPUIdle, RX/s, TX/s, Sup/s
9798, 0, 0, 0, 0, 0, 0, 0, 0, 0, 0, 0, 0, 0, 0, 0, 0, 0, 0, 0
9798, 0, 1.000017, 210003482, 1.000017, 31600, 31600, 31612, 0, 7903, 0, 0, 0, 642847, 182103499, 270214, 29141926, 31599.476051, 31611.475852, 0.000000
9798, 1, 2.000040, 210004985, 1.000024, 31660, 31660, 31652, 0, 7913, 0, 0, 0, 573854, 182153416, 234558, 29023285, 31659.248470, 31651.248660, 0.000000
9798, 2, 3.000062, 210004638, 1.000022, 31700, 31700, 31704, 0, 7926, 0, 0, 9, 555957, 182058136, 225780, 29320602, 31699.299898, 31703.299810, 0.000000
9798, 3, 4.000075, 210002554, 1.000012, 31640, 31640, 31641, 0, 7911, 0, 0, 11, 550323, 181956202, 222439, 29445671, 31639.615202, 31640.615190, 0.000000
9798, 4, 5.000189, 210023979, 1.000114, 31725, 31725, 31715, 0, 7928, 0, 0, 10, 539786, 181888980, 217439, 29629850, 31721.377872, 31711.379014, 0.000000
9798, 5, 6.000303, 210023991, 1.000114, 31585, 31585, 31592, 0, 7898, 0, 0, 5, 528134, 181703746, 211568, 29972023, 31581.392052, 31588.391252, 0.000000
9798, 6, 7.000662, 210075419, 1.000359, 31723, 31723, 31705, 0, 7927, 0, 0, 0, 533505, 181946554, 214146, 29656970, 31711.611152, 31693.617615, 0.000000
9798, 7, 8.000812, 210031544, 1.000150, 31645, 31645, 31639, 0, 7909, 0, 0, 0, 536127, 181960577, 216256, 29465573, 31640.247334, 31634.248235, 0.000000
