ThreadID, cIDX, Time, cycles, deltaT, RX, OnRX, TX, SupTX, OnTX, Idle, OnIdle, Blocked, CacheMiss, CacheHit, CacheWB, CPUIdle, RX/s, TX/s, Sup/s
9779, 0, 0, 0, 0, 0, 0, 0, 0, 0, 0, 0, 0, 0, 0, 0, 0, 0, 0, 0
9779, 0, 1.000028, 210005908, 1.000028, 31539, 31539, 31524, 0, 7881, 0, 0, 0, 0, 0, 0, 28352847, 31538.112728, 31523.113150, 0.000000
9779, 1, 2.000036, 210001652, 1.000008, 31652, 31652, 31668, 0, 7917, 0, 0, 4, 0, 0, 0, 28140593, 31651.751006, 31667.750880, 0.000000
9779, 2, 3.000076, 210008351, 1.000040, 31654, 31654, 31660, 0, 7915, 0, 0, 7, 0, 0, 0, 28422676, 31652.741276, 31658.741037, 0.000000
9779, 3, 4.000183, 210022593, 1.000108, 31745, 31745, 31728, 0, 7932, 0, 0, 10, 0, 0, 0, 28627900, 31741.585059, 31724.586888, 0.000000
9779, 4, 5.000259, 210015961, 1.000076, 31633, 31633, 31621, 0, 7906, 0, 0, 11, 0, 0, 0, 28816790, 31630.595924, 31618.596836, 0.000000
9779, 5, 6.000455, 210041141, 1.000196, 31649, 31649, 31659, 0, 7914, 0, 0, 7, 0, 0, 0, 29134293, 31642.800874, 31652.798915, 0.000000
9779, 6, 7.000457, 210000410, 1.000002, 31620, 31620, 31636, 0, 7909, 0, 0, 4, 0, 0, 0, 28823967, 31619.938266, 31635.938235, 0.000000
9779, 7, 8.000462, 210000954, 1.000005, 31716, 31716, 31712, 0, 7928, 0, 0, 0, 0, 0, 0, 28680785, 31715.855919, 31711.855938, 0.000000
