ThreadID, cIDX, Time, cycles, deltaT, RX, OnRX, TX, SupTX, OnTX, Idle, OnIdle, Blocked, CacheMiss, CacheHit, CacheWB, CPUIdle, RX/s, TX/s, Sup/s
1931, 0, 0, 0, 0, 0, 0, 0, 0, 0, 0, 0, 0, 0, 0, 0, 0, 0, 0, 0
1931, 0, 1.000078, 210016330, 1.000078, 27204, 27204, 27202, 0, 6801, 0, 0, 2, 640719, 182077958, 263058, 31750293, 27201.884730, 27199.884885, 0.000000
1931, 1, 2.000086, 210001761, 1.000008, 27192, 27192, 27198, 0, 6799, 0, 0, 1, 573536, 182167215, 230699, 31610608, 27191.771978, 27197.771927, 0.000000
1931, 2, 3.000185, 210020736, 1.000099, 27158, 27158, 27156, 0, 6789, 0, 0, 3, 561823, 182053507, 225093, 31858899, 27155.318606, 27153.318804, 0.000000
1931, 3, 4.000372, 210039309, 1.000187, 27101, 27101, 27104, 0, 6776, 0, 0, 0, 541644, 182017928, 214370, 31999077, 27095.928029, 27098.927468, 0.000000
1931, 4, 5.000417, 210009418, 1.000045, 27101, 27101, 27100, 0, 6775, 0, 0, 4, 525388, 181896007, 205655, 32250265, 27099.784639, 27098.784684, 0.000000
1931, 5, 6.000567, 210031574, 1.000150, 27170, 27170, 27168, 0, 6792, 0, 0, 0, 511929, 181699236, 200906, 32599368, 27165.915540, 27163.915841, 0.000000
1931, 6, 7.000576, 210001862, 1.000009, 27089, 27089, 27084, 0, 6771, 0, 0, 0, 512711, 181776235, 201525, 32423515, 27088.759813, 27083.759857, 0.000000
1931, 7, 8.000635, 210012454, 1.000059, 27082, 27082, 27092, 0, 6773, 0, 0, 0, 513526, 181871651, 201211, 32373610, 27080.394004, 27090.393411, 0.000000
