ThreadID, cIDX, Time, cycles, deltaT, RX, OnRX, TX, SupTX, OnTX, Idle, OnIdle, Blocked, CacheMiss, CacheHit, CacheWB, CPUIdle, RX/s, TX/s, Sup/s
9243, 0, 0, 0, 0, 0, 0, 0, 0, 0, 0, 0, 0, 0, 0, 0, 0, 0, 0, 0
9243, 0, 1.000145, 210030461, 1.000145, 27240, 27240, 27248, 0, 6812, 0, 0, 1, 0, 0, 0, 29850817, 27236.049346, 27244.048186, 0.000000
9243, 1, 2.000720, 210120773, 1.000575, 27188, 27188, 27173, 0, 6794, 0, 0, 3, 0, 0, 0, 29712500, 27172.372910, 27157.381531, 0.000000
9243, 2, 3.000750, 210006190, 1.000029, 27087, 27087, 27088, 0, 6772, 0, 0, 9, 0, 0, 0, 29886388, 27086.201602, 27087.201572, 0.000000
9243, 3, 4.000783, 210007018, 1.000033, 27142, 27142, 27141, 0, 6785, 0, 0, 12, 0, 0, 0, 29822892, 27141.092971, 27140.093004, 0.000000
9243, 4, 5.000785, 210000435, 1.000002, 27090, 27090, 27096, 0, 6774, 0, 0, 5, 0, 0, 0, 30285249, 27089.943885, 27095.943873, 0.000000
9243, 5, 6.000796, 210002199, 1.000010, 27103, 27103, 27103, 0, 6776, 0, 0, 8, 0, 0, 0, 30209779, 27102.716196, 27102.716196, 0.000000
9243, 6, 7.000826, 210006438, 1.000031, 27037, 27037, 27039, 0, 6759, 0, 0, 0, 0, 0, 0, 30429479, 27036.171148, 27038.171087, 0.000000
9243, 7, 8.000865, 210008141, 1.000039, 27144, 27144, 27148, 0, 6787, 0, 0, 1, 0, 0, 0, 30175001, 27142.947758, 27146.947603, 0.000000
