ThreadID, cIDX, Time, cycles, deltaT, RX, OnRX, TX, SupTX, OnTX, Idle, OnIdle, Blocked, CacheMiss, CacheHit, CacheWB, CPUIdle, RX/s, TX/s, Sup/s
10865, 0, 0, 0, 0, 0, 0, 0, 0, 0, 0, 0, 0, 0, 0, 0, 0, 0, 0, 0
10865, 0, 1.000071, 210014828, 1.000071, 31652, 31652, 31640, 0, 7910, 0, 0, 0, 0, 0, 0, 30868091, 31649.765225, 31637.766072, 0.000000
10865, 1, 2.000672, 210126218, 1.000601, 31729, 31729, 31740, 0, 7935, 0, 0, 4, 0, 0, 0, 31008551, 31709.941117, 31720.934510, 0.000000
10865, 2, 3.000674, 210000478, 1.000002, 31700, 31700, 31713, 0, 7929, 0, 0, 6, 0, 0, 0, 30959606, 31699.927845, 31712.927815, 0.000000
10865, 3, 4.000902, 210047910, 1.000228, 31597, 31597, 31583, 0, 7895, 0, 0, 2, 0, 0, 0, 30858788, 31589.793014, 31575.796208, 0.000000
10865, 4, 5.001004, 210021382, 1.000102, 31590, 31590, 31600, 0, 7900, 0, 0, 2, 0, 0, 0, 31239060, 31586.783864, 31596.782846, 0.000000
10865, 5, 6.001063, 210012461, 1.000059, 31715, 31715, 31693, 0, 7924, 0, 0, 3, 0, 0, 0, 31698254, 31713.118204, 31691.119509, 0.000000
10865, 6, 7.001088, 210005300, 1.000025, 31506, 31506, 31523, 0, 7880, 0, 0, 0, 0, 0, 0, 31548904, 31505.204869, 31522.204440, 0.000000
10865, 7, 8.001206, 210024748, 1.000118, 31608, 31608, 31588, 0, 7897, 0, 0, 0, 0, 0, 0, 31437899, 31604.275511, 31584.277868, 0.000000
