ThreadID, cIDX, Time, cycles, deltaT, RX, OnRX, TX, SupTX, OnTX, Idle, OnIdle, Blocked, CacheMiss, CacheHit, CacheWB, CPUIdle, RX/s, TX/s, Sup/s
10040, 0, 0, 0, 0, 0, 0, 0, 0, 0, 0, 0, 0, 0, 0, 0, 0, 0, 0, 0
10040, 0, 1.000432, 210090717, 1.000432, 27152, 27152, 27148, 0, 6787, 0, 0, 0, 0, 0, 0, 28266086, 27140.275789, 27136.277516, 0.000000
10040, 1, 2.000442, 210002065, 1.000010, 27167, 27167, 27176, 0, 6794, 0, 0, 3, 0, 0, 0, 28233241, 27166.732860, 27175.732772, 0.000000
10040, 2, 3.000493, 210010812, 1.000051, 27164, 27164, 27160, 0, 6790, 0, 0, 0, 0, 0, 0, 28372655, 27162.601514, 27158.601720, 0.000000
10040, 3, 4.000495, 210000439, 1.000002, 27102, 27102, 27104, 0, 6776, 0, 0, 1, 0, 0, 0, 28504869, 27101.943344, 27103.943340, 0.000000
10040, 4, 5.000502, 210001434, 1.000007, 27152, 27152, 27145, 0, 6787, 0, 0, 2, 0, 0, 0, 28815342, 27151.814592, 27144.814640, 0.000000
10040, 5, 6.000504, 210000468, 1.000002, 27105, 27105, 27109, 0, 6777, 0, 0, 3, 0, 0, 0, 29107374, 27104.939595, 27108.939586, 0.000000
10040, 6, 7.000596, 210019286, 1.000092, 27163, 27163, 27166, 0, 6791, 0, 0, 0, 0, 0, 0, 28988951, 27160.505631, 27163.505355, 0.000000
10040, 7, 8.000598, 210000322, 1.000002, 27143, 27143, 27144, 0, 6786, 0, 0, 0, 0, 0, 0, 28869710, 27142.958381, 27143.958379, 0.000000
