ThreadID, cIDX, Time, cycles, deltaT, RX, OnRX, TX, SupTX, OnTX, Idle, OnIdle, Blocked, CacheMiss, CacheHit, CacheWB, CPUIdle, RX/s, TX/s, Sup/s
8950, 0, 0, 0, 0, 0, 0, 0, 0, 0, 0, 0, 0, 0, 0, 0, 0, 0, 0, 0
8950, 0, 1.000019, 210004047, 1.000019, 31546, 31546, 31528, 0, 7882, 0, 0, 0, 0, 0, 0, 30398306, 31545.392075, 31527.392422, 0.000000
8950, 1, 2.000054, 210007279, 1.000035, 31726, 31726, 31728, 0, 7932, 0, 0, 5, 0, 0, 0, 30262433, 31724.900355, 31726.900285, 0.000000
8950, 2, 3.000085, 210006456, 1.000031, 31712, 31712, 31724, 0, 7931, 0, 0, 5, 0, 0, 0, 30495678, 31711.025112, 31723.024744, 0.000000
8950, 3, 4.000130, 210009461, 1.000045, 31620, 31620, 31636, 0, 7909, 0, 0, 6, 0, 0, 0, 30279262, 31618.575508, 31634.574787, 0.000000
8950, 4, 5.000154, 210005001, 1.000024, 31628, 31628, 31630, 0, 7908, 0, 0, 0, 0, 0, 0, 30946303, 31627.246820, 31629.246772, 0.000000
8950, 5, 6.000221, 210014146, 1.000067, 31684, 31684, 31682, 0, 7920, 0, 0, 0, 0, 0, 0, 30958334, 31681.865849, 31679.865984, 0.000000
8950, 6, 7.000420, 210041812, 1.000199, 31599, 31599, 31572, 0, 7893, 0, 0, 0, 0, 0, 0, 31029355, 31592.709741, 31565.715116, 0.000000
8950, 7, 8.000431, 210002290, 1.000011, 31570, 31570, 31577, 0, 7895, 0, 0, 0, 0, 0, 0, 30970566, 31569.655740, 31576.655664, 0.000000
