ThreadID, cIDX, Time, cycles, deltaT, RX, OnRX, TX, SupTX, OnTX, Idle, OnIdle, Blocked, CacheMiss, CacheHit, CacheWB, CPUIdle, RX/s, TX/s, Sup/s
1229, 0, 0, 0, 0, 0, 0, 0, 0, 0, 0, 0, 0, 0, 0, 0, 0, 0, 0, 0
1229, 0, 1.000004, 210000886, 1.000004, 27254, 27254, 27252, 0, 6813, 0, 0, 1, 660899, 182079780, 270068, 29186091, 27253.885015, 27251.885023, 0.000000
1229, 1, 2.000032, 210005752, 1.000027, 27132, 27132, 27136, 0, 6784, 0, 0, 0, 563977, 182108911, 223498, 29203767, 27131.256862, 27135.256752, 0.000000
1229, 2, 3.000042, 210002275, 1.000011, 27124, 27124, 27126, 0, 6782, 0, 0, 3, 546105, 181978964, 215000, 29398706, 27123.706160, 27125.706138, 0.000000
1229, 3, 4.000095, 210011075, 1.000053, 27189, 27189, 27178, 0, 6794, 0, 0, 2, 538291, 182041637, 213351, 29174252, 27187.566180, 27176.566760, 0.000000
1229, 4, 5.000107, 210002577, 1.000012, 27093, 27093, 27100, 0, 6775, 0, 0, 6, 527576, 181905274, 208660, 29453328, 27092.667534, 27099.667448, 0.000000
1229, 5, 6.000246, 210029200, 1.000139, 27053, 27053, 27048, 0, 6762, 0, 0, 3, 515828, 181792826, 202196, 29733070, 27049.238868, 27044.239563, 0.000000
1229, 6, 7.000287, 210008578, 1.000041, 27140, 27140, 27144, 0, 6786, 0, 0, 5, 511025, 181866270, 199393, 29742319, 27138.891441, 27142.891278, 0.000000
1229, 7, 8.000310, 210004687, 1.000022, 27073, 27073, 27070, 0, 6768, 0, 0, 0, 510259, 181886742, 198571, 29609501, 27072.395770, 27069.395837, 0.000000
