ThreadID, cIDX, Time, cycles, deltaT, RX, OnRX, TX, SupTX, OnTX, Idle, OnIdle, Blocked, CacheMiss, CacheHit, CacheWB, CPUIdle, RX/s, TX/s, Sup/s
2845, 0, 0, 0, 0, 0, 0, 0, 0, 0, 0, 0, 0, 0, 0, 0, 0, 0, 0, 0
2845, 0, 1.000019, 210004064, 1.000019, 27264, 27264, 27264, 0, 6816, 0, 0, 0, 0, 0, 0, 29778366, 27263.472387, 27263.472387, 0.000000
2845, 1, 2.000041, 210004522, 1.000022, 27140, 27140, 27151, 0, 6788, 0, 0, 2, 0, 0, 0, 29665798, 27139.415598, 27150.415361, 0.000000
2845, 2, 3.000057, 210003462, 1.000016, 27148, 27148, 27142, 0, 6786, 0, 0, 2, 0, 0, 0, 29721699, 27147.552453, 27141.552552, 0.000000
2845, 3, 4.000264, 210043467, 1.000207, 27154, 27154, 27151, 0, 6787, 0, 0, 3, 0, 0, 0, 29851888, 27148.380673, 27145.381294, 0.000000
2845, 4, 5.000415, 210031709, 1.000151, 27147, 27147, 27144, 0, 6786, 0, 0, 0, 0, 0, 0, 30141458, 27142.901551, 27139.902004, 0.000000
2845, 5, 6.000459, 210009084, 1.000043, 27125, 27125, 27124, 0, 6781, 0, 0, 0, 0, 0, 0, 30666920, 27123.826701, 27122.826744, 0.000000
2845, 6, 7.000470, 210002397, 1.000011, 27156, 27156, 27164, 0, 6791, 0, 0, 0, 0, 0, 0, 30423877, 27155.690037, 27163.689946, 0.000000
2845, 7, 8.000486, 210003410, 1.000016, 27188, 27188, 27180, 0, 6795, 0, 0, 0, 0, 0, 0, 30376937, 27187.558526, 27179.558656, 0.000000
