ThreadID, cIDX, Time, cycles, deltaT, RX, OnRX, TX, SupTX, OnTX, Idle, OnIdle, Blocked, CacheMiss, CacheHit, CacheWB, CPUIdle, RX/s, TX/s, Sup/s
2691, 0, 0, 0, 0, 0, 0, 0, 0, 0, 0, 0, 0, 0, 0, 0, 0, 0, 0, 0
2691, 0, 1.000493, 210103568, 1.000493, 31571, 31571, 31584, 0, 7896, 0, 0, 0, 653314, 182115537, 268725, 31705060, 31555.437459, 31568.431051, 0.000000
2691, 1, 2.000532, 210008148, 1.000039, 31687, 31687, 31661, 0, 7916, 0, 0, 2, 562693, 182201696, 225222, 31513415, 31685.770592, 31659.771601, 0.000000
2691, 2, 3.000620, 210018572, 1.000088, 31700, 31700, 31717, 0, 7929, 0, 0, 9, 540363, 182184215, 214656, 31659203, 31697.196760, 31714.195257, 0.000000
2691, 3, 4.000675, 210011395, 1.000054, 31689, 31689, 31698, 0, 7924, 0, 0, 5, 532320, 182084881, 209293, 31864756, 31687.280588, 31696.280099, 0.000000
2691, 4, 5.000880, 210043094, 1.000205, 31618, 31618, 31612, 0, 7903, 0, 0, 8, 527320, 181906792, 207769, 32248177, 31611.513016, 31605.514247, 0.000000
2691, 5, 6.001045, 210034680, 1.000165, 31603, 31603, 31608, 0, 7902, 0, 0, 4, 525868, 181677035, 206849, 32691015, 31597.781852, 31602.781026, 0.000000
2691, 6, 7.001192, 210030877, 1.000147, 31678, 31678, 31680, 0, 7920, 0, 0, 1, 523921, 181775901, 206819, 32478670, 31673.342963, 31675.342669, 0.000000
2691, 7, 8.001389, 210041273, 1.000197, 31585, 31585, 31556, 0, 7889, 0, 0, 1, 524983, 181905649, 207432, 32250905, 31578.793564, 31549.799263, 0.000000
