ThreadID, cIDX, Time, cycles, deltaT, RX, OnRX, TX, SupTX, OnTX, Idle, OnIdle, Blocked, CacheMiss, CacheHit, CacheWB, CPUIdle, RX/s, TX/s, Sup/s
8289, 0, 0, 0, 0, 0, 0, 0, 0, 0, 0, 0, 0, 0, 0, 0, 0, 0, 0, 0
8289, 0, 1.000035, 210007289, 1.000035, 31635, 31635, 31625, 0, 7907, 0, 0, 1, 0, 0, 0, 29084644, 31633.902002, 31623.902349, 0.000000
8289, 1, 2.000404, 210077551, 1.000369, 31696, 31696, 31715, 0, 7928, 0, 0, 7, 0, 0, 0, 28974806, 31684.299290, 31703.292276, 0.000000
8289, 2, 3.000442, 210008061, 1.000038, 31713, 31713, 31717, 0, 7930, 0, 0, 2, 0, 0, 0, 29008948, 31711.782721, 31715.782567, 0.000000
8289, 3, 4.000837, 210082785, 1.000394, 31670, 31670, 31648, 0, 7912, 0, 0, 3, 0, 0, 0, 29080734, 31657.520153, 31635.528823, 0.000000
8289, 4, 5.001122, 210059963, 1.000286, 31709, 31709, 31707, 0, 7926, 0, 0, 1, 0, 0, 0, 29376376, 31699.948457, 31697.949028, 0.000000
8289, 5, 6.001157, 210007414, 1.000035, 31575, 31575, 31576, 0, 7894, 0, 0, 2, 0, 0, 0, 29709010, 31573.885291, 31574.885256, 0.000000
8289, 6, 7.001210, 210011093, 1.000053, 31623, 31623, 31640, 0, 7910, 0, 0, 1, 0, 0, 0, 29469176, 31621.329641, 31638.328743, 0.000000
8289, 7, 8.001576, 210076812, 1.000366, 31629, 31629, 31608, 0, 7902, 0, 0, 4, 0, 0, 0, 29346267, 31617.435246, 31596.442924, 0.000000
