ThreadID, cIDX, Time, cycles, deltaT, RX, OnRX, TX, SupTX, OnTX, Idle, OnIdle, Blocked, CacheMiss, CacheHit, CacheWB, CPUIdle, RX/s, TX/s, Sup/s
2732, 0, 0, 0, 0, 0, 0, 0, 0, 0, 0, 0, 0, 0, 0, 0, 0, 0, 0, 0
2732, 0, 1.000020, 210004222, 1.000020, 27248, 27248, 27256, 0, 6814, 0, 0, 0, 0, 0, 0, 28255969, 27247.452196, 27255.452036, 0.000000
2732, 1, 2.000031, 210002341, 1.000011, 27116, 27116, 27112, 0, 6778, 0, 0, 0, 0, 0, 0, 28088046, 27115.697725, 27111.697769, 0.000000
2732, 2, 3.000647, 210129395, 1.000616, 27118, 27118, 27112, 0, 6778, 0, 0, 0, 0, 0, 0, 28212821, 27101.301082, 27095.304776, 0.000000
2732, 3, 4.000687, 210008302, 1.000040, 27179, 27179, 27188, 0, 6797, 0, 0, 4, 0, 0, 0, 28358769, 27177.925566, 27186.925210, 0.000000
2732, 4, 5.000758, 210015005, 1.000071, 27160, 27160, 27152, 0, 6788, 0, 0, 6, 0, 0, 0, 28830791, 27158.059492, 27150.060064, 0.000000
2732, 5, 6.000903, 210030295, 1.000144, 27107, 27107, 27104, 0, 6776, 0, 0, 1, 0, 0, 0, 29144796, 27103.090057, 27100.090489, 0.000000
2732, 6, 7.000995, 210019458, 1.000093, 27142, 27142, 27140, 0, 6785, 0, 0, 0, 0, 0, 0, 28959342, 27139.485333, 27137.485518, 0.000000
2732, 7, 8.001002, 210001334, 1.000006, 27187, 27187, 27193, 0, 6799, 0, 0, 1, 0, 0, 0, 28723040, 27186.827299, 27192.827261, 0.000000
