ThreadID, cIDX, Time, cycles, deltaT, RX, OnRX, TX, SupTX, OnTX, Idle, OnIdle, Blocked, CacheMiss, CacheHit, CacheWB, CPUIdle, RX/s, TX/s, Sup/s
9918, 0, 0, 0, 0, 0, 0, 0, 0, 0, 0, 0, 0, 0, 0, 0, 0, 0, 0, 0
9918, 0, 1.000005, 210001152, 1.000005, 27241, 27241, 27237, 0, 6810, 0, 0, 0, 0, 0, 0, 28089677, 27240.850564, 27236.850586, 0.000000
9918, 1, 2.000033, 210005754, 1.000027, 27135, 27135, 27147, 0, 6786, 0, 0, 7, 0, 0, 0, 28220622, 27134.256521, 27146.256193, 0.000000
9918, 2, 3.000087, 210011268, 1.000054, 27138, 27138, 27124, 0, 6781, 0, 0, 1, 0, 0, 0, 28292899, 27136.543931, 27122.544682, 0.000000
9918, 3, 4.000094, 210001571, 1.000007, 27188, 27188, 27200, 0, 6800, 0, 0, 13, 0, 0, 0, 28403170, 27187.796609, 27199.796520, 0.000000
9918, 4, 5.000117, 210004826, 1.000023, 27075, 27075, 27068, 0, 6767, 0, 0, 5, 0, 0, 0, 28707318, 27074.377805, 27067.377966, 0.000000
9918, 5, 6.000135, 210003809, 1.000018, 27071, 27071, 27076, 0, 6769, 0, 0, 5, 0, 0, 0, 29138581, 27070.508993, 27075.508902, 0.000000
9918, 6, 7.000159, 210005041, 1.000024, 27116, 27116, 27108, 0, 6777, 0, 0, 5, 0, 0, 0, 28890738, 27115.349103, 27107.349295, 0.000000
9918, 7, 8.000200, 210008547, 1.000041, 27078, 27078, 27080, 0, 6770, 0, 0, 0, 0, 0, 0, 28745593, 27076.897970, 27078.897889, 0.000000
