ThreadID, cIDX, Time, cycles, deltaT, RX, OnRX, TX, SupTX, OnTX, Idle, OnIdle, Blocked, CacheMiss, CacheHit, CacheWB, CPUIdle, RX/s, TX/s, Sup/s
8242, 0, 0, 0, 0, 0, 0, 0, 0, 0, 0, 0, 0, 0, 0, 0, 0, 0, 0, 0
8242, 0, 1.000015, 210003114, 1.000015, 31663, 31663, 31676, 0, 7919, 0, 0, 0, 0, 0, 0, 28253089, 31662.530490, 31675.530297, 0.000000
8242, 1, 2.000108, 210019588, 1.000093, 31726, 31726, 31712, 0, 7928, 0, 0, 4, 0, 0, 0, 28100132, 31723.040996, 31709.042301, 0.000000
8242, 2, 3.000136, 210005921, 1.000028, 31686, 31686, 31700, 0, 7925, 0, 0, 10, 0, 0, 0, 28114677, 31685.106631, 31699.106236, 0.000000
8242, 3, 4.000177, 210008457, 1.000040, 31587, 31587, 31560, 0, 7890, 0, 0, 0, 0, 0, 0, 28214874, 31585.727998, 31558.729085, 0.000000
8242, 4, 5.000180, 210000675, 1.000003, 31591, 31591, 31598, 0, 7900, 0, 0, 2, 0, 0, 0, 28580222, 31590.898458, 31597.898435, 0.000000
8242, 5, 6.000223, 210009119, 1.000043, 31679, 31679, 31694, 0, 7923, 0, 0, 0, 0, 0, 0, 28895420, 31677.624437, 31692.623786, 0.000000
8242, 6, 7.000227, 210000771, 1.000004, 31553, 31553, 31552, 0, 7888, 0, 0, 0, 0, 0, 0, 28574129, 31552.884156, 31551.884160, 0.000000
8242, 7, 8.000557, 210069230, 1.000330, 31606, 31606, 31580, 0, 7895, 0, 0, 0, 0, 0, 0, 28154276, 31595.583989, 31569.592558, 0.000000
