ThreadID, cIDX, Time, cycles, deltaT, RX, OnRX, TX, SupTX, OnTX, Idle, OnIdle, Blocked, CacheMiss, CacheHit, CacheWB, CPUIdle, RX/s, TX/s, Sup/s
318, 0, 0, 0, 0, 0, 0, 0, 0, 0, 0, 0, 0, 0, 0, 0, 0, 0, 0, 0
318, 0, 1.000150, 210031408, 1.000150, 27274, 27274, 27272, 0, 6818, 0, 0, 0, 0, 0, 0, 25859668, 27269.921459, 27267.921758, 0.000000
318, 1, 2.000403, 210053130, 1.000253, 27113, 27113, 27116, 0, 6779, 0, 0, 1, 0, 0, 0, 25862743, 27106.142146, 27109.141387, 0.000000
318, 2, 3.000404, 210000354, 1.000002, 27097, 27097, 27100, 0, 6775, 0, 0, 0, 0, 0, 0, 26045598, 27096.954322, 27099.954317, 0.000000
318, 3, 4.000514, 210023043, 1.000110, 27209, 27209, 27200, 0, 6800, 0, 0, 0, 0, 0, 0, 25802027, 27206.014723, 27197.015710, 0.000000
318, 4, 5.000680, 210034948, 1.000166, 27129, 27129, 27136, 0, 6784, 0, 0, 0, 0, 0, 0, 26201231, 27124.485969, 27131.484804, 0.000000
318, 5, 6.000704, 210004958, 1.000024, 27078, 27078, 27076, 0, 6769, 0, 0, 1, 0, 0, 0, 26507166, 27077.360716, 27075.360764, 0.000000
318, 6, 7.000730, 210005496, 1.000026, 27131, 27131, 27124, 0, 6781, 0, 0, 0, 0, 0, 0, 26573596, 27130.289962, 27123.290145, 0.000000
318, 7, 8.000799, 210014524, 1.000069, 27168, 27168, 27176, 0, 6794, 0, 0, 2, 0, 0, 0, 26539490, 27166.121139, 27174.120586, 0.000000
