ThreadID, cIDX, Time, cycles, deltaT, RX, OnRX, TX, SupTX, OnTX, Idle, OnIdle, Blocked, CacheMiss, CacheHit, CacheWB, CPUIdle, RX/s, TX/s, Sup/s
1120, 0, 0, 0, 0, 0, 0, 0, 0, 0, 0, 0, 0, 0, 0, 0, 0, 0, 0, 0
1120, 0, 1.000020, 210004279, 1.000020, 30615, 30615, 30623, 0, 7939, 0, 0, 1, 0, 0, 0, 29024394, 30614.376196, 30622.376033, 0.000000
1120, 1, 2.000038, 210003603, 1.000017, 30501, 30501, 30499, 0, 7908, 0, 0, 0, 0, 0, 0, 29010293, 30500.476699, 30498.476733, 0.000000
1120, 2, 3.000047, 210001910, 1.000009, 30504, 30504, 30490, 0, 7905, 0, 0, 4, 0, 0, 0, 29258102, 30503.722561, 30489.722689, 0.000000
1120, 3, 4.000064, 210003748, 1.000018, 30627, 30627, 30647, 0, 7945, 0, 0, 7, 0, 0, 0, 29046727, 30626.453391, 30646.453034, 0.000000
1120, 4, 5.000079, 210003000, 1.000014, 30491, 30491, 30482, 0, 7903, 0, 0, 5, 0, 0, 0, 29449495, 30490.564421, 30481.564549, 0.000000
1120, 5, 6.000082, 210000618, 1.000003, 30454, 30454, 30463, 0, 7898, 0, 0, 7, 0, 0, 0, 29517788, 30453.910378, 30462.910352, 0.000000
1120, 6, 7.000088, 210001360, 1.000006, 30583, 30583, 30563, 0, 7922, 0, 0, 0, 0, 0, 0, 29495155, 30582.801940, 30562.802069, 0.000000
1120, 7, 8.000294, 210043312, 1.000206, 30540, 30540, 30541, 0, 7919, 0, 0, 0, 0, 0, 0, 29550357, 30533.702497, 30534.702290, 0.000000
