ThreadID, cIDX, Time, cycles, deltaT, RX, OnRX, TX, SupTX, OnTX, Idle, OnIdle, Blocked, CacheMiss, CacheHit, CacheWB, CPUIdle, RX/s, TX/s, Sup/s
2159, 0, 0, 0, 0, 0, 0, 0, 0, 0, 0, 0, 0, 0, 0, 0, 0, 0, 0, 0
2159, 0, 1.000002, 210000470, 1.000002, 27186, 27186, 27185, 0, 6797, 0, 0, 3, 0, 0, 0, 28892618, 27185.939155, 27184.939158, 0.000000
2159, 1, 2.000014, 210002413, 1.000011, 27190, 27190, 27195, 0, 6798, 0, 0, 4, 0, 0, 0, 28901630, 27189.687578, 27194.687520, 0.000000
2159, 2, 3.000042, 210005842, 1.000028, 27155, 27155, 27152, 0, 6788, 0, 0, 3, 0, 0, 0, 29212211, 27154.244595, 27151.244678, 0.000000
2159, 3, 4.000393, 210073703, 1.000351, 27050, 27050, 27048, 0, 6762, 0, 0, 5, 0, 0, 0, 29485335, 27040.509682, 27038.510384, 0.000000
2159, 4, 5.000414, 210004547, 1.000022, 27114, 27114, 27116, 0, 6779, 0, 0, 8, 0, 0, 0, 29507987, 27113.412930, 27115.412887, 0.000000
2159, 5, 6.000427, 210002602, 1.000012, 27159, 27159, 27160, 0, 6790, 0, 0, 7, 0, 0, 0, 30037303, 27158.663491, 27159.663479, 0.000000
2159, 6, 7.000430, 210000759, 1.000004, 26948, 26948, 26945, 0, 6737, 0, 0, 1, 0, 0, 0, 29709677, 26947.902603, 26944.902613, 0.000000
2159, 7, 8.000442, 210002582, 1.000012, 27147, 27147, 27148, 0, 6787, 0, 0, 1, 0, 0, 0, 29448211, 27146.666225, 27147.666213, 0.000000
