ThreadID, cIDX, Time, cycles, deltaT, RX, OnRX, TX, SupTX, OnTX, Idle, OnIdle, Blocked, CacheMiss, CacheHit, CacheWB, CPUIdle, RX/s, TX/s, Sup/s
174, 0, 0, 0, 0, 0, 0, 0, 0, 0, 0, 0, 0, 0, 0, 0, 0, 0, 0, 0
174, 0, 1.000029, 210006098, 1.000029, 27210, 27210, 27206, 0, 6802, 0, 0, 0, 0, 0, 0, 25859452, 27209.209896, 27205.210013, 0.000000
174, 1, 2.000072, 210008987, 1.000043, 27125, 27125, 27130, 0, 6782, 0, 0, 2, 0, 0, 0, 25870689, 27123.839229, 27128.839015, 0.000000
174, 2, 3.000104, 210006827, 1.000033, 27100, 27100, 27104, 0, 6776, 0, 0, 1, 0, 0, 0, 25951101, 27099.119021, 27103.118891, 0.000000
174, 3, 4.000107, 210000587, 1.000003, 27191, 27191, 27184, 0, 6796, 0, 0, 0, 0, 0, 0, 25844731, 27190.923995, 27183.924014, 0.000000
174, 4, 5.000165, 210012185, 1.000058, 27138, 27138, 27144, 0, 6786, 0, 0, 0, 0, 0, 0, 26199669, 27136.425441, 27142.425093, 0.000000
174, 5, 6.000176, 210002350, 1.000011, 27108, 27108, 27100, 0, 6775, 0, 0, 1, 0, 0, 0, 26391445, 27107.696652, 27099.696741, 0.000000
174, 6, 7.000204, 210005894, 1.000028, 27118, 27118, 27120, 0, 6780, 0, 0, 0, 0, 0, 0, 26364398, 27117.238909, 27119.238853, 0.000000
174, 7, 8.000232, 210005867, 1.000028, 27199, 27199, 27193, 0, 6799, 0, 0, 0, 0, 0, 0, 26090809, 27198.240133, 27192.240301, 0.000000
