ThreadID, cIDX, Time, cycles, deltaT, RX, OnRX, TX, SupTX, OnTX, Idle, OnIdle, Blocked, CacheMiss, CacheHit, CacheWB, CPUIdle, RX/s, TX/s, Sup/s
10350, 0, 0, 0, 0, 0, 0, 0, 0, 0, 0, 0, 0, 0, 0, 0, 0, 0, 0, 0
10350, 0, 1.000001, 210000250, 1.000001, 27229, 27229, 27236, 0, 6809, 0, 0, 1, 0, 0, 0, 28855553, 27228.967585, 27235.967576, 0.000000
10350, 1, 2.000018, 210003437, 1.000016, 27206, 27206, 27197, 0, 6800, 0, 0, 0, 0, 0, 0, 28947336, 27205.554736, 27196.554883, 0.000000
10350, 2, 3.000021, 210000706, 1.000003, 27114, 27114, 27111, 0, 6777, 0, 0, 8, 0, 0, 0, 29096653, 27113.908846, 27110.908856, 0.000000
10350, 3, 4.000036, 210003222, 1.000015, 27042, 27042, 27048, 0, 6762, 0, 0, 6, 0, 0, 0, 29167621, 27041.585105, 27047.585013, 0.000000
10350, 4, 5.000038, 210000330, 1.000002, 27115, 27115, 27114, 0, 6779, 0, 0, 7, 0, 0, 0, 29281936, 27114.957391, 27113.957392, 0.000000
10350, 5, 6.000073, 210007363, 1.000035, 27147, 27147, 27142, 0, 6785, 0, 0, 3, 0, 0, 0, 29753626, 27146.048208, 27141.048383, 0.000000
10350, 6, 7.000118, 210009501, 1.000045, 26968, 26968, 26972, 0, 6743, 0, 0, 4, 0, 0, 0, 29772841, 26966.779946, 26970.779765, 0.000000
10350, 7, 8.000131, 210002783, 1.000013, 27132, 27132, 27124, 0, 6781, 0, 0, 0, 0, 0, 0, 29565628, 27131.640441, 27123.640547, 0.000000
