ThreadID, cIDX, Time, cycles, deltaT, RX, OnRX, TX, SupTX, OnTX, Idle, OnIdle, Blocked, CacheMiss, CacheHit, CacheWB, CPUIdle, RX/s, TX/s, Sup/s
3036, 0, 0, 0, 0, 0, 0, 0, 0, 0, 0, 0, 0, 0, 0, 0, 0, 0, 0, 0
3036, 0, 1.000176, 210037063, 1.000176, 27297, 27297, 27296, 0, 6824, 0, 0, 0, 0, 0, 0, 29157376, 27292.183190, 27291.183366, 0.000000
3036, 1, 2.000205, 210006014, 1.000029, 27109, 27109, 27112, 0, 6778, 0, 0, 1, 0, 0, 0, 28915468, 27108.223672, 27111.223586, 0.000000
3036, 2, 3.000286, 210016981, 1.000081, 27100, 27100, 27096, 0, 6774, 0, 0, 7, 0, 0, 0, 29025933, 27097.808820, 27093.809143, 0.000000
3036, 3, 4.000463, 210037248, 1.000177, 27156, 27156, 27156, 0, 6789, 0, 0, 9, 0, 0, 0, 29092954, 27151.184156, 27151.184156, 0.000000
3036, 4, 5.000517, 210011259, 1.000054, 27183, 27183, 27184, 0, 6796, 0, 0, 10, 0, 0, 0, 29506608, 27181.542681, 27182.542627, 0.000000
3036, 5, 6.000570, 210011074, 1.000053, 27067, 27067, 27072, 0, 6768, 0, 0, 4, 0, 0, 0, 29835819, 27065.572742, 27070.572478, 0.000000
3036, 6, 7.000575, 210001044, 1.000005, 27138, 27138, 27140, 0, 6785, 0, 0, 0, 0, 0, 0, 29868574, 27137.865086, 27139.865076, 0.000000
3036, 7, 8.000659, 210017791, 1.000085, 27163, 27163, 27164, 0, 6791, 0, 0, 1, 0, 0, 0, 29276198, 27160.698971, 27161.698887, 0.000000
