ThreadID, cIDX, Time, cycles, deltaT, RX, OnRX, TX, SupTX, OnTX, Idle, OnIdle, Blocked, CacheMiss, CacheHit, CacheWB, CPUIdle, RX/s, TX/s, Sup/s
9320, 0, 0, 0, 0, 0, 0, 0, 0, 0, 0, 0, 0, 0, 0, 0, 0, 0, 0, 0
9320, 0, 1.000015, 210003152, 1.000015, 27114, 27114, 27111, 0, 6778, 0, 0, 2, 0, 0, 0, 29181312, 27113.593038, 27110.593083, 0.000000
9320, 1, 2.000061, 210009632, 1.000046, 27185, 27185, 27185, 0, 6796, 0, 0, 7, 0, 0, 0, 28923427, 27183.753172, 27183.753172, 0.000000
9320, 2, 3.000078, 210003630, 1.000017, 27142, 27142, 27152, 0, 6788, 0, 0, 11, 0, 0, 0, 29154491, 27141.530839, 27151.530666, 0.000000
9320, 3, 4.000080, 210000457, 1.000002, 27164, 27164, 27156, 0, 6789, 0, 0, 7, 0, 0, 0, 29007716, 27163.940886, 27155.940904, 0.000000
9320, 4, 5.000090, 210002092, 1.000010, 27085, 27085, 27092, 0, 6773, 0, 0, 10, 0, 0, 0, 29279210, 27084.730184, 27091.730115, 0.000000
9320, 5, 6.000125, 210007310, 1.000035, 27119, 27119, 27108, 0, 6777, 0, 0, 3, 0, 0, 0, 29627256, 27118.056033, 27107.056416, 0.000000
9320, 6, 7.000130, 210001114, 1.000005, 27082, 27082, 27084, 0, 6771, 0, 0, 9, 0, 0, 0, 29662018, 27081.856337, 27083.856327, 0.000000
9320, 7, 8.000135, 210000880, 1.000004, 27107, 27107, 27109, 0, 6778, 0, 0, 0, 0, 0, 0, 29513925, 27106.886409, 27108.886401, 0.000000
