ThreadID, cIDX, Time, cycles, deltaT, RX, OnRX, TX, SupTX, OnTX, Idle, OnIdle, Blocked, CacheMiss, CacheHit, CacheWB, CPUIdle, RX/s, TX/s, Sup/s
2795, 0, 0, 0, 0, 0, 0, 0, 0, 0, 0, 0, 0, 0, 0, 0, 0, 0, 0, 0
2795, 0, 1.000015, 210003208, 1.000015, 27267, 27267, 27264, 0, 6816, 0, 0, 0, 0, 0, 0, 28912869, 27266.583470, 27263.583516, 0.000000
2795, 1, 2.000512, 210104258, 1.000496, 27131, 27131, 27134, 0, 6784, 0, 0, 1, 0, 0, 0, 28887208, 27117.537047, 27120.535558, 0.000000
2795, 2, 3.000587, 210015714, 1.000075, 27107, 27107, 27104, 0, 6776, 0, 0, 7, 0, 0, 0, 28906426, 27104.971774, 27101.971998, 0.000000
2795, 3, 4.000588, 210000375, 1.000002, 27134, 27134, 27137, 0, 6784, 0, 0, 9, 0, 0, 0, 28967367, 27133.951547, 27136.951541, 0.000000
2795, 4, 5.000596, 210001606, 1.000008, 27210, 27210, 27210, 0, 6803, 0, 0, 0, 0, 0, 0, 29199635, 27209.791910, 27209.791910, 0.000000
2795, 5, 6.000609, 210002718, 1.000013, 27058, 27058, 27059, 0, 6764, 0, 0, 2, 0, 0, 0, 29821176, 27057.649797, 27058.649784, 0.000000
2795, 6, 7.000807, 210041588, 1.000198, 27162, 27162, 27164, 0, 6791, 0, 0, 1, 0, 0, 0, 29626822, 27156.621954, 27158.621558, 0.000000
2795, 7, 8.000809, 210000494, 1.000002, 27138, 27138, 27144, 0, 6786, 0, 0, 0, 0, 0, 0, 29509567, 27137.936161, 27143.936147, 0.000000
