ThreadID, cIDX, Time, cycles, deltaT, RX, OnRX, TX, SupTX, OnTX, Idle, OnIdle, Blocked, CacheMiss, CacheHit, CacheWB, CPUIdle, RX/s, TX/s, Sup/s
8346, 0, 0, 0, 0, 0, 0, 0, 0, 0, 0, 0, 0, 0, 0, 0, 0, 0, 0, 0
8346, 0, 1.000221, 210046326, 1.000221, 27161, 27161, 27160, 0, 6790, 0, 0, 1, 0, 0, 0, 29366267, 27155.009605, 27154.009825, 0.000000
8346, 1, 2.000400, 210037612, 1.000179, 27149, 27149, 27145, 0, 6787, 0, 0, 7, 0, 0, 0, 29285063, 27144.138356, 27140.139072, 0.000000
8346, 2, 3.000460, 210012708, 1.000061, 27110, 27110, 27115, 0, 6778, 0, 0, 2, 0, 0, 0, 29387128, 27108.359557, 27113.359254, 0.000000
8346, 3, 4.000616, 210032818, 1.000156, 27196, 27196, 27192, 0, 6798, 0, 0, 0, 0, 0, 0, 29430508, 27191.750577, 27187.751202, 0.000000
8346, 4, 5.000630, 210002767, 1.000013, 27136, 27136, 27137, 0, 6785, 0, 0, 0, 0, 0, 0, 29635914, 27135.642456, 27136.642442, 0.000000
8346, 5, 6.000669, 210008216, 1.000039, 27079, 27079, 27083, 0, 6770, 0, 0, 1, 0, 0, 0, 29943012, 27077.940608, 27081.940451, 0.000000
8346, 6, 7.000673, 210000978, 1.000005, 27050, 27050, 27046, 0, 6762, 0, 0, 0, 0, 0, 0, 29754648, 27049.874025, 27045.874044, 0.000000
8346, 7, 8.000677, 210000641, 1.000003, 27212, 27212, 27214, 0, 6803, 0, 0, 1, 0, 0, 0, 29491269, 27211.916939, 27213.916933, 0.000000
