ThreadID, cIDX, Time, cycles, deltaT, RX, OnRX, TX, SupTX, OnTX, Idle, OnIdle, Blocked, CacheMiss, CacheHit, CacheWB, CPUIdle, RX/s, TX/s, Sup/s
10759, 0, 0, 0, 0, 0, 0, 0, 0, 0, 0, 0, 0, 0, 0, 0, 0, 0, 0, 0
10759, 0, 1.000600, 210126084, 1.000600, 30454, 30454, 30446, 0, 7895, 0, 0, 2, 646117, 182128217, 270654, 31725587, 30435.726390, 30427.731190, 0.000000
10759, 1, 2.000705, 210022008, 1.000105, 30540, 30540, 30557, 0, 7922, 0, 0, 3, 557050, 182131884, 222688, 31676302, 30536.799743, 30553.797962, 0.000000
10759, 2, 3.000740, 210007276, 1.000035, 30528, 30528, 30510, 0, 7909, 0, 0, 6, 540727, 182101601, 215716, 31744377, 30526.942314, 30508.942938, 0.000000
10759, 3, 4.000785, 210009484, 1.000045, 30613, 30613, 30626, 0, 7941, 0, 0, 6, 529627, 182053151, 212303, 31916163, 30611.617521, 30624.616934, 0.000000
10759, 4, 5.000812, 210005683, 1.000027, 30550, 30550, 30557, 0, 7922, 0, 0, 3, 520503, 181935491, 206412, 32128108, 30549.173281, 30556.173092, 0.000000
10759, 5, 6.000934, 210025683, 1.000122, 30462, 30462, 30451, 0, 7895, 0, 0, 4, 517923, 181706231, 205762, 32619748, 30458.274953, 30447.276298, 0.000000
10759, 6, 7.000949, 210003068, 1.000015, 30437, 30437, 30436, 0, 7891, 0, 0, 0, 512721, 181767672, 203004, 32451242, 30436.555336, 30435.555351, 0.000000
10759, 7, 8.000955, 210001195, 1.000006, 30610, 30610, 30615, 0, 7937, 0, 0, 0, 513581, 181829880, 202912, 32307690, 30609.825816, 30614.825787, 0.000000
