ThreadID, cIDX, Time, cycles, deltaT, RX, OnRX, TX, SupTX, OnTX, Idle, OnIdle, Blocked, CacheMiss, CacheHit, CacheWB, CPUIdle, RX/s, TX/s, Sup/s
2439, 0, 0, 0, 0, 0, 0, 0, 0, 0, 0, 0, 0, 0, 0, 0, 0, 0, 0, 0
2439, 0, 1.000003, 210000708, 1.000003, 31565, 31565, 31564, 0, 7891, 0, 0, 0, 644811, 182144870, 268098, 31596711, 31564.893581, 31563.893585, 0.000000
2439, 1, 2.000039, 210007417, 1.000035, 31671, 31671, 31680, 0, 7920, 0, 0, 5, 572382, 182189609, 232264, 31527204, 31669.881450, 31678.881132, 0.000000
2439, 2, 3.000590, 210115744, 1.000551, 31649, 31649, 31647, 0, 7912, 0, 0, 1, 547281, 182112145, 219989, 31832663, 31631.565886, 31629.566988, 0.000000
2439, 3, 4.000604, 210003031, 1.000014, 31754, 31754, 31753, 0, 7938, 0, 0, 5, 535382, 182047145, 212899, 31816774, 31753.541691, 31752.541705, 0.000000
2439, 4, 5.000618, 210002910, 1.000014, 31680, 31680, 31684, 0, 7921, 0, 0, 3, 527222, 181952070, 208477, 32027430, 31679.561012, 31683.560956, 0.000000
2439, 5, 6.000627, 210001887, 1.000009, 31595, 31595, 31584, 0, 7896, 0, 0, 0, 520067, 181716896, 205319, 32427001, 31594.716099, 31583.716198, 0.000000
2439, 6, 7.001004, 210079187, 1.000377, 31582, 31582, 31568, 0, 7892, 0, 0, 1, 513027, 181803614, 201284, 32411760, 31570.095518, 31556.100795, 0.000000
2439, 7, 8.001293, 210060667, 1.000289, 31748, 31748, 31752, 0, 7938, 0, 0, 0, 515613, 181903726, 203086, 32341481, 31738.830954, 31742.829799, 0.000000
