ThreadID, cIDX, Time, cycles, deltaT, RX, OnRX, TX, SupTX, OnTX, Idle, OnIdle, Blocked, CacheMiss, CacheHit, CacheWB, CPUIdle, RX/s, TX/s, Sup/s
9359, 0, 0, 0, 0, 0, 0, 0, 0, 0, 0, 0, 0, 0, 0, 0, 0, 0, 0, 0
9359, 0, 1.000038, 210007897, 1.000038, 26118, 26118, 26110, 0, 6812, 0, 0, 1, 664043, 182009078, 275199, 31886725, 26117.017876, 26109.018177, 0.000000
9359, 1, 2.000636, 210125639, 1.000598, 25980, 25980, 25988, 0, 6780, 0, 0, 5, 573313, 182131096, 232301, 31812444, 25964.465955, 25972.461171, 0.000000
9359, 2, 3.000708, 210015119, 1.000072, 25967, 25967, 25972, 0, 6774, 0, 0, 3, 532815, 182078008, 214199, 31888338, 25965.130634, 25970.130274, 0.000000
9359, 3, 4.000711, 210000606, 1.000003, 26095, 26095, 26084, 0, 6804, 0, 0, 7, 515743, 182105865, 204171, 31807541, 26094.924698, 26083.924729, 0.000000
9359, 4, 5.000728, 210003553, 1.000017, 26016, 26016, 26025, 0, 6790, 0, 0, 6, 513998, 181992739, 205104, 31998515, 26015.559842, 26024.559689, 0.000000
9359, 5, 6.000729, 210000371, 1.000002, 25929, 25929, 25928, 0, 6764, 0, 0, 2, 510568, 181746978, 202123, 32461493, 25928.954192, 25927.954194, 0.000000
9359, 6, 7.000752, 210004706, 1.000022, 26008, 26008, 26010, 0, 6781, 0, 0, 0, 510538, 181859809, 201856, 32306884, 26007.417186, 26009.417141, 0.000000
9359, 7, 8.000760, 210001680, 1.000008, 26050, 26050, 26052, 0, 6799, 0, 0, 0, 507475, 181891006, 200234, 32334968, 26049.791602, 26051.791586, 0.000000
