ThreadID, cIDX, Time, cycles, deltaT, RX, OnRX, TX, SupTX, OnTX, Idle, OnIdle, Blocked, CacheMiss, CacheHit, CacheWB, CPUIdle, RX/s, TX/s, Sup/s
8679, 0, 0, 0, 0, 0, 0, 0, 0, 0, 0, 0, 0, 0, 0, 0, 0, 0, 0, 0
8679, 0, 1.000051, 210010781, 1.000051, 31559, 31559, 31552, 0, 7888, 0, 0, 0, 0, 0, 0, 28395884, 31557.379904, 31550.380264, 0.000000
8679, 1, 2.000054, 210000486, 1.000002, 31710, 31710, 31720, 0, 7930, 0, 0, 8, 0, 0, 0, 28374245, 31709.926614, 31719.926591, 0.000000
8679, 2, 3.000220, 210034834, 1.000166, 31696, 31696, 31699, 0, 7925, 0, 0, 13, 0, 0, 0, 28472296, 31690.743260, 31693.742763, 0.000000
8679, 3, 4.000238, 210003969, 1.000019, 31651, 31651, 31652, 0, 7913, 0, 0, 9, 0, 0, 0, 28326760, 31650.401807, 31651.401789, 0.000000
8679, 4, 5.000570, 210069587, 1.000331, 31603, 31603, 31581, 0, 7895, 0, 0, 2, 0, 0, 0, 28922380, 31592.531288, 31570.538576, 0.000000
8679, 5, 6.000605, 210007465, 1.000036, 31698, 31698, 31705, 0, 7927, 0, 0, 3, 0, 0, 0, 29081407, 31696.873252, 31703.873003, 0.000000
8679, 6, 7.000792, 210039108, 1.000186, 31546, 31546, 31539, 0, 7884, 0, 0, 0, 0, 0, 0, 29090468, 31540.126327, 31533.127631, 0.000000
8679, 7, 8.000813, 210004489, 1.000021, 31635, 31635, 31652, 0, 7913, 0, 0, 4, 0, 0, 0, 29067836, 31634.323779, 31651.323415, 0.000000
