ThreadID, cIDX, Time, cycles, deltaT, RX, OnRX, TX, SupTX, OnTX, Idle, OnIdle, Blocked, CacheMiss, CacheHit, CacheWB, CPUIdle, RX/s, TX/s, Sup/s
11039, 0, 0, 0, 0, 0, 0, 0, 0, 0, 0, 0, 0, 0, 0, 0, 0, 0, 0, 0
11039, 0, 1.000017, 210003510, 1.000017, 27165, 27165, 27172, 0, 6793, 0, 0, 0, 0, 0, 0, 29721319, 27164.545964, 27171.545847, 0.000000
11039, 1, 2.000018, 210000222, 1.000001, 27164, 27164, 27165, 0, 6792, 0, 0, 5, 0, 0, 0, 29744689, 27163.971284, 27164.971283, 0.000000
11039, 2, 3.000023, 210001051, 1.000005, 27156, 27156, 27156, 0, 6789, 0, 0, 3, 0, 0, 0, 29932511, 27155.864091, 27155.864091, 0.000000
11039, 3, 4.000026, 210000706, 1.000003, 27148, 27148, 27140, 0, 6785, 0, 0, 2, 0, 0, 0, 30040590, 27147.908731, 27139.908758, 0.000000
11039, 4, 5.000042, 210003301, 1.000016, 27170, 27170, 27167, 0, 6791, 0, 0, 6, 0, 0, 0, 30405138, 27169.572920, 27166.572967, 0.000000
11039, 5, 6.000043, 210000192, 1.000001, 27056, 27056, 27052, 0, 6763, 0, 0, 5, 0, 0, 0, 30622539, 27055.975263, 27051.975267, 0.000000
11039, 6, 7.000054, 210002302, 1.000011, 27113, 27113, 27115, 0, 6779, 0, 0, 3, 0, 0, 0, 30360092, 27112.702793, 27114.702771, 0.000000
11039, 7, 8.000136, 210017214, 1.000082, 27103, 27103, 27113, 0, 6778, 0, 0, 0, 0, 0, 0, 30368770, 27100.778510, 27110.777691, 0.000000
