ThreadID, cIDX, Time, cycles, deltaT, RX, OnRX, TX, SupTX, OnTX, Idle, OnIdle, Blocked, CacheMiss, CacheHit, CacheWB, CPUIdle, RX/s, TX/s, Sup/s
8644, 0, 0, 0, 0, 0, 0, 0, 0, 0, 0, 0, 0, 0, 0, 0, 0, 0, 0, 0
8644, 0, 1.000010, 210002001, 1.000010, 31562, 31562, 31568, 0, 7892, 0, 0, 1, 641252, 182380657, 255569, 28593752, 31561.699262, 31567.699205, 0.000000
8644, 1, 2.000023, 210002836, 1.000014, 31723, 31723, 31716, 0, 7929, 0, 0, 9, 558358, 182480257, 216254, 28490187, 31722.571594, 31715.571689, 0.000000
8644, 2, 3.000160, 210028700, 1.000137, 31676, 31676, 31666, 0, 7917, 0, 0, 9, 537966, 182428286, 206549, 28596514, 31671.671538, 31661.672905, 0.000000
8644, 3, 4.000190, 210006463, 1.000031, 31573, 31573, 31586, 0, 7896, 0, 0, 4, 536698, 182518754, 205461, 28472768, 31572.028333, 31585.027933, 0.000000
8644, 4, 5.000417, 210047613, 1.000227, 31633, 31633, 31612, 0, 7903, 0, 0, 2, 532051, 182232643, 203253, 29004981, 31625.829521, 31604.834281, 0.000000
8644, 5, 6.000725, 210064651, 1.000308, 31706, 31706, 31708, 0, 7927, 0, 0, 0, 525914, 182164511, 200046, 29177386, 31696.241935, 31698.241319, 0.000000
8644, 6, 7.000732, 210001502, 1.000007, 31626, 31626, 31656, 0, 7914, 0, 0, 0, 516034, 182108105, 195611, 29283370, 31625.773800, 31655.773586, 0.000000
8644, 7, 8.000769, 210007731, 1.000037, 31583, 31583, 31580, 0, 7895, 0, 0, 7, 510686, 182138339, 192126, 29331748, 31581.837337, 31578.837448, 0.000000
