ThreadID, cIDX, Time, cycles, deltaT, RX, OnRX, TX, SupTX, OnTX, Idle, OnIdle, Blocked, CacheMiss, CacheHit, CacheWB, CPUIdle, RX/s, TX/s, Sup/s
810, 0, 0, 0, 0, 0, 0, 0, 0, 0, 0, 0, 0, 0, 0, 0, 0, 0, 0, 0
810, 0, 1.000087, 210018272, 1.000087, 27165, 27165, 27168, 0, 6792, 0, 0, 0, 0, 0, 0, 25881095, 27162.636592, 27165.636331, 0.000000
810, 1, 2.000110, 210004884, 1.000023, 27136, 27136, 27128, 0, 6782, 0, 0, 0, 0, 0, 0, 25885451, 27135.368909, 27127.369095, 0.000000
810, 2, 3.000178, 210014299, 1.000068, 27119, 27119, 27124, 0, 6781, 0, 0, 0, 0, 0, 0, 26150015, 27117.153580, 27122.153240, 0.000000
810, 3, 4.000245, 210014057, 1.000067, 27096, 27096, 27092, 0, 6773, 0, 0, 0, 0, 0, 0, 26025761, 27094.186367, 27090.186635, 0.000000
810, 4, 5.000284, 210008112, 1.000039, 27094, 27094, 27089, 0, 6773, 0, 0, 0, 0, 0, 0, 26398319, 27092.953438, 27087.953631, 0.000000
810, 5, 6.000303, 210004100, 1.000020, 27141, 27141, 27149, 0, 6787, 0, 0, 0, 0, 0, 0, 26699685, 27140.470115, 27148.469958, 0.000000
810, 6, 7.000322, 210003981, 1.000019, 27011, 27011, 27018, 0, 6754, 0, 0, 0, 0, 0, 0, 26607616, 27010.487958, 27017.487826, 0.000000
810, 7, 8.000368, 210009500, 1.000045, 27164, 27164, 27164, 0, 6791, 0, 0, 0, 0, 0, 0, 26250293, 27162.771208, 27162.771208, 0.000000
