ThreadID, cIDX, Time, cycles, deltaT, RX, OnRX, TX, SupTX, OnTX, Idle, OnIdle, Blocked, CacheMiss, CacheHit, CacheWB, CPUIdle, RX/s, TX/s, Sup/s
10134, 0, 0, 0, 0, 0, 0, 0, 0, 0, 0, 0, 0, 0, 0, 0, 0, 0, 0, 0
10134, 0, 1.000020, 210004175, 1.000020, 31583, 31583, 31600, 0, 7900, 0, 0, 0, 0, 0, 0, 29660923, 31582.372112, 31599.371774, 0.000000
10134, 1, 2.000094, 210015468, 1.000074, 31663, 31663, 31632, 0, 7908, 0, 0, 1, 0, 0, 0, 29840821, 31660.667966, 31629.670249, 0.000000
10134, 2, 3.000122, 210005951, 1.000028, 31691, 31691, 31697, 0, 7925, 0, 0, 11, 0, 0, 0, 29977534, 31690.101963, 31696.101793, 0.000000
10134, 3, 4.000125, 210000729, 1.000003, 31723, 31723, 31737, 0, 7934, 0, 0, 9, 0, 0, 0, 30067647, 31722.889876, 31736.889828, 0.000000
10134, 4, 5.000148, 210004706, 1.000022, 31712, 31712, 31718, 0, 7929, 0, 0, 7, 0, 0, 0, 30283556, 31711.289365, 31717.289231, 0.000000
10134, 5, 6.000327, 210037644, 1.000179, 31558, 31558, 31536, 0, 7884, 0, 0, 2, 0, 0, 0, 30671049, 31552.344017, 31530.347960, 0.000000
10134, 6, 7.000354, 210005690, 1.000027, 31695, 31695, 31720, 0, 7930, 0, 0, 4, 0, 0, 0, 30537806, 31694.141240, 31719.140562, 0.000000
10134, 7, 8.000360, 210001239, 1.000006, 31624, 31624, 31627, 0, 7907, 0, 0, 0, 0, 0, 0, 30420987, 31623.813420, 31626.813402, 0.000000
