ThreadID, cIDX, Time, cycles, deltaT, RX, OnRX, TX, SupTX, OnTX, Idle, OnIdle, Blocked, CacheMiss, CacheHit, CacheWB, CPUIdle, RX/s, TX/s, Sup/s
8811, 0, 0, 0, 0, 0, 0, 0, 0, 0, 0, 0, 0, 0, 0, 0, 0, 0, 0, 0
8811, 0, 1.000002, 210000468, 1.000002, 27291, 27291, 27286, 0, 6822, 0, 0, 1, 0, 0, 0, 28561550, 27290.939180, 27285.939191, 0.000000
8811, 1, 2.000082, 210016660, 1.000079, 27117, 27117, 27118, 0, 6779, 0, 0, 6, 0, 0, 0, 28410395, 27114.848889, 27115.848809, 0.000000
8811, 2, 3.000155, 210015501, 1.000074, 27101, 27101, 27108, 0, 6777, 0, 0, 4, 0, 0, 0, 28435647, 27098.999707, 27105.999190, 0.000000
8811, 3, 4.000158, 210000501, 1.000002, 27165, 27165, 27162, 0, 6791, 0, 0, 3, 0, 0, 0, 28456319, 27164.935192, 27161.935199, 0.000000
8811, 4, 5.000168, 210002121, 1.000010, 27151, 27151, 27147, 0, 6787, 0, 0, 1, 0, 0, 0, 29170957, 27150.725778, 27146.725818, 0.000000
8811, 5, 6.000193, 210005263, 1.000025, 27025, 27025, 27035, 0, 6758, 0, 0, 0, 0, 0, 0, 29285278, 27024.322719, 27034.322468, 0.000000
8811, 6, 7.000216, 210004893, 1.000023, 27087, 27087, 27074, 0, 6769, 0, 0, 0, 0, 0, 0, 29286622, 27086.368888, 27073.369190, 0.000000
8811, 7, 8.000217, 210000239, 1.000001, 27130, 27130, 27138, 0, 6784, 0, 0, 0, 0, 0, 0, 29021735, 27129.969124, 27137.969114, 0.000000
