ThreadID, cIDX, Time, cycles, deltaT, RX, OnRX, TX, SupTX, OnTX, Idle, OnIdle, Blocked, CacheMiss, CacheHit, CacheWB, CPUIdle, RX/s, TX/s, Sup/s
8474, 0, 0, 0, 0, 0, 0, 0, 0, 0, 0, 0, 0, 0, 0, 0, 0, 0, 0, 0
8474, 0, 1.000017, 210003472, 1.000017, 27235, 27235, 27228, 0, 6807, 0, 0, 0, 0, 0, 0, 29163253, 27234.549722, 27227.549838, 0.000000
8474, 1, 2.000024, 210001480, 1.000007, 27124, 27124, 27133, 0, 6784, 0, 0, 7, 0, 0, 0, 29128075, 27123.808842, 27132.808778, 0.000000
8474, 2, 3.000058, 210007136, 1.000034, 27112, 27112, 27115, 0, 6778, 0, 0, 3, 0, 0, 0, 29286660, 27111.078740, 27114.078638, 0.000000
8474, 3, 4.000124, 210013975, 1.000067, 27176, 27176, 27172, 0, 6793, 0, 0, 4, 0, 0, 0, 29199813, 27174.191622, 27170.191888, 0.000000
8474, 4, 5.000130, 210001277, 1.000006, 27137, 27137, 27133, 0, 6784, 0, 0, 3, 0, 0, 0, 29477051, 27136.834982, 27132.835007, 0.000000
8474, 5, 6.000144, 210002812, 1.000013, 27044, 27044, 27044, 0, 6761, 0, 0, 0, 0, 0, 0, 29822456, 27043.637873, 27043.637873, 0.000000
8474, 6, 7.000174, 210006297, 1.000030, 27072, 27072, 27079, 0, 6769, 0, 0, 1, 0, 0, 0, 29793442, 27071.188251, 27078.188041, 0.000000
8474, 7, 8.000180, 210001414, 1.000007, 27161, 27161, 27157, 0, 6790, 0, 0, 0, 0, 0, 0, 29611524, 27160.817117, 27156.817144, 0.000000
