ThreadID, cIDX, Time, cycles, deltaT, RX, OnRX, TX, SupTX, OnTX, Idle, OnIdle, Blocked, CacheMiss, CacheHit, CacheWB, CPUIdle, RX/s, TX/s, Sup/s
1978, 0, 0, 0, 0, 0, 0, 0, 0, 0, 0, 0, 0, 0, 0, 0, 0, 0, 0, 0
1978, 0, 1.000024, 210005046, 1.000024, 27230, 27230, 27232, 0, 6808, 0, 0, 0, 0, 0, 0, 28380233, 27229.345718, 27231.345670, 0.000000
1978, 1, 2.000040, 210003311, 1.000016, 27194, 27194, 27192, 0, 6798, 0, 0, 3, 0, 0, 0, 28258297, 27193.571248, 27191.571280, 0.000000
1978, 2, 3.000055, 210003213, 1.000015, 27132, 27132, 27125, 0, 6782, 0, 0, 0, 0, 0, 0, 28458850, 27131.584887, 27124.584994, 0.000000
1978, 3, 4.000087, 210006782, 1.000032, 27061, 27061, 27059, 0, 6764, 0, 0, 7, 0, 0, 0, 28587692, 27060.126087, 27058.126151, 0.000000
1978, 4, 5.000190, 210021589, 1.000103, 27112, 27112, 27124, 0, 6781, 0, 0, 5, 0, 0, 0, 28724294, 27109.213044, 27121.211810, 0.000000
1978, 5, 6.000226, 210007488, 1.000036, 27210, 27210, 27208, 0, 6802, 0, 0, 0, 0, 0, 0, 29156283, 27209.029804, 27207.029875, 0.000000
1978, 6, 7.000290, 210013386, 1.000064, 27163, 27163, 27162, 0, 6791, 0, 0, 0, 0, 0, 0, 28966946, 27161.268663, 27160.268727, 0.000000
1978, 7, 8.000313, 210004816, 1.000023, 27067, 27067, 27074, 0, 6768, 0, 0, 0, 0, 0, 0, 28876173, 27066.379278, 27073.379117, 0.000000
