ThreadID, cIDX, Time, cycles, deltaT, RX, OnRX, TX, SupTX, OnTX, Idle, OnIdle, Blocked, CacheMiss, CacheHit, CacheWB, CPUIdle, RX/s, TX/s, Sup/s
9047, 0, 0, 0, 0, 0, 0, 0, 0, 0, 0, 0, 0, 0, 0, 0, 0, 0, 0, 0
9047, 0, 1.000050, 210010508, 1.000050, 31589, 31589, 31596, 0, 7899, 0, 0, 0, 0, 0, 0, 28486558, 31587.419426, 31594.419075, 0.000000
9047, 1, 2.000181, 210027593, 1.000131, 31703, 31703, 31684, 0, 7921, 0, 0, 0, 0, 0, 0, 28420936, 31698.834924, 31679.837420, 0.000000
9047, 2, 3.000197, 210003243, 1.000015, 31680, 31680, 31697, 0, 7925, 0, 0, 1, 0, 0, 0, 28532107, 31679.510778, 31696.510515, 0.000000
9047, 3, 4.000234, 210007765, 1.000037, 31714, 31714, 31695, 0, 7923, 0, 0, 0, 0, 0, 0, 28548906, 31712.827380, 31693.828083, 0.000000
9047, 4, 5.000454, 210046155, 1.000220, 31613, 31613, 31616, 0, 7904, 0, 0, 1, 0, 0, 0, 29181821, 31606.053441, 31609.052782, 0.000000
9047, 5, 6.000475, 210004523, 1.000022, 31655, 31655, 31676, 0, 7919, 0, 0, 0, 0, 0, 0, 29123984, 31654.318226, 31675.317774, 0.000000
9047, 6, 7.000487, 210002568, 1.000012, 31583, 31583, 31581, 0, 7896, 0, 0, 0, 0, 0, 0, 29088571, 31582.613790, 31580.613814, 0.000000
9047, 7, 8.000497, 210002022, 1.000010, 31656, 31656, 31636, 0, 7909, 0, 0, 0, 0, 0, 0, 29195687, 31655.695201, 31635.695393, 0.000000
