ThreadID, cIDX, Time, cycles, deltaT, RX, OnRX, TX, SupTX, OnTX, Idle, OnIdle, Blocked, CacheMiss, CacheHit, CacheWB, CPUIdle, RX/s, TX/s, Sup/s
10219, 0, 0, 0, 0, 0, 0, 0, 0, 0, 0, 0, 0, 0, 0, 0, 0, 0, 0, 0
10219, 0, 1.000056, 210011796, 1.000056, 27227, 27227, 27228, 0, 6807, 0, 0, 0, 0, 0, 0, 28942116, 27225.470706, 27226.470650, 0.000000
10219, 1, 2.000100, 210009308, 1.000044, 27196, 27196, 27200, 0, 6800, 0, 0, 0, 0, 0, 0, 29054671, 27194.794623, 27198.794446, 0.000000
10219, 2, 3.000119, 210003781, 1.000018, 27140, 27140, 27136, 0, 6784, 0, 0, 8, 0, 0, 0, 29142774, 27139.511360, 27135.511432, 0.000000
10219, 3, 4.000138, 210004024, 1.000019, 27102, 27102, 27098, 0, 6775, 0, 0, 6, 0, 0, 0, 29265301, 27101.480684, 27097.480761, 0.000000
10219, 4, 5.000146, 210001741, 1.000008, 27117, 27117, 27115, 0, 6779, 0, 0, 6, 0, 0, 0, 29514368, 27116.775189, 27114.775206, 0.000000
10219, 5, 6.000178, 210006706, 1.000032, 27142, 27142, 27136, 0, 6784, 0, 0, 6, 0, 0, 0, 29912383, 27141.133293, 27135.133485, 0.000000
10219, 6, 7.000306, 210026939, 1.000128, 27092, 27092, 27107, 0, 6776, 0, 0, 3, 0, 0, 0, 29816314, 27088.525058, 27103.523134, 0.000000
10219, 7, 8.000314, 210001553, 1.000007, 27097, 27097, 27096, 0, 6774, 0, 0, 0, 0, 0, 0, 29479495, 27096.799613, 27095.799620, 0.000000
