ThreadID, cIDX, Time, cycles, deltaT, RX, OnRX, TX, SupTX, OnTX, Idle, OnIdle, Blocked, CacheMiss, CacheHit, CacheWB, CPUIdle, RX/s, TX/s, Sup/s
8484, 0, 0, 0, 0, 0, 0, 0, 0, 0, 0, 0, 0, 0, 0, 0, 0, 0, 0, 0
8484, 0, 1.000014, 210003003, 1.000014, 31530, 31530, 31536, 0, 7884, 0, 0, 0, 0, 0, 0, 27693869, 31529.549127, 31535.549042, 0.000000
8484, 1, 2.000199, 210038687, 1.000184, 31735, 31735, 31744, 0, 7936, 0, 0, 7, 0, 0, 0, 27596647, 31729.154734, 31738.153077, 0.000000
8484, 2, 3.000288, 210018767, 1.000089, 31704, 31704, 31689, 0, 7923, 0, 0, 6, 0, 0, 0, 27787797, 31701.166972, 31686.168313, 0.000000
8484, 3, 4.000675, 210081316, 1.000387, 31609, 31609, 31592, 0, 7898, 0, 0, 1, 0, 0, 0, 27688766, 31596.765131, 31579.771711, 0.000000
8484, 4, 5.001230, 210116536, 1.000555, 31601, 31601, 31595, 0, 7898, 0, 0, 0, 0, 0, 0, 27897890, 31583.473278, 31577.476606, 0.000000
8484, 5, 6.001735, 210106081, 1.000505, 31724, 31724, 31728, 0, 7932, 0, 0, 0, 0, 0, 0, 28404258, 31707.982788, 31711.980768, 0.000000
8484, 6, 7.001741, 210001128, 1.000005, 31585, 31585, 31597, 0, 7900, 0, 0, 0, 0, 0, 0, 28326893, 31584.830344, 31596.830280, 0.000000
8484, 7, 8.001743, 210000444, 1.000002, 31559, 31559, 31567, 0, 7891, 0, 0, 2, 0, 0, 0, 28238469, 31558.933275, 31566.933258, 0.000000
