ThreadID, cIDX, Time, cycles, deltaT, RX, OnRX, TX, SupTX, OnTX, Idle, OnIdle, Blocked, CacheMiss, CacheHit, CacheWB, CPUIdle, RX/s, TX/s, Sup/s
9817, 0, 0, 0, 0, 0, 0, 0, 0, 0, 0, 0, 0, 0, 0, 0, 0, 0, 0, 0
9817, 0, 1.000016, 210003425, 1.000016, 27133, 27133, 27136, 0, 6784, 0, 0, 0, 0, 0, 0, 29069712, 27132.557481, 27135.557432, 0.000000
9817, 1, 2.000026, 210001988, 1.000009, 27187, 27187, 27188, 0, 6797, 0, 0, 0, 0, 0, 0, 29036083, 27186.742632, 27187.742623, 0.000000
9817, 2, 3.000046, 210004235, 1.000020, 27188, 27188, 27184, 0, 6796, 0, 0, 6, 0, 0, 0, 29274259, 27187.451720, 27183.451800, 0.000000
9817, 3, 4.000063, 210003552, 1.000017, 27088, 27088, 27084, 0, 6771, 0, 0, 6, 0, 0, 0, 29394281, 27087.541834, 27083.541901, 0.000000
9817, 4, 5.000069, 210001260, 1.000006, 27078, 27078, 27084, 0, 6771, 0, 0, 7, 0, 0, 0, 29640462, 27077.837533, 27083.837497, 0.000000
9817, 5, 6.000189, 210025325, 1.000121, 27161, 27161, 27152, 0, 6788, 0, 0, 6, 0, 0, 0, 29910838, 27157.724908, 27148.725993, 0.000000
9817, 6, 7.000246, 210011908, 1.000057, 27148, 27148, 27152, 0, 6788, 0, 0, 6, 0, 0, 0, 29587152, 27146.460666, 27150.460440, 0.000000
9817, 7, 8.000311, 210013515, 1.000064, 27063, 27063, 27052, 0, 6763, 0, 0, 0, 0, 0, 0, 29460508, 27061.258415, 27050.259123, 0.000000
