ThreadID, cIDX, Time, cycles, deltaT, RX, OnRX, TX, SupTX, OnTX, Idle, OnIdle, Blocked, CacheMiss, CacheHit, CacheWB, CPUIdle, RX/s, TX/s, Sup/s
2002, 0, 0, 0, 0, 0, 0, 0, 0, 0, 0, 0, 0, 0, 0, 0, 0, 0, 0, 0
2002, 0, 1.000039, 210008105, 1.000039, 31617, 31617, 31616, 0, 7904, 0, 0, 0, 0, 0, 0, 29114492, 31615.779781, 31614.779820, 0.000000
2002, 1, 2.000048, 210001977, 1.000009, 31625, 31625, 31636, 0, 7909, 0, 0, 2, 0, 0, 0, 29069233, 31624.702276, 31635.702172, 0.000000
2002, 2, 3.000061, 210002778, 1.000013, 31659, 31659, 31657, 0, 7915, 0, 0, 0, 0, 0, 0, 29340943, 31658.581202, 31656.581229, 0.000000
2002, 3, 4.000179, 210024831, 1.000118, 31680, 31680, 31667, 0, 7916, 0, 0, 4, 0, 0, 0, 29451899, 31676.254509, 31663.256046, 0.000000
2002, 4, 5.000184, 210000902, 1.000004, 31693, 31693, 31693, 0, 7924, 0, 0, 7, 0, 0, 0, 29505480, 31692.863872, 31692.863872, 0.000000
2002, 5, 6.000192, 210001771, 1.000008, 31589, 31589, 31589, 0, 7897, 0, 0, 3, 0, 0, 0, 29942775, 31588.733602, 31588.733602, 0.000000
2002, 6, 7.000199, 210001501, 1.000007, 31540, 31540, 31558, 0, 7889, 0, 0, 3, 0, 0, 0, 29818922, 31539.774566, 31557.774437, 0.000000
2002, 7, 8.000205, 210001107, 1.000005, 31766, 31766, 31741, 0, 7936, 0, 0, 0, 0, 0, 0, 29697740, 31765.832549, 31740.832680, 0.000000
