ThreadID, cIDX, Time, cycles, deltaT, RX, OnRX, TX, SupTX, OnTX, Idle, OnIdle, Blocked, CacheMiss, CacheHit, CacheWB, CPUIdle, RX/s, TX/s, Sup/s
9263, 0, 0, 0, 0, 0, 0, 0, 0, 0, 0, 0, 0, 0, 0, 0, 0, 0, 0, 0
9263, 0, 1.000025, 210005192, 1.000025, 27248, 27248, 27244, 0, 6811, 0, 0, 1, 0, 0, 0, 28374634, 27247.326342, 27243.326441, 0.000000
9263, 1, 2.000043, 210003931, 1.000019, 27099, 27099, 27108, 0, 6777, 0, 0, 6, 0, 0, 0, 28132573, 27098.492742, 27107.492574, 0.000000
9263, 2, 3.000069, 210005318, 1.000025, 27108, 27108, 27108, 0, 6777, 0, 0, 2, 0, 0, 0, 28297189, 27107.313540, 27107.313540, 0.000000
9263, 3, 4.000089, 210004340, 1.000021, 27239, 27239, 27230, 0, 6808, 0, 0, 1, 0, 0, 0, 28291665, 27238.437072, 27229.437258, 0.000000
9263, 4, 5.000123, 210006950, 1.000033, 27101, 27101, 27102, 0, 6775, 0, 0, 10, 0, 0, 0, 28671496, 27100.103116, 27101.103083, 0.000000
9263, 5, 6.000151, 210005983, 1.000028, 27069, 27069, 27066, 0, 6767, 0, 0, 10, 0, 0, 0, 28648993, 27068.228813, 27065.228899, 0.000000
9263, 6, 7.000160, 210001784, 1.000008, 27198, 27198, 27202, 0, 6800, 0, 0, 5, 0, 0, 0, 29008437, 27197.768948, 27201.768914, 0.000000
9263, 7, 8.000172, 210002648, 1.000013, 27112, 27112, 27112, 0, 6778, 0, 0, 0, 0, 0, 0, 28692767, 27111.658135, 27111.658135, 0.000000
