ThreadID, cIDX, Time, cycles, deltaT, RX, OnRX, TX, SupTX, OnTX, Idle, OnIdle, Blocked, CacheMiss, CacheHit, CacheWB, CPUIdle, RX/s, TX/s, Sup/s
8579, 0, 0, 0, 0, 0, 0, 0, 0, 0, 0, 0, 0, 0, 0, 0, 0, 0, 0, 0
8579, 0, 1.000044, 210009283, 1.000044, 30549, 30549, 30536, 0, 7919, 0, 0, 1, 647646, 182302127, 265446, 31772851, 30547.649648, 30534.650223, 0.000000
8579, 1, 2.000286, 210050835, 1.000242, 30556, 30556, 30554, 0, 7920, 0, 0, 7, 567234, 182407534, 223517, 31765331, 30548.605056, 30546.605540, 0.000000
8579, 2, 3.000398, 210023358, 1.000111, 30558, 30558, 30570, 0, 7926, 0, 0, 6, 545114, 182348950, 213240, 31868852, 30554.601455, 30566.600121, 0.000000
8579, 3, 4.000451, 210011212, 1.000053, 30487, 30487, 30481, 0, 7902, 0, 0, 5, 537909, 182418668, 208273, 31765269, 30485.372371, 30479.372692, 0.000000
8579, 4, 5.000465, 210003018, 1.000014, 30500, 30500, 30497, 0, 7906, 0, 0, 0, 527919, 182160270, 205715, 32076873, 30499.561678, 30496.561721, 0.000000
8579, 5, 6.000475, 210001984, 1.000009, 30499, 30499, 30501, 0, 7907, 0, 0, 0, 521391, 182040322, 202098, 32353310, 30498.711860, 30500.711841, 0.000000
8579, 6, 7.000641, 210035016, 1.000167, 30530, 30530, 30530, 0, 7914, 0, 0, 1, 518985, 182070293, 199989, 32434762, 30524.910189, 30524.910189, 0.000000
8579, 7, 8.000651, 210001961, 1.000009, 30481, 30481, 30500, 0, 7909, 0, 0, 1, 513158, 182038934, 196927, 32333948, 30480.715368, 30499.715191, 0.000000
