ThreadID, cIDX, Time, cycles, deltaT, RX, OnRX, TX, SupTX, OnTX, Idle, OnIdle, Blocked, CacheMiss, CacheHit, CacheWB, CPUIdle, RX/s, TX/s, Sup/s
8285, 0, 0, 0, 0, 0, 0, 0, 0, 0, 0, 0, 0, 0, 0, 0, 0, 0, 0, 0
8285, 0, 1.000476, 210100015, 1.000476, 27245, 27245, 27252, 0, 6813, 0, 0, 1, 0, 0, 0, 29077634, 27232.030421, 27239.027089, 0.000000
8285, 1, 2.000659, 210038373, 1.000183, 27116, 27116, 27104, 0, 6776, 0, 0, 3, 0, 0, 0, 28879968, 27111.046037, 27099.048230, 0.000000
8285, 2, 3.000680, 210004336, 1.000021, 27113, 27113, 27120, 0, 6780, 0, 0, 2, 0, 0, 0, 28954983, 27112.440193, 27119.440048, 0.000000
8285, 3, 4.000683, 210000621, 1.000003, 27200, 27200, 27199, 0, 6800, 0, 0, 0, 0, 0, 0, 29002135, 27199.919566, 27198.919569, 0.000000
8285, 4, 5.000775, 210019413, 1.000092, 27132, 27132, 27133, 0, 6783, 0, 0, 0, 0, 0, 0, 29326595, 27129.492072, 27130.491980, 0.000000
8285, 5, 6.000833, 210012159, 1.000058, 27089, 27089, 27080, 0, 6770, 0, 0, 4, 0, 0, 0, 29688181, 27087.431638, 27078.432159, 0.000000
8285, 6, 7.000851, 210003697, 1.000018, 27120, 27120, 27132, 0, 6783, 0, 0, 0, 0, 0, 0, 29385362, 27119.522567, 27131.522356, 0.000000
8285, 7, 8.000991, 210029600, 1.000141, 27205, 27205, 27196, 0, 6799, 0, 0, 2, 0, 0, 0, 29033666, 27201.165931, 27192.167199, 0.000000
