ThreadID, cIDX, Time, cycles, deltaT, RX, OnRX, TX, SupTX, OnTX, Idle, OnIdle, Blocked, CacheMiss, CacheHit, CacheWB, CPUIdle, RX/s, TX/s, Sup/s
2120, 0, 0, 0, 0, 0, 0, 0, 0, 0, 0, 0, 0, 0, 0, 0, 0, 0, 0, 0
2120, 0, 1.000480, 210100717, 1.000480, 27147, 27147, 27152, 0, 6788, 0, 0, 8, 655943, 182114165, 267709, 29159342, 27133.986411, 27138.984014, 0.000000
2120, 1, 2.000556, 210015948, 1.000076, 27149, 27149, 27144, 0, 6786, 0, 0, 5, 565010, 182150571, 227140, 28951220, 27146.938384, 27141.938764, 0.000000
2120, 2, 3.000567, 210002306, 1.000011, 27160, 27160, 27155, 0, 6789, 0, 0, 8, 538735, 182005485, 212556, 29287056, 27159.701761, 27154.701816, 0.000000
2120, 3, 4.000807, 210050405, 1.000240, 27163, 27163, 27169, 0, 6792, 0, 0, 17, 522360, 181982601, 203907, 29494524, 27156.481798, 27162.480358, 0.000000
2120, 4, 5.000883, 210016110, 1.000077, 27181, 27181, 27188, 0, 6797, 0, 0, 7, 518130, 181915366, 200895, 29668765, 27178.914989, 27185.914452, 0.000000
2120, 5, 6.000886, 210000626, 1.000003, 27038, 27038, 27025, 0, 6757, 0, 0, 6, 506047, 181596398, 196966, 30123419, 27037.919401, 27024.919440, 0.000000
2120, 6, 7.000906, 210004148, 1.000020, 27200, 27200, 27205, 0, 6801, 0, 0, 2, 507093, 181734453, 196396, 29859445, 27199.462746, 27204.462647, 0.000000
2120, 7, 8.000908, 210000398, 1.000002, 27111, 27111, 27112, 0, 6778, 0, 0, 4, 502547, 181909833, 193224, 29579363, 27110.948618, 27111.948616, 0.000000
