ThreadID, cIDX, Time, cycles, deltaT, RX, OnRX, TX, SupTX, OnTX, Idle, OnIdle, Blocked, CacheMiss, CacheHit, CacheWB, CPUIdle, RX/s, TX/s, Sup/s
9619, 0, 0, 0, 0, 0, 0, 0, 0, 0, 0, 0, 0, 0, 0, 0, 0, 0, 0, 0
9619, 0, 1.000030, 210006246, 1.000030, 31543, 31543, 31552, 0, 7888, 0, 0, 1, 0, 0, 0, 29775550, 31542.061849, 31551.061581, 0.000000
9619, 1, 2.000143, 210023803, 1.000113, 31637, 31637, 31620, 0, 7905, 0, 0, 9, 0, 0, 0, 29745949, 31633.414428, 31616.416354, 0.000000
9619, 2, 3.000310, 210035018, 1.000167, 31675, 31675, 31696, 0, 7924, 0, 0, 13, 0, 0, 0, 29866816, 31669.718999, 31690.715498, 0.000000
9619, 3, 4.000482, 210036148, 1.000172, 31741, 31741, 31733, 0, 7934, 0, 0, 8, 0, 0, 0, 30022328, 31735.537256, 31727.538633, 0.000000
9619, 4, 5.000778, 210062198, 1.000296, 31694, 31694, 31675, 0, 7918, 0, 0, 4, 0, 0, 0, 30262290, 31684.615620, 31665.621246, 0.000000
9619, 5, 6.000913, 210028395, 1.000135, 31638, 31638, 31636, 0, 7909, 0, 0, 0, 0, 0, 0, 30610345, 31633.722669, 31631.722939, 0.000000
9619, 6, 7.001411, 210104493, 1.000498, 31663, 31663, 31664, 0, 7916, 0, 0, 0, 0, 0, 0, 30363774, 31647.252779, 31648.252282, 0.000000
9619, 7, 8.001413, 210000383, 1.000002, 31724, 31724, 31726, 0, 7932, 0, 0, 0, 0, 0, 0, 30412991, 31723.942142, 31725.942138, 0.000000
