ThreadID, cIDX, Time, cycles, deltaT, RX, OnRX, TX, SupTX, OnTX, Idle, OnIdle, Blocked, CacheMiss, CacheHit, CacheWB, CPUIdle, RX/s, TX/s, Sup/s
9218, 0, 0, 0, 0, 0, 0, 0, 0, 0, 0, 0, 0, 0, 0, 0, 0, 0, 0, 0
9218, 0, 1.000039, 210008121, 1.000039, 30460, 30460, 30477, 0, 7902, 0, 0, 1, 632080, 182064944, 263231, 31730006, 30458.822114, 30475.821456, 0.000000
9218, 1, 2.000673, 210133206, 1.000634, 30572, 30572, 30548, 0, 7921, 0, 0, 10, 556759, 182207757, 223342, 31703951, 30552.620037, 30528.635251, 0.000000
9218, 2, 3.000877, 210042821, 1.000204, 30567, 30567, 30571, 0, 7926, 0, 0, 19, 544634, 182102384, 217866, 31845915, 30560.768368, 30564.767553, 0.000000
9218, 3, 4.001039, 210034102, 1.000162, 30578, 30578, 30564, 0, 7924, 0, 0, 6, 530802, 182192672, 210459, 31673935, 30573.035230, 30559.037503, 0.000000
9218, 4, 5.001386, 210072848, 1.000347, 30582, 30582, 30588, 0, 7931, 0, 0, 4, 521407, 181985017, 206819, 32184850, 30571.394929, 30577.392848, 0.000000
9218, 5, 6.001616, 210048268, 1.000230, 30477, 30477, 30476, 0, 7901, 0, 0, 9, 521714, 181947689, 206589, 32112488, 30469.996544, 30468.996774, 0.000000
9218, 6, 7.001617, 210000221, 1.000001, 30563, 30563, 30566, 0, 7923, 0, 0, 0, 516988, 181828624, 202880, 32343342, 30562.967836, 30565.967833, 0.000000
9218, 7, 8.001650, 210006809, 1.000032, 30602, 30602, 30601, 0, 7932, 0, 0, 0, 520403, 181971168, 204584, 32083516, 30601.007799, 30600.007831, 0.000000
