ThreadID, cIDX, Time, cycles, deltaT, RX, OnRX, TX, SupTX, OnTX, Idle, OnIdle, Blocked, CacheMiss, CacheHit, CacheWB, CPUIdle, RX/s, TX/s, Sup/s
1009, 0, 0, 0, 0, 0, 0, 0, 0, 0, 0, 0, 0, 0, 0, 0, 0, 0, 0, 0
1009, 0, 1.000007, 210001484, 1.000007, 31669, 31669, 31684, 0, 7921, 0, 0, 0, 0, 0, 0, 29260230, 31668.776207, 31683.776101, 0.000000
1009, 1, 2.000099, 210019318, 1.000092, 31668, 31668, 31644, 0, 7911, 0, 0, 0, 0, 0, 0, 29182722, 31665.087114, 31641.089321, 0.000000
1009, 2, 3.000147, 210009994, 1.000048, 31628, 31628, 31644, 0, 7911, 0, 0, 0, 0, 0, 0, 29422130, 31626.494880, 31642.494119, 0.000000
1009, 3, 4.000179, 210006789, 1.000032, 31740, 31740, 31733, 0, 7934, 0, 0, 0, 0, 0, 0, 29331962, 31738.973924, 31731.974151, 0.000000
1009, 4, 5.000180, 210000198, 1.000001, 31637, 31637, 31633, 0, 7908, 0, 0, 0, 0, 0, 0, 29642791, 31636.970171, 31632.970175, 0.000000
1009, 5, 6.000331, 210031742, 1.000151, 31607, 31607, 31622, 0, 7905, 0, 0, 0, 0, 0, 0, 29820922, 31602.223249, 31617.220982, 0.000000
1009, 6, 7.000339, 210001638, 1.000008, 31659, 31659, 31638, 0, 7910, 0, 0, 1, 0, 0, 0, 29814209, 31658.753062, 31637.753226, 0.000000
1009, 7, 8.000342, 210000636, 1.000003, 31699, 31699, 31725, 0, 7931, 0, 0, 0, 0, 0, 0, 29932511, 31698.903998, 31724.903919, 0.000000
