ThreadID, cIDX, Time, cycles, deltaT, RX, OnRX, TX, SupTX, OnTX, Idle, OnIdle, Blocked, CacheMiss, CacheHit, CacheWB, CPUIdle, RX/s, TX/s, Sup/s
10309, 0, 0, 0, 0, 0, 0, 0, 0, 0, 0, 0, 0, 0, 0, 0, 0, 0, 0, 0
10309, 0, 1.000029, 210006176, 1.000029, 31542, 31542, 31552, 0, 7888, 0, 0, 1, 663960, 182129948, 274322, 29076398, 31541.072392, 31551.072098, 0.000000
10309, 1, 2.000071, 210008651, 1.000041, 31646, 31646, 31640, 0, 7910, 0, 0, 0, 572600, 182120488, 230380, 29079425, 31644.696389, 31638.696636, 0.000000
10309, 2, 3.000839, 210161457, 1.000769, 31684, 31684, 31667, 0, 7917, 0, 0, 16, 558220, 182057511, 224250, 29316043, 31659.658698, 31642.671758, 0.000000
10309, 3, 4.000849, 210002061, 1.000010, 31714, 31714, 31721, 0, 7930, 0, 0, 9, 539077, 181992776, 214847, 29386045, 31713.688753, 31720.688684, 0.000000
10309, 4, 5.001001, 210031764, 1.000151, 31688, 31688, 31685, 0, 7922, 0, 0, 7, 534303, 182020144, 213214, 29480792, 31683.207689, 31680.208142, 0.000000
10309, 5, 6.001119, 210024888, 1.000119, 31609, 31609, 31603, 0, 7900, 0, 0, 3, 528674, 181740823, 212167, 29889043, 31605.254326, 31599.255037, 0.000000
10309, 6, 7.001423, 210063739, 1.000304, 31584, 31584, 31573, 0, 7894, 0, 0, 0, 520885, 181792793, 207560, 29865910, 31574.416563, 31563.419901, 0.000000
10309, 7, 8.001424, 210000378, 1.000002, 31715, 31715, 31727, 0, 7931, 0, 0, 0, 516957, 181852427, 205334, 29729377, 31714.942913, 31726.942892, 0.000000
