ThreadID, cIDX, Time, cycles, deltaT, RX, OnRX, TX, SupTX, OnTX, Idle, OnIdle, Blocked, CacheMiss, CacheHit, CacheWB, CPUIdle, RX/s, TX/s, Sup/s
739, 0, 0, 0, 0, 0, 0, 0, 0, 0, 0, 0, 0, 0, 0, 0, 0, 0, 0, 0
739, 0, 1.000019, 210004042, 1.000019, 31559, 31559, 31560, 0, 7890, 0, 0, 0, 0, 0, 0, 26798083, 31558.392576, 31559.392557, 0.000000
739, 1, 2.000029, 210002108, 1.000010, 31711, 31711, 31713, 0, 7929, 0, 0, 0, 0, 0, 0, 26720168, 31710.681685, 31712.681665, 0.000000
739, 2, 3.000124, 210019930, 1.000095, 31707, 31707, 31691, 0, 7922, 0, 0, 0, 0, 0, 0, 27035865, 31703.991140, 31687.992659, 0.000000
739, 3, 4.000130, 210001239, 1.000006, 31646, 31646, 31652, 0, 7913, 0, 0, 0, 0, 0, 0, 27005800, 31645.813290, 31651.813254, 0.000000
739, 4, 5.000133, 210000586, 1.000003, 31705, 31705, 31716, 0, 7929, 0, 0, 0, 0, 0, 0, 27412347, 31704.911528, 31715.911498, 0.000000
739, 5, 6.000535, 210084398, 1.000402, 31632, 31632, 31612, 0, 7903, 0, 0, 0, 0, 0, 0, 27636331, 31619.292357, 31599.300392, 0.000000
739, 6, 7.000933, 210083531, 1.000398, 31697, 31697, 31700, 0, 7925, 0, 0, 0, 0, 0, 0, 27445615, 31684.397003, 31687.395810, 0.000000
739, 7, 8.001420, 210102414, 1.000488, 31626, 31626, 31624, 0, 7906, 0, 0, 2, 0, 0, 0, 27404615, 31610.583970, 31608.584945, 0.000000
