ThreadID, cIDX, Time, cycles, deltaT, RX, OnRX, TX, SupTX, OnTX, Idle, OnIdle, Blocked, CacheMiss, CacheHit, CacheWB, CPUIdle, RX/s, TX/s, Sup/s
1432, 0, 0, 0, 0, 0, 0, 0, 0, 0, 0, 0, 0, 0, 0, 0, 0, 0, 0, 0
1432, 0, 1.000020, 210004099, 1.000020, 27144, 27144, 27136, 0, 6784, 0, 0, 0, 0, 0, 0, 29799152, 27143.470185, 27135.470341, 0.000000
1432, 1, 2.000085, 210013842, 1.000066, 27200, 27200, 27208, 0, 6802, 0, 0, 2, 0, 0, 0, 29872846, 27198.207250, 27206.206722, 0.000000
1432, 2, 3.000221, 210028467, 1.000136, 27171, 27171, 27173, 0, 6794, 0, 0, 5, 0, 0, 0, 29986424, 27167.317276, 27169.317005, 0.000000
1432, 3, 4.000294, 210015317, 1.000073, 27051, 27051, 27055, 0, 6763, 0, 0, 2, 0, 0, 0, 29976848, 27049.027095, 27053.026804, 0.000000
1432, 4, 5.000378, 210017735, 1.000084, 27090, 27090, 27076, 0, 6769, 0, 0, 2, 0, 0, 0, 30385358, 27087.712378, 27073.713560, 0.000000
1432, 5, 6.000381, 210000534, 1.000003, 27203, 27203, 27209, 0, 6803, 0, 0, 2, 0, 0, 0, 30510894, 27202.930827, 27208.930812, 0.000000
1432, 6, 7.000420, 210008266, 1.000039, 27164, 27164, 27167, 0, 6791, 0, 0, 0, 0, 0, 0, 30359898, 27162.930815, 27165.930697, 0.000000
1432, 7, 8.000438, 210003742, 1.000018, 27046, 27046, 27040, 0, 6760, 0, 0, 0, 0, 0, 0, 30178491, 27045.518075, 27039.518182, 0.000000
