ThreadID, cIDX, Time, cycles, deltaT, RX, OnRX, TX, SupTX, OnTX, Idle, OnIdle, Blocked, CacheMiss, CacheHit, CacheWB, CPUIdle, RX/s, TX/s, Sup/s
10799, 0, 0, 0, 0, 0, 0, 0, 0, 0, 0, 0, 0, 0, 0, 0, 0, 0, 0, 0
10799, 0, 1.000003, 210000664, 1.000003, 27270, 27270, 27272, 0, 6818, 0, 0, 0, 0, 0, 0, 28257596, 27269.913775, 27271.913769, 0.000000
10799, 1, 2.000015, 210002558, 1.000012, 27149, 27149, 27149, 0, 6788, 0, 0, 1, 0, 0, 0, 28283621, 27148.669303, 27148.669303, 0.000000
10799, 2, 3.000042, 210005699, 1.000027, 27139, 27139, 27135, 0, 6783, 0, 0, 1, 0, 0, 0, 28351940, 27138.263519, 27134.263628, 0.000000
10799, 3, 4.000058, 210003299, 1.000016, 27123, 27123, 27128, 0, 6782, 0, 0, 2, 0, 0, 0, 28393563, 27122.573917, 27127.573839, 0.000000
10799, 4, 5.000072, 210002796, 1.000013, 27102, 27102, 27105, 0, 6777, 0, 0, 3, 0, 0, 0, 28757039, 27101.639161, 27104.639121, 0.000000
10799, 5, 6.000075, 210000753, 1.000004, 27105, 27105, 27103, 0, 6775, 0, 0, 0, 0, 0, 0, 29096366, 27104.902810, 27102.902817, 0.000000
10799, 6, 7.000102, 210005700, 1.000027, 27033, 27033, 27024, 0, 6756, 0, 0, 3, 0, 0, 0, 28940158, 27032.266267, 27023.266511, 0.000000
10799, 7, 8.000104, 210000403, 1.000002, 27131, 27131, 27137, 0, 6785, 0, 0, 0, 0, 0, 0, 28951844, 27130.947934, 27136.947923, 0.000000
