ThreadID, cIDX, Time, cycles, deltaT, RX, OnRX, TX, SupTX, OnTX, Idle, OnIdle, Blocked, CacheMiss, CacheHit, CacheWB, CPUIdle, RX/s, TX/s, Sup/s
273, 0, 0, 0, 0, 0, 0, 0, 0, 0, 0, 0, 0, 0, 0, 0, 0, 0, 0, 0
273, 0, 1.000075, 210015766, 1.000075, 31668, 31668, 31660, 0, 7915, 0, 0, 1, 0, 0, 0, 27571359, 31665.622666, 31657.623266, 0.000000
273, 1, 2.000108, 210006943, 1.000033, 31717, 31717, 31717, 0, 7930, 0, 0, 1, 0, 0, 0, 27584181, 31715.951410, 31715.951410, 0.000000
273, 2, 3.000279, 210035940, 1.000171, 31693, 31693, 31699, 0, 7924, 0, 0, 0, 0, 0, 0, 27757139, 31687.576898, 31693.575871, 0.000000
273, 3, 4.000282, 210000559, 1.000003, 31676, 31676, 31670, 0, 7918, 0, 0, 0, 0, 0, 0, 27665973, 31675.915682, 31669.915698, 0.000000
273, 4, 5.000853, 210120011, 1.000571, 31678, 31678, 31670, 0, 7917, 0, 0, 0, 0, 0, 0, 27840764, 31659.906966, 31651.911535, 0.000000
273, 5, 6.001185, 210069584, 1.000331, 31621, 31621, 31620, 0, 7905, 0, 0, 0, 0, 0, 0, 28355939, 31610.525777, 31609.526108, 0.000000
273, 6, 7.001536, 210073793, 1.000351, 31721, 31721, 31728, 0, 7932, 0, 0, 1, 0, 0, 0, 28331451, 31709.857307, 31716.854848, 0.000000
273, 7, 8.001539, 210000646, 1.000003, 31603, 31603, 31624, 0, 7906, 0, 0, 1, 0, 0, 0, 28235140, 31602.902783, 31623.902719, 0.000000
