ThreadID, cIDX, Time, cycles, deltaT, RX, OnRX, TX, SupTX, OnTX, Idle, OnIdle, Blocked, CacheMiss, CacheHit, CacheWB, CPUIdle, RX/s, TX/s, Sup/s
10197, 0, 0, 0, 0, 0, 0, 0, 0, 0, 0, 0, 0, 0, 0, 0, 0, 0, 0, 0
10197, 0, 1.000050, 210010467, 1.000050, 31514, 31514, 31520, 0, 7880, 0, 0, 0, 0, 0, 0, 29057341, 31512.429330, 31518.429031, 0.000000
10197, 1, 2.000061, 210002267, 1.000011, 31661, 31661, 31652, 0, 7913, 0, 0, 8, 0, 0, 0, 29141152, 31660.658216, 31651.658313, 0.000000
10197, 2, 3.000083, 210004670, 1.000022, 31640, 31640, 31640, 0, 7910, 0, 0, 8, 0, 0, 0, 29281855, 31639.296402, 31639.296402, 0.000000
10197, 3, 4.000095, 210002493, 1.000012, 31772, 31772, 31757, 0, 7940, 0, 0, 13, 0, 0, 0, 29285107, 31771.622825, 31756.623004, 0.000000
10197, 4, 5.000123, 210005936, 1.000028, 31680, 31680, 31715, 0, 7928, 0, 0, 13, 0, 0, 0, 29576371, 31679.104537, 31714.103548, 0.000000
10197, 5, 6.000127, 210000796, 1.000004, 31594, 31594, 31588, 0, 7897, 0, 0, 0, 0, 0, 0, 29962174, 31593.880244, 31587.880267, 0.000000
10197, 6, 7.000220, 210019642, 1.000094, 31595, 31595, 31564, 0, 7891, 0, 0, 0, 0, 0, 0, 29980251, 31592.045091, 31561.047990, 0.000000
10197, 7, 8.000225, 210001042, 1.000005, 31724, 31724, 31740, 0, 7935, 0, 0, 0, 0, 0, 0, 29575851, 31723.842589, 31739.842510, 0.000000
