ThreadID, cIDX, Time, cycles, deltaT, RX, OnRX, TX, SupTX, OnTX, Idle, OnIdle, Blocked, CacheMiss, CacheHit, CacheWB, CPUIdle, RX/s, TX/s, Sup/s
9550, 0, 0, 0, 0, 0, 0, 0, 0, 0, 0, 0, 0, 0, 0, 0, 0, 0, 0, 0
9550, 0, 1.000524, 210109950, 1.000524, 27226, 27226, 27221, 0, 6806, 0, 0, 3, 654740, 182052976, 273141, 29329033, 27211.752704, 27206.755320, 0.000000
9550, 1, 2.000569, 210009491, 1.000045, 27151, 27151, 27160, 0, 6790, 0, 0, 8, 577380, 182194732, 238039, 28928960, 27149.772960, 27158.772553, 0.000000
9550, 2, 3.000592, 210004915, 1.000023, 27116, 27116, 27108, 0, 6777, 0, 0, 12, 566116, 182068660, 233352, 29253359, 27115.365371, 27107.365559, 0.000000
9550, 3, 4.000595, 210000599, 1.000003, 27162, 27162, 27165, 0, 6791, 0, 0, 11, 561918, 182051166, 230376, 29160642, 27161.922524, 27164.922515, 0.000000
9550, 4, 5.000611, 210003279, 1.000016, 27148, 27148, 27154, 0, 6788, 0, 0, 5, 547057, 181930972, 223179, 29455035, 27147.576110, 27153.576016, 0.000000
9550, 5, 6.000626, 210003135, 1.000015, 27039, 27039, 27035, 0, 6759, 0, 0, 9, 533598, 181683551, 216159, 29998120, 27038.596352, 27034.596412, 0.000000
9550, 6, 7.000720, 210019790, 1.000094, 27103, 27103, 27105, 0, 6776, 0, 0, 0, 524582, 181864491, 210639, 29665562, 27100.446106, 27102.445917, 0.000000
9550, 7, 8.000748, 210006024, 1.000029, 27114, 27114, 27108, 0, 6777, 0, 0, 0, 528102, 181845173, 212006, 29790771, 27113.222238, 27107.222410, 0.000000
