ThreadID, cIDX, Time, cycles, deltaT, RX, OnRX, TX, SupTX, OnTX, Idle, OnIdle, Blocked, CacheMiss, CacheHit, CacheWB, CPUIdle, RX/s, TX/s, Sup/s
10713, 0, 0, 0, 0, 0, 0, 0, 0, 0, 0, 0, 0, 0, 0, 0, 0, 0, 0, 0
10713, 0, 1.000020, 210004138, 1.000020, 27203, 27203, 27212, 0, 6803, 0, 0, 1, 0, 0, 0, 29005136, 27202.463982, 27211.463805, 0.000000
10713, 1, 2.000037, 210003664, 1.000017, 27149, 27149, 27145, 0, 6787, 0, 0, 5, 0, 0, 0, 29143905, 27148.526323, 27144.526393, 0.000000
10713, 2, 3.000046, 210001797, 1.000009, 27140, 27140, 27139, 0, 6784, 0, 0, 4, 0, 0, 0, 29249578, 27139.767761, 27138.767770, 0.000000
10713, 3, 4.000048, 210000487, 1.000002, 27162, 27162, 27160, 0, 6790, 0, 0, 5, 0, 0, 0, 29405085, 27161.937010, 27159.937015, 0.000000
10713, 4, 5.000098, 210010480, 1.000050, 27170, 27170, 27160, 0, 6790, 0, 0, 8, 0, 0, 0, 29616939, 27168.644155, 27158.644654, 0.000000
10713, 5, 6.000136, 210008076, 1.000038, 27035, 27035, 27044, 0, 6761, 0, 0, 2, 0, 0, 0, 30187706, 27033.960351, 27042.960005, 0.000000
10713, 6, 7.000140, 210000836, 1.000004, 27195, 27195, 27193, 0, 6799, 0, 0, 3, 0, 0, 0, 29889116, 27194.891738, 27192.891746, 0.000000
10713, 7, 8.000224, 210017593, 1.000084, 27114, 27114, 27116, 0, 6779, 0, 0, 0, 0, 0, 0, 29729912, 27111.728683, 27113.728515, 0.000000
