ThreadID, cIDX, Time, cycles, deltaT, RX, OnRX, TX, SupTX, OnTX, Idle, OnIdle, Blocked, CacheMiss, CacheHit, CacheWB, CPUIdle, RX/s, TX/s, Sup/s
2227, 0, 0, 0, 0, 0, 0, 0, 0, 0, 0, 0, 0, 0, 0, 0, 0, 0, 0, 0
2227, 0, 1.000667, 210140114, 1.000667, 31582, 31582, 31579, 0, 7895, 0, 0, 4, 0, 0, 0, 28372510, 31560.942239, 31557.944239, 0.000000
2227, 1, 2.000709, 210008769, 1.000042, 31626, 31626, 31638, 0, 7910, 0, 0, 4, 0, 0, 0, 28059834, 31624.679444, 31636.678943, 0.000000
2227, 2, 3.000710, 210000281, 1.000001, 31668, 31668, 31656, 0, 7914, 0, 0, 6, 0, 0, 0, 28475165, 31667.957625, 31655.957641, 0.000000
2227, 3, 4.000752, 210008683, 1.000041, 31684, 31684, 31695, 0, 7923, 0, 0, 6, 0, 0, 0, 28682341, 31682.689996, 31693.689541, 0.000000
2227, 4, 5.000785, 210007063, 1.000034, 31686, 31686, 31688, 0, 7922, 0, 0, 6, 0, 0, 0, 28771124, 31684.934330, 31686.934263, 0.000000
2227, 5, 6.000789, 210000686, 1.000003, 31612, 31612, 31592, 0, 7898, 0, 0, 10, 0, 0, 0, 29189021, 31611.896734, 31591.896800, 0.000000
2227, 6, 7.001044, 210053613, 1.000255, 31572, 31572, 31568, 0, 7892, 0, 0, 4, 0, 0, 0, 28956182, 31563.941726, 31559.942747, 0.000000
2227, 7, 8.001181, 210028902, 1.000138, 31750, 31750, 31748, 0, 7937, 0, 0, 1, 0, 0, 0, 28683508, 31745.630894, 31743.631169, 0.000000
