ThreadID, cIDX, Time, cycles, deltaT, RX, OnRX, TX, SupTX, OnTX, Idle, OnIdle, Blocked, CacheMiss, CacheHit, CacheWB, CPUIdle, RX/s, TX/s, Sup/s
749, 0, 0, 0, 0, 0, 0, 0, 0, 0, 0, 0, 0, 0, 0, 0, 0, 0, 0, 0
749, 0, 1.000093, 210019434, 1.000093, 27235, 27235, 27240, 0, 6810, 0, 0, 0, 0, 0, 0, 26806075, 27232.479829, 27237.479366, 0.000000
749, 1, 2.000179, 210018109, 1.000086, 27109, 27109, 27108, 0, 6777, 0, 0, 0, 0, 0, 0, 26719867, 27106.662502, 27105.662588, 0.000000
749, 2, 3.000207, 210006019, 1.000029, 27063, 27063, 27060, 0, 6765, 0, 0, 0, 0, 0, 0, 27030841, 27062.224345, 27059.224431, 0.000000
749, 3, 4.000256, 210010300, 1.000049, 27199, 27199, 27196, 0, 6799, 0, 0, 0, 0, 0, 0, 27006432, 27197.666019, 27194.666166, 0.000000
749, 4, 5.000308, 210010828, 1.000052, 27147, 27147, 27156, 0, 6789, 0, 0, 0, 0, 0, 0, 27412639, 27145.600321, 27154.599857, 0.000000
749, 5, 6.000481, 210036305, 1.000173, 27092, 27092, 27080, 0, 6770, 0, 0, 0, 0, 0, 0, 27630837, 27087.317119, 27075.319193, 0.000000
749, 6, 7.000482, 210000192, 1.000001, 27058, 27058, 27062, 0, 6766, 0, 0, 1, 0, 0, 0, 27433400, 27057.975261, 27061.975258, 0.000000
749, 7, 8.000498, 210003320, 1.000016, 27224, 27224, 27230, 0, 6807, 0, 0, 0, 0, 0, 0, 27392464, 27223.569608, 27229.569513, 0.000000
