ThreadID, cIDX, Time, cycles, deltaT, RX, OnRX, TX, SupTX, OnTX, Idle, OnIdle, Blocked, CacheMiss, CacheHit, CacheWB, CPUIdle, RX/s, TX/s, Sup/s
10370, 0, 0, 0, 0, 0, 0, 0, 0, 0, 0, 0, 0, 0, 0, 0, 0, 0, 0, 0
10370, 0, 1.000789, 210165696, 1.000789, 31599, 31599, 31593, 0, 7899, 0, 0, 4, 647549, 182185618, 268827, 31711040, 31574.087143, 31568.091874, 0.000000
10370, 1, 2.000877, 210018547, 1.000088, 31638, 31638, 31649, 0, 7912, 0, 0, 9, 563527, 182088788, 226354, 31729150, 31635.206009, 31646.205037, 0.000000
10370, 2, 3.000911, 210007038, 1.000034, 31662, 31662, 31657, 0, 7914, 0, 0, 9, 550299, 182062192, 221202, 31822717, 31660.938906, 31655.939074, 0.000000
10370, 3, 4.000978, 210014117, 1.000067, 31661, 31661, 31646, 0, 7912, 0, 0, 6, 542659, 182017049, 218264, 31853681, 31658.871770, 31643.872778, 0.000000
10370, 4, 5.000990, 210002544, 1.000012, 31692, 31692, 31699, 0, 7924, 0, 0, 5, 539605, 182030983, 216186, 31866081, 31691.616079, 31698.615994, 0.000000
10370, 5, 6.001386, 210083065, 1.000396, 31602, 31602, 31596, 0, 7899, 0, 0, 4, 531176, 181789621, 211949, 32445990, 31589.504847, 31583.507219, 0.000000
10370, 6, 7.001494, 210022747, 1.000108, 31578, 31578, 31580, 0, 7895, 0, 0, 0, 531185, 181739763, 213300, 32451198, 31574.579872, 31576.579655, 0.000000
10370, 7, 8.001575, 210017095, 1.000081, 31749, 31749, 31748, 0, 7937, 0, 0, 0, 528641, 181899440, 211294, 32239260, 31746.415691, 31745.415772, 0.000000
