ThreadID, cIDX, Time, cycles, deltaT, RX, OnRX, TX, SupTX, OnTX, Idle, OnIdle, Blocked, CacheMiss, CacheHit, CacheWB, CPUIdle, RX/s, TX/s, Sup/s
8638, 0, 0, 0, 0, 0, 0, 0, 0, 0, 0, 0, 0, 0, 0, 0, 0, 0, 0, 0
8638, 0, 1.000015, 210003058, 1.000015, 27266, 27266, 27264, 0, 6816, 0, 0, 1, 0, 0, 0, 27713162, 27265.602961, 27263.602990, 0.000000
8638, 1, 2.000016, 210000210, 1.000001, 27108, 27108, 27107, 0, 6777, 0, 0, 5, 0, 0, 0, 27594124, 27107.972892, 27106.972893, 0.000000
8638, 2, 3.000061, 210009487, 1.000045, 27100, 27100, 27105, 0, 6776, 0, 0, 5, 0, 0, 0, 27745708, 27098.775781, 27103.775555, 0.000000
8638, 3, 4.000121, 210012664, 1.000060, 27205, 27205, 27200, 0, 6800, 0, 0, 3, 0, 0, 0, 27614318, 27203.359508, 27198.359809, 0.000000
8638, 4, 5.000169, 210010041, 1.000048, 27119, 27119, 27121, 0, 6781, 0, 0, 2, 0, 0, 0, 28080782, 27117.703386, 27119.703291, 0.000000
8638, 5, 6.000334, 210034667, 1.000165, 27087, 27087, 27083, 0, 6770, 0, 0, 0, 0, 0, 0, 28275006, 27082.529190, 27078.529851, 0.000000
8638, 6, 7.000457, 210025794, 1.000123, 27131, 27131, 27128, 0, 6782, 0, 0, 0, 0, 0, 0, 28341486, 27127.667947, 27124.668316, 0.000000
8638, 7, 8.000492, 210007370, 1.000035, 27171, 27171, 27180, 0, 6795, 0, 0, 2, 0, 0, 0, 28477238, 27170.046461, 27179.046145, 0.000000
