ThreadID, cIDX, Time, cycles, deltaT, RX, OnRX, TX, SupTX, OnTX, Idle, OnIdle, Blocked, CacheMiss, CacheHit, CacheWB, CPUIdle, RX/s, TX/s, Sup/s
9462, 0, 0, 0, 0, 0, 0, 0, 0, 0, 0, 0, 0, 0, 0, 0, 0, 0, 0, 0
9462, 0, 1.000045, 210009403, 1.000045, 31626, 31626, 31612, 0, 7903, 0, 0, 1, 0, 0, 0, 31006839, 31624.583972, 31610.584598, 0.000000
9462, 1, 2.000669, 210131123, 1.000624, 31700, 31700, 31717, 0, 7930, 0, 0, 14, 0, 0, 0, 30953935, 31680.219022, 31697.208414, 0.000000
9462, 2, 3.000756, 210018332, 1.000087, 31710, 31710, 31704, 0, 7926, 0, 0, 12, 0, 0, 0, 30971359, 31707.232110, 31701.232633, 0.000000
9462, 3, 4.000770, 210002835, 1.000014, 31603, 31603, 31606, 0, 7901, 0, 0, 12, 0, 0, 0, 30935209, 31602.573365, 31605.573325, 0.000000
9462, 4, 5.000944, 210036651, 1.000175, 31684, 31684, 31666, 0, 7917, 0, 0, 6, 0, 0, 0, 31114698, 31678.471202, 31660.474343, 0.000000
9462, 5, 6.001001, 210011878, 1.000057, 31657, 31657, 31683, 0, 7920, 0, 0, 8, 0, 0, 0, 31670397, 31655.209521, 31681.208051, 0.000000
9462, 6, 7.001173, 210036022, 1.000172, 31687, 31687, 31688, 0, 7922, 0, 0, 0, 0, 0, 0, 31366837, 31681.565555, 31682.565384, 0.000000
9462, 7, 8.001308, 210028340, 1.000135, 31641, 31641, 31616, 0, 7904, 0, 0, 0, 0, 0, 0, 31391378, 31636.730548, 31611.733921, 0.000000
