ThreadID, cIDX, Time, cycles, deltaT, RX, OnRX, TX, SupTX, OnTX, Idle, OnIdle, Blocked, CacheMiss, CacheHit, CacheWB, CPUIdle, RX/s, TX/s, Sup/s
1837, 0, 0, 0, 0, 0, 0, 0, 0, 0, 0, 0, 0, 0, 0, 0, 0, 0, 0, 0
1837, 0, 1.000003, 210000534, 1.000003, 27262, 27262, 27262, 0, 6816, 0, 0, 0, 0, 0, 0, 28196171, 27261.930677, 27261.930677, 0.000000
1837, 1, 2.000013, 210002093, 1.000010, 27173, 27173, 27175, 0, 6794, 0, 0, 4, 0, 0, 0, 28276248, 27172.729178, 27174.729159, 0.000000
1837, 2, 3.000014, 210000280, 1.000001, 27126, 27126, 27135, 0, 6783, 0, 0, 4, 0, 0, 0, 28411365, 27125.963832, 27134.963820, 0.000000
1837, 3, 4.000042, 210005938, 1.000028, 27064, 27064, 27057, 0, 6765, 0, 0, 0, 0, 0, 0, 28560608, 27063.234755, 27056.234953, 0.000000
1837, 4, 5.000065, 210004901, 1.000023, 27069, 27069, 27071, 0, 6767, 0, 0, 0, 0, 0, 0, 28799255, 27068.368276, 27070.368229, 0.000000
1837, 5, 6.000090, 210005100, 1.000024, 27168, 27168, 27164, 0, 6791, 0, 0, 2, 0, 0, 0, 29264673, 27167.340222, 27163.340319, 0.000000
1837, 6, 7.000217, 210026643, 1.000127, 26999, 26999, 26996, 0, 6749, 0, 0, 1, 0, 0, 0, 29051601, 26995.575033, 26992.575413, 0.000000
1837, 7, 8.000289, 210015104, 1.000072, 27112, 27112, 27108, 0, 6777, 0, 0, 0, 0, 0, 0, 28675749, 27110.050142, 27106.050430, 0.000000
