ThreadID, cIDX, Time, cycles, deltaT, RX, OnRX, TX, SupTX, OnTX, Idle, OnIdle, Blocked, CacheMiss, CacheHit, CacheWB, CPUIdle, RX/s, TX/s, Sup/s
309, 0, 0, 0, 0, 0, 0, 0, 0, 0, 0, 0, 0, 0, 0, 0, 0, 0, 0, 0
309, 0, 1.000003, 210000594, 1.000003, 31547, 31547, 31548, 0, 7887, 0, 0, 1, 0, 0, 0, 25840483, 31546.910767, 31547.910764, 0.000000
309, 1, 2.000006, 210000593, 1.000003, 31721, 31721, 31714, 0, 7929, 0, 0, 2, 0, 0, 0, 25841649, 31720.910426, 31713.910446, 0.000000
309, 2, 3.000056, 210010528, 1.000050, 31713, 31713, 31714, 0, 7928, 0, 0, 6, 0, 0, 0, 26059744, 31711.410201, 31712.410151, 0.000000
309, 3, 4.000099, 210009013, 1.000043, 31607, 31607, 31620, 0, 7905, 0, 0, 0, 0, 0, 0, 25807497, 31605.643516, 31618.642958, 0.000000
309, 4, 5.000113, 210002992, 1.000014, 31617, 31617, 31616, 0, 7904, 0, 0, 0, 0, 0, 0, 26212147, 31616.549539, 31615.549554, 0.000000
309, 5, 6.000134, 210004459, 1.000021, 31657, 31657, 31652, 0, 7913, 0, 0, 1, 0, 0, 0, 26503698, 31656.327831, 31651.327937, 0.000000
309, 6, 7.000434, 210062900, 1.000300, 31589, 31589, 31572, 0, 7893, 0, 0, 0, 0, 0, 0, 26580293, 31579.541176, 31562.546266, 0.000000
309, 7, 8.000609, 210036870, 1.000176, 31607, 31607, 31608, 0, 7902, 0, 0, 0, 0, 0, 0, 26541858, 31601.451688, 31602.451512, 0.000000
