ThreadID, cIDX, Time, cycles, deltaT, RX, OnRX, TX, SupTX, OnTX, Idle, OnIdle, Blocked, CacheMiss, CacheHit, CacheWB, CPUIdle, RX/s, TX/s, Sup/s
1656, 0, 0, 0, 0, 0, 0, 0, 0, 0, 0, 0, 0, 0, 0, 0, 0, 0, 0, 0
1656, 0, 1.000171, 210035994, 1.000171, 27166, 27166, 27166, 0, 6792, 0, 0, 1, 0, 0, 0, 30847269, 27161.344546, 27161.344546, 0.000000
1656, 1, 2.000195, 210004856, 1.000023, 27161, 27161, 27162, 0, 6790, 0, 0, 4, 0, 0, 0, 30924868, 27160.371949, 27161.371926, 0.000000
1656, 2, 3.000443, 210052175, 1.000248, 27178, 27178, 27172, 0, 6793, 0, 0, 0, 0, 0, 0, 30978244, 27171.249238, 27165.250729, 0.000000
1656, 3, 4.000555, 210023549, 1.000112, 27076, 27076, 27076, 0, 6769, 0, 0, 2, 0, 0, 0, 31190069, 27072.964089, 27072.964089, 0.000000
1656, 4, 5.000568, 210002757, 1.000013, 27151, 27151, 27157, 0, 6790, 0, 0, 0, 0, 0, 0, 31257244, 27150.643551, 27156.643472, 0.000000
1656, 5, 6.000590, 210004577, 1.000022, 27147, 27147, 27147, 0, 6786, 0, 0, 3, 0, 0, 0, 31588741, 27146.408338, 27146.408338, 0.000000
1656, 6, 7.000595, 210001123, 1.000005, 27161, 27161, 27156, 0, 6789, 0, 0, 0, 0, 0, 0, 31472090, 27160.854754, 27155.854781, 0.000000
1656, 7, 8.000668, 210015287, 1.000073, 27114, 27114, 27120, 0, 6780, 0, 0, 0, 0, 0, 0, 31417569, 27112.026374, 27118.025937, 0.000000
