ThreadID, cIDX, Time, cycles, deltaT, RX, OnRX, TX, SupTX, OnTX, Idle, OnIdle, Blocked, CacheMiss, CacheHit, CacheWB, CPUIdle, RX/s, TX/s, Sup/s
2951, 0, 0, 0, 0, 0, 0, 0, 0, 0, 0, 0, 0, 0, 0, 0, 0, 0, 0, 0
2951, 0, 1.000189, 210039609, 1.000189, 31587, 31587, 31596, 0, 7899, 0, 0, 0, 659115, 182109467, 273246, 31626651, 31581.043364, 31590.041667, 0.000000
2951, 1, 2.000286, 210020493, 1.000098, 31718, 31718, 31701, 0, 7926, 0, 0, 1, 566793, 182213572, 225326, 31588665, 31714.905078, 31697.906737, 0.000000
2951, 2, 3.000307, 210004274, 1.000020, 31637, 31637, 31636, 0, 7909, 0, 0, 13, 547178, 182158242, 217196, 31738774, 31636.356125, 31635.356145, 0.000000
2951, 3, 4.000316, 210001899, 1.000009, 31722, 31722, 31735, 0, 7933, 0, 0, 5, 542080, 182101185, 214778, 31825441, 31721.713145, 31734.713028, 0.000000
2951, 4, 5.000329, 210002796, 1.000013, 31624, 31624, 31623, 0, 7906, 0, 0, 5, 531630, 181914604, 208300, 32142105, 31623.578955, 31622.578968, 0.000000
2951, 5, 6.000331, 210000459, 1.000002, 31603, 31603, 31595, 0, 7899, 0, 0, 7, 526620, 181696049, 207019, 32560215, 31602.930925, 31594.930943, 0.000000
2951, 6, 7.000648, 210066484, 1.000317, 31663, 31663, 31654, 0, 7913, 0, 0, 2, 521021, 181847867, 202826, 32317484, 31652.978968, 31643.981817, 0.000000
2951, 7, 8.000896, 210052182, 1.000248, 31650, 31650, 31648, 0, 7912, 0, 0, 0, 517825, 181927355, 202534, 32247203, 31642.137381, 31640.137878, 0.000000
