ThreadID, cIDX, Time, cycles, deltaT, RX, OnRX, TX, SupTX, OnTX, Idle, OnIdle, Blocked, CacheMiss, CacheHit, CacheWB, CPUIdle, RX/s, TX/s, Sup/s
9610, 0, 0, 0, 0, 0, 0, 0, 0, 0, 0, 0, 0, 0, 0, 0, 0, 0, 0, 0
9610, 0, 1.000045, 210009515, 1.000045, 27164, 27164, 27156, 0, 6789, 0, 0, 1, 659428, 182061268, 274283, 31690710, 27162.769268, 27154.769630, 0.000000
9610, 1, 2.000670, 210131213, 1.000625, 27177, 27177, 27180, 0, 6795, 0, 0, 5, 583009, 182188962, 237631, 31744412, 27160.029767, 27163.027893, 0.000000
9610, 2, 3.000688, 210003735, 1.000018, 27140, 27140, 27147, 0, 6787, 0, 0, 6, 561245, 182095482, 227678, 31811822, 27139.517304, 27146.517180, 0.000000
9610, 3, 4.000689, 210000325, 1.000002, 27150, 27150, 27151, 0, 6788, 0, 0, 9, 548231, 182038582, 222116, 31907567, 27149.957982, 27150.957981, 0.000000
9610, 4, 5.000699, 210002040, 1.000010, 27084, 27084, 27082, 0, 6770, 0, 0, 6, 534766, 181920209, 214547, 32140875, 27083.736901, 27081.736920, 0.000000
9610, 5, 6.000769, 210014694, 1.000070, 27118, 27118, 27116, 0, 6779, 0, 0, 10, 524345, 181737675, 209441, 32516292, 27116.102648, 27114.102787, 0.000000
9610, 6, 7.000774, 210001017, 1.000005, 27098, 27098, 27096, 0, 6774, 0, 0, 0, 522677, 181855992, 208156, 32353017, 27097.868769, 27095.868779, 0.000000
9610, 7, 8.000787, 210002785, 1.000013, 27096, 27096, 27108, 0, 6777, 0, 0, 0, 520836, 181885276, 207056, 32331704, 27095.640660, 27107.640501, 0.000000
