ThreadID, cIDX, Time, cycles, deltaT, RX, OnRX, TX, SupTX, OnTX, Idle, OnIdle, Blocked, CacheMiss, CacheHit, CacheWB, CPUIdle, RX/s, TX/s, Sup/s
2459, 0, 0, 0, 0, 0, 0, 0, 0, 0, 0, 0, 0, 0, 0, 0, 0, 0, 0, 0
2459, 0, 1.000004, 210000760, 1.000004, 27249, 27249, 27248, 0, 6812, 0, 0, 3, 0, 0, 0, 29648437, 27248.901385, 27247.901389, 0.000000
2459, 1, 2.000007, 210000795, 1.000004, 27130, 27130, 27136, 0, 6784, 0, 0, 3, 0, 0, 0, 29601404, 27129.897294, 27135.897271, 0.000000
2459, 2, 3.000016, 210001860, 1.000009, 27127, 27127, 27124, 0, 6781, 0, 0, 2, 0, 0, 0, 29785150, 27126.759734, 27123.759761, 0.000000
2459, 3, 4.000510, 210103691, 1.000494, 27145, 27145, 27144, 0, 6786, 0, 0, 4, 0, 0, 0, 30014333, 27131.603319, 27130.603812, 0.000000
2459, 4, 5.000559, 210010376, 1.000049, 27154, 27154, 27148, 0, 6787, 0, 0, 1, 0, 0, 0, 30142535, 27152.658400, 27146.658697, 0.000000
2459, 5, 6.000561, 210000223, 1.000001, 27112, 27112, 27120, 0, 6780, 0, 0, 5, 0, 0, 0, 30508514, 27111.971210, 27119.971201, 0.000000
2459, 6, 7.000574, 210002810, 1.000013, 27153, 27153, 27148, 0, 6787, 0, 0, 2, 0, 0, 0, 30519424, 27152.636672, 27147.636739, 0.000000
2459, 7, 8.000602, 210005936, 1.000028, 27163, 27163, 27164, 0, 6791, 0, 0, 0, 0, 0, 0, 30323456, 27162.232214, 27163.232186, 0.000000
