ThreadID, cIDX, Time, cycles, deltaT, RX, OnRX, TX, SupTX, OnTX, Idle, OnIdle, Blocked, CacheMiss, CacheHit, CacheWB, CPUIdle, RX/s, TX/s, Sup/s
10663, 0, 0, 0, 0, 0, 0, 0, 0, 0, 0, 0, 0, 0, 0, 0, 0, 0, 0, 0
10663, 0, 1.000062, 210013111, 1.000062, 30478, 30478, 30471, 0, 7901, 0, 0, 0, 0, 0, 0, 28248992, 30476.097276, 30469.097713, 0.000000
10663, 1, 2.000078, 210003330, 1.000016, 30501, 30501, 30495, 0, 7906, 0, 0, 6, 0, 0, 0, 28287655, 30500.516349, 30494.516444, 0.000000
10663, 2, 3.000083, 210000942, 1.000004, 30533, 30533, 30555, 0, 7921, 0, 0, 5, 0, 0, 0, 28471752, 30532.863038, 30554.862940, 0.000000
10663, 3, 4.000085, 210000486, 1.000002, 30612, 30612, 30609, 0, 7936, 0, 0, 6, 0, 0, 0, 28626500, 30611.929155, 30608.929162, 0.000000
10663, 4, 5.000193, 210022684, 1.000108, 30585, 30585, 30569, 0, 7926, 0, 0, 4, 0, 0, 0, 28788709, 30581.696594, 30565.698322, 0.000000
10663, 5, 6.000213, 210004116, 1.000020, 30454, 30454, 30467, 0, 7899, 0, 0, 5, 0, 0, 0, 29416043, 30453.403113, 30466.402859, 0.000000
10663, 6, 7.000245, 210006783, 1.000032, 30452, 30452, 30455, 0, 7896, 0, 0, 3, 0, 0, 0, 29153137, 30451.016432, 30454.016335, 0.000000
10663, 7, 8.000247, 210000474, 1.000002, 30590, 30590, 30587, 0, 7929, 0, 0, 0, 0, 0, 0, 28821365, 30589.930954, 30586.930961, 0.000000
