ThreadID, cIDX, Time, cycles, deltaT, RX, OnRX, TX, SupTX, OnTX, Idle, OnIdle, Blocked, CacheMiss, CacheHit, CacheWB, CPUIdle, RX/s, TX/s, Sup/s
10322, 0, 0, 0, 0, 0, 0, 0, 0, 0, 0, 0, 0, 0, 0, 0, 0, 0, 0, 0
10322, 0, 1.000048, 210010108, 1.000048, 31599, 31599, 31590, 0, 7898, 0, 0, 1, 0, 0, 0, 29063582, 31597.479108, 31588.479541, 0.000000
10322, 1, 2.000120, 210015195, 1.000072, 31634, 31634, 31634, 0, 7908, 0, 0, 4, 0, 0, 0, 29121820, 31631.711220, 31631.711220, 0.000000
10322, 2, 3.000178, 210012018, 1.000057, 31656, 31656, 31664, 0, 7916, 0, 0, 3, 0, 0, 0, 29256305, 31654.188476, 31662.188018, 0.000000
10322, 3, 4.000819, 210134647, 1.000641, 31677, 31677, 31673, 0, 7919, 0, 0, 9, 0, 0, 0, 29476450, 31656.702476, 31652.705039, 0.000000
10322, 4, 5.000825, 210001310, 1.000006, 31701, 31701, 31701, 0, 7925, 0, 0, 3, 0, 0, 0, 29433637, 31700.802247, 31700.802247, 0.000000
10322, 5, 6.000834, 210001957, 1.000009, 31591, 31591, 31602, 0, 7900, 0, 0, 0, 0, 0, 0, 29904997, 31590.705605, 31601.705502, 0.000000
10322, 6, 7.000858, 210004856, 1.000023, 31548, 31548, 31552, 0, 7888, 0, 0, 0, 0, 0, 0, 29910636, 31547.270507, 31551.270414, 0.000000
10322, 7, 8.000864, 210001349, 1.000006, 31764, 31764, 31743, 0, 7936, 0, 0, 0, 0, 0, 0, 29693491, 31763.795955, 31742.796090, 0.000000
