ThreadID, cIDX, Time, cycles, deltaT, RX, OnRX, TX, SupTX, OnTX, Idle, OnIdle, Blocked, CacheMiss, CacheHit, CacheWB, CPUIdle, RX/s, TX/s, Sup/s
9475, 0, 0, 0, 0, 0, 0, 0, 0, 0, 0, 0, 0, 0, 0, 0, 0, 0, 0, 0
9475, 0, 1.000087, 210018230, 1.000087, 30438, 30438, 30423, 0, 7888, 0, 0, 0, 660596, 182030977, 272795, 31802507, 30435.357921, 30420.359223, 0.000000
9475, 1, 2.000556, 210098519, 1.000469, 30563, 30563, 30571, 0, 7927, 0, 0, 10, 563937, 182171700, 226065, 31770779, 30548.668456, 30556.664705, 0.000000
9475, 2, 3.000616, 210012524, 1.000060, 30559, 30559, 30553, 0, 7922, 0, 0, 15, 535917, 182051158, 215185, 31864545, 30557.177628, 30551.177986, 0.000000
9475, 3, 4.000626, 210002227, 1.000011, 30572, 30572, 30579, 0, 7927, 0, 0, 13, 523303, 182086848, 209147, 31831937, 30571.675795, 30578.675720, 0.000000
9475, 4, 5.000628, 210000433, 1.000002, 30567, 30567, 30570, 0, 7927, 0, 0, 8, 510185, 181928853, 203430, 32113145, 30566.936974, 30569.936968, 0.000000
9475, 5, 6.000912, 210059565, 1.000284, 30481, 30481, 30471, 0, 7899, 0, 0, 0, 500518, 181777715, 197622, 32489087, 30472.356734, 30462.359569, 0.000000
9475, 6, 7.000920, 210001785, 1.000009, 30566, 30566, 30566, 0, 7923, 0, 0, 0, 497585, 181869343, 195698, 32258901, 30565.740191, 30565.740191, 0.000000
9475, 7, 8.001071, 210031609, 1.000151, 30601, 30601, 30604, 0, 7933, 0, 0, 0, 499566, 181902383, 196635, 32216843, 30596.394660, 30599.394208, 0.000000
