ThreadID, cIDX, Time, cycles, deltaT, RX, OnRX, TX, SupTX, OnTX, Idle, OnIdle, Blocked, CacheMiss, CacheHit, CacheWB, CPUIdle, RX/s, TX/s, Sup/s
8397, 0, 0, 0, 0, 0, 0, 0, 0, 0, 0, 0, 0, 0, 0, 0, 0, 0, 0, 0
8397, 0, 1.000141, 210029557, 1.000141, 27291, 27291, 27292, 0, 6823, 0, 0, 1, 645099, 182428996, 256932, 28512609, 27287.159397, 27288.159257, 0.000000
8397, 1, 2.000326, 210038803, 1.000185, 27108, 27108, 27108, 0, 6777, 0, 0, 4, 563092, 182548169, 218381, 28362585, 27102.992012, 27102.992012, 0.000000
8397, 2, 3.000376, 210010532, 1.000050, 27095, 27095, 27096, 0, 6774, 0, 0, 2, 539563, 182454466, 207312, 28449814, 27093.641189, 27094.641139, 0.000000
8397, 3, 4.000384, 210001746, 1.000008, 27189, 27189, 27183, 0, 6796, 0, 0, 5, 532339, 182508039, 202776, 28358632, 27188.773945, 27182.773995, 0.000000
8397, 4, 5.000396, 210002595, 1.000012, 27147, 27147, 27150, 0, 6788, 0, 0, 0, 524600, 182352584, 199615, 28646376, 27146.664545, 27149.664508, 0.000000
8397, 5, 6.000411, 210003099, 1.000015, 27069, 27069, 27071, 0, 6767, 0, 0, 0, 517560, 182163910, 196018, 29073822, 27068.600545, 27070.600515, 0.000000
8397, 6, 7.000419, 210001646, 1.000008, 27133, 27133, 27133, 0, 6784, 0, 0, 1, 503908, 182155153, 188000, 29025169, 27132.787331, 27132.787331, 0.000000
8397, 7, 8.000439, 210004291, 1.000020, 27168, 27168, 27169, 0, 6792, 0, 0, 2, 499514, 182353426, 186343, 28478159, 27167.444879, 27168.444858, 0.000000
