ThreadID, cIDX, Time, cycles, deltaT, RX, OnRX, TX, SupTX, OnTX, Idle, OnIdle, Blocked, CacheMiss, CacheHit, CacheWB, CPUIdle, RX/s, TX/s, Sup/s
10511, 0, 0, 0, 0, 0, 0, 0, 0, 0, 0, 0, 0, 0, 0, 0, 0, 0, 0, 0
10511, 0, 1.000013, 210002691, 1.000013, 27172, 27172, 27172, 0, 6793, 0, 0, 1, 651093, 182102648, 268812, 31602524, 27171.651815, 27171.651815, 0.000000
10511, 1, 2.000019, 210001300, 1.000006, 27187, 27187, 27184, 0, 6796, 0, 0, 2, 565214, 182065288, 229084, 31711541, 27186.831701, 27183.831719, 0.000000
10511, 2, 3.000039, 210004160, 1.000020, 27155, 27155, 27152, 0, 6788, 0, 0, 5, 549979, 182112224, 223213, 31683603, 27154.462083, 27151.462142, 0.000000
10511, 3, 4.000085, 210009731, 1.000046, 27052, 27052, 27064, 0, 6766, 0, 0, 6, 535626, 181966131, 214985, 31951341, 27050.746520, 27062.745964, 0.000000
10511, 4, 5.000095, 210001997, 1.000010, 27117, 27117, 27116, 0, 6779, 0, 0, 5, 523406, 181852592, 208817, 32209065, 27116.742133, 27115.742142, 0.000000
10511, 5, 6.000101, 210001350, 1.000006, 27162, 27162, 27158, 0, 6790, 0, 0, 2, 519027, 181589456, 207184, 32698188, 27161.825388, 27157.825414, 0.000000
10511, 6, 7.000107, 210001222, 1.000006, 26953, 26953, 26957, 0, 6739, 0, 0, 0, 516005, 181656692, 205788, 32620347, 26952.843160, 26956.843137, 0.000000
10511, 7, 8.000109, 210000340, 1.000002, 27123, 27123, 27113, 0, 6778, 0, 0, 0, 514826, 181830708, 205454, 32364464, 27122.956087, 27112.956103, 0.000000
