ThreadID, cIDX, Time, cycles, deltaT, RX, OnRX, TX, SupTX, OnTX, Idle, OnIdle, Blocked, CacheMiss, CacheHit, CacheWB, CPUIdle, RX/s, TX/s, Sup/s
9344, 0, 0, 0, 0, 0, 0, 0, 0, 0, 0, 0, 0, 0, 0, 0, 0, 0, 0, 0
9344, 0, 1.000039, 210008294, 1.000039, 31703, 31703, 31700, 0, 7925, 0, 0, 1, 663953, 182010474, 275140, 31890297, 31701.747932, 31698.748050, 0.000000
9344, 1, 2.000605, 210118783, 1.000566, 31690, 31690, 31680, 0, 7920, 0, 0, 15, 573313, 182129301, 232301, 31807704, 31672.085213, 31662.090866, 0.000000
9344, 2, 3.000671, 210013797, 1.000066, 31648, 31648, 31651, 0, 7913, 0, 0, 8, 532815, 182077208, 214199, 31887716, 31645.920863, 31648.920666, 0.000000
9344, 3, 4.000672, 210000305, 1.000001, 31728, 31728, 31729, 0, 7932, 0, 0, 8, 515739, 182105278, 204171, 31807870, 31727.953919, 31728.953917, 0.000000
9344, 4, 5.000675, 210000543, 1.000003, 31621, 31621, 31630, 0, 7908, 0, 0, 10, 513992, 181990144, 205102, 31998489, 31620.918237, 31629.918214, 0.000000
9344, 5, 6.000783, 210022685, 1.000108, 31603, 31603, 31599, 0, 7900, 0, 0, 2, 510628, 181767616, 202150, 32461795, 31599.586492, 31595.586924, 0.000000
9344, 6, 7.000843, 210012674, 1.000060, 31721, 31721, 31717, 0, 7929, 0, 0, 0, 510555, 181865800, 201854, 32310638, 31719.085678, 31715.085919, 0.000000
9344, 7, 8.000876, 210006914, 1.000033, 31652, 31652, 31674, 0, 7918, 0, 0, 0, 507484, 181895038, 200242, 32336806, 31650.957930, 31672.957206, 0.000000
