ThreadID, cIDX, Time, cycles, deltaT, RX, OnRX, TX, SupTX, OnTX, Idle, OnIdle, Blocked, CacheMiss, CacheHit, CacheWB, CPUIdle, RX/s, TX/s, Sup/s
10000, 0, 0, 0, 0, 0, 0, 0, 0, 0, 0, 0, 0, 0, 0, 0, 0, 0, 0, 0
10000, 0, 1.000107, 210022453, 1.000107, 31674, 31674, 31668, 0, 7917, 0, 0, 0, 0, 0, 0, 29719170, 31670.613808, 31664.614450, 0.000000
10000, 1, 2.000192, 210017815, 1.000085, 31677, 31677, 31669, 0, 7918, 0, 0, 6, 0, 0, 0, 29693212, 31674.312962, 31666.313641, 0.000000
10000, 2, 3.000277, 210017894, 1.000085, 31689, 31689, 31700, 0, 7925, 0, 0, 10, 0, 0, 0, 29916845, 31686.300025, 31697.299088, 0.000000
10000, 3, 4.000292, 210003230, 1.000015, 31633, 31633, 31628, 0, 7907, 0, 0, 8, 0, 0, 0, 29938546, 31632.513462, 31627.513539, 0.000000
10000, 4, 5.000312, 210004165, 1.000020, 31676, 31676, 31676, 0, 7919, 0, 0, 12, 0, 0, 0, 30239185, 31675.371772, 31675.371772, 0.000000
10000, 5, 6.000376, 210013466, 1.000064, 31564, 31564, 31561, 0, 7890, 0, 0, 5, 0, 0, 0, 30566113, 31561.976126, 31558.976318, 0.000000
10000, 6, 7.000380, 210000675, 1.000003, 31587, 31587, 31600, 0, 7900, 0, 0, 3, 0, 0, 0, 30461265, 31586.898471, 31599.898429, 0.000000
10000, 7, 8.000386, 210001313, 1.000006, 31676, 31676, 31670, 0, 7917, 0, 0, 0, 0, 0, 0, 30288473, 31675.801951, 31669.801988, 0.000000
