ThreadID, cIDX, Time, cycles, deltaT, RX, OnRX, TX, SupTX, OnTX, Idle, OnIdle, Blocked, CacheMiss, CacheHit, CacheWB, CPUIdle, RX/s, TX/s, Sup/s
11241, 0, 0, 0, 0, 0, 0, 0, 0, 0, 0, 0, 0, 0, 0, 0, 0, 0, 0, 0
11241, 0, 1.000001, 210000259, 1.000001, 27140, 27140, 27140, 0, 6785, 0, 0, 0, 0, 0, 0, 28992651, 27139.966527, 27139.966527, 0.000000
11241, 1, 2.000058, 210011984, 1.000057, 27140, 27140, 27144, 0, 6786, 0, 0, 4, 0, 0, 0, 28880168, 27138.451299, 27142.451071, 0.000000
11241, 2, 3.000072, 210002793, 1.000013, 27105, 27105, 27100, 0, 6775, 0, 0, 0, 0, 0, 0, 29006342, 27104.639508, 27099.639575, 0.000000
11241, 3, 4.000095, 210004959, 1.000024, 27221, 27221, 27220, 0, 6805, 0, 0, 10, 0, 0, 0, 29085484, 27220.357211, 27219.357234, 0.000000
11241, 4, 5.000120, 210005236, 1.000025, 27135, 27135, 27136, 0, 6784, 0, 0, 8, 0, 0, 0, 29517601, 27134.323451, 27135.323426, 0.000000
11241, 5, 6.000176, 210011672, 1.000056, 27077, 27077, 27084, 0, 6771, 0, 0, 4, 0, 0, 0, 29830199, 27075.495118, 27082.494729, 0.000000
11241, 6, 7.000195, 210004096, 1.000020, 27043, 27043, 27035, 0, 6759, 0, 0, 0, 0, 0, 0, 29589934, 27042.472543, 27034.472699, 0.000000
11241, 7, 8.000215, 210004102, 1.000020, 27230, 27230, 27229, 0, 6807, 0, 0, 0, 0, 0, 0, 29167951, 27229.468118, 27228.468137, 0.000000
