ThreadID, cIDX, Time, cycles, deltaT, RX, OnRX, TX, SupTX, OnTX, Idle, OnIdle, Blocked, CacheMiss, CacheHit, CacheWB, CPUIdle, RX/s, TX/s, Sup/s
9671, 0, 0, 0, 0, 0, 0, 0, 0, 0, 0, 0, 0, 0, 0, 0, 0, 0, 0, 0
9671, 0, 1.000055, 210011569, 1.000055, 30563, 30563, 30551, 0, 7920, 0, 0, 0, 648982, 182052211, 267842, 29171205, 30561.316363, 30549.317024, 0.000000
9671, 1, 2.000257, 210042309, 1.000201, 30553, 30553, 30577, 0, 7928, 0, 0, 9, 564313, 182132344, 227387, 29105267, 30546.845683, 30570.840849, 0.000000
9671, 2, 3.000315, 210012267, 1.000058, 30574, 30574, 30565, 0, 7924, 0, 0, 0, 548721, 182089378, 220322, 29132777, 30572.214146, 30563.214672, 0.000000
9671, 3, 4.000468, 210032235, 1.000153, 30458, 30458, 30459, 0, 7898, 0, 0, 6, 540316, 182030830, 216808, 29316803, 30453.325415, 30454.325261, 0.000000
9671, 4, 5.000518, 210010350, 1.000049, 30523, 30523, 30521, 0, 7913, 0, 0, 5, 530840, 181925028, 211561, 29505722, 30521.495726, 30519.495825, 0.000000
9671, 5, 6.000527, 210001860, 1.000009, 30578, 30578, 30574, 0, 7926, 0, 0, 5, 524342, 181724217, 208384, 29874745, 30577.729169, 30573.729204, 0.000000
9671, 6, 7.000532, 210001101, 1.000005, 30535, 30535, 30546, 0, 7919, 0, 0, 5, 520915, 181870449, 204241, 29717620, 30534.839910, 30545.839853, 0.000000
9671, 7, 8.000539, 210001504, 1.000007, 30512, 30512, 30496, 0, 7907, 0, 0, 0, 519654, 181935497, 205152, 29631482, 30511.781478, 30495.781592, 0.000000
