ThreadID, cIDX, Time, cycles, deltaT, RX, OnRX, TX, SupTX, OnTX, Idle, OnIdle, Blocked, CacheMiss, CacheHit, CacheWB, CPUIdle, RX/s, TX/s, Sup/s
11228, 0, 0, 0, 0, 0, 0, 0, 0, 0, 0, 0, 0, 0, 0, 0, 0, 0, 0, 0
11228, 0, 1.000032, 210006688, 1.000032, 27247, 27247, 27248, 0, 6812, 0, 0, 0, 0, 0, 0, 29105739, 27246.132276, 27247.132244, 0.000000
11228, 1, 2.000452, 210088173, 1.000420, 27108, 27108, 27112, 0, 6778, 0, 0, 5, 0, 0, 0, 29169583, 27096.622902, 27100.621223, 0.000000
11228, 2, 3.000522, 210014708, 1.000070, 27119, 27119, 27121, 0, 6781, 0, 0, 1, 0, 0, 0, 29221010, 27117.100770, 27119.100630, 0.000000
11228, 3, 4.000532, 210002179, 1.000010, 27191, 27191, 27186, 0, 6796, 0, 0, 8, 0, 0, 0, 29295035, 27190.717864, 27185.717916, 0.000000
11228, 4, 5.000561, 210005999, 1.000029, 27143, 27143, 27141, 0, 6785, 0, 0, 7, 0, 0, 0, 29607137, 27142.224637, 27140.224694, 0.000000
11228, 5, 6.000592, 210006656, 1.000032, 27080, 27080, 27079, 0, 6770, 0, 0, 0, 0, 0, 0, 29955971, 27079.141720, 27078.141752, 0.000000
11228, 6, 7.000594, 210000391, 1.000002, 27123, 27123, 27127, 0, 6782, 0, 0, 0, 0, 0, 0, 29794168, 27122.949500, 27126.949492, 0.000000
11228, 7, 8.000600, 210001102, 1.000005, 27197, 27197, 27193, 0, 6798, 0, 0, 0, 0, 0, 0, 29236856, 27196.857281, 27192.857302, 0.000000
