ThreadID, cIDX, Time, cycles, deltaT, RX, OnRX, TX, SupTX, OnTX, Idle, OnIdle, Blocked, CacheMiss, CacheHit, CacheWB, CPUIdle, RX/s, TX/s, Sup/s
9229, 0, 0, 0, 0, 0, 0, 0, 0, 0, 0, 0, 0, 0, 0, 0, 0, 0, 0, 0
9229, 0, 1.000037, 210007787, 1.000037, 27257, 27257, 27268, 0, 6817, 0, 0, 1, 632080, 182064378, 263220, 31729348, 27255.989322, 27266.988914, 0.000000
9229, 1, 2.000062, 210005334, 1.000025, 27109, 27109, 27104, 0, 6776, 0, 0, 3, 556701, 182177267, 223314, 31610075, 27108.311449, 27103.311576, 0.000000
9229, 2, 3.000096, 210006951, 1.000033, 27112, 27112, 27100, 0, 6775, 0, 0, 6, 544578, 182080526, 217846, 31837070, 27111.102623, 27099.103020, 0.000000
9229, 3, 4.000114, 210003875, 1.000018, 27155, 27155, 27167, 0, 6792, 0, 0, 10, 530662, 182137457, 210388, 31690031, 27154.498935, 27166.498713, 0.000000
9229, 4, 5.000153, 210008287, 1.000039, 27141, 27141, 27137, 0, 6784, 0, 0, 14, 521116, 181897587, 206719, 32207014, 27139.929007, 27135.929165, 0.000000
9229, 5, 6.000168, 210003072, 1.000015, 27059, 27059, 27060, 0, 6765, 0, 0, 2, 521559, 181900279, 206522, 32119265, 27058.604171, 27059.604157, 0.000000
9229, 6, 7.000209, 210008495, 1.000040, 27089, 27089, 27089, 0, 6773, 0, 0, 2, 517003, 181815763, 202889, 32363754, 27087.904230, 27087.904230, 0.000000
9229, 7, 8.000266, 210011993, 1.000057, 27142, 27142, 27135, 0, 6783, 0, 0, 0, 520351, 181976381, 204577, 32073788, 27140.450022, 27133.450422, 0.000000
