ThreadID, cIDX, Time, cycles, deltaT, RX, OnRX, TX, SupTX, OnTX, Idle, OnIdle, Blocked, CacheMiss, CacheHit, CacheWB, CPUIdle, RX/s, TX/s, Sup/s
11150, 0, 0, 0, 0, 0, 0, 0, 0, 0, 0, 0, 0, 0, 0, 0, 0, 0, 0, 0
11150, 0, 1.000003, 210000648, 1.000003, 27163, 27163, 27156, 0, 6789, 0, 0, 0, 656394, 182072659, 273479, 31780696, 27162.916183, 27155.916205, 0.000000
11150, 1, 2.000020, 210003599, 1.000017, 27181, 27181, 27192, 0, 6798, 0, 0, 9, 548305, 182146748, 220928, 31664972, 27180.534177, 27191.533989, 0.000000
11150, 2, 3.000044, 210004940, 1.000024, 27168, 27168, 27168, 0, 6792, 0, 0, 5, 527039, 182089131, 209234, 31833552, 27167.360920, 27167.360920, 0.000000
11150, 3, 4.000056, 210002491, 1.000012, 27131, 27131, 27128, 0, 6782, 0, 0, 7, 517677, 182061668, 205385, 31834446, 27130.678178, 27127.678214, 0.000000
11150, 4, 5.000079, 210004980, 1.000024, 27139, 27139, 27137, 0, 6785, 0, 0, 6, 509794, 181918110, 200848, 32140537, 27138.356433, 27136.356481, 0.000000
11150, 5, 6.000094, 210003060, 1.000015, 27120, 27120, 27127, 0, 6781, 0, 0, 3, 505260, 181709445, 198350, 32566170, 27119.604829, 27126.604727, 0.000000
11150, 6, 7.000095, 210000296, 1.000001, 27147, 27147, 27140, 0, 6785, 0, 0, 0, 507532, 181752798, 201036, 32455734, 27146.961736, 27139.961746, 0.000000
11150, 7, 8.000114, 210003868, 1.000018, 27105, 27105, 27108, 0, 6777, 0, 0, 0, 510106, 181976226, 201564, 32048338, 27104.500761, 27107.500706, 0.000000
