ThreadID, cIDX, Time, cycles, deltaT, RX, OnRX, TX, SupTX, OnTX, Idle, OnIdle, Blocked, CacheMiss, CacheHit, CacheWB, CPUIdle, RX/s, TX/s, Sup/s
2996, 0, 0, 0, 0, 0, 0, 0, 0, 0, 0, 0, 0, 0, 0, 0, 0, 0, 0, 0
2996, 0, 1.000104, 210021945, 1.000104, 31522, 31522, 31525, 0, 7882, 0, 0, 1, 0, 0, 0, 28318668, 31518.706295, 31521.705982, 0.000000
2996, 1, 2.000482, 210079248, 1.000377, 31673, 31673, 31679, 0, 7919, 0, 0, 13, 0, 0, 0, 28135580, 31661.052024, 31667.049760, 0.000000
2996, 2, 3.000496, 210002884, 1.000014, 31711, 31711, 31705, 0, 7927, 0, 0, 5, 0, 0, 0, 28191788, 31710.564508, 31704.564591, 0.000000
2996, 3, 4.000507, 210002459, 1.000012, 31699, 31699, 31695, 0, 7923, 0, 0, 11, 0, 0, 0, 28333225, 31698.628824, 31694.628871, 0.000000
2996, 4, 5.000528, 210004317, 1.000021, 31615, 31615, 31628, 0, 7907, 0, 0, 9, 0, 0, 0, 28673141, 31614.350099, 31627.349832, 0.000000
2996, 5, 6.000539, 210002340, 1.000011, 31601, 31601, 31589, 0, 7898, 0, 0, 0, 0, 0, 0, 29066477, 31600.647878, 31588.648012, 0.000000
2996, 6, 7.000582, 210009006, 1.000043, 31655, 31655, 31671, 0, 7917, 0, 0, 1, 0, 0, 0, 28994838, 31653.642511, 31669.641825, 0.000000
2996, 7, 8.000668, 210017995, 1.000086, 31572, 31572, 31568, 0, 7892, 0, 0, 0, 0, 0, 0, 28691928, 31569.294812, 31565.295155, 0.000000
