ThreadID, cIDX, Time, cycles, deltaT, RX, OnRX, TX, SupTX, OnTX, Idle, OnIdle, Blocked, CacheMiss, CacheHit, CacheWB, CPUIdle, RX/s, TX/s, Sup/s
779, 0, 0, 0, 0, 0, 0, 0, 0, 0, 0, 0, 0, 0, 0, 0, 0, 0, 0, 0
779, 0, 1.000022, 210004662, 1.000022, 27225, 27225, 27225, 0, 6807, 0, 0, 0, 687130, 183280158, 287734, 30008614, 27224.395618, 27224.395618, 0.000000
779, 1, 2.000072, 210010563, 1.000050, 27175, 27175, 27176, 0, 6794, 0, 0, 0, 610938, 183323091, 249771, 30087317, 27173.633166, 27174.633116, 0.000000
779, 2, 3.000125, 210010949, 1.000052, 27081, 27081, 27079, 0, 6769, 0, 0, 0, 586931, 183228701, 239502, 30282028, 27079.588122, 27077.588226, 0.000000
779, 3, 4.000130, 210001086, 1.000005, 27191, 27191, 27195, 0, 6799, 0, 0, 0, 577930, 183283402, 233269, 30157531, 27190.859384, 27194.859364, 0.000000
779, 4, 5.000165, 210007357, 1.000035, 27074, 27074, 27069, 0, 6767, 0, 0, 0, 567971, 183073391, 229909, 30528540, 27073.051541, 27068.051716, 0.000000
779, 5, 6.000175, 210002223, 1.000011, 27049, 27049, 27052, 0, 6763, 0, 0, 0, 561757, 182927913, 226456, 30790928, 27048.713670, 27051.713638, 0.000000
779, 6, 7.000186, 210002296, 1.000011, 27148, 27148, 27148, 0, 6787, 0, 0, 0, 557793, 183021564, 223411, 30662750, 27147.703185, 27147.703185, 0.000000
779, 7, 8.000198, 210002368, 1.000011, 27085, 27085, 27076, 0, 6769, 0, 0, 0, 556491, 183131210, 222674, 30512206, 27084.694588, 27075.694689, 0.000000
