ThreadID, cIDX, Time, cycles, deltaT, RX, OnRX, TX, SupTX, OnTX, Idle, OnIdle, Blocked, CacheMiss, CacheHit, CacheWB, CPUIdle, RX/s, TX/s, Sup/s
9554, 0, 0, 0, 0, 0, 0, 0, 0, 0, 0, 0, 0, 0, 0, 0, 0, 0, 0, 0
9554, 0, 1.000014, 210002937, 1.000014, 31593, 31593, 31604, 0, 7901, 0, 0, 1, 0, 0, 0, 29178460, 31592.558156, 31603.558002, 0.000000
9554, 1, 2.000042, 210005982, 1.000028, 31651, 31651, 31644, 0, 7911, 0, 0, 7, 0, 0, 0, 28897037, 31650.098424, 31643.098624, 0.000000
9554, 2, 3.000153, 210023266, 1.000111, 31656, 31656, 31644, 0, 7911, 0, 0, 9, 0, 0, 0, 29218893, 31652.493205, 31640.494535, 0.000000
9554, 3, 4.000201, 210009924, 1.000047, 31728, 31728, 31748, 0, 7937, 0, 0, 11, 0, 0, 0, 29220863, 31726.500696, 31746.499751, 0.000000
9554, 4, 5.000410, 210043930, 1.000209, 31642, 31642, 31621, 0, 7906, 0, 0, 10, 0, 0, 0, 29504027, 31635.382179, 31614.386571, 0.000000
9554, 5, 6.000436, 210005566, 1.000027, 31629, 31629, 31649, 0, 7912, 0, 0, 12, 0, 0, 0, 30006518, 31628.161703, 31648.161173, 0.000000
9554, 6, 7.000490, 210011362, 1.000054, 31631, 31631, 31634, 0, 7908, 0, 0, 3, 0, 0, 0, 29744145, 31629.288705, 31632.288543, 0.000000
9554, 7, 8.000932, 210092756, 1.000442, 31749, 31749, 31724, 0, 7931, 0, 0, 0, 0, 0, 0, 29799296, 31734.982809, 31709.993847, 0.000000
