ThreadID, cIDX, Time, cycles, deltaT, RX, OnRX, TX, SupTX, OnTX, Idle, OnIdle, Blocked, CacheMiss, CacheHit, CacheWB, CPUIdle, RX/s, TX/s, Sup/s
51, 0, 0, 0, 0, 0, 0, 0, 0, 0, 0, 0, 0, 0, 0, 0, 0, 0, 0, 0
51, 0, 1.000048, 210010088, 1.000048, 31615, 31615, 31620, 0, 7905, 0, 0, 0, 0, 0, 0, 25752702, 31613.481349, 31618.481108, 0.000000
51, 1, 2.000138, 210018853, 1.000090, 31711, 31711, 31701, 0, 7926, 0, 0, 3, 0, 0, 0, 25720010, 31708.153363, 31698.154260, 0.000000
51, 2, 3.000139, 210000315, 1.000001, 31686, 31686, 31690, 0, 7922, 0, 0, 5, 0, 0, 0, 25946551, 31685.952471, 31689.952465, 0.000000
51, 3, 4.000142, 210000484, 1.000002, 31577, 31577, 31586, 0, 7897, 0, 0, 0, 0, 0, 0, 25943560, 31576.927223, 31585.927202, 0.000000
51, 4, 5.000165, 210004918, 1.000023, 31594, 31594, 31571, 0, 7892, 0, 0, 0, 0, 0, 0, 26266622, 31593.260116, 31570.260655, 0.000000
51, 5, 6.000378, 210044816, 1.000213, 31703, 31703, 31708, 0, 7927, 0, 0, 0, 0, 0, 0, 26485426, 31696.235721, 31701.234655, 0.000000
51, 6, 7.000925, 210114782, 1.000547, 31566, 31566, 31560, 0, 7890, 0, 0, 0, 0, 0, 0, 26276224, 31548.756051, 31542.759329, 0.000000
51, 7, 8.000928, 210000727, 1.000003, 31580, 31580, 31581, 0, 7896, 0, 0, 1, 0, 0, 0, 25834559, 31579.890673, 31580.890670, 0.000000
