ThreadID, cIDX, Time, cycles, deltaT, RX, OnRX, TX, SupTX, OnTX, Idle, OnIdle, Blocked, CacheMiss, CacheHit, CacheWB, CPUIdle, RX/s, TX/s, Sup/s
10521, 0, 0, 0, 0, 0, 0, 0, 0, 0, 0, 0, 0, 0, 0, 0, 0, 0, 0, 0
10521, 0, 1.000049, 210010254, 1.000049, 27212, 27212, 27216, 0, 6804, 0, 0, 0, 0, 0, 0, 29736732, 27210.671342, 27214.671146, 0.000000
10521, 1, 2.000813, 210160371, 1.000764, 27098, 27098, 27093, 0, 6774, 0, 0, 2, 0, 0, 0, 30032831, 27077.321823, 27072.325638, 0.000000
10521, 2, 3.000831, 210003905, 1.000019, 27179, 27179, 27180, 0, 6795, 0, 0, 4, 0, 0, 0, 29714398, 27178.494609, 27179.494591, 0.000000
10521, 3, 4.000835, 210000742, 1.000004, 27135, 27135, 27135, 0, 6783, 0, 0, 4, 0, 0, 0, 30062125, 27134.904123, 27134.904123, 0.000000
10521, 4, 5.000913, 210016438, 1.000078, 27178, 27178, 27172, 0, 6793, 0, 0, 2, 0, 0, 0, 30286903, 27175.872776, 27169.873246, 0.000000
10521, 5, 6.000953, 210008351, 1.000040, 27076, 27076, 27076, 0, 6769, 0, 0, 2, 0, 0, 0, 30770995, 27074.923321, 27074.923321, 0.000000
10521, 6, 7.000959, 210001244, 1.000006, 27156, 27156, 27167, 0, 6792, 0, 0, 0, 0, 0, 0, 30752883, 27155.839134, 27166.839069, 0.000000
10521, 7, 8.001102, 210030160, 1.000144, 27148, 27148, 27145, 0, 6786, 0, 0, 0, 0, 0, 0, 30432298, 27144.101590, 27141.102021, 0.000000
