ThreadID, cIDX, Time, cycles, deltaT, RX, OnRX, TX, SupTX, OnTX, Idle, OnIdle, Blocked, CacheMiss, CacheHit, CacheWB, CPUIdle, RX/s, TX/s, Sup/s
9988, 0, 0, 0, 0, 0, 0, 0, 0, 0, 0, 0, 0, 0, 0, 0, 0, 0, 0, 0
9988, 0, 1.000026, 210005384, 1.000026, 31496, 31496, 31473, 0, 7869, 0, 0, 0, 672245, 182114545, 277736, 31578515, 31495.192523, 31472.193113, 0.000000
9988, 1, 2.000225, 210041951, 1.000200, 31674, 31674, 31699, 0, 7924, 0, 0, 8, 573672, 182179502, 232001, 31617736, 31667.673854, 31692.668861, 0.000000
9988, 2, 3.000334, 210022818, 1.000109, 31642, 31642, 31625, 0, 7907, 0, 0, 8, 551999, 182080721, 224592, 31812492, 31638.562244, 31621.564091, 0.000000
9988, 3, 4.000357, 210004742, 1.000023, 31759, 31759, 31768, 0, 7942, 0, 0, 11, 535691, 182055492, 216433, 31875074, 31758.282868, 31767.282665, 0.000000
9988, 4, 5.000363, 210001373, 1.000007, 31666, 31666, 31663, 0, 7915, 0, 0, 5, 534182, 181886789, 215237, 32231675, 31665.792966, 31662.792986, 0.000000
9988, 5, 6.000378, 210003060, 1.000015, 31593, 31593, 31581, 0, 7896, 0, 0, 4, 527229, 181713175, 213459, 32455885, 31592.539652, 31580.539826, 0.000000
9988, 6, 7.000786, 210085672, 1.000408, 31647, 31647, 31651, 0, 7912, 0, 0, 3, 527673, 181868716, 212398, 32318663, 31634.094495, 31638.092863, 0.000000
9988, 7, 8.000963, 210037165, 1.000177, 31740, 31740, 31744, 0, 7936, 0, 0, 0, 526578, 181920065, 213241, 32213514, 31734.383770, 31738.383062, 0.000000
