ThreadID, cIDX, Time, cycles, deltaT, RX, OnRX, TX, SupTX, OnTX, Idle, OnIdle, Blocked, CacheMiss, CacheHit, CacheWB, CPUIdle, RX/s, TX/s, Sup/s
2563, 0, 0, 0, 0, 0, 0, 0, 0, 0, 0, 0, 0, 0, 0, 0, 0, 0, 0, 0
2563, 0, 1.000002, 210000321, 1.000002, 30464, 30464, 30451, 0, 7896, 0, 0, 2, 652781, 182129832, 270365, 31591589, 30463.953434, 30450.953454, 0.000000
2563, 1, 2.000064, 210013032, 1.000062, 30556, 30556, 30563, 0, 7923, 0, 0, 7, 566114, 182150250, 227754, 31661683, 30554.103900, 30561.103465, 0.000000
2563, 2, 3.000480, 210087548, 1.000417, 30562, 30562, 30572, 0, 7927, 0, 0, 6, 547769, 182098484, 218668, 31960099, 30549.264157, 30559.259990, 0.000000
2563, 3, 4.000593, 210023591, 1.000112, 30544, 30544, 30545, 0, 7921, 0, 0, 1, 531486, 182030748, 211371, 31889163, 30540.569131, 30541.569018, 0.000000
2563, 4, 5.000606, 210002871, 1.000014, 30509, 30509, 30514, 0, 7911, 0, 0, 10, 519460, 181933993, 203998, 32085118, 30508.582904, 30513.582836, 0.000000
2563, 5, 6.000615, 210001682, 1.000008, 30434, 30434, 30437, 0, 7890, 0, 0, 3, 512893, 181623514, 201862, 32704486, 30433.756240, 30436.756216, 0.000000
2563, 6, 7.000622, 210001554, 1.000007, 30514, 30514, 30512, 0, 7911, 0, 0, 0, 507583, 181691554, 199512, 32536767, 30513.774198, 30511.774213, 0.000000
2563, 7, 8.000624, 210000508, 1.000002, 30496, 30496, 30488, 0, 7904, 0, 0, 0, 506635, 181877477, 199280, 32179897, 30495.926229, 30487.926248, 0.000000
