ThreadID, cIDX, Time, cycles, deltaT, RX, OnRX, TX, SupTX, OnTX, Idle, OnIdle, Blocked, CacheMiss, CacheHit, CacheWB, CPUIdle, RX/s, TX/s, Sup/s
10999, 0, 0, 0, 0, 0, 0, 0, 0, 0, 0, 0, 0, 0, 0, 0, 0, 0, 0, 0
10999, 0, 1.000009, 210001817, 1.000009, 29430, 29430, 29438, 0, 7925, 0, 0, 0, 0, 0, 0, 30771512, 29429.745363, 29437.745293, 0.000000
10999, 1, 2.000025, 210003535, 1.000017, 29384, 29384, 29379, 0, 7909, 0, 0, 0, 0, 0, 0, 30832287, 29383.505378, 29378.505462, 0.000000
10999, 2, 3.000033, 210001588, 1.000008, 29415, 29415, 29411, 0, 7919, 0, 0, 10, 0, 0, 0, 30983625, 29414.777568, 29410.777599, 0.000000
10999, 3, 4.000086, 210011167, 1.000053, 29420, 29420, 29410, 0, 7920, 0, 0, 6, 0, 0, 0, 31036179, 29418.435640, 29408.436171, 0.000000
10999, 4, 5.000097, 210002230, 1.000011, 29428, 29428, 29448, 0, 7930, 0, 0, 7, 0, 0, 0, 31473980, 29427.687506, 29447.687294, 0.000000
10999, 5, 6.000118, 210004358, 1.000021, 29279, 29279, 29270, 0, 7881, 0, 0, 0, 0, 0, 0, 31832409, 29278.392404, 29269.392590, 0.000000
10999, 6, 7.000123, 210001203, 1.000006, 29364, 29364, 29366, 0, 7904, 0, 0, 0, 0, 0, 0, 31459247, 29363.831787, 29365.831776, 0.000000
10999, 7, 8.000182, 210012287, 1.000059, 29380, 29380, 29366, 0, 7909, 0, 0, 0, 0, 0, 0, 31395206, 29378.281091, 29364.281910, 0.000000
