ThreadID, cIDX, Time, cycles, deltaT, RX, OnRX, TX, SupTX, OnTX, Idle, OnIdle, Blocked, CacheMiss, CacheHit, CacheWB, CPUIdle, RX/s, TX/s, Sup/s
363, 0, 0, 0, 0, 0, 0, 0, 0, 0, 0, 0, 0, 0, 0, 0, 0, 0, 0, 0
363, 0, 1.000034, 210007112, 1.000034, 27226, 27226, 27229, 0, 6808, 0, 0, 0, 0, 0, 0, 26690956, 27225.077977, 27228.077876, 0.000000
363, 1, 2.000053, 210004117, 1.000020, 27111, 27111, 27099, 0, 6774, 0, 0, 2, 0, 0, 0, 26709028, 27110.468506, 27098.468741, 0.000000
363, 2, 3.000130, 210016094, 1.000077, 27126, 27126, 27136, 0, 6784, 0, 0, 1, 0, 0, 0, 26924955, 27123.921274, 27133.920508, 0.000000
363, 3, 4.000144, 210002900, 1.000014, 27156, 27156, 27154, 0, 6789, 0, 0, 0, 0, 0, 0, 26631816, 27155.624994, 27153.625021, 0.000000
363, 4, 5.000148, 210000859, 1.000004, 27139, 27139, 27143, 0, 6786, 0, 0, 0, 0, 0, 0, 27225770, 27138.888989, 27142.888973, 0.000000
363, 5, 6.000159, 210002346, 1.000011, 27060, 27060, 27059, 0, 6764, 0, 0, 0, 0, 0, 0, 27292478, 27059.697705, 27058.697716, 0.000000
363, 6, 7.000168, 210001906, 1.000009, 27062, 27062, 27053, 0, 6764, 0, 0, 0, 0, 0, 0, 27543546, 27061.754382, 27052.754464, 0.000000
363, 7, 8.000170, 210000263, 1.000001, 27198, 27198, 27199, 0, 6799, 0, 0, 0, 0, 0, 0, 27159026, 27197.965938, 27198.965937, 0.000000
