ThreadID, cIDX, Time, cycles, deltaT, RX, OnRX, TX, SupTX, OnTX, Idle, OnIdle, Blocked, CacheMiss, CacheHit, CacheWB, CPUIdle, RX/s, TX/s, Sup/s
1764, 0, 0, 0, 0, 0, 0, 0, 0, 0, 0, 0, 0, 0, 0, 0, 0, 0, 0, 0
1764, 0, 1.000100, 210021080, 1.000100, 31561, 31561, 31548, 0, 7887, 0, 0, 0, 0, 0, 0, 28920855, 31557.832195, 31544.833500, 0.000000
1764, 1, 2.000143, 210009017, 1.000043, 31648, 31648, 31661, 0, 7916, 0, 0, 5, 0, 0, 0, 29008535, 31646.641154, 31659.640595, 0.000000
1764, 2, 3.000183, 210008264, 1.000039, 31649, 31649, 31642, 0, 7910, 0, 0, 6, 0, 0, 0, 29181548, 31647.754586, 31640.754861, 0.000000
1764, 3, 4.000220, 210007807, 1.000037, 31735, 31735, 31737, 0, 7934, 0, 0, 6, 0, 0, 0, 29323806, 31733.820257, 31735.820183, 0.000000
1764, 4, 5.000227, 210001529, 1.000007, 31652, 31652, 31640, 0, 7910, 0, 0, 2, 0, 0, 0, 29548018, 31651.769545, 31639.769632, 0.000000
1764, 5, 6.000483, 210053788, 1.000256, 31616, 31616, 31612, 0, 7903, 0, 0, 1, 0, 0, 0, 29907806, 31607.904162, 31603.905186, 0.000000
1764, 6, 7.000601, 210024746, 1.000118, 31642, 31642, 31648, 0, 7912, 0, 0, 0, 0, 0, 0, 29696949, 31638.271806, 31644.271099, 0.000000
1764, 7, 8.000603, 210000323, 1.000002, 31710, 31710, 31720, 0, 7930, 0, 0, 0, 0, 0, 0, 29513849, 31709.951227, 31719.951212, 0.000000
