ThreadID, cIDX, Time, cycles, deltaT, RX, OnRX, TX, SupTX, OnTX, Idle, OnIdle, Blocked, CacheMiss, CacheHit, CacheWB, CPUIdle, RX/s, TX/s, Sup/s
11132, 0, 0, 0, 0, 0, 0, 0, 0, 0, 0, 0, 0, 0, 0, 0, 0, 0, 0, 0
11132, 0, 1.000033, 210007033, 1.000033, 27221, 27221, 27224, 0, 6806, 0, 0, 0, 0, 0, 0, 30921224, 27220.088386, 27223.088286, 0.000000
11132, 1, 2.000451, 210087748, 1.000418, 27148, 27148, 27152, 0, 6788, 0, 0, 1, 0, 0, 0, 30882527, 27136.661011, 27140.659340, 0.000000
11132, 2, 3.000549, 210020598, 1.000098, 27088, 27088, 27080, 0, 6770, 0, 0, 6, 0, 0, 0, 30919323, 27085.343315, 27077.344099, 0.000000
11132, 3, 4.000572, 210004775, 1.000023, 27185, 27185, 27185, 0, 6797, 0, 0, 1, 0, 0, 0, 30956849, 27184.381879, 27184.381879, 0.000000
11132, 4, 5.000576, 210000845, 1.000004, 27166, 27166, 27166, 0, 6791, 0, 0, 5, 0, 0, 0, 31196210, 27165.890690, 27165.890690, 0.000000
11132, 5, 6.000577, 210000254, 1.000001, 27091, 27091, 27094, 0, 6774, 0, 0, 0, 0, 0, 0, 31629237, 27090.967233, 27093.967229, 0.000000
11132, 6, 7.000606, 210006062, 1.000029, 27124, 27124, 27123, 0, 6780, 0, 0, 0, 0, 0, 0, 31646258, 27123.217043, 27122.217072, 0.000000
11132, 7, 8.000688, 210017097, 1.000081, 27201, 27201, 27204, 0, 6801, 0, 0, 0, 0, 0, 0, 31270516, 27198.785630, 27201.785386, 0.000000
