ThreadID, cIDX, Time, cycles, deltaT, RX, OnRX, TX, SupTX, OnTX, Idle, OnIdle, Blocked, CacheMiss, CacheHit, CacheWB, CPUIdle, RX/s, TX/s, Sup/s
860, 0, 0, 0, 0, 0, 0, 0, 0, 0, 0, 0, 0, 0, 0, 0, 0, 0, 0, 0
860, 0, 1.000033, 210006985, 1.000033, 27268, 27268, 27271, 0, 6818, 0, 0, 0, 0, 0, 0, 26630890, 27267.093045, 27270.092945, 0.000000
860, 1, 2.000037, 210000738, 1.000004, 27160, 27160, 27152, 0, 6788, 0, 0, 0, 0, 0, 0, 26695887, 27159.904552, 27151.904580, 0.000000
860, 2, 3.000095, 210012294, 1.000059, 27113, 27113, 27113, 0, 6778, 0, 0, 0, 0, 0, 0, 26937321, 27111.412820, 27111.412820, 0.000000
860, 3, 4.000141, 210009559, 1.000046, 27179, 27179, 27183, 0, 6796, 0, 0, 1, 0, 0, 0, 26821243, 27177.762894, 27181.762712, 0.000000
860, 4, 5.000274, 210027903, 1.000133, 27097, 27097, 27094, 0, 6774, 0, 0, 0, 0, 0, 0, 27281383, 27093.400061, 27090.400460, 0.000000
860, 5, 6.000288, 210002972, 1.000014, 27020, 27020, 27021, 0, 6755, 0, 0, 0, 0, 0, 0, 27525142, 27019.617608, 27020.617594, 0.000000
860, 6, 7.000290, 210000485, 1.000002, 27163, 27163, 27159, 0, 6790, 0, 0, 1, 0, 0, 0, 27512379, 27162.937267, 27158.937276, 0.000000
860, 7, 8.000363, 210015348, 1.000073, 27059, 27059, 27064, 0, 6766, 0, 0, 0, 0, 0, 0, 27287581, 27057.022518, 27062.022153, 0.000000
