ThreadID, cIDX, Time, cycles, deltaT, RX, OnRX, TX, SupTX, OnTX, Idle, OnIdle, Blocked, CacheMiss, CacheHit, CacheWB, CPUIdle, RX/s, TX/s, Sup/s
2549, 0, 0, 0, 0, 0, 0, 0, 0, 0, 0, 0, 0, 0, 0, 0, 0, 0, 0, 0
2549, 0, 1.000025, 210005215, 1.000025, 30452, 30452, 30457, 0, 7897, 0, 0, 0, 0, 0, 0, 30734125, 30451.243794, 30456.243670, 0.000000
2549, 1, 2.000086, 210012758, 1.000061, 30546, 30546, 30524, 0, 7914, 0, 0, 0, 0, 0, 0, 30789582, 30544.144371, 30522.145707, 0.000000
2549, 2, 3.000406, 210067271, 1.000320, 30495, 30495, 30521, 0, 7912, 0, 0, 5, 0, 0, 0, 31023676, 30485.234418, 30511.226092, 0.000000
2549, 3, 4.000526, 210025246, 1.000120, 30601, 30601, 30576, 0, 7928, 0, 0, 8, 0, 0, 0, 31091747, 30597.321619, 30572.324624, 0.000000
2549, 4, 5.000569, 210008912, 1.000042, 30507, 30507, 30536, 0, 7915, 0, 0, 5, 0, 0, 0, 31180552, 30505.705396, 30534.704165, 0.000000
2549, 5, 6.000694, 210026358, 1.000126, 30461, 30461, 30454, 0, 7894, 0, 0, 2, 0, 0, 0, 31780964, 30457.177189, 30450.178068, 0.000000
2549, 6, 7.000714, 210004276, 1.000020, 30572, 30572, 30554, 0, 7924, 0, 0, 2, 0, 0, 0, 31674794, 30571.377509, 30553.377875, 0.000000
2549, 7, 8.000720, 210001101, 1.000005, 30545, 30545, 30552, 0, 7921, 0, 0, 2, 0, 0, 0, 31309677, 30544.839858, 30551.839821, 0.000000
