ThreadID, cIDX, Time, cycles, deltaT, RX, OnRX, TX, SupTX, OnTX, Idle, OnIdle, Blocked, CacheMiss, CacheHit, CacheWB, CPUIdle, RX/s, TX/s, Sup/s
8863, 0, 0, 0, 0, 0, 0, 0, 0, 0, 0, 0, 0, 0, 0, 0, 0, 0, 0, 0
8863, 0, 1.000159, 210033355, 1.000159, 27218, 27218, 27216, 0, 6804, 0, 0, 0, 0, 0, 0, 29430042, 27213.677561, 27211.677878, 0.000000
8863, 1, 2.000172, 210002864, 1.000014, 27107, 27107, 27114, 0, 6779, 0, 0, 5, 0, 0, 0, 29251359, 27106.630317, 27113.630222, 0.000000
8863, 2, 3.000204, 210006617, 1.000032, 27112, 27112, 27110, 0, 6777, 0, 0, 3, 0, 0, 0, 29379786, 27111.145741, 27109.145804, 0.000000
8863, 3, 4.000233, 210006146, 1.000029, 27214, 27214, 27205, 0, 6802, 0, 0, 0, 0, 0, 0, 29304622, 27213.203560, 27204.203824, 0.000000
8863, 4, 5.000244, 210002311, 1.000011, 27110, 27110, 27127, 0, 6781, 0, 0, 1, 0, 0, 0, 29903581, 27109.701664, 27126.701477, 0.000000
8863, 5, 6.000247, 210000565, 1.000003, 27102, 27102, 27094, 0, 6774, 0, 0, 0, 0, 0, 0, 30158902, 27101.927083, 27093.927104, 0.000000
8863, 6, 7.000249, 210000535, 1.000003, 27115, 27115, 27113, 0, 6778, 0, 0, 0, 0, 0, 0, 30034387, 27114.930921, 27112.930927, 0.000000
8863, 7, 8.000285, 210007555, 1.000036, 27185, 27185, 27185, 0, 6796, 0, 0, 0, 0, 0, 0, 29906436, 27184.022022, 27184.022022, 0.000000
