ThreadID, cIDX, Time, cycles, deltaT, RX, OnRX, TX, SupTX, OnTX, Idle, OnIdle, Blocked, CacheMiss, CacheHit, CacheWB, CPUIdle, RX/s, TX/s, Sup/s
10399, 0, 0, 0, 0, 0, 0, 0, 0, 0, 0, 0, 0, 0, 0, 0, 0, 0, 0, 0
10399, 0, 1.000035, 210007362, 1.000035, 27182, 27182, 27176, 0, 6794, 0, 0, 1, 0, 0, 0, 29583657, 27181.047110, 27175.047320, 0.000000
10399, 1, 2.001084, 210220359, 1.001049, 27215, 27215, 27220, 0, 6805, 0, 0, 6, 0, 0, 0, 29969205, 27186.472458, 27191.467217, 0.000000
10399, 2, 3.001146, 210012868, 1.000061, 27148, 27148, 27140, 0, 6785, 0, 0, 0, 0, 0, 0, 29874719, 27146.336576, 27138.337066, 0.000000
10399, 3, 4.001329, 210038489, 1.000183, 27063, 27063, 27060, 0, 6765, 0, 0, 3, 0, 0, 0, 30002161, 27058.040777, 27055.041326, 0.000000
10399, 4, 5.001385, 210011742, 1.000056, 27123, 27123, 27136, 0, 6784, 0, 0, 6, 0, 0, 0, 29901366, 27121.483522, 27134.482795, 0.000000
10399, 5, 6.001388, 210000600, 1.000003, 27170, 27170, 27167, 0, 6792, 0, 0, 3, 0, 0, 0, 30516118, 27169.922372, 27166.922380, 0.000000
10399, 6, 7.001431, 210009162, 1.000044, 26953, 26953, 26953, 0, 6738, 0, 0, 0, 0, 0, 0, 30608595, 26951.824130, 26951.824130, 0.000000
10399, 7, 8.001437, 210001163, 1.000006, 27124, 27124, 27131, 0, 6783, 0, 0, 0, 0, 0, 0, 30305332, 27123.849786, 27130.849747, 0.000000
