ThreadID, cIDX, Time, cycles, deltaT, RX, OnRX, TX, SupTX, OnTX, Idle, OnIdle, Blocked, CacheMiss, CacheHit, CacheWB, CPUIdle, RX/s, TX/s, Sup/s
2010, 0, 0, 0, 0, 0, 0, 0, 0, 0, 0, 0, 0, 0, 0, 0, 0, 0, 0, 0
2010, 0, 1.000123, 210025891, 1.000123, 27243, 27243, 27241, 0, 6811, 0, 0, 1, 0, 0, 0, 29137082, 27239.641612, 27237.641858, 0.000000
2010, 1, 2.000169, 210009525, 1.000045, 27189, 27189, 27187, 0, 6796, 0, 0, 2, 0, 0, 0, 29069702, 27187.766841, 27185.766931, 0.000000
2010, 2, 3.000233, 210013612, 1.000065, 27132, 27132, 27140, 0, 6785, 0, 0, 6, 0, 0, 0, 29333110, 27130.241444, 27138.240925, 0.000000
2010, 3, 4.000346, 210023732, 1.000113, 27055, 27055, 27052, 0, 6763, 0, 0, 1, 0, 0, 0, 29455555, 27051.942873, 27048.943212, 0.000000
2010, 4, 5.000367, 210004406, 1.000021, 27129, 27129, 27128, 0, 6782, 0, 0, 0, 0, 0, 0, 29498566, 27128.430820, 27127.430841, 0.000000
2010, 5, 6.000374, 210001305, 1.000006, 27203, 27203, 27200, 0, 6800, 0, 0, 0, 0, 0, 0, 29940485, 27202.830954, 27199.830972, 0.000000
2010, 6, 7.000378, 210000978, 1.000005, 27161, 27161, 27168, 0, 6792, 0, 0, 0, 0, 0, 0, 29815106, 27160.873508, 27167.873475, 0.000000
2010, 7, 8.000384, 210001211, 1.000006, 27084, 27084, 27077, 0, 6770, 0, 0, 0, 0, 0, 0, 29694003, 27083.843817, 27076.843857, 0.000000
