ThreadID, cIDX, Time, cycles, deltaT, RX, OnRX, TX, SupTX, OnTX, Idle, OnIdle, Blocked, CacheMiss, CacheHit, CacheWB, CPUIdle, RX/s, TX/s, Sup/s
9873, 0, 0, 0, 0, 0, 0, 0, 0, 0, 0, 0, 0, 0, 0, 0, 0, 0, 0, 0
9873, 0, 1.000067, 210014138, 1.000067, 31704, 31704, 31708, 0, 7927, 0, 0, 0, 0, 0, 0, 29657115, 31701.865710, 31705.865440, 0.000000
9873, 1, 2.000147, 210016720, 1.000080, 31644, 31644, 31640, 0, 7910, 0, 0, 7, 0, 0, 0, 29807053, 31641.480735, 31637.481054, 0.000000
9873, 2, 3.000449, 210063435, 1.000302, 31622, 31622, 31607, 0, 7902, 0, 0, 15, 0, 0, 0, 29945210, 31612.450782, 31597.455312, 0.000000
9873, 3, 4.000479, 210006259, 1.000030, 31738, 31738, 31748, 0, 7937, 0, 0, 16, 0, 0, 0, 30062332, 31737.054085, 31747.053787, 0.000000
9873, 4, 5.000485, 210001364, 1.000006, 31680, 31680, 31676, 0, 7919, 0, 0, 7, 0, 0, 0, 30322486, 31679.794232, 31675.794258, 0.000000
9873, 5, 6.000490, 210000908, 1.000004, 31585, 31585, 31586, 0, 7897, 0, 0, 3, 0, 0, 0, 30616629, 31584.863433, 31585.863429, 0.000000
9873, 6, 7.000515, 210005402, 1.000026, 31607, 31607, 31611, 0, 7902, 0, 0, 4, 0, 0, 0, 30251846, 31606.186968, 31610.186866, 0.000000
9873, 7, 8.000541, 210005418, 1.000026, 31742, 31742, 31752, 0, 7938, 0, 0, 0, 0, 0, 0, 30242813, 31741.181078, 31751.180820, 0.000000
