ThreadID, cIDX, Time, cycles, deltaT, RX, OnRX, TX, SupTX, OnTX, Idle, OnIdle, Blocked, CacheMiss, CacheHit, CacheWB, CPUIdle, RX/s, TX/s, Sup/s
10138, 0, 0, 0, 0, 0, 0, 0, 0, 0, 0, 0, 0, 0, 0, 0, 0, 0, 0, 0
10138, 0, 1.000215, 210045123, 1.000215, 27187, 27187, 27188, 0, 6797, 0, 0, 0, 0, 0, 0, 29697121, 27181.159545, 27182.159331, 0.000000
10138, 1, 2.000260, 210009568, 1.000046, 27178, 27178, 27178, 0, 6795, 0, 0, 12, 0, 0, 0, 29833978, 27176.761775, 27176.761775, 0.000000
10138, 2, 3.000431, 210035851, 1.000171, 27178, 27178, 27178, 0, 6794, 0, 0, 5, 0, 0, 0, 29992840, 27173.360990, 27173.360990, 0.000000
10138, 3, 4.000435, 210000860, 1.000004, 27075, 27075, 27079, 0, 6770, 0, 0, 6, 0, 0, 0, 30059371, 27074.889122, 27078.889106, 0.000000
10138, 4, 5.000465, 210006231, 1.000030, 27101, 27101, 27097, 0, 6774, 0, 0, 1, 0, 0, 0, 30265678, 27100.195898, 27096.196017, 0.000000
10138, 5, 6.000530, 210013709, 1.000065, 27195, 27195, 27200, 0, 6800, 0, 0, 3, 0, 0, 0, 30655517, 27193.224800, 27198.224474, 0.000000
10138, 6, 7.000580, 210010463, 1.000050, 27145, 27145, 27136, 0, 6784, 0, 0, 0, 0, 0, 0, 30538670, 27143.647600, 27134.648048, 0.000000
10138, 7, 8.000603, 210004909, 1.000023, 27052, 27052, 27052, 0, 6763, 0, 0, 0, 0, 0, 0, 30428495, 27051.367642, 27051.367642, 0.000000
