ThreadID, cIDX, Time, cycles, deltaT, RX, OnRX, TX, SupTX, OnTX, Idle, OnIdle, Blocked, CacheMiss, CacheHit, CacheWB, CPUIdle, RX/s, TX/s, Sup/s
701, 0, 0, 0, 0, 0, 0, 0, 0, 0, 0, 0, 0, 0, 0, 0, 0, 0, 0, 0
701, 0, 1.000039, 210008256, 1.000039, 27243, 27243, 27241, 0, 6811, 0, 0, 1, 0, 0, 0, 25978959, 27241.929003, 27239.929082, 0.000000
701, 1, 2.000051, 210002358, 1.000011, 27097, 27097, 27097, 0, 6774, 0, 0, 0, 0, 0, 0, 25859397, 27096.695743, 27096.695743, 0.000000
701, 2, 3.000055, 210000935, 1.000004, 27062, 27062, 27061, 0, 6765, 0, 0, 0, 0, 0, 0, 26079713, 27061.879510, 27060.879515, 0.000000
701, 3, 4.000076, 210004374, 1.000021, 27207, 27207, 27201, 0, 6800, 0, 0, 0, 0, 0, 0, 26109730, 27206.433329, 27200.433454, 0.000000
701, 4, 5.000146, 210014825, 1.000071, 27146, 27146, 27156, 0, 6789, 0, 0, 0, 0, 0, 0, 26598677, 27144.083757, 27154.083051, 0.000000
701, 5, 6.000150, 210000830, 1.000004, 27097, 27097, 27089, 0, 6773, 0, 0, 1, 0, 0, 0, 26892152, 27096.892903, 27088.892934, 0.000000
701, 6, 7.000178, 210005873, 1.000028, 27072, 27072, 27079, 0, 6769, 0, 0, 0, 0, 0, 0, 26548975, 27071.242908, 27078.242712, 0.000000
701, 7, 8.000195, 210003518, 1.000017, 27207, 27207, 27200, 0, 6800, 0, 0, 0, 0, 0, 0, 26694953, 27206.544226, 27199.544343, 0.000000
