ThreadID, cIDX, Time, cycles, deltaT, RX, OnRX, TX, SupTX, OnTX, Idle, OnIdle, Blocked, CacheMiss, CacheHit, CacheWB, CPUIdle, RX/s, TX/s, Sup/s
10070, 0, 0, 0, 0, 0, 0, 0, 0, 0, 0, 0, 0, 0, 0, 0, 0, 0, 0, 0
10070, 0, 1.000205, 210043017, 1.000205, 31556, 31556, 31568, 0, 7892, 0, 0, 0, 0, 0, 0, 29095659, 31549.537303, 31561.534845, 0.000000
10070, 1, 2.000265, 210012542, 1.000060, 31692, 31692, 31669, 0, 7918, 0, 0, 1, 0, 0, 0, 29041689, 31690.107346, 31667.108720, 0.000000
10070, 2, 3.000325, 210012606, 1.000060, 31684, 31684, 31692, 0, 7923, 0, 0, 7, 0, 0, 0, 29336182, 31682.098169, 31690.097689, 0.000000
10070, 3, 4.000581, 210053781, 1.000256, 31736, 31736, 31735, 0, 7933, 0, 0, 7, 0, 0, 0, 29399361, 31727.874491, 31726.874747, 0.000000
10070, 4, 5.000597, 210003518, 1.000017, 31699, 31699, 31700, 0, 7925, 0, 0, 3, 0, 0, 0, 29609091, 31698.468975, 31699.468958, 0.000000
10070, 5, 6.000631, 210007018, 1.000033, 31547, 31547, 31536, 0, 7884, 0, 0, 0, 0, 0, 0, 30013088, 31545.945765, 31534.946132, 0.000000
10070, 6, 7.000896, 210055622, 1.000265, 31726, 31726, 31728, 0, 7932, 0, 0, 0, 0, 0, 0, 29806828, 31717.599065, 31719.598536, 0.000000
10070, 7, 8.000899, 210000769, 1.000004, 31623, 31623, 31628, 0, 7907, 0, 0, 0, 0, 0, 0, 29686683, 31622.884200, 31627.884182, 0.000000
