ThreadID, cIDX, Time, cycles, deltaT, RX, OnRX, TX, SupTX, OnTX, Idle, OnIdle, Blocked, CacheMiss, CacheHit, CacheWB, CPUIdle, RX/s, TX/s, Sup/s
536, 0, 0, 0, 0, 0, 0, 0, 0, 0, 0, 0, 0, 0, 0, 0, 0, 0, 0, 0
536, 0, 1.000072, 210015208, 1.000072, 30449, 30449, 30460, 0, 7897, 0, 0, 0, 0, 0, 0, 27569060, 30446.795072, 30457.794276, 0.000000
536, 1, 2.000076, 210000814, 1.000004, 30561, 30561, 30554, 0, 7921, 0, 0, 1, 0, 0, 0, 27575883, 30560.881540, 30553.881567, 0.000000
536, 2, 3.000107, 210006539, 1.000031, 30555, 30555, 30559, 0, 7924, 0, 0, 0, 0, 0, 0, 27634745, 30554.048605, 30558.048481, 0.000000
536, 3, 4.000239, 210027560, 1.000131, 30498, 30498, 30481, 0, 7903, 0, 0, 0, 0, 0, 0, 27668272, 30493.998026, 30477.000257, 0.000000
536, 4, 5.000305, 210013985, 1.000067, 30468, 30468, 30485, 0, 7904, 0, 0, 0, 0, 0, 0, 28255504, 30465.971111, 30482.969979, 0.000000
536, 5, 6.000524, 210045875, 1.000218, 30571, 30571, 30548, 0, 7920, 0, 0, 0, 0, 0, 0, 28337623, 30564.323151, 30541.328174, 0.000000
536, 6, 7.000532, 210001736, 1.000008, 30392, 30392, 30409, 0, 7885, 0, 0, 0, 0, 0, 0, 28262419, 30391.748762, 30408.748621, 0.000000
536, 7, 8.000560, 210005806, 1.000028, 30516, 30516, 30510, 0, 7910, 0, 0, 2, 0, 0, 0, 28324114, 30515.156329, 30509.156494, 0.000000
