ThreadID, cIDX, Time, cycles, deltaT, RX, OnRX, TX, SupTX, OnTX, Idle, OnIdle, Blocked, CacheMiss, CacheHit, CacheWB, CPUIdle, RX/s, TX/s, Sup/s
1063, 0, 0, 0, 0, 0, 0, 0, 0, 0, 0, 0, 0, 0, 0, 0, 0, 0, 0, 0
1063, 0, 1.000126, 210026460, 1.000126, 31580, 31580, 31568, 0, 7892, 0, 0, 1, 0, 0, 0, 28242473, 31576.021421, 31564.022933, 0.000000
1063, 1, 2.000317, 210040170, 1.000191, 31698, 31698, 31700, 0, 7925, 0, 0, 4, 0, 0, 0, 28328498, 31691.937785, 31693.937403, 0.000000
1063, 2, 3.000381, 210013410, 1.000064, 31717, 31717, 31732, 0, 7933, 0, 0, 2, 0, 0, 0, 28559661, 31714.974772, 31729.973815, 0.000000
1063, 3, 4.000667, 210059944, 1.000285, 31612, 31612, 31594, 0, 7899, 0, 0, 1, 0, 0, 0, 28324341, 31602.979005, 31584.984141, 0.000000
1063, 4, 5.001086, 210088003, 1.000419, 31655, 31655, 31650, 0, 7912, 0, 0, 9, 0, 0, 0, 28748700, 31641.740152, 31636.742247, 0.000000
1063, 5, 6.001323, 210049888, 1.000238, 31711, 31711, 31716, 0, 7929, 0, 0, 6, 0, 0, 0, 28712266, 31703.468464, 31708.467276, 0.000000
1063, 6, 7.001368, 210009383, 1.000045, 31627, 31627, 31636, 0, 7909, 0, 0, 0, 0, 0, 0, 28812897, 31625.586939, 31634.586537, 0.000000
1063, 7, 8.001373, 210001073, 1.000005, 31562, 31562, 31575, 0, 7894, 0, 0, 0, 0, 0, 0, 28947033, 31561.838734, 31574.838668, 0.000000
