ThreadID, cIDX, Time, cycles, deltaT, RX, OnRX, TX, SupTX, OnTX, Idle, OnIdle, Blocked, CacheMiss, CacheHit, CacheWB, CPUIdle, RX/s, TX/s, Sup/s
1970, 0, 0, 0, 0, 0, 0, 0, 0, 0, 0, 0, 0, 0, 0, 0, 0, 0, 0, 0
1970, 0, 1.000036, 210007579, 1.000036, 31621, 31621, 31612, 0, 7903, 0, 0, 0, 0, 0, 0, 28381310, 31619.858824, 31610.859149, 0.000000
1970, 1, 2.000078, 210008853, 1.000042, 31626, 31626, 31636, 0, 7909, 0, 0, 2, 0, 0, 0, 28261730, 31624.666794, 31634.666373, 0.000000
1970, 2, 3.000107, 210006066, 1.000029, 31664, 31664, 31648, 0, 7912, 0, 0, 0, 0, 0, 0, 28455398, 31663.085389, 31647.085851, 0.000000
1970, 3, 4.000217, 210023002, 1.000110, 31686, 31686, 31692, 0, 7923, 0, 0, 6, 0, 0, 0, 28592304, 31682.529707, 31688.529050, 0.000000
1970, 4, 5.000221, 210000965, 1.000005, 31678, 31678, 31689, 0, 7923, 0, 0, 5, 0, 0, 0, 28719843, 31677.854433, 31688.854382, 0.000000
1970, 5, 6.000223, 210000358, 1.000002, 31600, 31600, 31588, 0, 7897, 0, 0, 3, 0, 0, 0, 29154544, 31599.946130, 31587.946150, 0.000000
1970, 6, 7.000386, 210034250, 1.000163, 31566, 31566, 31575, 0, 7893, 0, 0, 2, 0, 0, 0, 28970275, 31560.852575, 31569.851108, 0.000000
1970, 7, 8.000909, 210109881, 1.000523, 31761, 31761, 31744, 0, 7936, 0, 0, 0, 0, 0, 0, 28892209, 31744.389975, 31727.398865, 0.000000
