ThreadID, cIDX, Time, cycles, deltaT, RX, OnRX, TX, SupTX, OnTX, Idle, OnIdle, Blocked, CacheMiss, CacheHit, CacheWB, CPUIdle, RX/s, TX/s, Sup/s
2346, 0, 0, 0, 0, 0, 0, 0, 0, 0, 0, 0, 0, 0, 0, 0, 0, 0, 0, 0
2346, 0, 1.000005, 210001076, 1.000005, 27188, 27188, 27192, 0, 6798, 0, 0, 1, 0, 0, 0, 28063690, 27187.860695, 27191.860674, 0.000000
2346, 1, 2.000357, 210073941, 1.000352, 27149, 27149, 27152, 0, 6788, 0, 0, 0, 0, 0, 0, 28116599, 27139.444202, 27142.443146, 0.000000
2346, 2, 3.000771, 210086828, 1.000413, 27150, 27150, 27144, 0, 6786, 0, 0, 2, 0, 0, 0, 28561431, 27138.779020, 27132.781499, 0.000000
2346, 3, 4.000782, 210002357, 1.000011, 27100, 27100, 27100, 0, 6775, 0, 0, 10, 0, 0, 0, 28609351, 27099.695838, 27099.695838, 0.000000
2346, 4, 5.000796, 210002934, 1.000014, 27207, 27207, 27208, 0, 6802, 0, 0, 7, 0, 0, 0, 28624827, 27206.619885, 27207.619871, 0.000000
2346, 5, 6.000798, 210000357, 1.000002, 27076, 27076, 27072, 0, 6768, 0, 0, 6, 0, 0, 0, 29161953, 27075.953971, 27071.953978, 0.000000
2346, 6, 7.000948, 210031535, 1.000150, 27152, 27152, 27148, 0, 6787, 0, 0, 2, 0, 0, 0, 29030718, 27147.923287, 27143.923887, 0.000000
2346, 7, 8.000950, 210000562, 1.000003, 27149, 27149, 27156, 0, 6789, 0, 0, 2, 0, 0, 0, 28677167, 27148.927344, 27155.927326, 0.000000
