ThreadID, cIDX, Time, cycles, deltaT, RX, OnRX, TX, SupTX, OnTX, Idle, OnIdle, Blocked, CacheMiss, CacheHit, CacheWB, CPUIdle, RX/s, TX/s, Sup/s
8917, 0, 0, 0, 0, 0, 0, 0, 0, 0, 0, 0, 0, 0, 0, 0, 0, 0, 0, 0
8917, 0, 1.000155, 210032452, 1.000155, 31554, 31554, 31537, 0, 7885, 0, 0, 3, 0, 0, 0, 28680580, 31549.124609, 31532.127235, 0.000000
8917, 1, 2.000179, 210005123, 1.000024, 31724, 31724, 31749, 0, 7937, 0, 0, 7, 0, 0, 0, 28498991, 31723.226104, 31748.225494, 0.000000
8917, 2, 3.000186, 210001411, 1.000007, 31675, 31675, 31657, 0, 7914, 0, 0, 7, 0, 0, 0, 28586986, 31674.787176, 31656.787297, 0.000000
8917, 3, 4.000200, 210003012, 1.000014, 31589, 31589, 31590, 0, 7898, 0, 0, 9, 0, 0, 0, 28431534, 31588.546930, 31589.546916, 0.000000
8917, 4, 5.000642, 210092807, 1.000442, 31670, 31670, 31667, 0, 7916, 0, 0, 0, 0, 0, 0, 29208688, 31656.010003, 31653.011328, 0.000000
8917, 5, 6.000689, 210009782, 1.000047, 31704, 31704, 31700, 0, 7925, 0, 0, 0, 0, 0, 0, 29219441, 31702.523266, 31698.523453, 0.000000
8917, 6, 7.000713, 210005086, 1.000024, 31629, 31629, 31660, 0, 7915, 0, 0, 0, 0, 0, 0, 29280852, 31628.233994, 31659.233244, 0.000000
8917, 7, 8.000766, 210011261, 1.000054, 31576, 31576, 31572, 0, 7893, 0, 0, 2, 0, 0, 0, 29207755, 31574.306865, 31570.307080, 0.000000
