ThreadID, cIDX, Time, cycles, deltaT, RX, OnRX, TX, SupTX, OnTX, Idle, OnIdle, Blocked, CacheMiss, CacheHit, CacheWB, CPUIdle, RX/s, TX/s, Sup/s
10165, 0, 0, 0, 0, 0, 0, 0, 0, 0, 0, 0, 0, 0, 0, 0, 0, 0, 0, 0
10165, 0, 1.000064, 210013346, 1.000064, 31520, 31520, 31524, 0, 7881, 0, 0, 0, 0, 0, 0, 28205648, 31517.996956, 31521.996702, 0.000000
10165, 1, 2.000225, 210033918, 1.000162, 31645, 31645, 31640, 0, 7910, 0, 0, 5, 0, 0, 0, 28292845, 31639.889706, 31634.890513, 0.000000
10165, 2, 3.000305, 210016814, 1.000080, 31664, 31664, 31677, 0, 7920, 0, 0, 9, 0, 0, 0, 28411883, 31661.464972, 31674.463931, 0.000000
10165, 3, 4.000310, 210000959, 1.000005, 31756, 31756, 31743, 0, 7935, 0, 0, 9, 0, 0, 0, 28511376, 31755.854982, 31742.855041, 0.000000
10165, 4, 5.000576, 210055884, 1.000266, 31715, 31715, 31705, 0, 7927, 0, 0, 5, 0, 0, 0, 28785035, 31706.562431, 31696.565091, 0.000000
10165, 5, 6.000695, 210025069, 1.000119, 31610, 31610, 31603, 0, 7900, 0, 0, 0, 0, 0, 0, 29127535, 31606.226969, 31599.227805, 0.000000
10165, 6, 7.000955, 210054662, 1.000260, 31587, 31587, 31581, 0, 7896, 0, 0, 0, 0, 0, 0, 29075271, 31578.780194, 31572.781755, 0.000000
10165, 7, 8.001232, 210058013, 1.000276, 31729, 31729, 31733, 0, 7933, 0, 0, 0, 0, 0, 0, 28824047, 31720.237209, 31724.236104, 0.000000
