ThreadID, cIDX, Time, cycles, deltaT, RX, OnRX, TX, SupTX, OnTX, Idle, OnIdle, Blocked, CacheMiss, CacheHit, CacheWB, CPUIdle, RX/s, TX/s, Sup/s
9443, 0, 0, 0, 0, 0, 0, 0, 0, 0, 0, 0, 0, 0, 0, 0, 0, 0, 0, 0
9443, 0, 1.000070, 210014720, 1.000070, 31558, 31558, 31548, 0, 7887, 0, 0, 0, 0, 0, 0, 29107866, 31555.788090, 31545.788790, 0.000000
9443, 1, 2.000648, 210121419, 1.000578, 31684, 31684, 31681, 0, 7921, 0, 0, 9, 0, 0, 0, 29112039, 31665.691350, 31662.693083, 0.000000
9443, 2, 3.000703, 210011507, 1.000055, 31689, 31689, 31685, 0, 7921, 0, 0, 8, 0, 0, 0, 29098533, 31687.263689, 31683.263908, 0.000000
9443, 3, 4.000707, 210000892, 1.000004, 31690, 31690, 31698, 0, 7924, 0, 0, 13, 0, 0, 0, 29058871, 31689.865394, 31697.865360, 0.000000
9443, 4, 5.000720, 210002762, 1.000013, 31716, 31716, 31721, 0, 7931, 0, 0, 8, 0, 0, 0, 29181697, 31715.582865, 31720.582799, 0.000000
9443, 5, 6.000726, 210001129, 1.000005, 31583, 31583, 31583, 0, 7895, 0, 0, 9, 0, 0, 0, 29802466, 31582.830205, 31582.830205, 0.000000
9443, 6, 7.000812, 210017998, 1.000086, 31714, 31714, 31700, 0, 7925, 0, 0, 0, 0, 0, 0, 29597125, 31711.282192, 31697.283392, 0.000000
9443, 7, 8.001035, 210046889, 1.000223, 31708, 31708, 31712, 0, 7928, 0, 0, 0, 0, 0, 0, 29548824, 31700.921788, 31704.920895, 0.000000
