ThreadID, cIDX, Time, cycles, deltaT, RX, OnRX, TX, SupTX, OnTX, Idle, OnIdle, Blocked, CacheMiss, CacheHit, CacheWB, CPUIdle, RX/s, TX/s, Sup/s
9696, 0, 0, 0, 0, 0, 0, 0, 0, 0, 0, 0, 0, 0, 0, 0, 0, 0, 0, 0
9696, 0, 1.000051, 210010756, 1.000051, 31707, 31707, 31696, 0, 7924, 0, 0, 0, 0, 0, 0, 29031702, 31705.376081, 31694.376644, 0.000000
9696, 1, 2.000560, 210106909, 1.000509, 31636, 31636, 31633, 0, 7909, 0, 0, 8, 0, 0, 0, 29030800, 31619.902609, 31616.904135, 0.000000
9696, 2, 3.000619, 210012228, 1.000058, 31648, 31648, 31664, 0, 7916, 0, 0, 10, 0, 0, 0, 29024048, 31646.157289, 31662.156358, 0.000000
9696, 3, 4.000621, 210000435, 1.000002, 31701, 31701, 31698, 0, 7924, 0, 0, 12, 0, 0, 0, 29145857, 31700.934334, 31697.934340, 0.000000
9696, 4, 5.000631, 210002208, 1.000011, 31691, 31691, 31687, 0, 7922, 0, 0, 8, 0, 0, 0, 29324040, 31690.666795, 31686.666837, 0.000000
9696, 5, 6.000666, 210007221, 1.000034, 31587, 31587, 31580, 0, 7895, 0, 0, 4, 0, 0, 0, 29769525, 31585.913896, 31578.914136, 0.000000
9696, 6, 7.001000, 210070179, 1.000334, 31614, 31614, 31610, 0, 7902, 0, 0, 0, 0, 0, 0, 29507942, 31603.438582, 31599.439919, 0.000000
9696, 7, 8.001017, 210003711, 1.000018, 31738, 31738, 31740, 0, 7935, 0, 0, 0, 0, 0, 0, 29403017, 31737.439154, 31739.439119, 0.000000
