ThreadID, cIDX, Time, cycles, deltaT, RX, OnRX, TX, SupTX, OnTX, Idle, OnIdle, Blocked, CacheMiss, CacheHit, CacheWB, CPUIdle, RX/s, TX/s, Sup/s
432, 0, 0, 0, 0, 0, 0, 0, 0, 0, 0, 0, 0, 0, 0, 0, 0, 0, 0, 0
432, 0, 1.000198, 210041512, 1.000198, 30559, 30559, 30563, 0, 7924, 0, 0, 0, 0, 0, 0, 25882485, 30552.960407, 30556.959617, 0.000000
432, 1, 2.000292, 210019752, 1.000094, 30533, 30533, 30525, 0, 7915, 0, 0, 1, 0, 0, 0, 25997523, 30530.128423, 30522.129176, 0.000000
432, 2, 3.000535, 210051089, 1.000243, 30581, 30581, 30570, 0, 7926, 0, 0, 0, 0, 0, 0, 26133078, 30573.562035, 30562.564710, 0.000000
432, 3, 4.000539, 210000784, 1.000004, 30582, 30582, 30599, 0, 7934, 0, 0, 0, 0, 0, 0, 25966728, 30581.885828, 30598.885764, 0.000000
432, 4, 5.000543, 210000794, 1.000004, 30533, 30533, 30538, 0, 7915, 0, 0, 0, 0, 0, 0, 26669415, 30532.884557, 30537.884538, 0.000000
432, 5, 6.000545, 210000591, 1.000003, 30482, 30482, 30467, 0, 7899, 0, 0, 0, 0, 0, 0, 26647147, 30481.914215, 30466.914257, 0.000000
432, 6, 7.000547, 210000446, 1.000002, 30547, 30547, 30564, 0, 7925, 0, 0, 1, 0, 0, 0, 26772728, 30546.935124, 30563.935088, 0.000000
432, 7, 8.000710, 210034202, 1.000163, 30613, 30613, 30595, 0, 7932, 0, 0, 0, 0, 0, 0, 26568423, 30608.014975, 30590.017906, 0.000000
