ThreadID, cIDX, Time, cycles, deltaT, RX, OnRX, TX, SupTX, OnTX, Idle, OnIdle, Blocked, CacheMiss, CacheHit, CacheWB, CPUIdle, RX/s, TX/s, Sup/s
1409, 0, 0, 0, 0, 0, 0, 0, 0, 0, 0, 0, 0, 0, 0, 0, 0, 0, 0, 0
1409, 0, 1.000044, 210009337, 1.000044, 31717, 31717, 31700, 0, 7925, 0, 0, 1, 665477, 182051163, 270108, 31825700, 31715.589864, 31698.590620, 0.000000
1409, 1, 2.000283, 210050151, 1.000239, 31650, 31650, 31668, 0, 7917, 0, 0, 5, 568088, 182090144, 226002, 31875205, 31642.443332, 31660.439035, 0.000000
1409, 2, 3.000325, 210008751, 1.000042, 31615, 31615, 31620, 0, 7905, 0, 0, 3, 531979, 182064878, 210422, 31846725, 31613.682613, 31618.682404, 0.000000
1409, 3, 4.000346, 210004322, 1.000021, 31764, 31764, 31752, 0, 7938, 0, 0, 0, 521554, 182046221, 206045, 31809751, 31763.346280, 31751.346527, 0.000000
1409, 4, 5.000350, 210000834, 1.000004, 31627, 31627, 31636, 0, 7909, 0, 0, 2, 515819, 181829757, 202358, 32279211, 31626.874396, 31635.874360, 0.000000
1409, 5, 6.000391, 210008686, 1.000041, 31591, 31591, 31596, 0, 7899, 0, 0, 4, 510975, 181743352, 200272, 32465972, 31589.693390, 31594.693183, 0.000000
1409, 6, 7.000396, 210001121, 1.000005, 31700, 31700, 31688, 0, 7922, 0, 0, 0, 511131, 181862503, 199227, 32311604, 31699.830783, 31687.830847, 0.000000
1409, 7, 8.000410, 210002853, 1.000014, 31670, 31670, 31668, 0, 7917, 0, 0, 0, 510157, 181969844, 199220, 32035463, 31669.569746, 31667.569773, 0.000000
