ThreadID, cIDX, Time, cycles, deltaT, RX, OnRX, TX, SupTX, OnTX, Idle, OnIdle, Blocked, CacheMiss, CacheHit, CacheWB, CPUIdle, RX/s, TX/s, Sup/s
2567, 0, 0, 0, 0, 0, 0, 0, 0, 0, 0, 0, 0, 0, 0, 0, 0, 0, 0, 0
2567, 0, 1.000019, 210003956, 1.000019, 31635, 31635, 31644, 0, 7911, 0, 0, 0, 652756, 182132930, 270324, 31592705, 31634.404068, 31643.403899, 0.000000
2567, 1, 2.000419, 210084127, 1.000401, 31660, 31660, 31645, 0, 7912, 0, 0, 4, 566110, 182149655, 227753, 31734230, 31647.321932, 31632.327939, 0.000000
2567, 2, 3.000421, 210000402, 1.000002, 31663, 31663, 31671, 0, 7917, 0, 0, 10, 547747, 182089234, 218660, 31878861, 31662.939388, 31670.939373, 0.000000
2567, 3, 4.000438, 210003596, 1.000017, 31705, 31705, 31702, 0, 7926, 0, 0, 6, 531448, 182022788, 211356, 31875403, 31704.457099, 31701.457150, 0.000000
2567, 4, 5.000443, 210000947, 1.000005, 31701, 31701, 31706, 0, 7926, 0, 0, 11, 519438, 181920538, 203985, 32100749, 31700.857044, 31705.857022, 0.000000
2567, 5, 6.000792, 210073391, 1.000349, 31574, 31574, 31560, 0, 7890, 0, 0, 4, 513053, 181683840, 201926, 32717726, 31562.969343, 31548.974234, 0.000000
2567, 6, 7.000851, 210012193, 1.000058, 31584, 31584, 31580, 0, 7895, 0, 0, 0, 507612, 181701416, 199521, 32536627, 31582.166279, 31578.166512, 0.000000
2567, 7, 8.000852, 210000374, 1.000002, 31681, 31681, 31696, 0, 7924, 0, 0, 0, 506646, 181877933, 199291, 32177628, 31680.943578, 31695.943551, 0.000000
