ThreadID, cIDX, Time, cycles, deltaT, RX, OnRX, TX, SupTX, OnTX, Idle, OnIdle, Blocked, CacheMiss, CacheHit, CacheWB, CPUIdle, RX/s, TX/s, Sup/s
10722, 0, 0, 0, 0, 0, 0, 0, 0, 0, 0, 0, 0, 0, 0, 0, 0, 0, 0, 0
10722, 0, 1.000006, 210001328, 1.000006, 31600, 31600, 31612, 0, 7903, 0, 0, 1, 0, 0, 0, 28855662, 31599.800169, 31611.800093, 0.000000
10722, 1, 2.000035, 210006003, 1.000029, 31673, 31673, 31664, 0, 7916, 0, 0, 9, 0, 0, 0, 28971349, 31672.094631, 31663.094888, 0.000000
10722, 2, 3.000037, 210000508, 1.000002, 31712, 31712, 31701, 0, 7926, 0, 0, 6, 0, 0, 0, 29116294, 31711.923287, 31700.923314, 0.000000
10722, 3, 4.000123, 210018037, 1.000086, 31679, 31679, 31691, 0, 7922, 0, 0, 8, 0, 0, 0, 29294204, 31676.279309, 31688.278279, 0.000000
10722, 4, 5.000338, 210045053, 1.000215, 31617, 31617, 31624, 0, 7906, 0, 0, 11, 0, 0, 0, 29514687, 31610.218404, 31617.216903, 0.000000
10722, 5, 6.000356, 210003787, 1.000018, 31573, 31573, 31572, 0, 7893, 0, 0, 0, 0, 0, 0, 30019473, 31572.430644, 31571.430662, 0.000000
10722, 6, 7.000645, 210060727, 1.000289, 31694, 31694, 31676, 0, 7919, 0, 0, 0, 0, 0, 0, 29743159, 31684.837499, 31666.842703, 0.000000
10722, 7, 8.000858, 210044810, 1.000213, 31579, 31579, 31572, 0, 7893, 0, 0, 0, 0, 0, 0, 29539182, 31572.263080, 31565.264574, 0.000000
