ThreadID, cIDX, Time, cycles, deltaT, RX, OnRX, TX, SupTX, OnTX, Idle, OnIdle, Blocked, CacheMiss, CacheHit, CacheWB, CPUIdle, RX/s, TX/s, Sup/s
10612, 0, 0, 0, 0, 0, 0, 0, 0, 0, 0, 0, 0, 0, 0, 0, 0, 0, 0, 0
10612, 0, 1.000728, 210152951, 1.000728, 30468, 30468, 30476, 0, 7902, 0, 0, 0, 0, 0, 0, 31013977, 30445.825146, 30453.819323, 0.000000
10612, 1, 2.000732, 210000806, 1.000004, 30525, 30525, 30525, 0, 7914, 0, 0, 1, 0, 0, 0, 30849033, 30524.882843, 30524.882843, 0.000000
10612, 2, 3.000805, 210015336, 1.000073, 30511, 30511, 30485, 0, 7903, 0, 0, 5, 0, 0, 0, 31035994, 30508.771988, 30482.773887, 0.000000
10612, 3, 4.000818, 210002786, 1.000013, 30604, 30604, 30620, 0, 7939, 0, 0, 2, 0, 0, 0, 31178027, 30603.593992, 30619.593780, 0.000000
10612, 4, 5.000933, 210024009, 1.000114, 30520, 30520, 30535, 0, 7915, 0, 0, 2, 0, 0, 0, 31243801, 30516.511091, 30531.509376, 0.000000
10612, 5, 6.000940, 210001429, 1.000007, 30456, 30456, 30452, 0, 7894, 0, 0, 0, 0, 0, 0, 31761245, 30455.792756, 30451.792783, 0.000000
10612, 6, 7.000947, 210001488, 1.000007, 30569, 30569, 30561, 0, 7925, 0, 0, 0, 0, 0, 0, 31656769, 30568.783398, 30560.783455, 0.000000
10612, 7, 8.000987, 210008410, 1.000040, 30551, 30551, 30538, 0, 7917, 0, 0, 0, 0, 0, 0, 31416130, 30549.776554, 30536.777075, 0.000000
