ThreadID, cIDX, Time, cycles, deltaT, RX, OnRX, TX, SupTX, OnTX, Idle, OnIdle, Blocked, CacheMiss, CacheHit, CacheWB, CPUIdle, RX/s, TX/s, Sup/s
2868, 0, 0, 0, 0, 0, 0, 0, 0, 0, 0, 0, 0, 0, 0, 0, 0, 0, 0, 0
2868, 0, 1.000005, 210001055, 1.000005, 31558, 31558, 31552, 0, 7888, 0, 0, 0, 0, 0, 0, 28157919, 31557.841459, 31551.841490, 0.000000
2868, 1, 2.000069, 210013411, 1.000064, 31675, 31675, 31676, 0, 7919, 0, 0, 6, 0, 0, 0, 28049177, 31672.977303, 31673.977239, 0.000000
2868, 2, 3.000146, 210016170, 1.000077, 31712, 31712, 31708, 0, 7927, 0, 0, 5, 0, 0, 0, 28151246, 31709.558364, 31705.558672, 0.000000
2868, 3, 4.000160, 210003032, 1.000014, 31675, 31675, 31677, 0, 7920, 0, 0, 8, 0, 0, 0, 28295067, 31674.542680, 31676.542651, 0.000000
2868, 4, 5.000183, 210004789, 1.000023, 31639, 31639, 31639, 0, 7909, 0, 0, 7, 0, 0, 0, 28695110, 31638.278497, 31638.278497, 0.000000
2868, 5, 6.000189, 210001329, 1.000006, 31556, 31556, 31550, 0, 7888, 0, 0, 8, 0, 0, 0, 29174557, 31555.800297, 31549.800335, 0.000000
2868, 6, 7.000196, 210001411, 1.000007, 31637, 31637, 31635, 0, 7909, 0, 0, 3, 0, 0, 0, 28861291, 31636.787431, 31634.787444, 0.000000
2868, 7, 8.000521, 210068166, 1.000325, 31627, 31627, 31627, 0, 7906, 0, 0, 0, 0, 0, 0, 28885538, 31616.737207, 31616.737207, 0.000000
