ThreadID, cIDX, Time, cycles, deltaT, RX, OnRX, TX, SupTX, OnTX, Idle, OnIdle, Blocked, CacheMiss, CacheHit, CacheWB, CPUIdle, RX/s, TX/s, Sup/s
1330, 0, 0, 0, 0, 0, 0, 0, 0, 0, 0, 0, 0, 0, 0, 0, 0, 0, 0, 0
1330, 0, 1.000058, 210012141, 1.000058, 31674, 31674, 31660, 0, 7915, 0, 0, 1, 0, 0, 0, 28243048, 31672.168896, 31658.169706, 0.000000
1330, 1, 2.000080, 210004560, 1.000022, 31647, 31647, 31656, 0, 7914, 0, 0, 6, 0, 0, 0, 28365637, 31646.312823, 31655.312627, 0.000000
1330, 2, 3.000225, 210030594, 1.000146, 31648, 31648, 31638, 0, 7910, 0, 0, 4, 0, 0, 0, 28435539, 31643.390010, 31633.391467, 0.000000
1330, 3, 4.000228, 210000577, 1.000003, 31721, 31721, 31729, 0, 7932, 0, 0, 12, 0, 0, 0, 28471830, 31720.912843, 31728.912821, 0.000000
1330, 4, 5.000253, 210005189, 1.000025, 31629, 31629, 31625, 0, 7906, 0, 0, 6, 0, 0, 0, 28678834, 31628.218482, 31624.218581, 0.000000
1330, 5, 6.000262, 210002004, 1.000010, 31610, 31610, 31613, 0, 7904, 0, 0, 8, 0, 0, 0, 29042533, 31609.698353, 31612.698325, 0.000000
1330, 6, 7.000269, 210001503, 1.000007, 31641, 31641, 31656, 0, 7914, 0, 0, 4, 0, 0, 0, 28818601, 31640.773542, 31655.773435, 0.000000
1330, 7, 8.000500, 210048339, 1.000230, 31708, 31708, 31691, 0, 7922, 0, 0, 1, 0, 0, 0, 28702126, 31700.702951, 31683.706863, 0.000000
