ThreadID, cIDX, Time, cycles, deltaT, RX, OnRX, TX, SupTX, OnTX, Idle, OnIdle, Blocked, CacheMiss, CacheHit, CacheWB, CPUIdle, RX/s, TX/s, Sup/s
2323, 0, 0, 0, 0, 0, 0, 0, 0, 0, 0, 0, 0, 0, 0, 0, 0, 0, 0, 0
2323, 0, 1.000053, 210011166, 1.000053, 31570, 31570, 31560, 0, 7890, 0, 0, 3, 0, 0, 0, 29649435, 31568.321467, 31558.321999, 0.000000
2323, 1, 2.000064, 210002172, 1.000010, 31652, 31652, 31648, 0, 7912, 0, 0, 7, 0, 0, 0, 29548421, 31651.672631, 31647.672673, 0.000000
2323, 2, 3.000475, 210086450, 1.000412, 31654, 31654, 31680, 0, 7920, 0, 0, 8, 0, 0, 0, 30055662, 31640.974466, 31666.963767, 0.000000
2323, 3, 4.000479, 210000740, 1.000004, 31654, 31654, 31632, 0, 7908, 0, 0, 11, 0, 0, 0, 30110306, 31653.888458, 31631.888535, 0.000000
2323, 4, 5.000490, 210002430, 1.000012, 31688, 31688, 31700, 0, 7925, 0, 0, 7, 0, 0, 0, 30159481, 31687.633329, 31699.633190, 0.000000
2323, 5, 6.000602, 210023441, 1.000112, 31580, 31580, 31584, 0, 7896, 0, 0, 3, 0, 0, 0, 30643713, 31576.475314, 31580.474867, 0.000000
2323, 6, 7.000603, 210000313, 1.000001, 31590, 31590, 31575, 0, 7894, 0, 0, 1, 0, 0, 0, 30535259, 31589.952916, 31574.952938, 0.000000
2323, 7, 8.000605, 210000277, 1.000001, 31737, 31737, 31745, 0, 7936, 0, 0, 1, 0, 0, 0, 30204576, 31736.958137, 31744.958127, 0.000000
