ThreadID, cIDX, Time, cycles, deltaT, RX, OnRX, TX, SupTX, OnTX, Idle, OnIdle, Blocked, CacheMiss, CacheHit, CacheWB, CPUIdle, RX/s, TX/s, Sup/s
692, 0, 0, 0, 0, 0, 0, 0, 0, 0, 0, 0, 0, 0, 0, 0, 0, 0, 0, 0
692, 0, 1.000096, 210020221, 1.000096, 31565, 31565, 31576, 0, 7894, 0, 0, 0, 0, 0, 0, 25980272, 31561.960884, 31572.959825, 0.000000
692, 1, 2.000106, 210002019, 1.000010, 31682, 31682, 31668, 0, 7917, 0, 0, 0, 0, 0, 0, 25859920, 31681.695403, 31667.695538, 0.000000
692, 2, 3.000110, 210000848, 1.000004, 31715, 31715, 31724, 0, 7931, 0, 0, 0, 0, 0, 0, 26078969, 31714.871932, 31723.871896, 0.000000
692, 3, 4.000120, 210002132, 1.000010, 31665, 31665, 31676, 0, 7919, 0, 0, 0, 0, 0, 0, 26109630, 31664.678528, 31675.678416, 0.000000
692, 4, 5.000122, 210000397, 1.000002, 31659, 31659, 31635, 0, 7909, 0, 0, 0, 0, 0, 0, 26595263, 31658.940150, 31634.940195, 0.000000
692, 5, 6.000600, 210100431, 1.000478, 31602, 31602, 31589, 0, 7897, 0, 0, 0, 0, 0, 0, 26906467, 31586.893794, 31573.900008, 0.000000
692, 6, 7.000605, 210000898, 1.000004, 31645, 31645, 31674, 0, 7919, 0, 0, 1, 0, 0, 0, 26550147, 31644.864681, 31673.864557, 0.000000
692, 7, 8.000686, 210017141, 1.000082, 31638, 31638, 31642, 0, 7910, 0, 0, 1, 0, 0, 0, 26697152, 31635.417797, 31639.417470, 0.000000
