ThreadID, cIDX, Time, cycles, deltaT, RX, OnRX, TX, SupTX, OnTX, Idle, OnIdle, Blocked, CacheMiss, CacheHit, CacheWB, CPUIdle, RX/s, TX/s, Sup/s
8868, 0, 0, 0, 0, 0, 0, 0, 0, 0, 0, 0, 0, 0, 0, 0, 0, 0, 0, 0
8868, 0, 1.000164, 210034497, 1.000164, 31642, 31642, 31637, 0, 7910, 0, 0, 5, 0, 0, 0, 27804210, 31636.802977, 31631.803798, 0.000000
8868, 1, 2.000187, 210004773, 1.000023, 31676, 31676, 31684, 0, 7921, 0, 0, 4, 0, 0, 0, 27587174, 31675.280066, 31683.279884, 0.000000
8868, 2, 3.000618, 210090509, 1.000431, 31712, 31712, 31687, 0, 7921, 0, 0, 4, 0, 0, 0, 27659239, 31698.338167, 31673.348937, 0.000000
8868, 3, 4.000869, 210052610, 1.000251, 31624, 31624, 31632, 0, 7908, 0, 0, 5, 0, 0, 0, 27614406, 31616.079419, 31624.077416, 0.000000
8868, 4, 5.000878, 210001966, 1.000009, 31623, 31623, 31616, 0, 7904, 0, 0, 0, 0, 0, 0, 28333704, 31622.703951, 31615.704017, 0.000000
8868, 5, 6.001358, 210100752, 1.000480, 31684, 31684, 31688, 0, 7922, 0, 0, 0, 0, 0, 0, 28455412, 31668.806212, 31672.804293, 0.000000
8868, 6, 7.001361, 210000786, 1.000004, 31670, 31670, 31680, 0, 7920, 0, 0, 0, 0, 0, 0, 28447952, 31669.881464, 31679.881427, 0.000000
8868, 7, 8.001457, 210020168, 1.000096, 31632, 31632, 31652, 0, 7913, 0, 0, 2, 0, 0, 0, 28318928, 31628.962415, 31648.960494, 0.000000
