ThreadID, cIDX, Time, cycles, deltaT, RX, OnRX, TX, SupTX, OnTX, Idle, OnIdle, Blocked, CacheMiss, CacheHit, CacheWB, CPUIdle, RX/s, TX/s, Sup/s
2050, 0, 0, 0, 0, 0, 0, 0, 0, 0, 0, 0, 0, 0, 0, 0, 0, 0, 0, 0
2050, 0, 1.000541, 210113524, 1.000541, 31617, 31617, 31613, 0, 7904, 0, 0, 7, 668683, 182132636, 275030, 31693613, 31599.917386, 31595.919547, 0.000000
2050, 1, 2.000583, 210008880, 1.000042, 31642, 31642, 31632, 0, 7908, 0, 0, 4, 577345, 182168179, 229879, 31632935, 31640.662052, 31630.662475, 0.000000
2050, 2, 3.000610, 210005769, 1.000027, 31660, 31660, 31673, 0, 7918, 0, 0, 8, 548678, 182036935, 216749, 31903687, 31659.130278, 31672.129921, 0.000000
2050, 3, 4.000648, 210007822, 1.000037, 31655, 31655, 31650, 0, 7912, 0, 0, 7, 523038, 181968705, 205662, 32060625, 31653.820971, 31648.821157, 0.000000
2050, 4, 5.000652, 210000884, 1.000004, 31690, 31690, 31689, 0, 7923, 0, 0, 5, 514763, 181917853, 199885, 32153847, 31689.866601, 31688.866605, 0.000000
2050, 5, 6.000710, 210012227, 1.000058, 31590, 31590, 31592, 0, 7898, 0, 0, 4, 503401, 181662686, 195536, 32604769, 31588.160817, 31590.160701, 0.000000
2050, 6, 7.000717, 210001386, 1.000007, 31569, 31569, 31578, 0, 7894, 0, 0, 5, 503590, 181770357, 195195, 32439523, 31568.791646, 31577.791587, 0.000000
2050, 7, 8.000928, 210044325, 1.000211, 31757, 31757, 31741, 0, 7935, 0, 0, 5, 502503, 181924896, 194640, 32269856, 31750.298419, 31734.301796, 0.000000
