ThreadID, cIDX, Time, cycles, deltaT, RX, OnRX, TX, SupTX, OnTX, Idle, OnIdle, Blocked, CacheMiss, CacheHit, CacheWB, CPUIdle, RX/s, TX/s, Sup/s
8652, 0, 0, 0, 0, 0, 0, 0, 0, 0, 0, 0, 0, 0, 0, 0, 0, 0, 0, 0
8652, 0, 1.000009, 210001859, 1.000009, 27277, 27277, 27281, 0, 6821, 0, 0, 0, 641275, 182379075, 255601, 28594231, 27276.758536, 27280.758500, 0.000000
8652, 1, 2.000057, 210010095, 1.000048, 27096, 27096, 27095, 0, 6773, 0, 0, 3, 558367, 182484842, 216258, 28492027, 27094.697519, 27093.697567, 0.000000
8652, 2, 3.000064, 210001383, 1.000007, 27070, 27070, 27068, 0, 6767, 0, 0, 4, 537921, 182413075, 206529, 28584083, 27069.821726, 27067.821739, 0.000000
8652, 3, 4.000067, 210000735, 1.000004, 27220, 27220, 27220, 0, 6805, 0, 0, 4, 536680, 182511915, 205452, 28474992, 27219.904730, 27219.904730, 0.000000
8652, 4, 5.000092, 210005320, 1.000025, 27156, 27156, 27153, 0, 6789, 0, 0, 7, 531949, 182192522, 203211, 29006048, 27155.312065, 27152.312141, 0.000000
8652, 5, 6.000114, 210004561, 1.000022, 27077, 27077, 27079, 0, 6769, 0, 0, 0, 525774, 182113387, 199994, 29167627, 27076.411926, 27078.411883, 0.000000
8652, 6, 7.000286, 210036079, 1.000172, 27100, 27100, 27096, 0, 6774, 0, 0, 0, 516130, 182135496, 195658, 29288955, 27095.344891, 27091.345578, 0.000000
8652, 7, 8.000291, 210001029, 1.000005, 27216, 27216, 27227, 0, 6807, 0, 0, 0, 510655, 182132720, 192107, 29330074, 27215.866642, 27226.866588, 0.000000
