ThreadID, cIDX, Time, cycles, deltaT, RX, OnRX, TX, SupTX, OnTX, Idle, OnIdle, Blocked, CacheMiss, CacheHit, CacheWB, CPUIdle, RX/s, TX/s, Sup/s
1776, 0, 0, 0, 0, 0, 0, 0, 0, 0, 0, 0, 0, 0, 0, 0, 0, 0, 0, 0
1776, 0, 1.000010, 210002197, 1.000010, 29438, 29438, 29435, 0, 7927, 0, 0, 0, 0, 0, 0, 30849757, 29437.692026, 29434.692057, 0.000000
1776, 1, 2.000048, 210007931, 1.000038, 29424, 29424, 29432, 0, 7923, 0, 0, 5, 0, 0, 0, 30933149, 29422.888796, 29430.888493, 0.000000
1776, 2, 3.000050, 210000379, 1.000002, 29422, 29422, 29413, 0, 7921, 0, 0, 0, 0, 0, 0, 31072865, 29421.946900, 29412.946917, 0.000000
1776, 3, 4.000156, 210022212, 1.000106, 29399, 29399, 29417, 0, 7918, 0, 0, 10, 0, 0, 0, 31244462, 29395.890755, 29413.888851, 0.000000
1776, 4, 5.000205, 210010311, 1.000049, 29388, 29388, 29364, 0, 7907, 0, 0, 1, 0, 0, 0, 31375182, 29386.557120, 29362.558298, 0.000000
1776, 5, 6.000224, 210004019, 1.000019, 29303, 29303, 29310, 0, 7892, 0, 0, 5, 0, 0, 0, 31802976, 29302.439207, 29309.439073, 0.000000
1776, 6, 7.000269, 210009519, 1.000045, 29367, 29367, 29380, 0, 7908, 0, 0, 3, 0, 0, 0, 31608669, 29365.668896, 29378.668307, 0.000000
1776, 7, 8.000682, 210086607, 1.000412, 29374, 29374, 29353, 0, 7903, 0, 0, 0, 0, 0, 0, 31406930, 29361.890737, 29340.899394, 0.000000
