ThreadID, cIDX, Time, cycles, deltaT, RX, OnRX, TX, SupTX, OnTX, Idle, OnIdle, Blocked, CacheMiss, CacheHit, CacheWB, CPUIdle, RX/s, TX/s, Sup/s
10112, 0, 0, 0, 0, 0, 0, 0, 0, 0, 0, 0, 0, 0, 0, 0, 0, 0, 0, 0
10112, 0, 1.000055, 210011451, 1.000055, 30553, 30553, 30549, 0, 7921, 0, 0, 0, 641767, 182144808, 267802, 31609800, 30551.334079, 30547.334297, 0.000000
10112, 1, 2.000084, 210006250, 1.000030, 30549, 30549, 30562, 0, 7923, 0, 0, 4, 564735, 182130656, 231320, 31780626, 30548.090831, 30561.090444, 0.000000
10112, 2, 3.000087, 210000569, 1.000003, 30574, 30574, 30552, 0, 7922, 0, 0, 0, 548653, 182044825, 223779, 31956801, 30573.917159, 30551.917219, 0.000000
10112, 3, 4.000203, 210024335, 1.000116, 30535, 30535, 30564, 0, 7926, 0, 0, 10, 542079, 182007508, 220518, 32037893, 30531.461985, 30560.458625, 0.000000
10112, 4, 5.000233, 210006332, 1.000030, 30500, 30500, 30488, 0, 7904, 0, 0, 0, 537755, 181901595, 217057, 32210495, 30499.080380, 30487.080742, 0.000000
10112, 5, 6.000379, 210030688, 1.000146, 30432, 30432, 30416, 0, 7885, 0, 0, 0, 524691, 181702170, 211875, 32591380, 30427.553520, 30411.555858, 0.000000
10112, 6, 7.000431, 210010792, 1.000051, 30515, 30515, 30536, 0, 7917, 0, 0, 3, 520692, 181758153, 209322, 32420847, 30513.431900, 30534.430821, 0.000000
10112, 7, 8.000493, 210013204, 1.000063, 30495, 30495, 30492, 0, 7905, 0, 0, 0, 513375, 181900409, 205646, 32289675, 30493.082711, 30490.082900, 0.000000
