ThreadID, cIDX, Time, cycles, deltaT, RX, OnRX, TX, SupTX, OnTX, Idle, OnIdle, Blocked, CacheMiss, CacheHit, CacheWB, CPUIdle, RX/s, TX/s, Sup/s
9710, 0, 0, 0, 0, 0, 0, 0, 0, 0, 0, 0, 0, 0, 0, 0, 0, 0, 0, 0
9710, 0, 1.000018, 210003787, 1.000018, 27225, 27225, 27226, 0, 6807, 0, 0, 0, 0, 0, 0, 29027752, 27224.509051, 27225.509033, 0.000000
9710, 1, 2.000023, 210001070, 1.000005, 27135, 27135, 27130, 0, 6782, 0, 0, 8, 0, 0, 0, 28941002, 27134.861741, 27129.861767, 0.000000
9710, 2, 3.000060, 210007827, 1.000037, 27164, 27164, 27172, 0, 6793, 0, 0, 6, 0, 0, 0, 29022252, 27162.987597, 27170.987298, 0.000000
9710, 3, 4.000107, 210009839, 1.000047, 27190, 27190, 27180, 0, 6795, 0, 0, 4, 0, 0, 0, 29170698, 27188.726143, 27178.726612, 0.000000
9710, 4, 5.000214, 210022371, 1.000107, 27082, 27082, 27088, 0, 6772, 0, 0, 8, 0, 0, 0, 29354526, 27079.115301, 27085.114661, 0.000000
9710, 5, 6.000217, 210000615, 1.000003, 27039, 27039, 27039, 0, 6760, 0, 0, 6, 0, 0, 0, 29778363, 27038.920815, 27038.920815, 0.000000
9710, 6, 7.000299, 210017213, 1.000082, 27176, 27176, 27177, 0, 6794, 0, 0, 4, 0, 0, 0, 29515275, 27173.772656, 27174.772574, 0.000000
9710, 7, 8.000312, 210002826, 1.000013, 27036, 27036, 27041, 0, 6761, 0, 0, 0, 0, 0, 0, 29403576, 27035.636178, 27040.636110, 0.000000
