ThreadID, cIDX, Time, cycles, deltaT, RX, OnRX, TX, SupTX, OnTX, Idle, OnIdle, Blocked, CacheMiss, CacheHit, CacheWB, CPUIdle, RX/s, TX/s, Sup/s
8225, 0, 0, 0, 0, 0, 0, 0, 0, 0, 0, 0, 0, 0, 0, 0, 0, 0, 0, 0
8225, 0, 1.000415, 210087170, 1.000415, 31672, 31672, 31684, 0, 7921, 0, 0, 0, 0, 0, 0, 28262394, 31658.858559, 31670.853579, 0.000000
8225, 1, 2.000446, 210006543, 1.000031, 31680, 31680, 31670, 0, 7918, 0, 0, 5, 0, 0, 0, 28117643, 31679.012972, 31669.013284, 0.000000
8225, 2, 3.000472, 210005448, 1.000026, 31707, 31707, 31708, 0, 7927, 0, 0, 6, 0, 0, 0, 28053788, 31706.177451, 31707.177425, 0.000000
8225, 3, 4.000840, 210077343, 1.000368, 31699, 31699, 31686, 0, 7921, 0, 0, 1, 0, 0, 0, 28213652, 31687.329557, 31674.334343, 0.000000
8225, 4, 5.000896, 210011660, 1.000056, 31647, 31647, 31641, 0, 7911, 0, 0, 0, 0, 0, 0, 28544753, 31645.242936, 31639.243269, 0.000000
8225, 5, 6.000937, 210008677, 1.000041, 31590, 31590, 31611, 0, 7902, 0, 0, 3, 0, 0, 0, 28917676, 31588.694785, 31609.693918, 0.000000
8225, 6, 7.000960, 210004850, 1.000023, 31618, 31618, 31610, 0, 7903, 0, 0, 0, 0, 0, 0, 28625495, 31617.269792, 31609.269976, 0.000000
8225, 7, 8.001000, 210008396, 1.000040, 31630, 31630, 31622, 0, 7905, 0, 0, 0, 0, 0, 0, 28081522, 31628.735453, 31620.735773, 0.000000
