ThreadID, cIDX, Time, cycles, deltaT, RX, OnRX, TX, SupTX, OnTX, Idle, OnIdle, Blocked, CacheMiss, CacheHit, CacheWB, CPUIdle, RX/s, TX/s, Sup/s
10797, 0, 0, 0, 0, 0, 0, 0, 0, 0, 0, 0, 0, 0, 0, 0, 0, 0, 0, 0
10797, 0, 1.000032, 210006673, 1.000032, 27211, 27211, 27220, 0, 6805, 0, 0, 0, 0, 0, 0, 28260408, 27210.135366, 27219.135080, 0.000000
10797, 1, 2.000061, 210006179, 1.000029, 27192, 27192, 27185, 0, 6797, 0, 0, 0, 0, 0, 0, 28285023, 27191.199931, 27184.200137, 0.000000
10797, 2, 3.000677, 210129308, 1.000616, 27156, 27156, 27155, 0, 6788, 0, 0, 3, 0, 0, 0, 28468860, 27139.288918, 27138.289534, 0.000000
10797, 3, 4.000734, 210012014, 1.000057, 27122, 27122, 27119, 0, 6780, 0, 0, 7, 0, 0, 0, 28374107, 27120.448452, 27117.448624, 0.000000
10797, 4, 5.000767, 210006827, 1.000033, 27119, 27119, 27121, 0, 6780, 0, 0, 3, 0, 0, 0, 28716268, 27118.118403, 27120.118338, 0.000000
10797, 5, 6.000847, 210016885, 1.000080, 27147, 27147, 27140, 0, 6785, 0, 0, 0, 0, 0, 0, 29064364, 27144.817427, 27137.817990, 0.000000
10797, 6, 7.000884, 210007692, 1.000037, 27140, 27140, 27148, 0, 6787, 0, 0, 0, 0, 0, 0, 28931221, 27139.005937, 27147.005644, 0.000000
10797, 7, 8.001000, 210024524, 1.000117, 27083, 27083, 27080, 0, 6770, 0, 0, 0, 0, 0, 0, 28959528, 27079.837591, 27076.837941, 0.000000
