ThreadID, cIDX, Time, cycles, deltaT, RX, OnRX, TX, SupTX, OnTX, Idle, OnIdle, Blocked, CacheMiss, CacheHit, CacheWB, CPUIdle, RX/s, TX/s, Sup/s
1265, 0, 0, 0, 0, 0, 0, 0, 0, 0, 0, 0, 0, 0, 0, 0, 0, 0, 0, 0
1265, 0, 1.000343, 210072079, 1.000343, 31684, 31684, 31696, 0, 7924, 0, 0, 1, 0, 0, 0, 30870608, 31673.128726, 31685.124609, 0.000000
1265, 1, 2.000348, 210000933, 1.000004, 31696, 31696, 31673, 0, 7919, 0, 0, 2, 0, 0, 0, 30903010, 31695.859180, 31672.859282, 0.000000
1265, 2, 3.000359, 210002330, 1.000011, 31649, 31649, 31657, 0, 7914, 0, 0, 8, 0, 0, 0, 31175740, 31648.648851, 31656.648762, 0.000000
1265, 3, 4.000368, 210001870, 1.000009, 31727, 31727, 31726, 0, 7931, 0, 0, 5, 0, 0, 0, 31145066, 31726.717481, 31725.717490, 0.000000
1265, 4, 5.000369, 210000236, 1.000001, 31606, 31606, 31612, 0, 7903, 0, 0, 1, 0, 0, 0, 31309499, 31605.964481, 31611.964474, 0.000000
1265, 5, 6.000397, 210005933, 1.000028, 31607, 31607, 31620, 0, 7905, 0, 0, 3, 0, 0, 0, 31574240, 31606.107052, 31619.106685, 0.000000
1265, 6, 7.000437, 210008450, 1.000040, 31708, 31708, 31704, 0, 7926, 0, 0, 0, 0, 0, 0, 31466856, 31706.724182, 31702.724343, 0.000000
1265, 7, 8.000689, 210052793, 1.000251, 31675, 31675, 31652, 0, 7913, 0, 0, 0, 0, 0, 0, 31504221, 31667.039057, 31644.044838, 0.000000
