ThreadID, cIDX, Time, cycles, deltaT, RX, OnRX, TX, SupTX, OnTX, Idle, OnIdle, Blocked, CacheMiss, CacheHit, CacheWB, CPUIdle, RX/s, TX/s, Sup/s
9311, 0, 0, 0, 0, 0, 0, 0, 0, 0, 0, 0, 0, 0, 0, 0, 0, 0, 0, 0
9311, 0, 1.000010, 210002043, 1.000010, 27251, 27251, 27260, 0, 6815, 0, 0, 1, 0, 0, 0, 29235204, 27250.734889, 27259.734802, 0.000000
9311, 1, 2.000018, 210001749, 1.000008, 27108, 27108, 27100, 0, 6775, 0, 0, 0, 0, 0, 0, 29056861, 27107.774231, 27099.774298, 0.000000
9311, 2, 3.000054, 210007478, 1.000036, 27102, 27102, 27096, 0, 6774, 0, 0, 2, 0, 0, 0, 29224223, 27101.034945, 27095.035159, 0.000000
9311, 3, 4.000060, 210001316, 1.000006, 27235, 27235, 27238, 0, 6810, 0, 0, 5, 0, 0, 0, 29092339, 27234.829328, 27237.829310, 0.000000
9311, 4, 5.000061, 210000299, 1.000001, 27110, 27110, 27118, 0, 6779, 0, 0, 7, 0, 0, 0, 29435977, 27109.961401, 27117.961389, 0.000000
9311, 5, 6.000070, 210001905, 1.000009, 27048, 27048, 27044, 0, 6761, 0, 0, 5, 0, 0, 0, 29740201, 27047.754638, 27043.754675, 0.000000
9311, 6, 7.000254, 210038535, 1.000183, 27215, 27215, 27208, 0, 6802, 0, 0, 5, 0, 0, 0, 29804939, 27210.006964, 27203.008248, 0.000000
9311, 7, 8.000285, 210006553, 1.000031, 27113, 27113, 27120, 0, 6780, 0, 0, 0, 0, 0, 0, 29622159, 27112.153972, 27119.153753, 0.000000
