ThreadID, cIDX, Time, cycles, deltaT, RX, OnRX, TX, SupTX, OnTX, Idle, OnIdle, Blocked, CacheMiss, CacheHit, CacheWB, CPUIdle, RX/s, TX/s, Sup/s
10524, 0, 0, 0, 0, 0, 0, 0, 0, 0, 0, 0, 0, 0, 0, 0, 0, 0, 0, 0
10524, 0, 1.000009, 210001880, 1.000009, 27233, 27233, 27233, 0, 6809, 0, 0, 1, 0, 0, 0, 29733152, 27232.756202, 27232.756202, 0.000000
10524, 1, 2.000012, 210000560, 1.000003, 27188, 27188, 27195, 0, 6798, 0, 0, 2, 0, 0, 0, 29884510, 27187.927499, 27194.927480, 0.000000
10524, 2, 3.000066, 210011417, 1.000054, 27146, 27146, 27137, 0, 6785, 0, 0, 3, 0, 0, 0, 29723356, 27144.524243, 27135.524732, 0.000000
10524, 3, 4.000068, 210000522, 1.000002, 27099, 27099, 27103, 0, 6775, 0, 0, 3, 0, 0, 0, 30089666, 27098.932640, 27102.932630, 0.000000
10524, 4, 5.000098, 210006240, 1.000030, 27114, 27114, 27109, 0, 6778, 0, 0, 3, 0, 0, 0, 30333259, 27113.194351, 27108.194499, 0.000000
10524, 5, 6.000154, 210011792, 1.000056, 27153, 27153, 27151, 0, 6787, 0, 0, 3, 0, 0, 0, 30797327, 27151.475380, 27149.475492, 0.000000
10524, 6, 7.000176, 210004547, 1.000022, 27116, 27116, 27120, 0, 6780, 0, 0, 0, 0, 0, 0, 30772632, 27115.412887, 27119.412800, 0.000000
10524, 7, 8.000196, 210004261, 1.000020, 27091, 27091, 27084, 0, 6771, 0, 0, 0, 0, 0, 0, 30425479, 27090.450322, 27083.450464, 0.000000
