ThreadID, cIDX, Time, cycles, deltaT, RX, OnRX, TX, SupTX, OnTX, Idle, OnIdle, Blocked, CacheMiss, CacheHit, CacheWB, CPUIdle, RX/s, TX/s, Sup/s
8294, 0, 0, 0, 0, 0, 0, 0, 0, 0, 0, 0, 0, 0, 0, 0, 0, 0, 0, 0
8294, 0, 1.000014, 210002860, 1.000014, 31512, 31512, 31505, 0, 7877, 0, 0, 1, 0, 0, 0, 29081909, 31511.570842, 31504.570938, 0.000000
8294, 1, 2.000030, 210003524, 1.000017, 31672, 31672, 31691, 0, 7922, 0, 0, 4, 0, 0, 0, 28911846, 31671.468523, 31690.468204, 0.000000
8294, 2, 3.000036, 210001120, 1.000005, 31709, 31709, 31690, 0, 7923, 0, 0, 0, 0, 0, 0, 29024719, 31708.830886, 31689.830988, 0.000000
8294, 3, 4.000041, 210001196, 1.000006, 31594, 31594, 31612, 0, 7903, 0, 0, 4, 0, 0, 0, 29076476, 31593.820066, 31611.819963, 0.000000
8294, 4, 5.000353, 210065488, 1.000312, 31655, 31655, 31622, 0, 7905, 0, 0, 0, 0, 0, 0, 29401352, 31645.131541, 31612.141829, 0.000000
8294, 5, 6.000439, 210018078, 1.000086, 31650, 31650, 31684, 0, 7921, 0, 0, 1, 0, 0, 0, 29716699, 31647.275622, 31681.272695, 0.000000
8294, 6, 7.000549, 210022993, 1.000109, 31544, 31544, 31520, 0, 7880, 0, 0, 0, 0, 0, 0, 29472806, 31540.546611, 31516.549238, 0.000000
8294, 7, 8.000952, 210084738, 1.000404, 31680, 31680, 31673, 0, 7919, 0, 0, 0, 0, 0, 0, 29345113, 31667.221824, 31660.224647, 0.000000
