ThreadID, cIDX, Time, cycles, deltaT, RX, OnRX, TX, SupTX, OnTX, Idle, OnIdle, Blocked, CacheMiss, CacheHit, CacheWB, CPUIdle, RX/s, TX/s, Sup/s
391, 0, 0, 0, 0, 0, 0, 0, 0, 0, 0, 0, 0, 0, 0, 0, 0, 0, 0, 0
391, 0, 1.000035, 210007248, 1.000035, 30418, 30418, 30403, 0, 7883, 0, 0, 0, 685537, 183336363, 284118, 29494265, 30416.950181, 30401.950698, 0.000000
391, 1, 2.000087, 210011014, 1.000052, 30577, 30577, 30580, 0, 7928, 0, 0, 3, 612887, 183400068, 247989, 29505548, 30575.396393, 30578.396236, 0.000000
391, 2, 3.000172, 210017834, 1.000085, 30564, 30564, 30573, 0, 7927, 0, 0, 1, 592923, 183330599, 236306, 29731739, 30561.404609, 30570.403845, 0.000000
391, 3, 4.000520, 210073058, 1.000348, 30547, 30547, 30540, 0, 7920, 0, 0, 0, 591972, 183453214, 236244, 29522585, 30536.376540, 30529.378974, 0.000000
391, 4, 5.000524, 210000895, 1.000004, 30445, 30445, 30466, 0, 7899, 0, 0, 0, 572875, 183076555, 227132, 30073651, 30444.870247, 30465.870157, 0.000000
391, 5, 6.000536, 210002560, 1.000012, 30548, 30548, 30550, 0, 7919, 0, 0, 0, 570884, 183053974, 225326, 30065552, 30547.627610, 30549.627585, 0.000000
391, 6, 7.000543, 210001358, 1.000006, 30444, 30444, 30438, 0, 7892, 0, 0, 0, 571250, 183012288, 226039, 30291842, 30443.803130, 30437.803169, 0.000000
391, 7, 8.000545, 210000487, 1.000002, 30511, 30511, 30516, 0, 7911, 0, 0, 1, 572026, 183172214, 225907, 29847402, 30510.929244, 30515.929232, 0.000000
