ThreadID, cIDX, Time, cycles, deltaT, RX, OnRX, TX, SupTX, OnTX, Idle, OnIdle, Blocked, CacheMiss, CacheHit, CacheWB, CPUIdle, RX/s, TX/s, Sup/s
9100, 0, 0, 0, 0, 0, 0, 0, 0, 0, 0, 0, 0, 0, 0, 0, 0, 0, 0, 0
9100, 0, 1.000006, 210001238, 1.000006, 26156, 26156, 26160, 0, 6825, 0, 0, 0, 661813, 182017556, 276788, 32171800, 26155.845805, 26159.845781, 0.000000
9100, 1, 2.000026, 210004176, 1.000020, 26014, 26014, 26016, 0, 6787, 0, 0, 0, 571670, 182100249, 232657, 32237374, 26013.482703, 26015.482664, 0.000000
9100, 2, 3.000031, 210001023, 1.000005, 25969, 25969, 25970, 0, 6776, 0, 0, 0, 551812, 182015876, 225520, 32393068, 25968.873494, 25969.873490, 0.000000
9100, 3, 4.000069, 210008041, 1.000038, 26040, 26040, 26030, 0, 6791, 0, 0, 0, 546727, 182064881, 222244, 32423833, 26039.002954, 26029.003337, 0.000000
9100, 4, 5.000075, 210001237, 1.000006, 25985, 25985, 25992, 0, 6780, 0, 0, 2, 539909, 181772189, 218056, 32895235, 25984.846937, 25991.846896, 0.000000
9100, 5, 6.000153, 210016315, 1.000078, 25908, 25908, 25904, 0, 6758, 0, 0, 0, 535598, 181733201, 216799, 32958988, 25905.987352, 25901.987662, 0.000000
9100, 6, 7.000197, 210009267, 1.000044, 26011, 26011, 26009, 0, 6786, 0, 0, 0, 532136, 181819919, 212938, 32777380, 26009.852222, 26007.852311, 0.000000
9100, 7, 8.000198, 210000325, 1.000002, 25939, 25939, 25945, 0, 6768, 0, 0, 0, 526229, 181790886, 210063, 32967589, 25938.959856, 25944.959847, 0.000000
