ThreadID, cIDX, Time, cycles, deltaT, RX, OnRX, TX, SupTX, OnTX, Idle, OnIdle, Blocked, CacheMiss, CacheHit, CacheWB, CPUIdle, RX/s, TX/s, Sup/s
747, 0, 0, 0, 0, 0, 0, 0, 0, 0, 0, 0, 0, 0, 0, 0, 0, 0, 0, 0
747, 0, 1.000002, 210000435, 1.000002, 27238, 27238, 27251, 0, 6813, 0, 0, 0, 0, 0, 0, 26796427, 27237.943579, 27250.943552, 0.000000
747, 1, 2.000008, 210001278, 1.000006, 27151, 27151, 27142, 0, 6786, 0, 0, 0, 0, 0, 0, 26721926, 27150.834768, 27141.834823, 0.000000
747, 2, 3.000136, 210026831, 1.000128, 27087, 27087, 27079, 0, 6769, 0, 0, 1, 0, 0, 0, 27036752, 27083.539626, 27075.540648, 0.000000
747, 3, 4.000178, 210008886, 1.000042, 27191, 27191, 27204, 0, 6801, 0, 0, 0, 0, 0, 0, 27006340, 27189.849481, 27202.848931, 0.000000
747, 4, 5.000185, 210001507, 1.000007, 27087, 27087, 27073, 0, 6769, 0, 0, 1, 0, 0, 0, 27412547, 27086.805620, 27072.805720, 0.000000
747, 5, 6.000191, 210001271, 1.000006, 27036, 27036, 27047, 0, 6761, 0, 0, 0, 0, 0, 0, 27626906, 27035.836369, 27046.836302, 0.000000
747, 6, 7.000274, 210017319, 1.000082, 27154, 27154, 27152, 0, 6788, 0, 0, 0, 0, 0, 0, 27436740, 27151.760756, 27149.760920, 0.000000
747, 7, 8.000283, 210001824, 1.000009, 27093, 27093, 27092, 0, 6773, 0, 0, 0, 0, 0, 0, 27390725, 27092.764680, 27091.764689, 0.000000
