ThreadID, cIDX, Time, cycles, deltaT, RX, OnRX, TX, SupTX, OnTX, Idle, OnIdle, Blocked, CacheMiss, CacheHit, CacheWB, CPUIdle, RX/s, TX/s, Sup/s
10437, 0, 0, 0, 0, 0, 0, 0, 0, 0, 0, 0, 0, 0, 0, 0, 0, 0, 0, 0
10437, 0, 1.000001, 210000282, 1.000001, 31612, 31612, 31618, 0, 7905, 0, 0, 1, 667878, 182135383, 277275, 28973145, 31611.957550, 31617.957542, 0.000000
10437, 1, 2.000025, 210004981, 1.000024, 31647, 31647, 31626, 0, 7906, 0, 0, 8, 570042, 182072248, 233221, 29195265, 31646.249381, 31625.249879, 0.000000
10437, 2, 3.000115, 210018969, 1.000090, 31681, 31681, 31696, 0, 7924, 0, 0, 2, 553520, 182066893, 227824, 29093842, 31678.138559, 31693.137204, 0.000000
10437, 3, 4.000120, 210001055, 1.000005, 31676, 31676, 31685, 0, 7922, 0, 0, 9, 535039, 181985734, 218100, 29321337, 31675.840867, 31684.840821, 0.000000
10437, 4, 5.000126, 210001097, 1.000005, 31694, 31694, 31672, 0, 7918, 0, 0, 9, 518545, 181905376, 209824, 29469463, 31693.834437, 31671.834552, 0.000000
10437, 5, 6.000350, 210047121, 1.000224, 31567, 31567, 31568, 0, 7892, 0, 0, 3, 503953, 181652153, 204059, 29985954, 31559.918405, 31560.918181, 0.000000
10437, 6, 7.000355, 210001107, 1.000005, 31603, 31603, 31620, 0, 7905, 0, 0, 1, 503430, 181686612, 202739, 29982357, 31602.833408, 31619.833318, 0.000000
10437, 7, 8.000695, 210071236, 1.000339, 31692, 31692, 31671, 0, 7917, 0, 0, 0, 500343, 181908172, 200673, 29709049, 31681.253115, 31660.260237, 0.000000
