ThreadID, cIDX, Time, cycles, deltaT, RX, OnRX, TX, SupTX, OnTX, Idle, OnIdle, Blocked, CacheMiss, CacheHit, CacheWB, CPUIdle, RX/s, TX/s, Sup/s
8255, 0, 0, 0, 0, 0, 0, 0, 0, 0, 0, 0, 0, 0, 0, 0, 0, 0, 0, 0
8255, 0, 1.000033, 210006970, 1.000033, 27125, 27125, 27136, 0, 6784, 0, 0, 0, 0, 0, 0, 28254572, 27124.099738, 27135.099373, 0.000000
8255, 1, 2.000425, 210082306, 1.000392, 27177, 27177, 27172, 0, 6793, 0, 0, 1, 0, 0, 0, 28152505, 27166.352601, 27161.354560, 0.000000
8255, 2, 3.000434, 210001894, 1.000009, 27173, 27173, 27164, 0, 6791, 0, 0, 7, 0, 0, 0, 28097962, 27172.754928, 27163.755009, 0.000000
8255, 3, 4.000464, 210006351, 1.000030, 27158, 27158, 27164, 0, 6791, 0, 0, 5, 0, 0, 0, 28204735, 27157.178689, 27163.178508, 0.000000
8255, 4, 5.000564, 210020946, 1.000100, 27157, 27157, 27156, 0, 6789, 0, 0, 2, 0, 0, 0, 28571235, 27154.291553, 27153.291653, 0.000000
8255, 5, 6.000610, 210009536, 1.000045, 27111, 27111, 27101, 0, 6776, 0, 0, 2, 0, 0, 0, 28889427, 27109.768958, 27099.769412, 0.000000
8255, 6, 7.000614, 210000954, 1.000005, 27151, 27151, 27166, 0, 6791, 0, 0, 0, 0, 0, 0, 28571886, 27150.876657, 27165.876589, 0.000000
8255, 7, 8.000689, 210015660, 1.000075, 27115, 27115, 27109, 0, 6777, 0, 0, 0, 0, 0, 0, 28148177, 27112.978146, 27106.978594, 0.000000
