ThreadID, cIDX, Time, cycles, deltaT, RX, OnRX, TX, SupTX, OnTX, Idle, OnIdle, Blocked, CacheMiss, CacheHit, CacheWB, CPUIdle, RX/s, TX/s, Sup/s
2409, 0, 0, 0, 0, 0, 0, 0, 0, 0, 0, 0, 0, 0, 0, 0, 0, 0, 0, 0
2409, 0, 1.000023, 210004930, 1.000023, 27176, 27176, 27169, 0, 6793, 0, 0, 0, 0, 0, 0, 28741744, 27175.362026, 27168.362190, 0.000000
2409, 1, 2.000475, 210094841, 1.000452, 27150, 27150, 27156, 0, 6789, 0, 0, 3, 0, 0, 0, 28859562, 27137.743949, 27143.741240, 0.000000
2409, 2, 3.000490, 210003061, 1.000015, 27150, 27150, 27147, 0, 6786, 0, 0, 3, 0, 0, 0, 29108759, 27149.604262, 27146.604306, 0.000000
2409, 3, 4.000496, 210001368, 1.000007, 27172, 27172, 27176, 0, 6794, 0, 0, 1, 0, 0, 0, 29139054, 27171.822995, 27175.822969, 0.000000
2409, 4, 5.000531, 210007270, 1.000035, 27168, 27168, 27172, 0, 6793, 0, 0, 4, 0, 0, 0, 29206273, 27167.059502, 27171.059364, 0.000000
2409, 5, 6.000593, 210013114, 1.000062, 27038, 27038, 27032, 0, 6758, 0, 0, 0, 0, 0, 0, 29737221, 27036.311647, 27030.312021, 0.000000
2409, 6, 7.000602, 210001789, 1.000009, 27193, 27193, 27196, 0, 6799, 0, 0, 0, 0, 0, 0, 29662999, 27192.768344, 27195.768318, 0.000000
2409, 7, 8.000627, 210005359, 1.000026, 27123, 27123, 27124, 0, 6781, 0, 0, 1, 0, 0, 0, 29565787, 27122.307865, 27123.307839, 0.000000
