ThreadID, cIDX, Time, cycles, deltaT, RX, OnRX, TX, SupTX, OnTX, Idle, OnIdle, Blocked, CacheMiss, CacheHit, CacheWB, CPUIdle, RX/s, TX/s, Sup/s
9093, 0, 0, 0, 0, 0, 0, 0, 0, 0, 0, 0, 0, 0, 0, 0, 0, 0, 0, 0
9093, 0, 1.000007, 210001550, 1.000007, 30497, 30497, 30507, 0, 7912, 0, 0, 0, 661805, 182018242, 276782, 32171936, 30496.774905, 30506.774831, 0.000000
9093, 1, 2.000014, 210001487, 1.000007, 30568, 30568, 30559, 0, 7920, 0, 0, 6, 571667, 182098215, 232656, 32237004, 30567.783551, 30558.783615, 0.000000
9093, 2, 3.000030, 210003233, 1.000015, 30571, 30571, 30572, 0, 7927, 0, 0, 3, 551815, 182017571, 225522, 32393516, 30570.529359, 30571.529344, 0.000000
9093, 3, 4.000032, 210000486, 1.000002, 30453, 30453, 30460, 0, 7897, 0, 0, 3, 546713, 182058471, 222238, 32423004, 30452.929523, 30459.929507, 0.000000
9093, 4, 5.000040, 210001663, 1.000008, 30518, 30518, 30521, 0, 7912, 0, 0, 0, 539914, 181772594, 218057, 32894804, 30517.758328, 30520.758305, 0.000000
9093, 5, 6.000047, 210001395, 1.000007, 30560, 30560, 30544, 0, 7918, 0, 0, 0, 535554, 181720062, 216781, 32955930, 30559.796996, 30543.797102, 0.000000
9093, 6, 7.000239, 210040411, 1.000192, 30569, 30569, 30564, 0, 7923, 0, 0, 0, 532222, 181846676, 212973, 32781978, 30563.118637, 30558.119599, 0.000000
9093, 7, 8.000258, 210004034, 1.000019, 30479, 30479, 30500, 0, 7909, 0, 0, 0, 526230, 181794429, 210065, 32970353, 30478.414524, 30499.414121, 0.000000
