ThreadID, cIDX, Time, cycles, deltaT, RX, OnRX, TX, SupTX, OnTX, Idle, OnIdle, Blocked, CacheMiss, CacheHit, CacheWB, CPUIdle, RX/s, TX/s, Sup/s
1857, 0, 0, 0, 0, 0, 0, 0, 0, 0, 0, 0, 0, 0, 0, 0, 0, 0, 0, 0
1857, 0, 1.000006, 210001217, 1.000006, 31620, 31620, 31624, 0, 7906, 0, 0, 0, 652664, 182079136, 268637, 29142394, 31619.816756, 31623.816732, 0.000000
1857, 1, 2.000013, 210001571, 1.000007, 31664, 31664, 31676, 0, 7919, 0, 0, 0, 564744, 182154425, 225072, 28994781, 31663.763125, 31675.763035, 0.000000
1857, 2, 3.000114, 210021184, 1.000101, 31695, 31695, 31668, 0, 7917, 0, 0, 0, 552099, 182052780, 221058, 29306002, 31691.803052, 31664.805775, 0.000000
1857, 3, 4.000121, 210001502, 1.000007, 31613, 31613, 31628, 0, 7907, 0, 0, 7, 537317, 182003329, 213576, 29349456, 31612.773893, 31627.773786, 0.000000
1857, 4, 5.000163, 210008820, 1.000042, 31691, 31691, 31692, 0, 7923, 0, 0, 3, 529289, 181892544, 209092, 29555592, 31689.669034, 31690.668992, 0.000000
1857, 5, 6.000263, 210021017, 1.000100, 31571, 31571, 31552, 0, 7888, 0, 0, 0, 519509, 181666361, 205105, 30048784, 31567.840660, 31548.842562, 0.000000
1857, 6, 7.000604, 210071523, 1.000341, 31602, 31602, 31604, 0, 7901, 0, 0, 1, 519718, 181814884, 204495, 29911879, 31591.240475, 31593.239794, 0.000000
1857, 7, 8.000606, 210000432, 1.000002, 31707, 31707, 31732, 0, 7933, 0, 0, 0, 514921, 181928222, 201889, 29555982, 31706.934774, 31731.934723, 0.000000
