ThreadID, cIDX, Time, cycles, deltaT, RX, OnRX, TX, SupTX, OnTX, Idle, OnIdle, Blocked, CacheMiss, CacheHit, CacheWB, CPUIdle, RX/s, TX/s, Sup/s
8859, 0, 0, 0, 0, 0, 0, 0, 0, 0, 0, 0, 0, 0, 0, 0, 0, 0, 0, 0
8859, 0, 1.000097, 210020401, 1.000097, 27290, 27290, 27296, 0, 6824, 0, 0, 0, 0, 0, 0, 29422429, 27287.349099, 27293.348516, 0.000000
8859, 1, 2.000167, 210014566, 1.000069, 27139, 27139, 27133, 0, 6784, 0, 0, 3, 0, 0, 0, 29258304, 27137.117718, 27131.118134, 0.000000
8859, 2, 3.000173, 210001458, 1.000007, 27115, 27115, 27120, 0, 6780, 0, 0, 4, 0, 0, 0, 29379272, 27114.811746, 27119.811711, 0.000000
8859, 3, 4.000176, 210000542, 1.000003, 27176, 27176, 27174, 0, 6793, 0, 0, 4, 0, 0, 0, 29304425, 27175.929860, 27173.929865, 0.000000
8859, 4, 5.000188, 210002447, 1.000012, 27110, 27110, 27113, 0, 6778, 0, 0, 1, 0, 0, 0, 29902514, 27109.684108, 27112.684073, 0.000000
8859, 5, 6.000196, 210001662, 1.000008, 27022, 27022, 27020, 0, 6755, 0, 0, 0, 0, 0, 0, 30158689, 27021.786142, 27019.786158, 0.000000
8859, 6, 7.000216, 210004262, 1.000020, 27151, 27151, 27144, 0, 6786, 0, 0, 0, 0, 0, 0, 30035485, 27150.448975, 27143.449117, 0.000000
8859, 7, 8.000298, 210017216, 1.000082, 27062, 27062, 27064, 0, 6766, 0, 0, 0, 0, 0, 0, 29907959, 27059.781613, 27061.781449, 0.000000
