ThreadID, cIDX, Time, cycles, deltaT, RX, OnRX, TX, SupTX, OnTX, Idle, OnIdle, Blocked, CacheMiss, CacheHit, CacheWB, CPUIdle, RX/s, TX/s, Sup/s
11015, 0, 0, 0, 0, 0, 0, 0, 0, 0, 0, 0, 0, 0, 0, 0, 0, 0, 0, 0
11015, 0, 1.000071, 210014941, 1.000071, 29441, 29441, 29430, 0, 7923, 0, 0, 0, 669614, 182100983, 281476, 31612447, 29438.905492, 29427.906275, 0.000000
11015, 1, 2.000439, 210077294, 1.000368, 29393, 29393, 29401, 0, 7916, 0, 0, 9, 588239, 182143878, 242330, 31763028, 29382.185397, 29390.182454, 0.000000
11015, 2, 3.000579, 210029284, 1.000139, 29414, 29414, 29421, 0, 7922, 0, 0, 7, 558906, 182089856, 229399, 31886385, 29409.898860, 29416.897884, 0.000000
11015, 3, 4.000591, 210002653, 1.000013, 29415, 29415, 29416, 0, 7921, 0, 0, 0, 535348, 182055737, 219401, 31930720, 29414.628395, 29415.628383, 0.000000
11015, 4, 5.000644, 210010994, 1.000052, 29423, 29423, 29414, 0, 7919, 0, 0, 6, 518509, 181883197, 210642, 32256280, 29421.459717, 29412.460188, 0.000000
11015, 5, 6.000683, 210008270, 1.000039, 29286, 29286, 29299, 0, 7890, 0, 0, 3, 513198, 181691926, 207424, 32562210, 29284.846735, 29297.846223, 0.000000
11015, 6, 7.000687, 210000803, 1.000004, 29414, 29414, 29408, 0, 7918, 0, 0, 0, 513859, 181803666, 208639, 32246304, 29413.887527, 29407.887550, 0.000000
11015, 7, 8.000705, 210003835, 1.000018, 29329, 29329, 29323, 0, 7895, 0, 0, 0, 513640, 181879875, 207682, 32283979, 29328.464406, 29322.464516, 0.000000
