ThreadID, cIDX, Time, cycles, deltaT, RX, OnRX, TX, SupTX, OnTX, Idle, OnIdle, Blocked, CacheMiss, CacheHit, CacheWB, CPUIdle, RX/s, TX/s, Sup/s
2718, 0, 0, 0, 0, 0, 0, 0, 0, 0, 0, 0, 0, 0, 0, 0, 0, 0, 0, 0
2718, 0, 1.000007, 210001373, 1.000007, 27205, 27205, 27211, 0, 6803, 0, 0, 2, 0, 0, 0, 29760723, 27204.822132, 27210.822093, 0.000000
2718, 1, 2.000313, 210064289, 1.000306, 27186, 27186, 27177, 0, 6794, 0, 0, 2, 0, 0, 0, 29692828, 27177.679877, 27168.682631, 0.000000
2718, 2, 3.000582, 210056585, 1.000269, 27158, 27158, 27168, 0, 6792, 0, 0, 6, 0, 0, 0, 29743234, 27150.684184, 27160.681490, 0.000000
2718, 3, 4.000585, 210000629, 1.000003, 27128, 27128, 27119, 0, 6780, 0, 0, 6, 0, 0, 0, 29954408, 27127.918745, 27118.918772, 0.000000
2718, 4, 5.000666, 210016970, 1.000081, 27133, 27133, 27137, 0, 6784, 0, 0, 2, 0, 0, 0, 30339044, 27130.807572, 27134.807249, 0.000000
2718, 5, 6.000670, 210000936, 1.000004, 27127, 27127, 27123, 0, 6781, 0, 0, 0, 0, 0, 0, 30724321, 27126.879092, 27122.879109, 0.000000
2718, 6, 7.000686, 210003271, 1.000016, 27145, 27145, 27149, 0, 6787, 0, 0, 0, 0, 0, 0, 30533023, 27144.577191, 27148.577129, 0.000000
2718, 7, 8.000794, 210022671, 1.000108, 27079, 27079, 27068, 0, 6767, 0, 0, 0, 0, 0, 0, 30299696, 27076.076944, 27065.078131, 0.000000
