ThreadID, cIDX, Time, cycles, deltaT, RX, OnRX, TX, SupTX, OnTX, Idle, OnIdle, Blocked, CacheMiss, CacheHit, CacheWB, CPUIdle, RX/s, TX/s, Sup/s
1615, 0, 0, 0, 0, 0, 0, 0, 0, 0, 0, 0, 0, 0, 0, 0, 0, 0, 0, 0
1615, 0, 1.000012, 210002476, 1.000012, 27217, 27217, 27217, 0, 6805, 0, 0, 0, 672735, 182070788, 272513, 29201377, 27216.679102, 27216.679102, 0.000000
1615, 1, 2.000038, 210005424, 1.000026, 27128, 27128, 27123, 0, 6780, 0, 0, 5, 583714, 182083184, 231608, 29240162, 27127.299341, 27122.299470, 0.000000
1615, 2, 3.000040, 210000507, 1.000002, 27172, 27172, 27180, 0, 6795, 0, 0, 3, 554466, 182069971, 221164, 29203181, 27171.934399, 27179.934380, 0.000000
1615, 3, 4.000041, 210000218, 1.000001, 27185, 27185, 27192, 0, 6798, 0, 0, 1, 537421, 181994125, 213893, 29391258, 27184.971779, 27191.971772, 0.000000
1615, 4, 5.000069, 210005897, 1.000028, 27086, 27086, 27076, 0, 6769, 0, 0, 0, 521619, 181908984, 204688, 29533066, 27085.239421, 27075.239701, 0.000000
1615, 5, 6.000082, 210002660, 1.000013, 27029, 27029, 27028, 0, 6757, 0, 0, 0, 505652, 181723777, 197212, 29986203, 27028.657637, 27027.657650, 0.000000
1615, 6, 7.000085, 210000650, 1.000003, 27170, 27170, 27171, 0, 6793, 0, 0, 0, 509253, 181889984, 198520, 29545597, 27169.915903, 27170.915900, 0.000000
1615, 7, 8.000146, 210012830, 1.000061, 27050, 27050, 27052, 0, 6763, 0, 0, 0, 506830, 181916822, 198277, 29717672, 27048.347475, 27050.347353, 0.000000
