ThreadID, cIDX, Time, cycles, deltaT, RX, OnRX, TX, SupTX, OnTX, Idle, OnIdle, Blocked, CacheMiss, CacheHit, CacheWB, CPUIdle, RX/s, TX/s, Sup/s
2076, 0, 0, 0, 0, 0, 0, 0, 0, 0, 0, 0, 0, 0, 0, 0, 0, 0, 0, 0
2076, 0, 1.000019, 210004032, 1.000019, 27247, 27247, 27252, 0, 6813, 0, 0, 3, 0, 0, 0, 29706896, 27246.476868, 27251.476772, 0.000000
2076, 1, 2.000634, 210129079, 1.000615, 27184, 27184, 27188, 0, 6797, 0, 0, 5, 0, 0, 0, 29781725, 27167.301295, 27171.298838, 0.000000
2076, 2, 3.000640, 210001196, 1.000006, 27128, 27128, 27114, 0, 6779, 0, 0, 5, 0, 0, 0, 29944002, 27127.845500, 27113.845580, 0.000000
2076, 3, 4.000643, 210000618, 1.000003, 27153, 27153, 27162, 0, 6790, 0, 0, 5, 0, 0, 0, 30159475, 27152.920093, 27161.920066, 0.000000
2076, 4, 5.000671, 210006006, 1.000029, 27107, 27107, 27100, 0, 6775, 0, 0, 4, 0, 0, 0, 30246477, 27106.224762, 27099.224962, 0.000000
2076, 5, 6.000684, 210002629, 1.000013, 27118, 27118, 27128, 0, 6782, 0, 0, 4, 0, 0, 0, 30692644, 27117.660513, 27127.660388, 0.000000
2076, 6, 7.000772, 210018536, 1.000088, 27083, 27083, 27076, 0, 6769, 0, 0, 3, 0, 0, 0, 30477832, 27080.609685, 27073.610303, 0.000000
2076, 7, 8.000774, 210000522, 1.000002, 27140, 27140, 27143, 0, 6786, 0, 0, 1, 0, 0, 0, 30401537, 27139.932538, 27142.932530, 0.000000
