ThreadID, cIDX, Time, cycles, deltaT, RX, OnRX, TX, SupTX, OnTX, Idle, OnIdle, Blocked, CacheMiss, CacheHit, CacheWB, CPUIdle, RX/s, TX/s, Sup/s
1766, 0, 0, 0, 0, 0, 0, 0, 0, 0, 0, 0, 0, 0, 0, 0, 0, 0, 0, 0
1766, 0, 1.000172, 210036136, 1.000172, 31551, 31551, 31558, 0, 7890, 0, 0, 1, 0, 0, 0, 28934681, 31545.571758, 31552.570554, 0.000000
1766, 1, 2.000176, 210000859, 1.000004, 31671, 31671, 31658, 0, 7914, 0, 0, 3, 0, 0, 0, 28999919, 31670.870451, 31657.870504, 0.000000
1766, 2, 3.000231, 210011416, 1.000054, 31689, 31689, 31704, 0, 7926, 0, 0, 3, 0, 0, 0, 29180377, 31687.277419, 31702.276604, 0.000000
1766, 3, 4.000273, 210008957, 1.000043, 31730, 31730, 31736, 0, 7934, 0, 0, 2, 0, 0, 0, 29326094, 31728.646698, 31734.646442, 0.000000
1766, 4, 5.000400, 210026550, 1.000126, 31706, 31706, 31692, 0, 7923, 0, 0, 0, 0, 0, 0, 29551189, 31701.991962, 31687.993732, 0.000000
1766, 5, 6.000531, 210027633, 1.000132, 31554, 31554, 31552, 0, 7888, 0, 0, 1, 0, 0, 0, 29900162, 31549.848491, 31547.848754, 0.000000
1766, 6, 7.000538, 210001419, 1.000007, 31713, 31713, 31728, 0, 7932, 0, 0, 1, 0, 0, 0, 29692687, 31712.785712, 31727.785611, 0.000000
1766, 7, 8.000955, 210087605, 1.000417, 31643, 31643, 31616, 0, 7904, 0, 0, 1, 0, 0, 0, 29526076, 31629.805100, 31602.816358, 0.000000
