ThreadID, cIDX, Time, cycles, deltaT, RX, OnRX, TX, SupTX, OnTX, Idle, OnIdle, Blocked, CacheMiss, CacheHit, CacheWB, CPUIdle, RX/s, TX/s, Sup/s
2334, 0, 0, 0, 0, 0, 0, 0, 0, 0, 0, 0, 0, 0, 0, 0, 0, 0, 0, 0
2334, 0, 1.000053, 210011109, 1.000053, 27266, 27266, 27264, 0, 6816, 0, 0, 0, 0, 0, 0, 29650061, 27264.557705, 27262.557811, 0.000000
2334, 1, 2.000472, 210087920, 1.000419, 27156, 27156, 27163, 0, 6791, 0, 0, 5, 0, 0, 0, 29633180, 27144.635446, 27151.632517, 0.000000
2334, 2, 3.000493, 210004439, 1.000021, 27126, 27126, 27116, 0, 6779, 0, 0, 4, 0, 0, 0, 29972246, 27125.426620, 27115.426832, 0.000000
2334, 3, 4.000684, 210040262, 1.000192, 27156, 27156, 27165, 0, 6791, 0, 0, 0, 0, 0, 0, 30136049, 27150.794546, 27159.792821, 0.000000
2334, 4, 5.000688, 210000703, 1.000003, 27108, 27108, 27110, 0, 6778, 0, 0, 1, 0, 0, 0, 30138573, 27107.909253, 27109.909246, 0.000000
2334, 5, 6.000690, 210000433, 1.000002, 27090, 27090, 27087, 0, 6772, 0, 0, 4, 0, 0, 0, 30640189, 27089.944143, 27086.944149, 0.000000
2334, 6, 7.000766, 210015913, 1.000076, 27092, 27092, 27091, 0, 6772, 0, 0, 0, 0, 0, 0, 30537807, 27089.947227, 27088.947303, 0.000000
2334, 7, 8.000840, 210015637, 1.000074, 27112, 27112, 27112, 0, 6778, 0, 0, 3, 0, 0, 0, 30207130, 27109.981339, 27109.981339, 0.000000
