ThreadID, cIDX, Time, cycles, deltaT, RX, OnRX, TX, SupTX, OnTX, Idle, OnIdle, Blocked, CacheMiss, CacheHit, CacheWB, CPUIdle, RX/s, TX/s, Sup/s
2995, 0, 0, 0, 0, 0, 0, 0, 0, 0, 0, 0, 0, 0, 0, 0, 0, 0, 0, 0
2995, 0, 1.000039, 210008216, 1.000039, 31605, 31605, 31605, 0, 7902, 0, 0, 0, 0, 0, 0, 28304878, 31603.763540, 31603.763540, 0.000000
2995, 1, 2.000075, 210007576, 1.000036, 31722, 31722, 31711, 0, 7927, 0, 0, 4, 0, 0, 0, 28081198, 31720.855632, 31709.856029, 0.000000
2995, 2, 3.000129, 210011265, 1.000054, 31703, 31703, 31724, 0, 7931, 0, 0, 10, 0, 0, 0, 28201842, 31701.299452, 31722.298325, 0.000000
2995, 3, 4.000249, 210025219, 1.000120, 31607, 31607, 31608, 0, 7902, 0, 0, 9, 0, 0, 0, 28365394, 31603.204756, 31604.204636, 0.000000
2995, 4, 5.000305, 210011818, 1.000056, 31599, 31599, 31600, 0, 7900, 0, 0, 3, 0, 0, 0, 28689151, 31597.221829, 31598.221772, 0.000000
2995, 5, 6.000563, 210054198, 1.000258, 31686, 31686, 31657, 0, 7915, 0, 0, 0, 0, 0, 0, 29077158, 31677.824406, 31648.831889, 0.000000
2995, 6, 7.001072, 210106916, 1.000509, 31540, 31540, 31543, 0, 7885, 0, 0, 0, 0, 0, 0, 29010087, 31523.950406, 31526.948880, 0.000000
2995, 7, 8.001093, 210004248, 1.000020, 31606, 31606, 31604, 0, 7901, 0, 0, 0, 0, 0, 0, 28686569, 31605.360669, 31603.360709, 0.000000
