ThreadID, cIDX, Time, cycles, deltaT, RX, OnRX, TX, SupTX, OnTX, Idle, OnIdle, Blocked, CacheMiss, CacheHit, CacheWB, CPUIdle, RX/s, TX/s, Sup/s
149, 0, 0, 0, 0, 0, 0, 0, 0, 0, 0, 0, 0, 0, 0, 0, 0, 0, 0, 0
149, 0, 1.000062, 210013022, 1.000062, 31538, 31538, 31533, 0, 7884, 0, 0, 0, 0, 0, 0, 27385265, 31536.044465, 31531.044775, 0.000000
149, 1, 2.000064, 210000454, 1.000002, 31659, 31659, 31667, 0, 7916, 0, 0, 2, 0, 0, 0, 27430995, 31658.931556, 31666.931539, 0.000000
149, 2, 3.000070, 210001207, 1.000006, 31721, 31721, 31715, 0, 7929, 0, 0, 0, 0, 0, 0, 27621358, 31720.817681, 31714.817715, 0.000000
149, 3, 4.000134, 210013439, 1.000064, 31655, 31655, 31665, 0, 7916, 0, 0, 2, 0, 0, 0, 27402551, 31652.974360, 31662.973720, 0.000000
149, 4, 5.000148, 210003031, 1.000014, 31641, 31641, 31648, 0, 7912, 0, 0, 0, 0, 0, 0, 27723094, 31640.543321, 31647.543220, 0.000000
149, 5, 6.000150, 210000413, 1.000002, 31611, 31611, 31589, 0, 7898, 0, 0, 0, 0, 0, 0, 27959251, 31610.937832, 31588.937875, 0.000000
149, 6, 7.000188, 210007971, 1.000038, 31611, 31611, 31628, 0, 7907, 0, 0, 0, 0, 0, 0, 27941051, 31609.800182, 31626.799537, 0.000000
149, 7, 8.000197, 210001817, 1.000009, 31637, 31637, 31639, 0, 7909, 0, 0, 1, 0, 0, 0, 27631202, 31636.726267, 31638.726250, 0.000000
