ThreadID, cIDX, Time, cycles, deltaT, RX, OnRX, TX, SupTX, OnTX, Idle, OnIdle, Blocked, CacheMiss, CacheHit, CacheWB, CPUIdle, RX/s, TX/s, Sup/s
1505, 0, 0, 0, 0, 0, 0, 0, 0, 0, 0, 0, 0, 0, 0, 0, 0, 0, 0, 0
1505, 0, 1.000089, 210018764, 1.000089, 31742, 31742, 31732, 0, 7933, 0, 0, 1, 0, 0, 0, 28957429, 31739.164030, 31729.164924, 0.000000
1505, 1, 2.000286, 210041389, 1.000197, 31644, 31644, 31649, 0, 7913, 0, 0, 5, 0, 0, 0, 29070431, 31637.764498, 31642.763513, 0.000000
1505, 2, 3.000315, 210005933, 1.000028, 31616, 31616, 31635, 0, 7908, 0, 0, 3, 0, 0, 0, 29134329, 31615.106798, 31634.106261, 0.000000
1505, 3, 4.000317, 210000580, 1.000003, 31754, 31754, 31736, 0, 7934, 0, 0, 6, 0, 0, 0, 29193582, 31753.912299, 31735.912348, 0.000000
1505, 4, 5.000321, 210000770, 1.000004, 31640, 31640, 31640, 0, 7910, 0, 0, 5, 0, 0, 0, 29495746, 31639.883987, 31639.883987, 0.000000
1505, 5, 6.000323, 210000482, 1.000002, 31562, 31562, 31575, 0, 7894, 0, 0, 13, 0, 0, 0, 29757620, 31561.927558, 31574.927528, 0.000000
1505, 6, 7.000534, 210044205, 1.000210, 31725, 31725, 31701, 0, 7925, 0, 0, 0, 0, 0, 0, 29513909, 31718.323293, 31694.328344, 0.000000
1505, 7, 8.000537, 210000684, 1.000003, 31656, 31656, 31676, 0, 7919, 0, 0, 0, 0, 0, 0, 29582134, 31655.896892, 31675.896827, 0.000000
