ThreadID, cIDX, Time, cycles, deltaT, RX, OnRX, TX, SupTX, OnTX, Idle, OnIdle, Blocked, CacheMiss, CacheHit, CacheWB, CPUIdle, RX/s, TX/s, Sup/s
492, 0, 0, 0, 0, 0, 0, 0, 0, 0, 0, 0, 0, 0, 0, 0, 0, 0, 0, 0
492, 0, 1.000002, 210000429, 1.000002, 27216, 27216, 27220, 0, 6805, 0, 0, 0, 0, 0, 0, 26768307, 27215.944402, 27219.944394, 0.000000
492, 1, 2.000006, 210000924, 1.000004, 27119, 27119, 27114, 0, 6779, 0, 0, 0, 0, 0, 0, 26838616, 27118.880677, 27113.880699, 0.000000
492, 2, 3.000017, 210002290, 1.000011, 27069, 27069, 27067, 0, 6767, 0, 0, 2, 0, 0, 0, 27029472, 27068.704822, 27066.704844, 0.000000
492, 3, 4.000191, 210036406, 1.000173, 27203, 27203, 27199, 0, 6799, 0, 0, 2, 0, 0, 0, 26871559, 27198.284854, 27194.285547, 0.000000
492, 4, 5.000245, 210011463, 1.000055, 27148, 27148, 27152, 0, 6788, 0, 0, 0, 0, 0, 0, 27411298, 27146.518188, 27150.517970, 0.000000
492, 5, 6.000304, 210012277, 1.000058, 27083, 27083, 27088, 0, 6772, 0, 0, 0, 0, 0, 0, 27515932, 27081.416769, 27086.416476, 0.000000
492, 6, 7.000305, 210000188, 1.000001, 27049, 27049, 27044, 0, 6761, 0, 0, 0, 0, 0, 0, 27568580, 27048.975785, 27043.975789, 0.000000
492, 7, 8.000310, 210001069, 1.000005, 27247, 27247, 27255, 0, 6814, 0, 0, 1, 0, 0, 0, 27527865, 27246.861301, 27254.861260, 0.000000
