ThreadID, cIDX, Time, cycles, deltaT, RX, OnRX, TX, SupTX, OnTX, Idle, OnIdle, Blocked, CacheMiss, CacheHit, CacheWB, CPUIdle, RX/s, TX/s, Sup/s
8541, 0, 0, 0, 0, 0, 0, 0, 0, 0, 0, 0, 0, 0, 0, 0, 0, 0, 0, 0
8541, 0, 1.000029, 210006136, 1.000029, 27295, 27295, 27288, 0, 6822, 0, 0, 0, 0, 0, 0, 28547421, 27294.202489, 27287.202694, 0.000000
8541, 1, 2.000061, 210006734, 1.000032, 27110, 27110, 27116, 0, 6779, 0, 0, 4, 0, 0, 0, 28480137, 27109.130701, 27115.130508, 0.000000
8541, 2, 3.000075, 210002980, 1.000014, 27108, 27108, 27116, 0, 6779, 0, 0, 7, 0, 0, 0, 28691408, 27107.615330, 27115.615217, 0.000000
8541, 3, 4.000125, 210010412, 1.000050, 27197, 27197, 27189, 0, 6798, 0, 0, 2, 0, 0, 0, 28533519, 27195.651614, 27187.652010, 0.000000
8541, 4, 5.000142, 210003623, 1.000017, 27102, 27102, 27099, 0, 6774, 0, 0, 4, 0, 0, 0, 28823099, 27101.532434, 27098.532486, 0.000000
8541, 5, 6.000160, 210003683, 1.000018, 27094, 27094, 27104, 0, 6776, 0, 0, 1, 0, 0, 0, 29215860, 27093.524831, 27103.524656, 0.000000
8541, 6, 7.000211, 210010680, 1.000051, 27213, 27213, 27212, 0, 6803, 0, 0, 0, 0, 0, 0, 29074884, 27211.616095, 27210.616146, 0.000000
8541, 7, 8.000332, 210025422, 1.000121, 27077, 27077, 27072, 0, 6768, 0, 0, 0, 0, 0, 0, 29115311, 27073.722533, 27068.723138, 0.000000
