ThreadID, cIDX, Time, cycles, deltaT, RX, OnRX, TX, SupTX, OnTX, Idle, OnIdle, Blocked, CacheMiss, CacheHit, CacheWB, CPUIdle, RX/s, TX/s, Sup/s
9147, 0, 0, 0, 0, 0, 0, 0, 0, 0, 0, 0, 0, 0, 0, 0, 0, 0, 0, 0
9147, 0, 1.000021, 210004473, 1.000021, 27254, 27254, 27260, 0, 6815, 0, 0, 0, 0, 0, 0, 28247661, 27253.419502, 27259.419374, 0.000000
9147, 1, 2.000046, 210005265, 1.000025, 27171, 27171, 27160, 0, 6790, 0, 0, 2, 0, 0, 0, 28120272, 27170.318801, 27159.319077, 0.000000
9147, 2, 3.000056, 210002105, 1.000010, 27069, 27069, 27068, 0, 6767, 0, 0, 4, 0, 0, 0, 28287578, 27068.728668, 27067.728678, 0.000000
9147, 3, 4.000100, 210009130, 1.000043, 27191, 27191, 27196, 0, 6799, 0, 0, 3, 0, 0, 0, 28217508, 27189.817890, 27194.817673, 0.000000
9147, 4, 5.000129, 210006122, 1.000029, 27053, 27053, 27052, 0, 6763, 0, 0, 2, 0, 0, 0, 28785477, 27052.211364, 27051.211393, 0.000000
9147, 5, 6.000132, 210000650, 1.000003, 27071, 27071, 27071, 0, 6768, 0, 0, 0, 0, 0, 0, 28825593, 27070.916209, 27070.916209, 0.000000
9147, 6, 7.000155, 210004869, 1.000023, 27139, 27139, 27145, 0, 6786, 0, 0, 0, 0, 0, 0, 28829274, 27138.370777, 27144.370638, 0.000000
9147, 7, 8.000172, 210003500, 1.000017, 27078, 27078, 27076, 0, 6769, 0, 0, 0, 0, 0, 0, 28761267, 27077.548708, 27075.548741, 0.000000
