ThreadID, cIDX, Time, cycles, deltaT, RX, OnRX, TX, SupTX, OnTX, Idle, OnIdle, Blocked, CacheMiss, CacheHit, CacheWB, CPUIdle, RX/s, TX/s, Sup/s
669, 0, 0, 0, 0, 0, 0, 0, 0, 0, 0, 0, 0, 0, 0, 0, 0, 0, 0, 0
669, 0, 1.000044, 210009318, 1.000044, 27260, 27260, 27260, 0, 6815, 0, 0, 0, 0, 0, 0, 27493027, 27258.790489, 27258.790489, 0.000000
669, 1, 2.000115, 210014808, 1.000071, 27093, 27093, 27092, 0, 6773, 0, 0, 1, 0, 0, 0, 27433317, 27091.089691, 27090.089762, 0.000000
669, 2, 3.000120, 210001041, 1.000005, 27065, 27065, 27068, 0, 6767, 0, 0, 0, 0, 0, 0, 27694407, 27064.865836, 27067.865821, 0.000000
669, 3, 4.000164, 210009185, 1.000044, 27200, 27200, 27189, 0, 6798, 0, 0, 0, 0, 0, 0, 27603067, 27198.810376, 27187.810857, 0.000000
669, 4, 5.000169, 210001241, 1.000006, 27155, 27155, 27168, 0, 6792, 0, 0, 0, 0, 0, 0, 28058901, 27154.839528, 27167.839451, 0.000000
669, 5, 6.000171, 210000323, 1.000002, 27082, 27082, 27069, 0, 6767, 0, 0, 1, 0, 0, 0, 28370879, 27081.958345, 27068.958365, 0.000000
669, 6, 7.000186, 210003241, 1.000015, 27091, 27091, 27105, 0, 6776, 0, 0, 0, 0, 0, 0, 28222121, 27090.581902, 27104.581686, 0.000000
669, 7, 8.000190, 210000707, 1.000003, 27203, 27203, 27202, 0, 6801, 0, 0, 0, 0, 0, 0, 28182636, 27202.908417, 27201.908420, 0.000000
