ThreadID, cIDX, Time, cycles, deltaT, RX, OnRX, TX, SupTX, OnTX, Idle, OnIdle, Blocked, CacheMiss, CacheHit, CacheWB, CPUIdle, RX/s, TX/s, Sup/s
8698, 0, 0, 0, 0, 0, 0, 0, 0, 0, 0, 0, 0, 0, 0, 0, 0, 0, 0, 0
8698, 0, 1.000007, 210001545, 1.000007, 27223, 27223, 27220, 0, 6805, 0, 0, 0, 0, 0, 0, 30340165, 27222.799718, 27219.799740, 0.000000
8698, 1, 2.000107, 210020826, 1.000099, 27182, 27182, 27196, 0, 6799, 0, 0, 5, 0, 0, 0, 30311895, 27179.304590, 27193.303201, 0.000000
8698, 2, 3.000227, 210025403, 1.000121, 27096, 27096, 27089, 0, 6773, 0, 0, 1, 0, 0, 0, 30436869, 27092.722684, 27085.723530, 0.000000
8698, 3, 4.000238, 210002195, 1.000010, 27184, 27184, 27179, 0, 6794, 0, 0, 11, 0, 0, 0, 30266577, 27183.715865, 27178.715918, 0.000000
8698, 4, 5.000245, 210001570, 1.000007, 27102, 27102, 27104, 0, 6776, 0, 0, 1, 0, 0, 0, 30908083, 27101.797382, 27103.797367, 0.000000
8698, 5, 6.000269, 210004911, 1.000023, 27017, 27017, 27012, 0, 6753, 0, 0, 0, 0, 0, 0, 30953456, 27016.368203, 27011.368320, 0.000000
8698, 6, 7.000351, 210017296, 1.000082, 27176, 27176, 27184, 0, 6796, 0, 0, 0, 0, 0, 0, 30979916, 27173.761917, 27181.761258, 0.000000
8698, 7, 8.000354, 210000673, 1.000003, 27067, 27067, 27060, 0, 6765, 0, 0, 0, 0, 0, 0, 30940350, 27066.913257, 27059.913279, 0.000000
