ThreadID, cIDX, Time, cycles, deltaT, RX, OnRX, TX, SupTX, OnTX, Idle, OnIdle, Blocked, CacheMiss, CacheHit, CacheWB, CPUIdle, RX/s, TX/s, Sup/s
1791, 0, 0, 0, 0, 0, 0, 0, 0, 0, 0, 0, 0, 0, 0, 0, 0, 0, 0, 0
1791, 0, 1.000011, 210002326, 1.000011, 27203, 27203, 27204, 0, 6801, 0, 0, 0, 0, 0, 0, 30848481, 27202.698698, 27203.698687, 0.000000
1791, 1, 2.000015, 210000923, 1.000004, 27133, 27133, 27128, 0, 6782, 0, 0, 0, 0, 0, 0, 30930856, 27132.880745, 27127.880767, 0.000000
1791, 2, 3.000067, 210010724, 1.000051, 27152, 27152, 27152, 0, 6788, 0, 0, 4, 0, 0, 0, 31076891, 27150.613509, 27150.613509, 0.000000
1791, 3, 4.000132, 210013694, 1.000065, 27190, 27190, 27196, 0, 6799, 0, 0, 4, 0, 0, 0, 31241204, 27188.227069, 27194.226677, 0.000000
1791, 4, 5.000138, 210001326, 1.000006, 27094, 27094, 27093, 0, 6774, 0, 0, 3, 0, 0, 0, 31373008, 27093.828922, 27092.828928, 0.000000
1791, 5, 6.000163, 210005196, 1.000025, 27056, 27056, 27056, 0, 6764, 0, 0, 3, 0, 0, 0, 31803049, 27055.330574, 27055.330574, 0.000000
1791, 6, 7.000170, 210001557, 1.000007, 27138, 27138, 27139, 0, 6784, 0, 0, 2, 0, 0, 0, 31610115, 27137.798793, 27138.798785, 0.000000
1791, 7, 8.000292, 210025645, 1.000122, 27081, 27081, 27076, 0, 6769, 0, 0, 0, 0, 0, 0, 31398051, 27077.693298, 27072.693908, 0.000000
