ThreadID, cIDX, Time, cycles, deltaT, RX, OnRX, TX, SupTX, OnTX, Idle, OnIdle, Blocked, CacheMiss, CacheHit, CacheWB, CPUIdle, RX/s, TX/s, Sup/s
9127, 0, 0, 0, 0, 0, 0, 0, 0, 0, 0, 0, 0, 0, 0, 0, 0, 0, 0, 0
9127, 0, 1.000016, 210003284, 1.000016, 30465, 30465, 30466, 0, 7899, 0, 0, 0, 0, 0, 0, 28221413, 30464.523593, 30465.523577, 0.000000
9127, 1, 2.000030, 210002957, 1.000014, 30584, 30584, 30584, 0, 7929, 0, 0, 3, 0, 0, 0, 28115695, 30583.569354, 30583.569354, 0.000000
9127, 2, 3.000039, 210001863, 1.000009, 30563, 30563, 30561, 0, 7923, 0, 0, 6, 0, 0, 0, 28290601, 30562.728865, 30560.728883, 0.000000
9127, 3, 4.000051, 210002570, 1.000012, 30531, 30531, 30539, 0, 7918, 0, 0, 0, 0, 0, 0, 28200639, 30530.626363, 30538.626265, 0.000000
9127, 4, 5.000075, 210005157, 1.000025, 30500, 30500, 30498, 0, 7908, 0, 0, 2, 0, 0, 0, 28808354, 30499.251026, 30497.251075, 0.000000
9127, 5, 6.000087, 210002384, 1.000011, 30520, 30520, 30519, 0, 7913, 0, 0, 0, 0, 0, 0, 28888553, 30519.653529, 30518.653541, 0.000000
9127, 6, 7.000327, 210050360, 1.000240, 30462, 30462, 30444, 0, 7891, 0, 0, 0, 0, 0, 0, 28693834, 30454.696674, 30436.700989, 0.000000
9127, 7, 8.000435, 210022783, 1.000108, 30479, 30479, 30492, 0, 7905, 0, 0, 0, 0, 0, 0, 28767630, 30475.693677, 30488.692267, 0.000000
