ThreadID, cIDX, Time, cycles, deltaT, RX, OnRX, TX, SupTX, OnTX, Idle, OnIdle, Blocked, CacheMiss, CacheHit, CacheWB, CPUIdle, RX/s, TX/s, Sup/s
73, 0, 0, 0, 0, 0, 0, 0, 0, 0, 0, 0, 0, 0, 0, 0, 0, 0, 0, 0
73, 0, 1.000210, 210044128, 1.000210, 27193, 27193, 27192, 0, 6798, 0, 0, 0, 691348, 183434384, 285107, 26639127, 27187.287045, 27186.287255, 0.000000
73, 1, 2.000501, 210061081, 1.000291, 27163, 27163, 27168, 0, 6792, 0, 0, 1, 599904, 183514443, 239466, 26566403, 27155.101615, 27160.100162, 0.000000
73, 2, 3.000508, 210001401, 1.000007, 27120, 27120, 27120, 0, 6780, 0, 0, 2, 584811, 183389510, 232105, 26769597, 27119.819072, 27119.819072, 0.000000
73, 3, 4.000607, 210020879, 1.000099, 27177, 27177, 27180, 0, 6795, 0, 0, 1, 580805, 183438408, 230426, 26761161, 27174.298228, 27177.297930, 0.000000
73, 4, 5.000621, 210002834, 1.000013, 27114, 27114, 27108, 0, 6777, 0, 0, 0, 572257, 183246670, 227411, 27091628, 27113.634095, 27107.634176, 0.000000
73, 5, 6.000653, 210006853, 1.000033, 27007, 27007, 27005, 0, 6752, 0, 0, 0, 559123, 183127740, 220173, 27322049, 27006.118700, 27004.118766, 0.000000
73, 6, 7.000667, 210002822, 1.000013, 27191, 27191, 27199, 0, 6799, 0, 0, 1, 549691, 183177197, 215352, 27170976, 27190.634610, 27198.634502, 0.000000
73, 7, 8.000709, 210008939, 1.000043, 27060, 27060, 27060, 0, 6765, 0, 0, 3, 547887, 183336320, 214269, 26772132, 27058.848195, 27058.848195, 0.000000
