ThreadID, cIDX, Time, cycles, deltaT, RX, OnRX, TX, SupTX, OnTX, Idle, OnIdle, Blocked, CacheMiss, CacheHit, CacheWB, CPUIdle, RX/s, TX/s, Sup/s
1085, 0, 0, 0, 0, 0, 0, 0, 0, 0, 0, 0, 0, 0, 0, 0, 0, 0, 0, 0
1085, 0, 1.000033, 210006829, 1.000033, 27275, 27275, 27276, 0, 6819, 0, 0, 1, 0, 0, 0, 28351748, 27274.113072, 27275.113039, 0.000000
1085, 1, 2.000344, 210065338, 1.000311, 27151, 27151, 27142, 0, 6786, 0, 0, 8, 0, 0, 0, 28336133, 27142.555046, 27133.557846, 0.000000
1085, 2, 3.000358, 210003042, 1.000014, 27122, 27122, 27131, 0, 6783, 0, 0, 5, 0, 0, 0, 28473789, 27121.607124, 27130.606994, 0.000000
1085, 3, 4.000382, 210005104, 1.000024, 27178, 27178, 27175, 0, 6793, 0, 0, 2, 0, 0, 0, 28231861, 27177.339461, 27174.339534, 0.000000
1085, 4, 5.000433, 210010652, 1.000051, 27100, 27100, 27104, 0, 6776, 0, 0, 4, 0, 0, 0, 28709316, 27098.625454, 27102.625252, 0.000000
1085, 5, 6.000441, 210001561, 1.000007, 27031, 27031, 27037, 0, 6760, 0, 0, 5, 0, 0, 0, 28751557, 27030.799071, 27036.799026, 0.000000
1085, 6, 7.000442, 210000239, 1.000001, 27153, 27153, 27142, 0, 6785, 0, 0, 0, 0, 0, 0, 28762541, 27152.969097, 27141.969110, 0.000000
1085, 7, 8.000515, 210015302, 1.000073, 27061, 27061, 27061, 0, 6765, 0, 0, 0, 0, 0, 0, 29003954, 27059.028299, 27059.028299, 0.000000
