ThreadID, cIDX, Time, cycles, deltaT, RX, OnRX, TX, SupTX, OnTX, Idle, OnIdle, Blocked, CacheMiss, CacheHit, CacheWB, CPUIdle, RX/s, TX/s, Sup/s
8465, 0, 0, 0, 0, 0, 0, 0, 0, 0, 0, 0, 0, 0, 0, 0, 0, 0, 0, 0
8465, 0, 1.000006, 210001181, 1.000006, 31634, 31634, 31624, 0, 7906, 0, 0, 0, 0, 0, 0, 29162645, 31633.822097, 31623.822154, 0.000000
8465, 1, 2.000071, 210013733, 1.000065, 31657, 31657, 31656, 0, 7914, 0, 0, 4, 0, 0, 0, 29134295, 31654.929918, 31653.929984, 0.000000
8465, 2, 3.000074, 210000527, 1.000003, 31718, 31718, 31732, 0, 7933, 0, 0, 4, 0, 0, 0, 29282777, 31717.920403, 31731.920368, 0.000000
8465, 3, 4.000164, 210019089, 1.000091, 31704, 31704, 31692, 0, 7923, 0, 0, 3, 0, 0, 0, 29200408, 31701.118368, 31689.119459, 0.000000
8465, 4, 5.000172, 210001573, 1.000007, 31662, 31662, 31684, 0, 7921, 0, 0, 4, 0, 0, 0, 29476315, 31661.762838, 31683.762674, 0.000000
8465, 5, 6.000468, 210062224, 1.000296, 31648, 31648, 31620, 0, 7905, 0, 0, 0, 0, 0, 0, 29830283, 31638.625325, 31610.633619, 0.000000
8465, 6, 7.000491, 210004886, 1.000023, 31651, 31651, 31652, 0, 7913, 0, 0, 1, 0, 0, 0, 29793780, 31650.263604, 31651.263581, 0.000000
8465, 7, 8.000499, 210001637, 1.000008, 31607, 31607, 31632, 0, 7908, 0, 0, 0, 0, 0, 0, 29614091, 31606.753618, 31631.753423, 0.000000
