ThreadID, cIDX, Time, cycles, deltaT, RX, OnRX, TX, SupTX, OnTX, Idle, OnIdle, Blocked, CacheMiss, CacheHit, CacheWB, CPUIdle, RX/s, TX/s, Sup/s
1218, 0, 0, 0, 0, 0, 0, 0, 0, 0, 0, 0, 0, 0, 0, 0, 0, 0, 0, 0
1218, 0, 1.000024, 210005131, 1.000024, 31602, 31602, 31608, 0, 7902, 0, 0, 1, 660900, 182082057, 270072, 29188310, 31601.227877, 31607.227730, 0.000000
1218, 1, 2.000298, 210057472, 1.000274, 31656, 31656, 31644, 0, 7911, 0, 0, 1, 563976, 182109794, 223493, 29255660, 31647.338877, 31635.342160, 0.000000
1218, 2, 3.000299, 210000190, 1.000001, 31651, 31651, 31647, 0, 7912, 0, 0, 4, 546117, 181985147, 215005, 29393013, 31650.971363, 31646.971367, 0.000000
1218, 3, 4.000303, 210000793, 1.000004, 31728, 31728, 31745, 0, 7936, 0, 0, 6, 538312, 182045061, 213360, 29162024, 31727.880189, 31744.880125, 0.000000
1218, 4, 5.000309, 210001219, 1.000006, 31639, 31639, 31632, 0, 7908, 0, 0, 5, 527602, 181914638, 208666, 29439267, 31638.816344, 31631.816385, 0.000000
1218, 5, 6.000365, 210011920, 1.000057, 31637, 31637, 31648, 0, 7912, 0, 0, 3, 515828, 181784757, 202200, 29723150, 31635.204326, 31646.203701, 0.000000
1218, 6, 7.000755, 210081726, 1.000389, 31650, 31650, 31620, 0, 7905, 0, 0, 0, 511183, 181937351, 199457, 29740446, 31637.687516, 31607.699187, 0.000000
1218, 7, 8.000764, 210002050, 1.000010, 31722, 31722, 31737, 0, 7935, 0, 0, 0, 510271, 181884649, 198572, 29612090, 31721.690336, 31736.690189, 0.000000
