ThreadID, cIDX, Time, cycles, deltaT, RX, OnRX, TX, SupTX, OnTX, Idle, OnIdle, Blocked, CacheMiss, CacheHit, CacheWB, CPUIdle, RX/s, TX/s, Sup/s
10094, 0, 0, 0, 0, 0, 0, 0, 0, 0, 0, 0, 0, 0, 0, 0, 0, 0, 0, 0
10094, 0, 1.000003, 210000625, 1.000003, 27227, 27227, 27226, 0, 6807, 0, 0, 0, 0, 0, 0, 28875059, 27226.918968, 27225.918970, 0.000000
10094, 1, 2.000015, 210002604, 1.000012, 27205, 27205, 27207, 0, 6802, 0, 0, 10, 0, 0, 0, 29083525, 27204.662662, 27206.662637, 0.000000
10094, 2, 3.000026, 210002239, 1.000011, 27130, 27130, 27131, 0, 6782, 0, 0, 7, 0, 0, 0, 29190356, 27129.710746, 27130.710735, 0.000000
10094, 3, 4.000062, 210007645, 1.000036, 27062, 27062, 27060, 0, 6765, 0, 0, 3, 0, 0, 0, 29360285, 27061.014850, 27059.014923, 0.000000
10094, 4, 5.000066, 210000748, 1.000004, 27126, 27126, 27132, 0, 6783, 0, 0, 1, 0, 0, 0, 29530531, 27125.903380, 27131.903359, 0.000000
10094, 5, 6.000078, 210002464, 1.000012, 27139, 27139, 27132, 0, 6783, 0, 0, 6, 0, 0, 0, 29858270, 27138.681573, 27131.681655, 0.000000
10094, 6, 7.000155, 210016233, 1.000077, 26956, 26956, 26960, 0, 6740, 0, 0, 0, 0, 0, 0, 29723869, 26953.916462, 26957.916153, 0.000000
10094, 7, 8.000258, 210021554, 1.000103, 27141, 27141, 27140, 0, 6785, 0, 0, 0, 0, 0, 0, 29560072, 27138.214585, 27137.214688, 0.000000
