ThreadID, cIDX, Time, cycles, deltaT, RX, OnRX, TX, SupTX, OnTX, Idle, OnIdle, Blocked, CacheMiss, CacheHit, CacheWB, CPUIdle, RX/s, TX/s, Sup/s
520, 0, 0, 0, 0, 0, 0, 0, 0, 0, 0, 0, 0, 0, 0, 0, 0, 0, 0, 0
520, 0, 1.000016, 210003384, 1.000016, 30455, 30455, 30446, 0, 7894, 0, 0, 1, 694117, 183272834, 288474, 29964570, 30454.509247, 30445.509392, 0.000000
520, 1, 2.000017, 210000238, 1.000001, 30544, 30544, 30561, 0, 7922, 0, 0, 2, 622738, 183337884, 256207, 29952570, 30543.965384, 30560.965364, 0.000000
520, 2, 3.000076, 210012346, 1.000059, 30571, 30571, 30553, 0, 7923, 0, 0, 0, 599795, 183308338, 246147, 30105377, 30569.202822, 30551.203880, 0.000000
520, 3, 4.000098, 210004509, 1.000021, 30474, 30474, 30492, 0, 7906, 0, 0, 0, 596180, 183336950, 243410, 30050367, 30473.345694, 30491.345307, 0.000000
520, 4, 5.000386, 210060649, 1.000289, 30489, 30489, 30468, 0, 7899, 0, 0, 0, 589151, 183064061, 241232, 30568041, 30480.197174, 30459.203237, 0.000000
520, 5, 6.000402, 210003194, 1.000015, 30547, 30547, 30575, 0, 7927, 0, 0, 1, 578307, 182929623, 234710, 30796684, 30546.535402, 30574.534976, 0.000000
520, 6, 7.000405, 210000794, 1.000004, 30399, 30399, 30384, 0, 7878, 0, 0, 0, 576208, 182981487, 233801, 30683323, 30398.885063, 30383.885120, 0.000000
520, 7, 8.000413, 210001586, 1.000008, 30519, 30519, 30527, 0, 7915, 0, 0, 0, 571779, 182999791, 231078, 30679360, 30518.769511, 30526.769450, 0.000000
