ThreadID, cIDX, Time, cycles, deltaT, RX, OnRX, TX, SupTX, OnTX, Idle, OnIdle, Blocked, CacheMiss, CacheHit, CacheWB, CPUIdle, RX/s, TX/s, Sup/s
2387, 0, 0, 0, 0, 0, 0, 0, 0, 0, 0, 0, 0, 0, 0, 0, 0, 0, 0, 0
2387, 0, 1.000564, 210118412, 1.000564, 31550, 31550, 31560, 0, 7890, 0, 0, 2, 0, 0, 0, 28976251, 31532.220032, 31542.214397, 0.000000
2387, 1, 2.000568, 210000936, 1.000004, 31670, 31670, 31672, 0, 7918, 0, 0, 5, 0, 0, 0, 28908595, 31669.858843, 31671.858834, 0.000000
2387, 2, 3.000606, 210007879, 1.000038, 31698, 31698, 31684, 0, 7921, 0, 0, 4, 0, 0, 0, 29326864, 31696.810766, 31682.811291, 0.000000
2387, 3, 4.000731, 210026190, 1.000125, 31609, 31609, 31624, 0, 7906, 0, 0, 5, 0, 0, 0, 29274203, 31605.058398, 31620.056527, 0.000000
2387, 4, 5.000783, 210010950, 1.000052, 31705, 31705, 31700, 0, 7925, 0, 0, 6, 0, 0, 0, 29393943, 31703.346897, 31698.347158, 0.000000
2387, 5, 6.001350, 210119184, 1.000568, 31591, 31591, 31576, 0, 7894, 0, 0, 1, 0, 0, 0, 29952490, 31573.080923, 31558.089432, 0.000000
2387, 6, 7.001354, 210000849, 1.000004, 31582, 31582, 31604, 0, 7901, 0, 0, 3, 0, 0, 0, 29890511, 31581.872319, 31603.872230, 0.000000
2387, 7, 8.001378, 210004916, 1.000023, 31719, 31719, 31688, 0, 7922, 0, 0, 0, 0, 0, 0, 29704577, 31718.257491, 31687.258216, 0.000000
