ThreadID, cIDX, Time, cycles, deltaT, RX, OnRX, TX, SupTX, OnTX, Idle, OnIdle, Blocked, CacheMiss, CacheHit, CacheWB, CPUIdle, RX/s, TX/s, Sup/s
9114, 0, 0, 0, 0, 0, 0, 0, 0, 0, 0, 0, 0, 0, 0, 0, 0, 0, 0, 0
9114, 0, 1.000039, 210008231, 1.000039, 27191, 27191, 27188, 0, 6797, 0, 0, 0, 0, 0, 0, 29841149, 27189.934284, 27186.934402, 0.000000
9114, 1, 2.000042, 210000633, 1.000003, 27137, 27137, 27143, 0, 6786, 0, 0, 5, 0, 0, 0, 29883573, 27136.918202, 27142.918183, 0.000000
9114, 2, 3.000048, 210001312, 1.000006, 27114, 27114, 27117, 0, 6779, 0, 0, 8, 0, 0, 0, 30010512, 27113.830603, 27116.830584, 0.000000
9114, 3, 4.000052, 210000678, 1.000003, 27091, 27091, 27088, 0, 6772, 0, 0, 2, 0, 0, 0, 29999485, 27090.912535, 27087.912545, 0.000000
9114, 4, 5.000088, 210007670, 1.000037, 27096, 27096, 27096, 0, 6774, 0, 0, 1, 0, 0, 0, 30546583, 27095.010387, 27095.010387, 0.000000
9114, 5, 6.000155, 210014054, 1.000067, 27136, 27136, 27132, 0, 6783, 0, 0, 0, 0, 0, 0, 30599014, 27134.184077, 27130.184345, 0.000000
9114, 6, 7.000276, 210025347, 1.000121, 27022, 27022, 27020, 0, 6755, 0, 0, 0, 0, 0, 0, 30440954, 27018.738838, 27016.739080, 0.000000
9114, 7, 8.000375, 210020772, 1.000099, 27163, 27163, 27162, 0, 6791, 0, 0, 0, 0, 0, 0, 30563274, 27160.313457, 27159.313556, 0.000000
