ThreadID, cIDX, Time, cycles, deltaT, RX, OnRX, TX, SupTX, OnTX, Idle, OnIdle, Blocked, CacheMiss, CacheHit, CacheWB, CPUIdle, RX/s, TX/s, Sup/s
8246, 0, 0, 0, 0, 0, 0, 0, 0, 0, 0, 0, 0, 0, 0, 0, 0, 0, 0, 0
8246, 0, 1.000360, 210075502, 1.000360, 31502, 31502, 31489, 0, 7873, 0, 0, 1, 0, 0, 0, 28320681, 31490.678052, 31477.682724, 0.000000
8246, 1, 2.000374, 210002953, 1.000014, 31666, 31666, 31681, 0, 7920, 0, 0, 2, 0, 0, 0, 28082874, 31665.554722, 31680.554511, 0.000000
8246, 2, 3.000385, 210002395, 1.000011, 31697, 31697, 31698, 0, 7924, 0, 0, 2, 0, 0, 0, 28099412, 31696.638507, 31697.638496, 0.000000
8246, 3, 4.000448, 210013216, 1.000063, 31611, 31611, 31604, 0, 7901, 0, 0, 0, 0, 0, 0, 28205601, 31609.010740, 31602.011180, 0.000000
8246, 4, 5.000542, 210019664, 1.000094, 31653, 31653, 31656, 0, 7914, 0, 0, 0, 0, 0, 0, 28571447, 31650.036351, 31653.036070, 0.000000
8246, 5, 6.000574, 210006774, 1.000032, 31652, 31652, 31632, 0, 7908, 0, 0, 0, 0, 0, 0, 28889194, 31650.979030, 31630.979675, 0.000000
8246, 6, 7.000787, 210044746, 1.000213, 31555, 31555, 31556, 0, 7889, 0, 0, 0, 0, 0, 0, 28577470, 31548.277813, 31549.277600, 0.000000
8246, 7, 8.001137, 210073511, 1.000350, 31689, 31689, 31696, 0, 7924, 0, 0, 4, 0, 0, 0, 28156371, 31677.911072, 31684.908622, 0.000000
