ThreadID, cIDX, Time, cycles, deltaT, RX, OnRX, TX, SupTX, OnTX, Idle, OnIdle, Blocked, CacheMiss, CacheHit, CacheWB, CPUIdle, RX/s, TX/s, Sup/s
2755, 0, 0, 0, 0, 0, 0, 0, 0, 0, 0, 0, 0, 0, 0, 0, 0, 0, 0, 0
2755, 0, 1.000009, 210001787, 1.000009, 31570, 31570, 31560, 0, 7890, 0, 0, 0, 658524, 182098781, 271318, 29102801, 31569.731357, 31559.731442, 0.000000
2755, 1, 2.000025, 210003525, 1.000017, 31657, 31657, 31677, 0, 7920, 0, 0, 9, 568717, 182217972, 227840, 28894775, 31656.468624, 31676.468288, 0.000000
2755, 2, 3.000027, 210000403, 1.000002, 31710, 31710, 31696, 0, 7924, 0, 0, 4, 556396, 182148877, 224812, 28978850, 31709.939147, 31695.939174, 0.000000
2755, 3, 4.000091, 210013322, 1.000063, 31697, 31697, 31687, 0, 7921, 0, 0, 7, 533882, 182106145, 213679, 29134790, 31694.989330, 31684.989965, 0.000000
2755, 4, 5.000150, 210012567, 1.000060, 31621, 31621, 31616, 0, 7904, 0, 0, 4, 522471, 181947444, 206639, 29482741, 31619.107822, 31614.108121, 0.000000
2755, 5, 6.000174, 210005036, 1.000024, 31583, 31583, 31608, 0, 7902, 0, 0, 1, 514217, 181652830, 201964, 30077716, 31582.242628, 31607.242028, 0.000000
2755, 6, 7.000208, 210007016, 1.000033, 31666, 31666, 31645, 0, 7912, 0, 0, 2, 508717, 181783311, 201415, 29783654, 31664.942089, 31643.942791, 0.000000
2755, 7, 8.000385, 210037278, 1.000178, 31583, 31583, 31579, 0, 7894, 0, 0, 0, 506634, 181899256, 199970, 29647736, 31577.394561, 31573.395271, 0.000000
