ThreadID, cIDX, Time, cycles, deltaT, RX, OnRX, TX, SupTX, OnTX, Idle, OnIdle, Blocked, CacheMiss, CacheHit, CacheWB, CPUIdle, RX/s, TX/s, Sup/s
10968, 0, 0, 0, 0, 0, 0, 0, 0, 0, 0, 0, 0, 0, 0, 0, 0, 0, 0, 0
10968, 0, 1.000018, 210003730, 1.000018, 27101, 27101, 27101, 0, 6776, 0, 0, 0, 0, 0, 0, 29013495, 27100.518643, 27100.518643, 0.000000
10968, 1, 2.000019, 210000285, 1.000001, 27132, 27132, 27137, 0, 6784, 0, 0, 7, 0, 0, 0, 29087715, 27131.963178, 27136.963171, 0.000000
10968, 2, 3.000093, 210015459, 1.000074, 27123, 27123, 27110, 0, 6777, 0, 0, 4, 0, 0, 0, 29292987, 27121.003507, 27108.004464, 0.000000
10968, 3, 4.000098, 210001151, 1.000005, 27228, 27228, 27241, 0, 6811, 0, 0, 4, 0, 0, 0, 29100991, 27227.850765, 27240.850694, 0.000000
10968, 4, 5.000252, 210032347, 1.000154, 27147, 27147, 27135, 0, 6783, 0, 0, 3, 0, 0, 0, 29704757, 27142.819101, 27130.820949, 0.000000
10968, 5, 6.000257, 210001017, 1.000005, 27072, 27072, 27076, 0, 6769, 0, 0, 4, 0, 0, 0, 30048509, 27071.868895, 27075.868875, 0.000000
10968, 6, 7.000406, 210031344, 1.000149, 27060, 27060, 27060, 0, 6765, 0, 0, 4, 0, 0, 0, 29630399, 27055.961704, 27055.961704, 0.000000
10968, 7, 8.000430, 210004978, 1.000024, 27214, 27214, 27216, 0, 6804, 0, 0, 0, 0, 0, 0, 29713504, 27213.354914, 27215.354866, 0.000000
