ThreadID, cIDX, Time, cycles, deltaT, RX, OnRX, TX, SupTX, OnTX, Idle, OnIdle, Blocked, CacheMiss, CacheHit, CacheWB, CPUIdle, RX/s, TX/s, Sup/s
10627, 0, 0, 0, 0, 0, 0, 0, 0, 0, 0, 0, 0, 0, 0, 0, 0, 0, 0, 0
10627, 0, 1.000099, 210020855, 1.000099, 31566, 31566, 31560, 0, 7890, 0, 0, 1, 652089, 182109704, 273047, 31658611, 31562.865507, 31556.866103, 0.000000
10627, 1, 2.000143, 210009254, 1.000044, 31637, 31637, 31632, 0, 7908, 0, 0, 5, 574374, 182110846, 236650, 31719071, 31635.605924, 31630.606145, 0.000000
10627, 2, 3.000716, 210120167, 1.000572, 31660, 31660, 31657, 0, 7915, 0, 0, 9, 557528, 182048659, 226913, 31967658, 31641.893755, 31638.895471, 0.000000
10627, 3, 4.000757, 210008635, 1.000041, 31653, 31653, 31669, 0, 7917, 0, 0, 9, 547814, 181969891, 221946, 31962273, 31651.698512, 31667.697854, 0.000000
10627, 4, 5.000821, 210013413, 1.000064, 31702, 31702, 31684, 0, 7921, 0, 0, 4, 540118, 181947178, 216525, 32065249, 31699.975277, 31681.976427, 0.000000
10627, 5, 6.000844, 210005003, 1.000024, 31582, 31582, 31595, 0, 7899, 0, 0, 3, 529419, 181592081, 210769, 32703780, 31581.247614, 31594.247305, 0.000000
10627, 6, 7.000851, 210001420, 1.000007, 31572, 31572, 31571, 0, 7892, 0, 0, 0, 523865, 181709886, 209876, 32529247, 31571.786515, 31570.786521, 0.000000
10627, 7, 8.000939, 210018427, 1.000088, 31752, 31752, 31748, 0, 7937, 0, 0, 0, 519795, 181884474, 206064, 32220999, 31749.214082, 31745.214433, 0.000000
