ThreadID, cIDX, Time, cycles, deltaT, RX, OnRX, TX, SupTX, OnTX, Idle, OnIdle, Blocked, CacheMiss, CacheHit, CacheWB, CPUIdle, RX/s, TX/s, Sup/s
8813, 0, 0, 0, 0, 0, 0, 0, 0, 0, 0, 0, 0, 0, 0, 0, 0, 0, 0, 0
8813, 0, 1.000001, 210000175, 1.000001, 27304, 27304, 27307, 0, 6827, 0, 0, 0, 0, 0, 0, 28560714, 27303.977247, 27306.977244, 0.000000
8813, 1, 2.000017, 210003456, 1.000016, 27111, 27111, 27101, 0, 6775, 0, 0, 5, 0, 0, 0, 28405780, 27110.553838, 27100.554002, 0.000000
8813, 2, 3.000033, 210003272, 1.000016, 27072, 27072, 27076, 0, 6769, 0, 0, 7, 0, 0, 0, 28430547, 27071.578199, 27075.578137, 0.000000
8813, 3, 4.000046, 210002842, 1.000014, 27222, 27222, 27221, 0, 6806, 0, 0, 5, 0, 0, 0, 28463163, 27221.631601, 27220.631614, 0.000000
8813, 4, 5.000093, 210009840, 1.000047, 27136, 27136, 27139, 0, 6784, 0, 0, 3, 0, 0, 0, 29171306, 27134.728544, 27137.728404, 0.000000
8813, 5, 6.000161, 210014194, 1.000068, 27058, 27058, 27052, 0, 6763, 0, 0, 0, 0, 0, 0, 29287045, 27056.171261, 27050.171666, 0.000000
8813, 6, 7.000163, 210000489, 1.000002, 27197, 27197, 27199, 0, 6800, 0, 0, 0, 0, 0, 0, 29286064, 27196.936670, 27198.936665, 0.000000
8813, 7, 8.000187, 210005039, 1.000024, 27110, 27110, 27113, 0, 6778, 0, 0, 0, 0, 0, 0, 29022492, 27109.349505, 27112.349433, 0.000000
