ThreadID, cIDX, Time, cycles, deltaT, RX, OnRX, TX, SupTX, OnTX, Idle, OnIdle, Blocked, CacheMiss, CacheHit, CacheWB, CPUIdle, RX/s, TX/s, Sup/s
8573, 0, 0, 0, 0, 0, 0, 0, 0, 0, 0, 0, 0, 0, 0, 0, 0, 0, 0, 0
8573, 0, 1.000039, 210008267, 1.000039, 27282, 27282, 27280, 0, 6820, 0, 0, 0, 0, 0, 0, 30911475, 27280.926041, 27278.926120, 0.000000
8573, 1, 2.000089, 210010369, 1.000049, 27129, 27129, 27128, 0, 6782, 0, 0, 5, 0, 0, 0, 30995262, 27127.660539, 27126.660589, 0.000000
8573, 2, 3.000103, 210002904, 1.000014, 27100, 27100, 27112, 0, 6778, 0, 0, 5, 0, 0, 0, 31077701, 27099.625251, 27111.625085, 0.000000
8573, 3, 4.000279, 210037038, 1.000176, 27202, 27202, 27196, 0, 6799, 0, 0, 2, 0, 0, 0, 30994860, 27197.203190, 27191.204248, 0.000000
8573, 4, 5.000353, 210015566, 1.000074, 27111, 27111, 27104, 0, 6776, 0, 0, 0, 0, 0, 0, 31245350, 27108.990578, 27101.991097, 0.000000
8573, 5, 6.000409, 210011838, 1.000056, 27094, 27094, 27096, 0, 6774, 0, 0, 1, 0, 0, 0, 31540385, 27092.472759, 27094.472646, 0.000000
8573, 6, 7.000415, 210001220, 1.000006, 27198, 27198, 27203, 0, 6801, 0, 0, 0, 0, 0, 0, 31583377, 27197.841993, 27202.841964, 0.000000
8573, 7, 8.000421, 210001210, 1.000006, 27089, 27089, 27085, 0, 6771, 0, 0, 0, 0, 0, 0, 31508301, 27088.843917, 27084.843940, 0.000000
