ThreadID, cIDX, Time, cycles, deltaT, RX, OnRX, TX, SupTX, OnTX, Idle, OnIdle, Blocked, CacheMiss, CacheHit, CacheWB, CPUIdle, RX/s, TX/s, Sup/s
9622, 0, 0, 0, 0, 0, 0, 0, 0, 0, 0, 0, 0, 0, 0, 0, 0, 0, 0, 0
9622, 0, 1.000029, 210006194, 1.000029, 31550, 31550, 31564, 0, 7891, 0, 0, 0, 0, 0, 0, 29775114, 31549.069453, 31563.069040, 0.000000
9622, 1, 2.000034, 210000895, 1.000004, 31713, 31713, 31712, 0, 7928, 0, 0, 4, 0, 0, 0, 29727475, 31712.864843, 31711.864847, 0.000000
9622, 2, 3.000042, 210001724, 1.000008, 31702, 31702, 31673, 0, 7919, 0, 0, 12, 0, 0, 0, 29836850, 31701.739744, 31672.739982, 0.000000
9622, 3, 4.000194, 210032021, 1.000152, 31598, 31598, 31595, 0, 7898, 0, 0, 6, 0, 0, 0, 30023457, 31593.182641, 31590.183099, 0.000000
9622, 4, 5.000222, 210005768, 1.000027, 31737, 31737, 31760, 0, 7940, 0, 0, 6, 0, 0, 0, 30268438, 31736.128314, 31759.127683, 0.000000
9622, 5, 6.000240, 210003824, 1.000018, 31609, 31609, 31589, 0, 7898, 0, 0, 6, 0, 0, 0, 30615498, 31608.424426, 31588.424790, 0.000000
9622, 6, 7.000452, 210044444, 1.000212, 31686, 31686, 31687, 0, 7921, 0, 0, 15, 0, 0, 0, 30370010, 31679.295454, 31680.295243, 0.000000
9622, 7, 8.000882, 210090433, 1.000431, 31665, 31665, 31668, 0, 7917, 0, 0, 0, 0, 0, 0, 30424642, 31651.369865, 31654.368574, 0.000000
