ThreadID, cIDX, Time, cycles, deltaT, RX, OnRX, TX, SupTX, OnTX, Idle, OnIdle, Blocked, CacheMiss, CacheHit, CacheWB, CPUIdle, RX/s, TX/s, Sup/s
8449, 0, 0, 0, 0, 0, 0, 0, 0, 0, 0, 0, 0, 0, 0, 0, 0, 0, 0, 0
8449, 0, 1.000026, 210005487, 1.000026, 31628, 31628, 31628, 0, 7907, 0, 0, 0, 648938, 182406258, 261894, 31130921, 31627.173627, 31627.173627, 0.000000
8449, 1, 2.000029, 210000646, 1.000003, 31652, 31652, 31660, 0, 7915, 0, 0, 9, 569792, 182509308, 221636, 31091694, 31651.902633, 31659.902608, 0.000000
8449, 2, 3.000066, 210007827, 1.000037, 31725, 31725, 31704, 0, 7926, 0, 0, 3, 545489, 182419012, 207133, 31249469, 31723.817608, 31702.818391, 0.000000
8449, 3, 4.000092, 210005327, 1.000025, 31701, 31701, 31724, 0, 7931, 0, 0, 6, 534497, 182485922, 203128, 31148998, 31700.195872, 31723.195288, 0.000000
8449, 4, 5.000164, 210015256, 1.000073, 31681, 31681, 31656, 0, 7914, 0, 0, 6, 529224, 182301759, 201039, 31431973, 31678.698618, 31653.700434, 0.000000
8449, 5, 6.000166, 210000226, 1.000001, 31618, 31618, 31645, 0, 7912, 0, 0, 0, 522290, 182118507, 196389, 31728952, 31617.965973, 31644.965944, 0.000000
8449, 6, 7.000187, 210004406, 1.000021, 31645, 31645, 31632, 0, 7908, 0, 0, 0, 517249, 182147532, 193265, 31787864, 31644.336072, 31631.336344, 0.000000
8449, 7, 8.000552, 210076663, 1.000365, 31634, 31634, 31623, 0, 7905, 0, 0, 1, 516085, 182298740, 192109, 31521994, 31622.455846, 31611.459860, 0.000000
