ThreadID, cIDX, Time, cycles, deltaT, RX, OnRX, TX, SupTX, OnTX, Idle, OnIdle, Blocked, CacheMiss, CacheHit, CacheWB, CPUIdle, RX/s, TX/s, Sup/s
2507, 0, 0, 0, 0, 0, 0, 0, 0, 0, 0, 0, 0, 0, 0, 0, 0, 0, 0, 0
2507, 0, 1.000017, 210003527, 1.000017, 27221, 27221, 27217, 0, 6805, 0, 0, 0, 660470, 182135426, 272792, 29010148, 27220.542825, 27216.542892, 0.000000
2507, 1, 2.000020, 210000724, 1.000003, 27146, 27146, 27143, 0, 6785, 0, 0, 3, 575037, 182180657, 233105, 28857845, 27145.906411, 27142.906422, 0.000000
2507, 2, 3.000035, 210003056, 1.000015, 27119, 27119, 27124, 0, 6781, 0, 0, 4, 550723, 182099525, 221394, 29077033, 27118.605360, 27123.605287, 0.000000
2507, 3, 4.000057, 210004768, 1.000023, 27146, 27146, 27156, 0, 6789, 0, 0, 4, 534682, 182029767, 211540, 29239358, 27145.383671, 27155.383443, 0.000000
2507, 4, 5.000078, 210004214, 1.000020, 27160, 27160, 27156, 0, 6789, 0, 0, 5, 521706, 181918454, 205417, 29578786, 27159.455000, 27155.455081, 0.000000
2507, 5, 6.000142, 210013594, 1.000065, 27085, 27085, 27084, 0, 6771, 0, 0, 1, 516041, 181647435, 203623, 30013665, 27083.246811, 27082.246876, 0.000000
2507, 6, 7.000184, 210008691, 1.000041, 27152, 27152, 27152, 0, 6788, 0, 0, 1, 511288, 181703632, 201825, 29940139, 27150.876342, 27150.876342, 0.000000
2507, 7, 8.000226, 210008975, 1.000043, 27166, 27166, 27160, 0, 6790, 0, 0, 1, 509312, 181893028, 200430, 29619750, 27164.839027, 27158.839283, 0.000000
