ThreadID, cIDX, Time, cycles, deltaT, RX, OnRX, TX, SupTX, OnTX, Idle, OnIdle, Blocked, CacheMiss, CacheHit, CacheWB, CPUIdle, RX/s, TX/s, Sup/s
10037, 0, 0, 0, 0, 0, 0, 0, 0, 0, 0, 0, 0, 0, 0, 0, 0, 0, 0, 0
10037, 0, 1.000015, 210003171, 1.000015, 31562, 31562, 31572, 0, 7893, 0, 0, 0, 0, 0, 0, 28200934, 31561.523421, 31571.523270, 0.000000
10037, 1, 2.000094, 210016494, 1.000079, 31671, 31671, 31656, 0, 7914, 0, 0, 6, 0, 0, 0, 28252075, 31668.512665, 31653.513843, 0.000000
10037, 2, 3.000095, 210000241, 1.000001, 31666, 31666, 31679, 0, 7920, 0, 0, 11, 0, 0, 0, 28375838, 31665.963660, 31678.963645, 0.000000
10037, 3, 4.000113, 210003906, 1.000019, 31754, 31754, 31733, 0, 7933, 0, 0, 11, 0, 0, 0, 28518884, 31753.409387, 31732.409777, 0.000000
10037, 4, 5.000120, 210001435, 1.000007, 31699, 31699, 31720, 0, 7930, 0, 0, 5, 0, 0, 0, 28826080, 31698.783392, 31719.783248, 0.000000
10037, 5, 6.000137, 210003616, 1.000017, 31571, 31571, 31564, 0, 7891, 0, 0, 2, 0, 0, 0, 29110797, 31570.456387, 31563.456507, 0.000000
10037, 6, 7.000300, 210034176, 1.000163, 31647, 31647, 31628, 0, 7907, 0, 0, 1, 0, 0, 0, 28992329, 31641.850515, 31622.853606, 0.000000
10037, 7, 8.000615, 210066009, 1.000314, 31715, 31715, 31716, 0, 7929, 0, 0, 0, 0, 0, 0, 28882414, 31705.034202, 31706.033888, 0.000000
