ThreadID, cIDX, Time, cycles, deltaT, RX, OnRX, TX, SupTX, OnTX, Idle, OnIdle, Blocked, CacheMiss, CacheHit, CacheWB, CPUIdle, RX/s, TX/s, Sup/s
120, 0, 0, 0, 0, 0, 0, 0, 0, 0, 0, 0, 0, 0, 0, 0, 0, 0, 0, 0
120, 0, 1.000017, 210003596, 1.000017, 29363, 29363, 29368, 0, 7907, 0, 0, 0, 0, 0, 0, 28473443, 29362.497202, 29367.497117, 0.000000
120, 1, 2.000040, 210004759, 1.000023, 29449, 29449, 29437, 0, 7926, 0, 0, 3, 0, 0, 0, 28525207, 29448.332645, 29436.332917, 0.000000
120, 2, 3.000105, 210013780, 1.000066, 29372, 29372, 29373, 0, 7908, 0, 0, 2, 0, 0, 0, 28802004, 29370.072764, 29371.072698, 0.000000
120, 3, 4.000107, 210000414, 1.000002, 29450, 29450, 29449, 0, 7930, 0, 0, 2, 0, 0, 0, 28668030, 29449.941942, 29448.941944, 0.000000
120, 4, 5.000127, 210004210, 1.000020, 29342, 29342, 29335, 0, 7897, 0, 0, 1, 0, 0, 0, 28924032, 29341.411775, 29334.411915, 0.000000
120, 5, 6.000129, 210000276, 1.000001, 29343, 29343, 29357, 0, 7904, 0, 0, 0, 0, 0, 0, 29194546, 29342.961435, 29356.961417, 0.000000
120, 6, 7.000132, 210000771, 1.000004, 29386, 29386, 29396, 0, 7915, 0, 0, 0, 0, 0, 0, 29059091, 29385.892112, 29395.892075, 0.000000
120, 7, 8.000154, 210004606, 1.000022, 29372, 29372, 29370, 0, 7908, 0, 0, 0, 0, 0, 0, 28827583, 29371.355788, 29369.355832, 0.000000
