ThreadID, cIDX, Time, cycles, deltaT, RX, OnRX, TX, SupTX, OnTX, Idle, OnIdle, Blocked, CacheMiss, CacheHit, CacheWB, CPUIdle, RX/s, TX/s, Sup/s
9945, 0, 0, 0, 0, 0, 0, 0, 0, 0, 0, 0, 0, 0, 0, 0, 0, 0, 0, 0
9945, 0, 1.000001, 210000221, 1.000001, 27181, 27181, 27176, 0, 6794, 0, 0, 0, 0, 0, 0, 28976881, 27180.971395, 27175.971401, 0.000000
9945, 1, 2.000105, 210021920, 1.000104, 27188, 27188, 27192, 0, 6798, 0, 0, 4, 0, 0, 0, 29044798, 27185.162387, 27189.161969, 0.000000
9945, 2, 3.000460, 210074355, 1.000354, 27157, 27157, 27153, 0, 6789, 0, 0, 7, 0, 0, 0, 29202618, 27147.387886, 27143.389301, 0.000000
9945, 3, 4.000466, 210001262, 1.000006, 27061, 27061, 27065, 0, 6766, 0, 0, 8, 0, 0, 0, 29249980, 27060.837377, 27064.837353, 0.000000
9945, 4, 5.000512, 210009853, 1.000047, 27120, 27120, 27122, 0, 6780, 0, 0, 4, 0, 0, 0, 29571222, 27118.727615, 27120.727521, 0.000000
9945, 5, 6.000520, 210001522, 1.000007, 27186, 27186, 27182, 0, 6796, 0, 0, 1, 0, 0, 0, 29915792, 27185.802968, 27181.802997, 0.000000
9945, 6, 7.000633, 210023798, 1.000113, 27158, 27158, 27162, 0, 6790, 0, 0, 2, 0, 0, 0, 29732726, 27154.922701, 27158.922247, 0.000000
9945, 7, 8.000655, 210004579, 1.000022, 27053, 27053, 27052, 0, 6763, 0, 0, 0, 0, 0, 0, 29477919, 27052.410129, 27051.410150, 0.000000
