ThreadID, cIDX, Time, cycles, deltaT, RX, OnRX, TX, SupTX, OnTX, Idle, OnIdle, Blocked, CacheMiss, CacheHit, CacheWB, CPUIdle, RX/s, TX/s, Sup/s
396, 0, 0, 0, 0, 0, 0, 0, 0, 0, 0, 0, 0, 0, 0, 0, 0, 0, 0, 0
396, 0, 1.000099, 210020768, 1.000099, 27252, 27252, 27256, 0, 6814, 0, 0, 0, 685414, 183346546, 284033, 29502965, 27249.305173, 27253.304778, 0.000000
396, 1, 2.000258, 210033447, 1.000159, 27096, 27096, 27092, 0, 6773, 0, 0, 0, 612977, 183419814, 248018, 29511863, 27091.685069, 27087.685706, 0.000000
396, 2, 3.000321, 210013159, 1.000063, 27085, 27085, 27088, 0, 6772, 0, 0, 0, 592913, 183331483, 236298, 29724899, 27083.302909, 27086.302721, 0.000000
396, 3, 4.000330, 210001865, 1.000009, 27197, 27197, 27196, 0, 6799, 0, 0, 0, 591778, 183394095, 236175, 29509008, 27196.758467, 27195.758476, 0.000000
396, 4, 5.000443, 210023730, 1.000113, 27163, 27163, 27157, 0, 6790, 0, 0, 0, 572938, 183097052, 227153, 30075620, 27159.930928, 27153.931606, 0.000000
396, 5, 6.000477, 210007182, 1.000034, 27079, 27079, 27076, 0, 6769, 0, 0, 0, 570892, 183058199, 225334, 30065609, 27078.073930, 27075.074032, 0.000000
396, 6, 7.000527, 210010576, 1.000050, 27087, 27087, 27091, 0, 6772, 0, 0, 0, 571275, 183020178, 226046, 30292675, 27085.635916, 27089.635714, 0.000000
396, 7, 8.000563, 210007462, 1.000036, 27225, 27225, 27224, 0, 6806, 0, 0, 0, 572050, 183178478, 225921, 29848167, 27224.032639, 27223.032675, 0.000000
