ThreadID, cIDX, Time, cycles, deltaT, RX, OnRX, TX, SupTX, OnTX, Idle, OnIdle, Blocked, CacheMiss, CacheHit, CacheWB, CPUIdle, RX/s, TX/s, Sup/s
1974, 0, 0, 0, 0, 0, 0, 0, 0, 0, 0, 0, 0, 0, 0, 0, 0, 0, 0, 0
1974, 0, 1.000003, 210000607, 1.000003, 31588, 31588, 31579, 0, 7895, 0, 0, 0, 0, 0, 0, 28378731, 31587.908696, 31578.908722, 0.000000
1974, 1, 2.000008, 210001174, 1.000006, 31648, 31648, 31667, 0, 7917, 0, 0, 4, 0, 0, 0, 28258083, 31647.823074, 31666.822967, 0.000000
1974, 2, 3.000192, 210038500, 1.000183, 31688, 31688, 31666, 0, 7916, 0, 0, 4, 0, 0, 0, 28469977, 31682.191598, 31660.195631, 0.000000
1974, 3, 4.000215, 210004895, 1.000023, 31746, 31746, 31756, 0, 7939, 0, 0, 4, 0, 0, 0, 28583863, 31745.260033, 31755.259800, 0.000000
1974, 4, 5.000231, 210003360, 1.000016, 31709, 31709, 31704, 0, 7926, 0, 0, 6, 0, 0, 0, 28720513, 31708.492664, 31703.492744, 0.000000
1974, 5, 6.000360, 210027145, 1.000129, 31566, 31566, 31580, 0, 7895, 0, 0, 0, 0, 0, 0, 29162297, 31561.920246, 31575.918437, 0.000000
1974, 6, 7.000413, 210011017, 1.000052, 31640, 31640, 31629, 0, 7908, 0, 0, 0, 0, 0, 0, 28962357, 31638.340192, 31627.340769, 0.000000
1974, 7, 8.000418, 210001105, 1.000005, 31686, 31686, 31696, 0, 7924, 0, 0, 1, 0, 0, 0, 28875604, 31685.833272, 31695.833220, 0.000000
