ThreadID, cIDX, Time, cycles, deltaT, RX, OnRX, TX, SupTX, OnTX, Idle, OnIdle, Blocked, CacheMiss, CacheHit, CacheWB, CPUIdle, RX/s, TX/s, Sup/s
10155, 0, 0, 0, 0, 0, 0, 0, 0, 0, 0, 0, 0, 0, 0, 0, 0, 0, 0, 0
10155, 0, 1.000036, 210007456, 1.000036, 27236, 27236, 27244, 0, 6811, 0, 0, 0, 0, 0, 0, 28208737, 27235.033027, 27243.032743, 0.000000
10155, 1, 2.000065, 210006240, 1.000030, 27189, 27189, 27180, 0, 6795, 0, 0, 0, 0, 0, 0, 28222774, 27188.192122, 27179.192390, 0.000000
10155, 2, 3.000321, 210053801, 1.000256, 27125, 27125, 27132, 0, 6783, 0, 0, 10, 0, 0, 0, 28444984, 27118.052484, 27125.050691, 0.000000
10155, 3, 4.000344, 210004712, 1.000022, 27139, 27139, 27135, 0, 6784, 0, 0, 6, 0, 0, 0, 28505822, 27138.391066, 27134.391156, 0.000000
10155, 4, 5.000402, 210012267, 1.000058, 27113, 27113, 27117, 0, 6779, 0, 0, 6, 0, 0, 0, 28750043, 27111.416306, 27115.416072, 0.000000
10155, 5, 6.000452, 210010391, 1.000049, 27122, 27122, 27116, 0, 6779, 0, 0, 0, 0, 0, 0, 29116350, 27120.658044, 27114.658341, 0.000000
10155, 6, 7.000610, 210033157, 1.000158, 27082, 27082, 27072, 0, 6768, 0, 0, 0, 0, 0, 0, 29046764, 27077.724685, 27067.726264, 0.000000
10155, 7, 8.000714, 210021911, 1.000104, 27136, 27136, 27148, 0, 6787, 0, 0, 0, 0, 0, 0, 28842507, 27133.168977, 27145.167725, 0.000000
