ThreadID, cIDX, Time, cycles, deltaT, RX, OnRX, TX, SupTX, OnTX, Idle, OnIdle, Blocked, CacheMiss, CacheHit, CacheWB, CPUIdle, RX/s, TX/s, Sup/s
2659, 0, 0, 0, 0, 0, 0, 0, 0, 0, 0, 0, 0, 0, 0, 0, 0, 0, 0, 0
2659, 0, 1.000039, 210008106, 1.000039, 31584, 31584, 31588, 0, 7897, 0, 0, 3, 0, 0, 0, 28889856, 31582.780905, 31586.780750, 0.000000
2659, 1, 2.000075, 210007723, 1.000037, 31676, 31676, 31660, 0, 7915, 0, 0, 0, 0, 0, 0, 28774553, 31674.835120, 31658.835709, 0.000000
2659, 2, 3.000324, 210052227, 1.000249, 31700, 31700, 31727, 0, 7932, 0, 0, 8, 0, 0, 0, 29003947, 31692.118170, 31719.111457, 0.000000
2659, 3, 4.000327, 210000563, 1.000003, 31694, 31694, 31666, 0, 7917, 0, 0, 2, 0, 0, 0, 29164004, 31693.915030, 31665.915105, 0.000000
2659, 4, 5.000343, 210003418, 1.000016, 31618, 31618, 31623, 0, 7905, 0, 0, 6, 0, 0, 0, 29541689, 31617.485388, 31622.485306, 0.000000
2659, 5, 6.000344, 210000274, 1.000001, 31580, 31580, 31576, 0, 7894, 0, 0, 2, 0, 0, 0, 29960515, 31579.958796, 31575.958801, 0.000000
2659, 6, 7.000352, 210001678, 1.000008, 31668, 31668, 31680, 0, 7920, 0, 0, 0, 0, 0, 0, 29744745, 31667.746960, 31679.746864, 0.000000
2659, 7, 8.000501, 210031303, 1.000149, 31580, 31580, 31564, 0, 7891, 0, 0, 1, 0, 0, 0, 29566511, 31575.293327, 31559.295711, 0.000000
