ThreadID, cIDX, Time, cycles, deltaT, RX, OnRX, TX, SupTX, OnTX, Idle, OnIdle, Blocked, CacheMiss, CacheHit, CacheWB, CPUIdle, RX/s, TX/s, Sup/s
10744, 0, 0, 0, 0, 0, 0, 0, 0, 0, 0, 0, 0, 0, 0, 0, 0, 0, 0, 0
10744, 0, 1.000016, 210003347, 1.000016, 26028, 26028, 26022, 0, 6789, 0, 0, 1, 0, 0, 0, 30757718, 26027.585170, 26021.585265, 0.000000
10744, 1, 2.000047, 210006580, 1.000031, 25994, 25994, 26004, 0, 6784, 0, 0, 3, 0, 0, 0, 30832550, 25993.185547, 26003.185234, 0.000000
10744, 2, 3.000741, 210145740, 1.000694, 26005, 26005, 26002, 0, 6783, 0, 0, 4, 0, 0, 0, 31098477, 25986.965046, 25983.967127, 0.000000
10744, 3, 4.000745, 210000836, 1.000004, 26071, 26071, 26066, 0, 6798, 0, 0, 0, 0, 0, 0, 31111890, 26070.896213, 26065.896233, 0.000000
10744, 4, 5.000747, 210000445, 1.000002, 26064, 26064, 26070, 0, 6803, 0, 0, 4, 0, 0, 0, 31317789, 26063.944769, 26069.944757, 0.000000
10744, 5, 6.000819, 210015011, 1.000071, 25903, 25903, 25904, 0, 6756, 0, 0, 0, 0, 0, 0, 31856735, 25901.148561, 25902.148490, 0.000000
10744, 6, 7.000831, 210002604, 1.000012, 26036, 26036, 26042, 0, 6793, 0, 0, 0, 0, 0, 0, 31570719, 26035.677158, 26041.677083, 0.000000
10744, 7, 8.000862, 210006508, 1.000031, 26024, 26024, 26021, 0, 6786, 0, 0, 0, 0, 0, 0, 31422961, 26023.193529, 26020.193622, 0.000000
