ThreadID, cIDX, Time, cycles, deltaT, RX, OnRX, TX, SupTX, OnTX, Idle, OnIdle, Blocked, CacheMiss, CacheHit, CacheWB, CPUIdle, RX/s, TX/s, Sup/s
48, 0, 0, 0, 0, 0, 0, 0, 0, 0, 0, 0, 0, 0, 0, 0, 0, 0, 0, 0
48, 0, 1.000026, 210005415, 1.000026, 30556, 30556, 30560, 0, 7925, 0, 0, 0, 0, 0, 0, 25749170, 30555.212112, 30559.212009, 0.000000
48, 1, 2.000036, 210002075, 1.000010, 30579, 30579, 30582, 0, 7929, 0, 0, 2, 0, 0, 0, 25709571, 30578.697853, 30581.697824, 0.000000
48, 2, 3.000100, 210013408, 1.000064, 30567, 30567, 30551, 0, 7920, 0, 0, 3, 0, 0, 0, 25956394, 30565.048494, 30549.049516, 0.000000
48, 3, 4.000104, 210000896, 1.000004, 30538, 30538, 30542, 0, 7920, 0, 0, 4, 0, 0, 0, 25947458, 30537.869705, 30541.869688, 0.000000
48, 4, 5.000134, 210006394, 1.000030, 30514, 30514, 30530, 0, 7913, 0, 0, 0, 0, 0, 0, 26264959, 30513.070950, 30529.070462, 0.000000
48, 5, 6.000165, 210006406, 1.000031, 30492, 30492, 30495, 0, 7905, 0, 0, 0, 0, 0, 0, 26479723, 30491.069877, 30494.069786, 0.000000
48, 6, 7.000188, 210004925, 1.000023, 30569, 30569, 30560, 0, 7925, 0, 0, 0, 0, 0, 0, 26264923, 30568.283101, 30559.283312, 0.000000
48, 7, 8.000189, 210000240, 1.000001, 30478, 30478, 30481, 0, 7904, 0, 0, 1, 0, 0, 0, 25828681, 30477.965168, 30480.965165, 0.000000
