ThreadID, cIDX, Time, cycles, deltaT, RX, OnRX, TX, SupTX, OnTX, Idle, OnIdle, Blocked, CacheMiss, CacheHit, CacheWB, CPUIdle, RX/s, TX/s, Sup/s
1204, 0, 0, 0, 0, 0, 0, 0, 0, 0, 0, 0, 0, 0, 0, 0, 0, 0, 0, 0
1204, 0, 1.000064, 210013363, 1.000064, 31506, 31506, 31488, 0, 7872, 0, 0, 1, 0, 0, 0, 28330239, 31503.995296, 31485.996441, 0.000000
1204, 1, 2.000117, 210011204, 1.000053, 31700, 31700, 31704, 0, 7926, 0, 0, 1, 0, 0, 0, 28362899, 31698.308820, 31702.308606, 0.000000
1204, 2, 3.000286, 210035575, 1.000169, 31707, 31707, 31711, 0, 7928, 0, 0, 4, 0, 0, 0, 28609276, 31701.629593, 31705.628915, 0.000000
1204, 3, 4.000296, 210002057, 1.000010, 31705, 31705, 31713, 0, 7928, 0, 0, 9, 0, 0, 0, 28336314, 31704.689445, 31712.689367, 0.000000
1204, 4, 5.000899, 210126651, 1.000603, 31687, 31687, 31661, 0, 7916, 0, 0, 4, 0, 0, 0, 28650028, 31667.901089, 31641.916760, 0.000000
1204, 5, 6.001069, 210035538, 1.000169, 31588, 31588, 31599, 0, 7899, 0, 0, 3, 0, 0, 0, 28925821, 31582.655312, 31593.653451, 0.000000
1204, 6, 7.001083, 210003065, 1.000015, 31705, 31705, 31736, 0, 7934, 0, 0, 0, 0, 0, 0, 28860182, 31704.537265, 31735.536812, 0.000000
1204, 7, 8.001109, 210005484, 1.000026, 31693, 31693, 31664, 0, 7916, 0, 0, 1, 0, 0, 0, 28844133, 31692.172382, 31663.173139, 0.000000
