ThreadID, cIDX, Time, cycles, deltaT, RX, OnRX, TX, SupTX, OnTX, Idle, OnIdle, Blocked, CacheMiss, CacheHit, CacheWB, CPUIdle, RX/s, TX/s, Sup/s
2674, 0, 0, 0, 0, 0, 0, 0, 0, 0, 0, 0, 0, 0, 0, 0, 0, 0, 0, 0
2674, 0, 1.000020, 210004150, 1.000020, 30531, 30531, 30519, 0, 7913, 0, 0, 0, 0, 0, 0, 30794704, 30530.396661, 30518.396898, 0.000000
2674, 1, 2.000034, 210003035, 1.000014, 30545, 30545, 30566, 0, 7923, 0, 0, 4, 0, 0, 0, 30703844, 30544.558558, 30565.558255, 0.000000
2674, 2, 3.000353, 210066992, 1.000319, 30579, 30579, 30575, 0, 7928, 0, 0, 0, 0, 0, 0, 30894241, 30569.248119, 30565.249394, 0.000000
2674, 3, 4.000361, 210001648, 1.000008, 30536, 30536, 30521, 0, 7914, 0, 0, 3, 0, 0, 0, 31039471, 30535.760367, 30520.760485, 0.000000
2674, 4, 5.000381, 210004228, 1.000020, 30443, 30443, 30455, 0, 7896, 0, 0, 8, 0, 0, 0, 31417996, 30442.387093, 30454.386852, 0.000000
2674, 5, 6.000429, 210009979, 1.000048, 30509, 30509, 30517, 0, 7912, 0, 0, 2, 0, 0, 0, 31852769, 30507.550310, 30515.549930, 0.000000
2674, 6, 7.000430, 210000276, 1.000001, 30471, 30471, 30466, 0, 7899, 0, 0, 3, 0, 0, 0, 31613565, 30470.959952, 30465.959959, 0.000000
2674, 7, 8.000452, 210004710, 1.000022, 30481, 30481, 30478, 0, 7903, 0, 0, 0, 0, 0, 0, 31431295, 30480.316370, 30477.316437, 0.000000
