ThreadID, cIDX, Time, cycles, deltaT, RX, OnRX, TX, SupTX, OnTX, Idle, OnIdle, Blocked, CacheMiss, CacheHit, CacheWB, CPUIdle, RX/s, TX/s, Sup/s
1543, 0, 0, 0, 0, 0, 0, 0, 0, 0, 0, 0, 0, 0, 0, 0, 0, 0, 0, 0
1543, 0, 1.000029, 210006044, 1.000029, 31574, 31574, 31568, 0, 7892, 0, 0, 0, 671094, 182066365, 275311, 31596943, 31573.091296, 31567.091469, 0.000000
1543, 1, 2.000269, 210050414, 1.000240, 31710, 31710, 31728, 0, 7932, 0, 0, 3, 583206, 182102296, 234661, 31797133, 31702.389313, 31720.384993, 0.000000
1543, 2, 3.000277, 210001636, 1.000008, 31707, 31707, 31700, 0, 7925, 0, 0, 5, 555551, 182089922, 222138, 31831642, 31706.752989, 31699.753044, 0.000000
1543, 3, 4.000286, 210001864, 1.000009, 31591, 31591, 31585, 0, 7897, 0, 0, 9, 543515, 182015337, 217954, 32041366, 31590.719595, 31584.719648, 0.000000
1543, 4, 5.000295, 210002035, 1.000010, 31737, 31737, 31737, 0, 7934, 0, 0, 12, 529065, 181882170, 210307, 32218257, 31736.692456, 31736.692456, 0.000000
1543, 5, 6.000299, 210000715, 1.000003, 31609, 31609, 31613, 0, 7903, 0, 0, 2, 518873, 181696934, 205550, 32557281, 31608.892379, 31612.892366, 0.000000
1543, 6, 7.000304, 210001164, 1.000006, 31682, 31682, 31673, 0, 7918, 0, 0, 2, 516120, 181914785, 202844, 32256279, 31681.824392, 31672.824442, 0.000000
1543, 7, 8.000707, 210084643, 1.000403, 31667, 31667, 31656, 0, 7914, 0, 0, 1, 513921, 181967684, 202003, 32244726, 31654.241381, 31643.245813, 0.000000
