ThreadID, cIDX, Time, cycles, deltaT, RX, OnRX, TX, SupTX, OnTX, Idle, OnIdle, Blocked, CacheMiss, CacheHit, CacheWB, CPUIdle, RX/s, TX/s, Sup/s
8861, 0, 0, 0, 0, 0, 0, 0, 0, 0, 0, 0, 0, 0, 0, 0, 0, 0, 0, 0
8861, 0, 1.000036, 210007537, 1.000036, 27304, 27304, 27304, 0, 6826, 0, 0, 0, 0, 0, 0, 29415610, 27303.020082, 27303.020082, 0.000000
8861, 1, 2.000040, 210000830, 1.000004, 27099, 27099, 27092, 0, 6773, 0, 0, 7, 0, 0, 0, 29249188, 27098.892895, 27091.892923, 0.000000
8861, 2, 3.000043, 210000655, 1.000003, 27065, 27065, 27072, 0, 6768, 0, 0, 7, 0, 0, 0, 29381207, 27064.915583, 27071.915561, 0.000000
8861, 3, 4.000112, 210014556, 1.000069, 27226, 27226, 27224, 0, 6806, 0, 0, 4, 0, 0, 0, 29316574, 27224.112980, 27222.113119, 0.000000
8861, 4, 5.000171, 210012311, 1.000059, 27157, 27157, 27164, 0, 6791, 0, 0, 5, 0, 0, 0, 29904273, 27155.408047, 27162.407636, 0.000000
8861, 5, 6.000173, 210000432, 1.000002, 27074, 27074, 27066, 0, 6767, 0, 0, 0, 0, 0, 0, 30158280, 27073.944305, 27065.944321, 0.000000
8861, 6, 7.000275, 210021435, 1.000102, 27109, 27109, 27115, 0, 6779, 0, 0, 0, 0, 0, 0, 30037758, 27106.233228, 27112.232616, 0.000000
8861, 7, 8.000288, 210002725, 1.000013, 27196, 27196, 27187, 0, 6796, 0, 0, 0, 0, 0, 0, 29905832, 27195.647104, 27186.647221, 0.000000
