ThreadID, cIDX, Time, cycles, deltaT, RX, OnRX, TX, SupTX, OnTX, Idle, OnIdle, Blocked, CacheMiss, CacheHit, CacheWB, CPUIdle, RX/s, TX/s, Sup/s
8362, 0, 0, 0, 0, 0, 0, 0, 0, 0, 0, 0, 0, 0, 0, 0, 0, 0, 0, 0
8362, 0, 1.000012, 210002474, 1.000012, 27165, 27165, 27165, 0, 6792, 0, 0, 1, 0, 0, 0, 27552909, 27164.679974, 27164.679974, 0.000000
8362, 1, 2.000126, 210023994, 1.000114, 27138, 27138, 27143, 0, 6785, 0, 0, 4, 0, 0, 0, 27493158, 27134.899644, 27139.899073, 0.000000
8362, 2, 3.000351, 210047215, 1.000225, 27120, 27120, 27109, 0, 6778, 0, 0, 3, 0, 0, 0, 27680048, 27113.903891, 27102.906363, 0.000000
8362, 3, 4.000358, 210001550, 1.000007, 27182, 27182, 27179, 0, 6794, 0, 0, 9, 0, 0, 0, 27536263, 27181.799372, 27178.799395, 0.000000
8362, 4, 5.000412, 210011195, 1.000053, 27137, 27137, 27148, 0, 6787, 0, 0, 0, 0, 0, 0, 27765684, 27135.553417, 27146.552830, 0.000000
8362, 5, 6.000455, 210009069, 1.000043, 27078, 27078, 27080, 0, 6770, 0, 0, 1, 0, 0, 0, 28099919, 27076.830668, 27078.830581, 0.000000
8362, 6, 7.000470, 210003283, 1.000016, 27060, 27060, 27052, 0, 6763, 0, 0, 1, 0, 0, 0, 28122854, 27059.576969, 27051.577094, 0.000000
8362, 7, 8.000503, 210006810, 1.000032, 27197, 27197, 27196, 0, 6799, 0, 0, 2, 0, 0, 0, 27615899, 27196.118069, 27195.118101, 0.000000
