ThreadID, cIDX, Time, cycles, deltaT, RX, OnRX, TX, SupTX, OnTX, Idle, OnIdle, Blocked, CacheMiss, CacheHit, CacheWB, CPUIdle, RX/s, TX/s, Sup/s
3033, 0, 0, 0, 0, 0, 0, 0, 0, 0, 0, 0, 0, 0, 0, 0, 0, 0, 0, 0
3033, 0, 1.000019, 210003976, 1.000019, 27159, 27159, 27158, 0, 6790, 0, 0, 0, 0, 0, 0, 29128477, 27158.485799, 27157.485818, 0.000000
3033, 1, 2.000084, 210013683, 1.000065, 27119, 27119, 27118, 0, 6779, 0, 0, 5, 0, 0, 0, 28924784, 27117.233119, 27116.233184, 0.000000
3033, 2, 3.000114, 210006185, 1.000029, 27139, 27139, 27140, 0, 6785, 0, 0, 9, 0, 0, 0, 29017282, 27138.200715, 27139.200686, 0.000000
3033, 3, 4.000127, 210002888, 1.000014, 27188, 27188, 27190, 0, 6798, 0, 0, 3, 0, 0, 0, 29076024, 27187.626105, 27189.626078, 0.000000
3033, 4, 5.000297, 210035674, 1.000170, 27135, 27135, 27134, 0, 6783, 0, 0, 8, 0, 0, 0, 29540935, 27130.391192, 27129.391362, 0.000000
3033, 5, 6.000413, 210024416, 1.000116, 27060, 27060, 27056, 0, 6764, 0, 0, 3, 0, 0, 0, 29840572, 27056.854190, 27052.854655, 0.000000
3033, 6, 7.000431, 210003685, 1.000018, 27061, 27061, 27068, 0, 6767, 0, 0, 0, 0, 0, 0, 29870249, 27060.525152, 27067.525029, 0.000000
3033, 7, 8.000433, 210000318, 1.000002, 27182, 27182, 27188, 0, 6797, 0, 0, 0, 0, 0, 0, 29272077, 27181.958839, 27187.958830, 0.000000
