ThreadID, cIDX, Time, cycles, deltaT, RX, OnRX, TX, SupTX, OnTX, Idle, OnIdle, Blocked, CacheMiss, CacheHit, CacheWB, CPUIdle, RX/s, TX/s, Sup/s
8304, 0, 0, 0, 0, 0, 0, 0, 0, 0, 0, 0, 0, 0, 0, 0, 0, 0, 0, 0
8304, 0, 1.000026, 210005526, 1.000026, 29403, 29403, 29402, 0, 7915, 0, 0, 0, 0, 0, 0, 31439611, 29402.226301, 29401.226328, 0.000000
8304, 1, 2.000033, 210001301, 1.000006, 29437, 29437, 29444, 0, 7929, 0, 0, 7, 0, 0, 0, 31238419, 29436.817632, 29443.817589, 0.000000
8304, 2, 3.000250, 210045686, 1.000218, 29433, 29433, 29442, 0, 7928, 0, 0, 6, 0, 0, 0, 31449188, 29426.598174, 29435.596216, 0.000000
8304, 3, 4.000316, 210013884, 1.000066, 29394, 29394, 29387, 0, 7911, 0, 0, 4, 0, 0, 0, 31507764, 29392.056765, 29385.057228, 0.000000
8304, 4, 5.000393, 210016085, 1.000077, 29434, 29434, 29439, 0, 7927, 0, 0, 2, 0, 0, 0, 31626622, 29431.745668, 29436.745285, 0.000000
8304, 5, 6.000507, 210023936, 1.000114, 29377, 29377, 29358, 0, 7902, 0, 0, 0, 0, 0, 0, 32086470, 29373.651963, 29354.654129, 0.000000
8304, 6, 7.000883, 210078952, 1.000376, 29430, 29430, 29424, 0, 7923, 0, 0, 3, 0, 0, 0, 31965275, 29418.939599, 29412.941854, 0.000000
8304, 7, 8.000973, 210019036, 1.000091, 29336, 29336, 29350, 0, 7903, 0, 0, 4, 0, 0, 0, 31790633, 29333.341002, 29347.339734, 0.000000
