ThreadID, cIDX, Time, cycles, deltaT, RX, OnRX, TX, SupTX, OnTX, Idle, OnIdle, Blocked, CacheMiss, CacheHit, CacheWB, CPUIdle, RX/s, TX/s, Sup/s
8483, 0, 0, 0, 0, 0, 0, 0, 0, 0, 0, 0, 0, 0, 0, 0, 0, 0, 0, 0
8483, 0, 1.000006, 210001195, 1.000006, 31622, 31622, 31632, 0, 7908, 0, 0, 0, 0, 0, 0, 27695400, 31621.820057, 31631.820000, 0.000000
8483, 1, 2.000018, 210002561, 1.000012, 31730, 31730, 31716, 0, 7929, 0, 0, 3, 0, 0, 0, 27571160, 31729.613050, 31715.613221, 0.000000
8483, 2, 3.000031, 210002782, 1.000013, 31675, 31675, 31688, 0, 7922, 0, 0, 9, 0, 0, 0, 27778127, 31674.580387, 31687.580215, 0.000000
8483, 3, 4.000042, 210002284, 1.000011, 31592, 31592, 31585, 0, 7897, 0, 0, 2, 0, 0, 0, 27693340, 31591.656403, 31584.656479, 0.000000
8483, 4, 5.000057, 210003203, 1.000015, 31584, 31584, 31572, 0, 7893, 0, 0, 5, 0, 0, 0, 27885322, 31583.518276, 31571.518459, 0.000000
8483, 5, 6.000534, 210100062, 1.000476, 31708, 31708, 31707, 0, 7926, 0, 0, 0, 0, 0, 0, 28414977, 31692.898786, 31691.899263, 0.000000
8483, 6, 7.000594, 210012624, 1.000060, 31612, 31612, 31632, 0, 7908, 0, 0, 0, 0, 0, 0, 28329496, 31610.099781, 31630.098579, 0.000000
8483, 7, 8.000737, 210030136, 1.000144, 31583, 31583, 31568, 0, 7892, 0, 0, 1, 0, 0, 0, 28237258, 31578.468339, 31563.470492, 0.000000
