ThreadID, cIDX, Time, cycles, deltaT, RX, OnRX, TX, SupTX, OnTX, Idle, OnIdle, Blocked, CacheMiss, CacheHit, CacheWB, CPUIdle, RX/s, TX/s, Sup/s
9882, 0, 0, 0, 0, 0, 0, 0, 0, 0, 0, 0, 0, 0, 0, 0, 0, 0, 0, 0
9882, 0, 1.000428, 210089781, 1.000428, 27202, 27202, 27199, 0, 6800, 0, 0, 1, 0, 0, 0, 29724308, 27190.375338, 27187.376620, 0.000000
9882, 1, 2.000473, 210009602, 1.000046, 27189, 27189, 27183, 0, 6796, 0, 0, 6, 0, 0, 0, 29799306, 27187.756872, 27181.757147, 0.000000
9882, 2, 3.000478, 210001024, 1.000005, 27135, 27135, 27150, 0, 6787, 0, 0, 6, 0, 0, 0, 29894549, 27134.867685, 27149.867612, 0.000000
9882, 3, 4.000491, 210002602, 1.000012, 27149, 27149, 27145, 0, 6787, 0, 0, 6, 0, 0, 0, 30054360, 27148.663615, 27144.663665, 0.000000
9882, 4, 5.000505, 210002955, 1.000014, 27104, 27104, 27107, 0, 6776, 0, 0, 7, 0, 0, 0, 30322335, 27103.618613, 27106.618571, 0.000000
9882, 5, 6.000526, 210004448, 1.000021, 27118, 27118, 27116, 0, 6779, 0, 0, 6, 0, 0, 0, 30617269, 27117.425627, 27115.425669, 0.000000
9882, 6, 7.000643, 210024580, 1.000117, 27077, 27077, 27072, 0, 6768, 0, 0, 0, 0, 0, 0, 30256368, 27073.831073, 27068.831658, 0.000000
9882, 7, 8.000699, 210011872, 1.000057, 27134, 27134, 27136, 0, 6784, 0, 0, 0, 0, 0, 0, 30242781, 27132.466111, 27134.465998, 0.000000
