ThreadID, cIDX, Time, cycles, deltaT, RX, OnRX, TX, SupTX, OnTX, Idle, OnIdle, Blocked, CacheMiss, CacheHit, CacheWB, CPUIdle, RX/s, TX/s, Sup/s
2096, 0, 0, 0, 0, 0, 0, 0, 0, 0, 0, 0, 0, 0, 0, 0, 0, 0, 0, 0
2096, 0, 1.000066, 210013849, 1.000066, 30586, 30586, 30586, 0, 7930, 0, 0, 6, 0, 0, 0, 28284580, 30583.983059, 30583.983059, 0.000000
2096, 1, 2.000570, 210105844, 1.000504, 30533, 30533, 30534, 0, 7918, 0, 0, 5, 0, 0, 0, 28235875, 30517.618539, 30518.618035, 0.000000
2096, 2, 3.000592, 210004668, 1.000022, 30560, 30560, 30555, 0, 7921, 0, 0, 10, 0, 0, 0, 28428665, 30559.320710, 30554.320821, 0.000000
2096, 3, 4.000597, 210001012, 1.000005, 30557, 30557, 30557, 0, 7920, 0, 0, 2, 0, 0, 0, 28697726, 30556.852745, 30556.852745, 0.000000
2096, 4, 5.000639, 210008798, 1.000042, 30485, 30485, 30495, 0, 7907, 0, 0, 8, 0, 0, 0, 28832019, 30483.722877, 30493.722458, 0.000000
2096, 5, 6.000649, 210002065, 1.000010, 30457, 30457, 30450, 0, 7894, 0, 0, 5, 0, 0, 0, 29318696, 30456.700509, 30449.700578, 0.000000
2096, 6, 7.000714, 210013744, 1.000065, 30521, 30521, 30524, 0, 7914, 0, 0, 6, 0, 0, 0, 29047513, 30519.002604, 30522.002408, 0.000000
2096, 7, 8.000828, 210023969, 1.000114, 30466, 30466, 30475, 0, 7901, 0, 0, 1, 0, 0, 0, 28817748, 30462.523066, 30471.522039, 0.000000
