ThreadID, cIDX, Time, cycles, deltaT, RX, OnRX, TX, SupTX, OnTX, Idle, OnIdle, Blocked, CacheMiss, CacheHit, CacheWB, CPUIdle, RX/s, TX/s, Sup/s
10295, 0, 0, 0, 0, 0, 0, 0, 0, 0, 0, 0, 0, 0, 0, 0, 0, 0, 0, 0
10295, 0, 1.000025, 210005314, 1.000025, 30470, 30470, 30476, 0, 7901, 0, 0, 1, 0, 0, 0, 28281894, 30469.228983, 30475.228832, 0.000000
10295, 1, 2.000037, 210002379, 1.000011, 30555, 30555, 30553, 0, 7922, 0, 0, 9, 0, 0, 0, 28281317, 30554.653859, 30552.653882, 0.000000
10295, 2, 3.000045, 210001793, 1.000009, 30554, 30554, 30564, 0, 7924, 0, 0, 12, 0, 0, 0, 28279586, 30553.739129, 30563.739044, 0.000000
10295, 3, 4.000085, 210008300, 1.000040, 30582, 30582, 30558, 0, 7923, 0, 0, 0, 0, 0, 0, 28465093, 30580.791331, 30556.792279, 0.000000
10295, 4, 5.000100, 210003207, 1.000015, 30572, 30572, 30570, 0, 7925, 0, 0, 6, 0, 0, 0, 28709452, 30571.533129, 30569.533160, 0.000000
10295, 5, 6.000103, 210000569, 1.000003, 30399, 30399, 30406, 0, 7883, 0, 0, 3, 0, 0, 0, 29114297, 30398.917633, 30405.917614, 0.000000
10295, 6, 7.000231, 210026851, 1.000128, 30586, 30586, 30591, 0, 7930, 0, 0, 3, 0, 0, 0, 29088861, 30582.089716, 30587.089077, 0.000000
10295, 7, 8.000303, 210015119, 1.000072, 30523, 30523, 30514, 0, 7910, 0, 0, 0, 0, 0, 0, 28860573, 30520.802648, 30511.803295, 0.000000
