ThreadID, cIDX, Time, cycles, deltaT, RX, OnRX, TX, SupTX, OnTX, Idle, OnIdle, Blocked, CacheMiss, CacheHit, CacheWB, CPUIdle, RX/s, TX/s, Sup/s
8761, 0, 0, 0, 0, 0, 0, 0, 0, 0, 0, 0, 0, 0, 0, 0, 0, 0, 0, 0
8761, 0, 1.000183, 210038363, 1.000183, 27146, 27146, 27137, 0, 6785, 0, 0, 1, 0, 0, 0, 27708013, 27141.041849, 27132.043492, 0.000000
8761, 1, 2.000199, 210003503, 1.000017, 27179, 27179, 27191, 0, 6797, 0, 0, 5, 0, 0, 0, 27624042, 27178.546636, 27190.546436, 0.000000
8761, 2, 3.000201, 210000248, 1.000001, 27100, 27100, 27100, 0, 6775, 0, 0, 2, 0, 0, 0, 27564171, 27099.967996, 27099.967996, 0.000000
8761, 3, 4.000208, 210001623, 1.000008, 27148, 27148, 27139, 0, 6785, 0, 0, 2, 0, 0, 0, 27672365, 27147.790186, 27138.790256, 0.000000
8761, 4, 5.000443, 210049214, 1.000234, 27101, 27101, 27105, 0, 6776, 0, 0, 2, 0, 0, 0, 28411355, 27094.650304, 27098.649367, 0.000000
8761, 5, 6.000448, 210001078, 1.000005, 27111, 27111, 27118, 0, 6780, 0, 0, 0, 0, 0, 0, 28431919, 27110.860831, 27117.860795, 0.000000
8761, 6, 7.000458, 210002098, 1.000010, 27029, 27029, 27024, 0, 6756, 0, 0, 0, 0, 0, 0, 28471216, 27028.729970, 27023.730020, 0.000000
8761, 7, 8.000484, 210005453, 1.000026, 27173, 27173, 27171, 0, 6793, 0, 0, 1, 0, 0, 0, 28169102, 27172.294426, 27170.294478, 0.000000
