ThreadID, cIDX, Time, cycles, deltaT, RX, OnRX, TX, SupTX, OnTX, Idle, OnIdle, Blocked, CacheMiss, CacheHit, CacheWB, CPUIdle, RX/s, TX/s, Sup/s
2458, 0, 0, 0, 0, 0, 0, 0, 0, 0, 0, 0, 0, 0, 0, 0, 0, 0, 0, 0
2458, 0, 1.000004, 210000848, 1.000004, 27231, 27231, 27239, 0, 6810, 0, 0, 2, 0, 0, 0, 29648099, 27230.890039, 27238.890007, 0.000000
2458, 1, 2.000032, 210005819, 1.000028, 27097, 27097, 27086, 0, 6772, 0, 0, 1, 0, 0, 0, 29602917, 27096.249176, 27085.249481, 0.000000
2458, 2, 3.000045, 210002728, 1.000013, 27169, 27169, 27171, 0, 6792, 0, 0, 5, 0, 0, 0, 29784564, 27168.647066, 27170.647040, 0.000000
2458, 3, 4.000049, 210000851, 1.000004, 27134, 27134, 27136, 0, 6784, 0, 0, 0, 0, 0, 0, 29923412, 27133.890043, 27135.890035, 0.000000
2458, 4, 5.000057, 210001696, 1.000008, 27167, 27167, 27172, 0, 6793, 0, 0, 3, 0, 0, 0, 30171055, 27166.780596, 27171.780556, 0.000000
2458, 5, 6.000074, 210003539, 1.000017, 27072, 27072, 27064, 0, 6766, 0, 0, 1, 0, 0, 0, 30541227, 27071.543780, 27063.543915, 0.000000
2458, 6, 7.000081, 210001435, 1.000007, 27150, 27150, 27160, 0, 6790, 0, 0, 4, 0, 0, 0, 30532711, 27149.814476, 27159.814408, 0.000000
2458, 7, 8.000135, 210011426, 1.000054, 27156, 27156, 27148, 0, 6787, 0, 0, 2, 0, 0, 0, 30325155, 27154.522535, 27146.522971, 0.000000
