ThreadID, cIDX, Time, cycles, deltaT, RX, OnRX, TX, SupTX, OnTX, Idle, OnIdle, Blocked, CacheMiss, CacheHit, CacheWB, CPUIdle, RX/s, TX/s, Sup/s
463, 0, 0, 0, 0, 0, 0, 0, 0, 0, 0, 0, 0, 0, 0, 0, 0, 0, 0, 0
463, 0, 1.000015, 210003076, 1.000015, 27204, 27204, 27200, 0, 6800, 0, 0, 0, 694919, 183264742, 293385, 26676864, 27203.601532, 27199.601591, 0.000000
463, 1, 2.000047, 210006744, 1.000032, 27097, 27097, 27100, 0, 6775, 0, 0, 2, 610872, 183314508, 251629, 26770957, 27096.129827, 27099.129731, 0.000000
463, 2, 3.000056, 210001882, 1.000009, 27111, 27111, 27116, 0, 6779, 0, 0, 1, 591815, 183230828, 240105, 26962512, 27110.757036, 27115.756991, 0.000000
463, 3, 4.000142, 210018178, 1.000087, 27208, 27208, 27205, 0, 6802, 0, 0, 1, 583298, 183333338, 234148, 26787168, 27205.645028, 27202.645287, 0.000000
463, 4, 5.000159, 210003582, 1.000017, 27118, 27118, 27116, 0, 6779, 0, 0, 1, 570502, 182996447, 229276, 27472178, 27117.537452, 27115.537486, 0.000000
463, 5, 6.000165, 210001205, 1.000006, 27111, 27111, 27114, 0, 6778, 0, 0, 0, 565492, 182947527, 226820, 27325359, 27110.844435, 27113.844418, 0.000000
463, 6, 7.000198, 210006845, 1.000033, 27111, 27111, 27109, 0, 6777, 0, 0, 0, 562690, 182963879, 224529, 27469854, 27110.116339, 27108.116404, 0.000000
463, 7, 8.000214, 210003342, 1.000016, 27199, 27199, 27192, 0, 6798, 0, 0, 0, 559864, 182994829, 223678, 27414818, 27198.567154, 27191.567266, 0.000000
