ThreadID, cIDX, Time, cycles, deltaT, RX, OnRX, TX, SupTX, OnTX, Idle, OnIdle, Blocked, CacheMiss, CacheHit, CacheWB, CPUIdle, RX/s, TX/s, Sup/s
2244, 0, 0, 0, 0, 0, 0, 0, 0, 0, 0, 0, 0, 0, 0, 0, 0, 0, 0, 0
2244, 0, 1.000914, 210191835, 1.000914, 31625, 31625, 31632, 0, 7908, 0, 0, 2, 659025, 182161341, 272099, 29233368, 31596.136929, 31603.130540, 0.000000
2244, 1, 2.001266, 210073959, 1.000352, 31666, 31666, 31648, 0, 7912, 0, 0, 1, 567666, 182255147, 225699, 28964231, 31654.851613, 31636.857951, 0.000000
2244, 2, 3.001557, 210061156, 1.000291, 31632, 31632, 31628, 0, 7907, 0, 0, 9, 543138, 182052418, 214193, 29295466, 31622.790841, 31618.792006, 0.000000
2244, 3, 4.001688, 210027461, 1.000131, 31740, 31740, 31772, 0, 7943, 0, 0, 10, 532023, 181959106, 209871, 29472338, 31735.850009, 31767.845825, 0.000000
2244, 4, 5.001693, 210001146, 1.000005, 31645, 31645, 31633, 0, 7909, 0, 0, 6, 520760, 181936930, 204305, 29626278, 31644.827310, 31632.827375, 0.000000
2244, 5, 6.001745, 210010818, 1.000052, 31605, 31605, 31583, 0, 7895, 0, 0, 6, 510892, 181684908, 200851, 30007475, 31603.371975, 31581.373108, 0.000000
2244, 6, 7.001848, 210021775, 1.000104, 31701, 31701, 31706, 0, 7927, 0, 0, 4, 508043, 181782474, 198927, 29794082, 31697.713249, 31702.712731, 0.000000
2244, 7, 8.002183, 210070371, 1.000335, 31667, 31667, 31662, 0, 7915, 0, 0, 5, 503514, 181967933, 196380, 29563226, 31656.391943, 31651.393618, 0.000000
