ThreadID, cIDX, Time, cycles, deltaT, RX, OnRX, TX, SupTX, OnTX, Idle, OnIdle, Blocked, CacheMiss, CacheHit, CacheWB, CPUIdle, RX/s, TX/s, Sup/s
10415, 0, 0, 0, 0, 0, 0, 0, 0, 0, 0, 0, 0, 0, 0, 0, 0, 0, 0, 0
10415, 0, 1.000768, 210161302, 1.000768, 27176, 27176, 27183, 0, 6796, 0, 0, 4, 0, 0, 0, 28227579, 27155.142006, 27162.136634, 0.000000
10415, 1, 2.000866, 210020609, 1.000098, 27209, 27209, 27194, 0, 6799, 0, 0, 3, 0, 0, 0, 28421018, 27206.330023, 27191.331495, 0.000000
10415, 2, 3.000867, 210000197, 1.000001, 27144, 27144, 27151, 0, 6787, 0, 0, 9, 0, 0, 0, 28304251, 27143.974536, 27150.974530, 0.000000
10415, 3, 4.000925, 210012242, 1.000058, 27062, 27062, 27055, 0, 6764, 0, 0, 6, 0, 0, 0, 28457540, 27060.422506, 27053.422914, 0.000000
10415, 4, 5.000927, 210000318, 1.000002, 27119, 27119, 27123, 0, 6781, 0, 0, 1, 0, 0, 0, 28545484, 27118.958934, 27122.958928, 0.000000
10415, 5, 6.001021, 210019686, 1.000094, 27177, 27177, 27186, 0, 6796, 0, 0, 2, 0, 0, 0, 29018459, 27174.452589, 27183.451746, 0.000000
10415, 6, 7.001178, 210033049, 1.000157, 26957, 26957, 26948, 0, 6737, 0, 0, 0, 0, 0, 0, 29173188, 26952.758278, 26943.759694, 0.000000
10415, 7, 8.001185, 210001513, 1.000007, 27122, 27122, 27132, 0, 6783, 0, 0, 0, 0, 0, 0, 28837230, 27121.804594, 27131.804522, 0.000000
