ThreadID, cIDX, Time, cycles, deltaT, RX, OnRX, TX, SupTX, OnTX, Idle, OnIdle, Blocked, CacheMiss, CacheHit, CacheWB, CPUIdle, RX/s, TX/s, Sup/s
59, 0, 0, 0, 0, 0, 0, 0, 0, 0, 0, 0, 0, 0, 0, 0, 0, 0, 0, 0
59, 0, 1.000004, 210000924, 1.000004, 27231, 27231, 27230, 0, 6808, 0, 0, 0, 0, 0, 0, 25747700, 27230.880184, 27229.880189, 0.000000
59, 1, 2.000046, 210008784, 1.000042, 27123, 27123, 27122, 0, 6780, 0, 0, 2, 0, 0, 0, 25710677, 27121.865531, 27120.865573, 0.000000
59, 2, 3.000051, 210001064, 1.000005, 27099, 27099, 27101, 0, 6776, 0, 0, 0, 0, 0, 0, 25954625, 27098.862699, 27100.862689, 0.000000
59, 3, 4.000053, 210000397, 1.000002, 27220, 27220, 27222, 0, 6805, 0, 0, 0, 0, 0, 0, 25948400, 27219.948541, 27221.948538, 0.000000
59, 4, 5.000059, 210001228, 1.000006, 27154, 27154, 27149, 0, 6787, 0, 0, 0, 0, 0, 0, 26262324, 27153.841215, 27148.841244, 0.000000
59, 5, 6.000210, 210031732, 1.000151, 27077, 27077, 27076, 0, 6769, 0, 0, 0, 0, 0, 0, 26485443, 27072.909155, 27071.909306, 0.000000
59, 6, 7.000529, 210067039, 1.000319, 27089, 27089, 27084, 0, 6771, 0, 0, 0, 0, 0, 0, 26272041, 27080.355048, 27075.356644, 0.000000
59, 7, 8.000531, 210000281, 1.000001, 27229, 27229, 27244, 0, 6811, 0, 0, 0, 0, 0, 0, 25836858, 27228.963565, 27243.963545, 0.000000
