ThreadID, cIDX, Time, cycles, deltaT, RX, OnRX, TX, SupTX, OnTX, Idle, OnIdle, Blocked, CacheMiss, CacheHit, CacheWB, CPUIdle, RX/s, TX/s, Sup/s
2948, 0, 0, 0, 0, 0, 0, 0, 0, 0, 0, 0, 0, 0, 0, 0, 0, 0, 0, 0
2948, 0, 1.000002, 210000429, 1.000002, 31542, 31542, 31538, 0, 7885, 0, 0, 0, 659094, 182099699, 273233, 31596837, 31541.935564, 31537.935573, 0.000000
2948, 1, 2.000030, 210005924, 1.000028, 31669, 31669, 31682, 0, 7920, 0, 0, 6, 566774, 182210685, 225327, 31576581, 31668.106658, 31681.106291, 0.000000
2948, 2, 3.000034, 210000805, 1.000004, 31716, 31716, 31693, 0, 7924, 0, 0, 7, 547179, 182153166, 217192, 31740833, 31715.878422, 31692.878511, 0.000000
2948, 3, 4.000056, 210004688, 1.000022, 31688, 31688, 31688, 0, 7922, 0, 0, 9, 542066, 182098474, 214775, 31828673, 31687.292619, 31687.292619, 0.000000
2948, 4, 5.000096, 210008250, 1.000039, 31595, 31595, 31619, 0, 7904, 0, 0, 9, 531590, 181905047, 208279, 32153419, 31593.758817, 31617.757874, 0.000000
2948, 5, 6.000107, 210002336, 1.000011, 31603, 31603, 31600, 0, 7900, 0, 0, 2, 526619, 181689067, 207016, 32575433, 31602.648458, 31599.648492, 0.000000
2948, 6, 7.000110, 210000588, 1.000003, 31670, 31670, 31655, 0, 7914, 0, 0, 2, 520837, 181787349, 202748, 32304595, 31669.911324, 31654.911366, 0.000000
2948, 7, 8.000175, 210013692, 1.000065, 31564, 31564, 31585, 0, 7896, 0, 0, 0, 517761, 181894492, 202526, 32252593, 31561.942161, 31582.940792, 0.000000
