ThreadID, cIDX, Time, cycles, deltaT, RX, OnRX, TX, SupTX, OnTX, Idle, OnIdle, Blocked, CacheMiss, CacheHit, CacheWB, CPUIdle, RX/s, TX/s, Sup/s
1220, 0, 0, 0, 0, 0, 0, 0, 0, 0, 0, 0, 0, 0, 0, 0, 0, 0, 0, 0
1220, 0, 1.000338, 210070970, 1.000338, 31489, 31489, 31493, 0, 7874, 0, 0, 1, 660822, 182084949, 270043, 29256564, 31478.361813, 31482.360461, 0.000000
1220, 1, 2.000394, 210011862, 1.000056, 31702, 31702, 31707, 0, 7926, 0, 0, 1, 564000, 182116708, 223499, 29202604, 31700.209391, 31705.209109, 0.000000
1220, 2, 3.000408, 210002809, 1.000013, 31713, 31713, 31712, 0, 7928, 0, 0, 0, 546147, 181992126, 215018, 29389508, 31712.575807, 31711.575820, 0.000000
1220, 3, 4.000421, 210002676, 1.000013, 31713, 31713, 31720, 0, 7930, 0, 0, 7, 538327, 182042995, 213368, 29165720, 31712.595891, 31719.595802, 0.000000
1220, 4, 5.000421, 210000167, 1.000001, 31675, 31675, 31660, 0, 7915, 0, 0, 6, 527594, 181915969, 208660, 29438634, 31674.974811, 31659.974823, 0.000000
1220, 5, 6.000477, 210011658, 1.000056, 31579, 31579, 31592, 0, 7898, 0, 0, 0, 515839, 181788291, 202204, 29717689, 31577.247012, 31590.246290, 0.000000
1220, 6, 7.000505, 210005988, 1.000029, 31718, 31718, 31716, 0, 7929, 0, 0, 3, 510994, 181876087, 199387, 29725394, 31717.095610, 31715.095667, 0.000000
1220, 7, 8.000511, 210001134, 1.000005, 31684, 31684, 31658, 0, 7915, 0, 0, 0, 510274, 181884074, 198576, 29610031, 31683.828907, 31657.829048, 0.000000
