ThreadID, cIDX, Time, cycles, deltaT, RX, OnRX, TX, SupTX, OnTX, Idle, OnIdle, Blocked, CacheMiss, CacheHit, CacheWB, CPUIdle, RX/s, TX/s, Sup/s
10426, 0, 0, 0, 0, 0, 0, 0, 0, 0, 0, 0, 0, 0, 0, 0, 0, 0, 0, 0
10426, 0, 1.000035, 210007250, 1.000035, 27285, 27285, 27288, 0, 6822, 0, 0, 1, 0, 0, 0, 28072902, 27284.058050, 27287.057947, 0.000000
10426, 1, 2.000043, 210001766, 1.000008, 27127, 27127, 27128, 0, 6782, 0, 0, 3, 0, 0, 0, 28416689, 27126.771877, 27127.771868, 0.000000
10426, 2, 3.000063, 210004245, 1.000020, 27156, 27156, 27156, 0, 6789, 0, 0, 6, 0, 0, 0, 28326502, 27155.451072, 27155.451072, 0.000000
10426, 3, 4.000092, 210006040, 1.000029, 27094, 27094, 27092, 0, 6773, 0, 0, 5, 0, 0, 0, 28502900, 27093.220747, 27091.220805, 0.000000
10426, 4, 5.000157, 210013698, 1.000065, 27118, 27118, 27112, 0, 6778, 0, 0, 7, 0, 0, 0, 28628619, 27116.231247, 27110.231638, 0.000000
10426, 5, 6.000172, 210003135, 1.000015, 27170, 27170, 27184, 0, 6796, 0, 0, 4, 0, 0, 0, 29179503, 27169.594397, 27183.594188, 0.000000
10426, 6, 7.000193, 210004400, 1.000021, 27163, 27163, 27148, 0, 6787, 0, 0, 1, 0, 0, 0, 29157143, 27162.430882, 27147.431197, 0.000000
10426, 7, 8.000194, 210000185, 1.000001, 27135, 27135, 27138, 0, 6785, 0, 0, 0, 0, 0, 0, 28793210, 27134.976095, 27137.976093, 0.000000
