ThreadID, cIDX, Time, cycles, deltaT, RX, OnRX, TX, SupTX, OnTX, Idle, OnIdle, Blocked, CacheMiss, CacheHit, CacheWB, CPUIdle, RX/s, TX/s, Sup/s
9957, 0, 0, 0, 0, 0, 0, 0, 0, 0, 0, 0, 0, 0, 0, 0, 0, 0, 0, 0
9957, 0, 1.000028, 210005906, 1.000028, 31571, 31571, 31553, 0, 7889, 0, 0, 0, 0, 0, 0, 28861763, 31570.112128, 31552.112634, 0.000000
9957, 1, 2.000080, 210010973, 1.000052, 31656, 31656, 31667, 0, 7916, 0, 0, 4, 0, 0, 0, 28875037, 31654.345985, 31665.345410, 0.000000
9957, 2, 3.000090, 210002103, 1.000010, 31678, 31678, 31688, 0, 7922, 0, 0, 8, 0, 0, 0, 29051016, 31677.682771, 31687.682670, 0.000000
9957, 3, 4.000186, 210020110, 1.000096, 31710, 31710, 31700, 0, 7925, 0, 0, 8, 0, 0, 0, 29178062, 31706.963681, 31696.964638, 0.000000
9957, 4, 5.000215, 210006156, 1.000029, 31740, 31740, 31736, 0, 7934, 0, 0, 9, 0, 0, 0, 29454364, 31739.069592, 31735.069709, 0.000000
9957, 5, 6.000241, 210005421, 1.000026, 31538, 31538, 31561, 0, 7891, 0, 0, 10, 0, 0, 0, 29816687, 31537.185890, 31560.185296, 0.000000
9957, 6, 7.000460, 210045981, 1.000219, 31685, 31685, 31651, 0, 7912, 0, 0, 1, 0, 0, 0, 29588014, 31678.063862, 31644.071305, 0.000000
9957, 7, 8.000536, 210016010, 1.000076, 31682, 31682, 31692, 0, 7923, 0, 0, 0, 0, 0, 0, 29441385, 31679.584809, 31689.584046, 0.000000
