ThreadID, cIDX, Time, cycles, deltaT, RX, OnRX, TX, SupTX, OnTX, Idle, OnIdle, Blocked, CacheMiss, CacheHit, CacheWB, CPUIdle, RX/s, TX/s, Sup/s
11186, 0, 0, 0, 0, 0, 0, 0, 0, 0, 0, 0, 0, 0, 0, 0, 0, 0, 0, 0
11186, 0, 1.000325, 210068348, 1.000325, 31587, 31587, 31577, 0, 7895, 0, 0, 1, 0, 0, 0, 28313304, 31576.722829, 31566.726083, 0.000000
11186, 1, 2.000455, 210027279, 1.000130, 31732, 31732, 31732, 0, 7933, 0, 0, 9, 0, 0, 0, 28265188, 31727.878549, 31727.878549, 0.000000
11186, 2, 3.000469, 210002803, 1.000013, 31697, 31697, 31693, 0, 7923, 0, 0, 11, 0, 0, 0, 28369312, 31696.576926, 31692.576980, 0.000000
11186, 3, 4.000517, 210010054, 1.000048, 31602, 31602, 31609, 0, 7902, 0, 0, 15, 0, 0, 0, 28467152, 31600.487089, 31607.486754, 0.000000
11186, 4, 5.000898, 210080073, 1.000381, 31579, 31579, 31570, 0, 7893, 0, 0, 8, 0, 0, 0, 28737772, 31566.963517, 31557.966947, 0.000000
11186, 5, 6.001307, 210085989, 1.000409, 31729, 31729, 31731, 0, 7932, 0, 0, 2, 0, 0, 0, 29072549, 31716.013199, 31718.012380, 0.000000
11186, 6, 7.001377, 210014651, 1.000070, 31509, 31509, 31532, 0, 7883, 0, 0, 0, 0, 0, 0, 28938386, 31506.801875, 31529.800271, 0.000000
11186, 7, 8.001419, 210008702, 1.000041, 31613, 31613, 31600, 0, 7900, 0, 0, 0, 0, 0, 0, 28573914, 31611.690072, 31598.690610, 0.000000
