ThreadID, cIDX, Time, cycles, deltaT, RX, OnRX, TX, SupTX, OnTX, Idle, OnIdle, Blocked, CacheMiss, CacheHit, CacheWB, CPUIdle, RX/s, TX/s, Sup/s
1416, 0, 0, 0, 0, 0, 0, 0, 0, 0, 0, 0, 0, 0, 0, 0, 0, 0, 0, 0
1416, 0, 1.000024, 210005128, 1.000024, 27137, 27137, 27144, 0, 6786, 0, 0, 1, 665454, 182050319, 270097, 31823281, 27136.337356, 27143.337186, 0.000000
1416, 1, 2.000357, 210069945, 1.000333, 27201, 27201, 27196, 0, 6799, 0, 0, 4, 568107, 182099619, 226009, 31885635, 27191.943141, 27186.944805, 0.000000
1416, 2, 3.000538, 210037973, 1.000181, 27174, 27174, 27168, 0, 6792, 0, 0, 0, 532056, 182079122, 210451, 31865605, 27169.087182, 27163.088267, 0.000000
1416, 3, 4.000568, 210006328, 1.000030, 27056, 27056, 27068, 0, 6767, 0, 0, 9, 521562, 182050750, 206050, 31809791, 27055.184737, 27067.184376, 0.000000
1416, 4, 5.000572, 210000837, 1.000004, 27093, 27093, 27089, 0, 6773, 0, 0, 0, 515860, 181838597, 202376, 32268267, 27092.892015, 27088.892031, 0.000000
1416, 5, 6.000614, 210008687, 1.000041, 27199, 27199, 27200, 0, 6800, 0, 0, 0, 510949, 181747589, 200253, 32456984, 27197.874915, 27198.874873, 0.000000
1416, 6, 7.000640, 210005494, 1.000026, 27162, 27162, 27163, 0, 6790, 0, 0, 0, 511158, 181868480, 199239, 32310164, 27161.289409, 27162.289383, 0.000000
1416, 7, 8.000650, 210002060, 1.000010, 27045, 27045, 27044, 0, 6761, 0, 0, 0, 510138, 181968760, 199214, 32040556, 27044.734704, 27043.734714, 0.000000
