ThreadID, cIDX, Time, cycles, deltaT, RX, OnRX, TX, SupTX, OnTX, Idle, OnIdle, Blocked, CacheMiss, CacheHit, CacheWB, CPUIdle, RX/s, TX/s, Sup/s
2125, 0, 0, 0, 0, 0, 0, 0, 0, 0, 0, 0, 0, 0, 0, 0, 0, 0, 0, 0
2125, 0, 1.000510, 210107099, 1.000510, 27243, 27243, 27238, 0, 6810, 0, 0, 5, 655840, 182117031, 267662, 29168510, 27229.113282, 27224.115831, 0.000000
2125, 1, 2.000549, 210008227, 1.000039, 27171, 27171, 27187, 0, 6797, 0, 0, 3, 565007, 182149937, 227136, 28943635, 27169.935585, 27185.934959, 0.000000
2125, 2, 3.000586, 210007703, 1.000037, 27121, 27121, 27107, 0, 6776, 0, 0, 9, 538755, 182012990, 212563, 29284584, 27120.005212, 27106.005726, 0.000000
2125, 3, 4.000661, 210015793, 1.000075, 27144, 27144, 27148, 0, 6787, 0, 0, 4, 522295, 181956664, 203881, 29484604, 27141.958795, 27145.958495, 0.000000
2125, 4, 5.000769, 210022713, 1.000108, 27126, 27126, 27120, 0, 6780, 0, 0, 9, 518143, 181916771, 200900, 29675228, 27123.066447, 27117.067096, 0.000000
2125, 5, 6.000777, 210001590, 1.000008, 27085, 27085, 27089, 0, 6773, 0, 0, 3, 506028, 181596702, 196960, 30124582, 27084.794929, 27088.794899, 0.000000
2125, 6, 7.000787, 210002206, 1.000011, 27100, 27100, 27103, 0, 6775, 0, 0, 5, 507102, 181732982, 196401, 29857383, 27099.715324, 27102.715292, 0.000000
2125, 7, 8.000802, 210003089, 1.000015, 27109, 27109, 27100, 0, 6775, 0, 0, 5, 502548, 181911924, 193220, 29582329, 27108.601245, 27099.601378, 0.000000
