ThreadID, cIDX, Time, cycles, deltaT, RX, OnRX, TX, SupTX, OnTX, Idle, OnIdle, Blocked, CacheMiss, CacheHit, CacheWB, CPUIdle, RX/s, TX/s, Sup/s
9241, 0, 0, 0, 0, 0, 0, 0, 0, 0, 0, 0, 0, 0, 0, 0, 0, 0, 0, 0
9241, 0, 1.000357, 210074984, 1.000357, 27120, 27120, 27128, 0, 6782, 0, 0, 2, 0, 0, 0, 29886714, 27110.319808, 27118.316953, 0.000000
9241, 1, 2.000626, 210056484, 1.000269, 27199, 27199, 27191, 0, 6798, 0, 0, 13, 0, 0, 0, 29658839, 27191.686213, 27183.688365, 0.000000
9241, 2, 3.000699, 210015253, 1.000073, 27148, 27148, 27152, 0, 6788, 0, 0, 7, 0, 0, 0, 29893947, 27146.028293, 27150.028003, 0.000000
9241, 3, 4.000702, 210000646, 1.000003, 27149, 27149, 27140, 0, 6785, 0, 0, 11, 0, 0, 0, 29829480, 27148.916485, 27139.916512, 0.000000
9241, 4, 5.000714, 210002478, 1.000012, 27062, 27062, 27058, 0, 6765, 0, 0, 9, 0, 0, 0, 30289309, 27061.680672, 27057.680719, 0.000000
9241, 5, 6.000716, 210000458, 1.000002, 27139, 27139, 27151, 0, 6787, 0, 0, 8, 0, 0, 0, 30209685, 27138.940811, 27150.940785, 0.000000
9241, 6, 7.000747, 210006623, 1.000032, 27061, 27061, 27056, 0, 6764, 0, 0, 0, 0, 0, 0, 30427647, 27060.146575, 27055.146732, 0.000000
9241, 7, 8.000754, 210001386, 1.000007, 27117, 27117, 27111, 0, 6778, 0, 0, 0, 0, 0, 0, 30171518, 27116.821029, 27110.821069, 0.000000
