ThreadID, cIDX, Time, cycles, deltaT, RX, OnRX, TX, SupTX, OnTX, Idle, OnIdle, Blocked, CacheMiss, CacheHit, CacheWB, CPUIdle, RX/s, TX/s, Sup/s
9688, 0, 0, 0, 0, 0, 0, 0, 0, 0, 0, 0, 0, 0, 0, 0, 0, 0, 0, 0
9688, 0, 1.000045, 210009409, 1.000045, 27142, 27142, 27144, 0, 6786, 0, 0, 1, 0, 0, 0, 29187789, 27140.783964, 27142.783874, 0.000000
9688, 1, 2.000584, 210113176, 1.000539, 27191, 27191, 27185, 0, 6797, 0, 0, 4, 0, 0, 0, 29075451, 27176.353757, 27170.356989, 0.000000
9688, 2, 3.000624, 210008515, 1.000041, 27175, 27175, 27175, 0, 6793, 0, 0, 12, 0, 0, 0, 29095274, 27173.898163, 27173.898163, 0.000000
9688, 3, 4.000721, 210020314, 1.000097, 27058, 27058, 27060, 0, 6765, 0, 0, 5, 0, 0, 0, 29315141, 27055.382843, 27057.382649, 0.000000
9688, 4, 5.000760, 210008277, 1.000039, 27115, 27115, 27116, 0, 6779, 0, 0, 4, 0, 0, 0, 29460456, 27113.931324, 27114.931284, 0.000000
9688, 5, 6.000796, 210007466, 1.000036, 27174, 27174, 27172, 0, 6793, 0, 0, 8, 0, 0, 0, 29866803, 27173.033934, 27171.034005, 0.000000
9688, 6, 7.000801, 210000991, 1.000005, 27160, 27160, 27155, 0, 6789, 0, 0, 0, 0, 0, 0, 29728444, 27159.871831, 27154.871855, 0.000000
9688, 7, 8.000920, 210024973, 1.000119, 27058, 27058, 27065, 0, 6766, 0, 0, 0, 0, 0, 0, 29645718, 27054.782671, 27061.781839, 0.000000
