ThreadID, cIDX, Time, cycles, deltaT, RX, OnRX, TX, SupTX, OnTX, Idle, OnIdle, Blocked, CacheMiss, CacheHit, CacheWB, CPUIdle, RX/s, TX/s, Sup/s
2517, 0, 0, 0, 0, 0, 0, 0, 0, 0, 0, 0, 0, 0, 0, 0, 0, 0, 0, 0
2517, 0, 1.000014, 210003025, 1.000014, 31581, 31581, 31592, 0, 7898, 0, 0, 2, 0, 0, 0, 28929948, 31580.545090, 31591.544931, 0.000000
2517, 1, 2.000183, 210035312, 1.000168, 31685, 31685, 31660, 0, 7915, 0, 0, 1, 0, 0, 0, 28898074, 31679.672988, 31654.677191, 0.000000
2517, 2, 3.000629, 210093781, 1.000447, 31609, 31609, 31632, 0, 7908, 0, 0, 1, 0, 0, 0, 29174289, 31594.890474, 31617.880208, 0.000000
2517, 3, 4.000747, 210024736, 1.000118, 31745, 31745, 31717, 0, 7930, 0, 0, 5, 0, 0, 0, 29240810, 31741.261182, 31713.264479, 0.000000
2517, 4, 5.000765, 210003847, 1.000018, 31625, 31625, 31655, 0, 7913, 0, 0, 4, 0, 0, 0, 29544856, 31624.420671, 31654.420121, 0.000000
2517, 5, 6.000772, 210001454, 1.000007, 31595, 31595, 31589, 0, 7898, 0, 0, 4, 0, 0, 0, 29972501, 31594.781244, 31588.781285, 0.000000
2517, 6, 7.000777, 210001102, 1.000005, 31706, 31706, 31694, 0, 7923, 0, 0, 1, 0, 0, 0, 29925221, 31705.833620, 31693.833683, 0.000000
2517, 7, 8.000829, 210010792, 1.000051, 31666, 31666, 31661, 0, 7915, 0, 0, 4, 0, 0, 0, 29605871, 31664.372753, 31659.373010, 0.000000
