ThreadID, cIDX, Time, cycles, deltaT, RX, OnRX, TX, SupTX, OnTX, Idle, OnIdle, Blocked, CacheMiss, CacheHit, CacheWB, CPUIdle, RX/s, TX/s, Sup/s
11004, 0, 0, 0, 0, 0, 0, 0, 0, 0, 0, 0, 0, 0, 0, 0, 0, 0, 0, 0
11004, 0, 1.000403, 210084613, 1.000403, 27276, 27276, 27280, 0, 6820, 0, 0, 0, 0, 0, 0, 30847582, 27265.014406, 27269.012795, 0.000000
11004, 1, 2.000721, 210066748, 1.000318, 27103, 27103, 27090, 0, 6773, 0, 0, 11, 0, 0, 0, 30876752, 27094.388113, 27081.392244, 0.000000
11004, 2, 3.000735, 210002927, 1.000014, 27131, 27131, 27143, 0, 6786, 0, 0, 10, 0, 0, 0, 30970444, 27130.621851, 27142.621684, 0.000000
11004, 3, 4.000736, 210000173, 1.000001, 27175, 27175, 27172, 0, 6793, 0, 0, 3, 0, 0, 0, 31015041, 27174.977613, 27171.977615, 0.000000
11004, 4, 5.000737, 210000403, 1.000002, 27155, 27155, 27159, 0, 6789, 0, 0, 6, 0, 0, 0, 31434367, 27154.947888, 27158.947881, 0.000000
11004, 5, 6.000743, 210001116, 1.000005, 27115, 27115, 27116, 0, 6779, 0, 0, 0, 0, 0, 0, 31810291, 27114.855904, 27115.855899, 0.000000
11004, 6, 7.000827, 210017774, 1.000085, 27145, 27145, 27136, 0, 6784, 0, 0, 0, 0, 0, 0, 31463934, 27142.702693, 27133.703455, 0.000000
11004, 7, 8.000829, 210000285, 1.000001, 27178, 27178, 27181, 0, 6796, 0, 0, 0, 0, 0, 0, 31385277, 27177.963116, 27180.963112, 0.000000
