ThreadID, cIDX, Time, cycles, deltaT, RX, OnRX, TX, SupTX, OnTX, Idle, OnIdle, Blocked, CacheMiss, CacheHit, CacheWB, CPUIdle, RX/s, TX/s, Sup/s
1139, 0, 0, 0, 0, 0, 0, 0, 0, 0, 0, 0, 0, 0, 0, 0, 0, 0, 0, 0
1139, 0, 1.000300, 210062933, 1.000300, 30449, 30449, 30437, 0, 7892, 0, 0, 4, 0, 0, 0, 30945024, 30439.877748, 30427.881344, 0.000000
1139, 1, 2.000316, 210003505, 1.000017, 30555, 30555, 30557, 0, 7922, 0, 0, 6, 0, 0, 0, 30944028, 30554.490031, 30556.489998, 0.000000
1139, 2, 3.000318, 210000267, 1.000001, 30550, 30550, 30552, 0, 7921, 0, 0, 9, 0, 0, 0, 31099761, 30549.961158, 30551.961155, 0.000000
1139, 3, 4.000319, 210000327, 1.000002, 30559, 30559, 30564, 0, 7922, 0, 0, 7, 0, 0, 0, 30873297, 30558.952415, 30563.952408, 0.000000
1139, 4, 5.000482, 210034182, 1.000163, 30581, 30581, 30584, 0, 7931, 0, 0, 5, 0, 0, 0, 31276720, 30576.023097, 30579.022609, 0.000000
1139, 5, 6.000484, 210000484, 1.000002, 30460, 30460, 30461, 0, 7896, 0, 0, 1, 0, 0, 0, 31473445, 30459.929797, 30460.929795, 0.000000
1139, 6, 7.000598, 210023927, 1.000114, 30581, 30581, 30570, 0, 7925, 0, 0, 0, 0, 0, 0, 31341637, 30577.516056, 30566.517309, 0.000000
1139, 7, 8.000845, 210051731, 1.000246, 30590, 30590, 30591, 0, 7929, 0, 0, 0, 0, 0, 0, 31381057, 30582.466373, 30583.466127, 0.000000
