ThreadID, cIDX, Time, cycles, deltaT, RX, OnRX, TX, SupTX, OnTX, Idle, OnIdle, Blocked, CacheMiss, CacheHit, CacheWB, CPUIdle, RX/s, TX/s, Sup/s
1116, 0, 0, 0, 0, 0, 0, 0, 0, 0, 0, 0, 0, 0, 0, 0, 0, 0, 0, 0
1116, 0, 1.000002, 210000368, 1.000002, 27269, 27269, 27275, 0, 6819, 0, 0, 1, 0, 0, 0, 29129647, 27268.952214, 27274.952204, 0.000000
1116, 1, 2.000171, 210035600, 1.000170, 27170, 27170, 27161, 0, 6790, 0, 0, 4, 0, 0, 0, 29241576, 27165.394819, 27156.396344, 0.000000
1116, 2, 3.000315, 210030105, 1.000143, 27080, 27080, 27080, 0, 6770, 0, 0, 4, 0, 0, 0, 29364571, 27076.118445, 27076.118445, 0.000000
1116, 3, 4.000402, 210018302, 1.000087, 27186, 27186, 27181, 0, 6796, 0, 0, 2, 0, 0, 0, 29112421, 27183.630882, 27178.631318, 0.000000
1116, 4, 5.000411, 210001940, 1.000009, 27060, 27060, 27067, 0, 6766, 0, 0, 4, 0, 0, 0, 29605665, 27059.750019, 27066.749955, 0.000000
1116, 5, 6.000448, 210007691, 1.000037, 27069, 27069, 27072, 0, 6768, 0, 0, 3, 0, 0, 0, 29679018, 27068.008666, 27071.008557, 0.000000
1116, 6, 7.000456, 210001676, 1.000008, 27128, 27128, 27128, 0, 6782, 0, 0, 0, 0, 0, 0, 29694830, 27127.783494, 27127.783494, 0.000000
1116, 7, 8.000463, 210001604, 1.000008, 27070, 27070, 27068, 0, 6767, 0, 0, 0, 0, 0, 0, 29737565, 27069.793238, 27067.793254, 0.000000
