ThreadID, cIDX, Time, cycles, deltaT, RX, OnRX, TX, SupTX, OnTX, Idle, OnIdle, Blocked, CacheMiss, CacheHit, CacheWB, CPUIdle, RX/s, TX/s, Sup/s
453, 0, 0, 0, 0, 0, 0, 0, 0, 0, 0, 0, 0, 0, 0, 0, 0, 0, 0, 0
453, 0, 1.000026, 210005482, 1.000026, 31513, 31513, 31516, 0, 7879, 0, 0, 0, 694937, 183265790, 293397, 26677545, 31512.177382, 31515.177304, 0.000000
453, 1, 2.000070, 210009234, 1.000044, 31723, 31723, 31728, 0, 7932, 0, 0, 0, 610867, 183316223, 251626, 26772004, 31721.605156, 31726.604936, 0.000000
453, 2, 3.000321, 210052755, 1.000251, 31710, 31710, 31688, 0, 7922, 0, 0, 0, 591991, 183274008, 240177, 26969478, 31702.035996, 31680.041521, 0.000000
453, 3, 4.000324, 210000591, 1.000003, 31604, 31604, 31598, 0, 7900, 0, 0, 1, 583226, 183318463, 234127, 26791683, 31603.911058, 31597.911074, 0.000000
453, 4, 5.000333, 210001882, 1.000009, 31586, 31586, 31614, 0, 7903, 0, 0, 0, 570488, 182997091, 229264, 27462538, 31585.716932, 31613.716681, 0.000000
453, 5, 6.000346, 210002750, 1.000013, 31706, 31706, 31693, 0, 7924, 0, 0, 0, 565497, 182949255, 226824, 27326774, 31705.584808, 31692.584978, 0.000000
453, 6, 7.000520, 210036578, 1.000174, 31621, 31621, 31627, 0, 7906, 0, 0, 0, 562768, 182989202, 224541, 27476292, 31615.493183, 31621.492138, 0.000000
453, 7, 8.000529, 210001766, 1.000008, 31562, 31562, 31572, 0, 7893, 0, 0, 0, 559870, 182992217, 223688, 27414134, 31561.734581, 31571.734497, 0.000000
