ThreadID, cIDX, Time, cycles, deltaT, RX, OnRX, TX, SupTX, OnTX, Idle, OnIdle, Blocked, CacheMiss, CacheHit, CacheWB, CPUIdle, RX/s, TX/s, Sup/s
385, 0, 0, 0, 0, 0, 0, 0, 0, 0, 0, 0, 0, 0, 0, 0, 0, 0, 0, 0
385, 0, 1.000038, 210008043, 1.000038, 31626, 31626, 31624, 0, 7906, 0, 0, 0, 685404, 183339260, 284028, 29497617, 31624.788771, 31622.788847, 0.000000
385, 1, 2.000072, 210007130, 1.000034, 31711, 31711, 31724, 0, 7931, 0, 0, 2, 612894, 183401038, 247989, 29501260, 31709.923373, 31722.922931, 0.000000
385, 2, 3.000095, 210004682, 1.000022, 31706, 31706, 31689, 0, 7923, 0, 0, 2, 592892, 183319900, 236297, 29729030, 31705.293123, 31688.293502, 0.000000
385, 3, 4.000096, 210000329, 1.000002, 31682, 31682, 31687, 0, 7921, 0, 0, 0, 591743, 183389570, 236153, 29513970, 31681.950365, 31686.950357, 0.000000
385, 4, 5.000099, 210000675, 1.000003, 31661, 31661, 31662, 0, 7916, 0, 0, 0, 572917, 183076099, 227154, 30070099, 31660.898233, 31661.898230, 0.000000
385, 5, 6.000271, 210035952, 1.000171, 31590, 31590, 31574, 0, 7893, 0, 0, 0, 570938, 183082241, 225341, 30070764, 31584.592718, 31568.595456, 0.000000
385, 6, 7.000273, 210000465, 1.000002, 31709, 31709, 31738, 0, 7935, 0, 0, 1, 571260, 183012374, 226045, 30294014, 31708.929787, 31737.929723, 0.000000
385, 7, 8.000277, 210000961, 1.000005, 31662, 31662, 31658, 0, 7914, 0, 0, 0, 572040, 183172193, 225909, 29844148, 31661.855109, 31657.855128, 0.000000
