ThreadID, cIDX, Time, cycles, deltaT, RX, OnRX, TX, SupTX, OnTX, Idle, OnIdle, Blocked, CacheMiss, CacheHit, CacheWB, CPUIdle, RX/s, TX/s, Sup/s
8205, 0, 0, 0, 0, 0, 0, 0, 0, 0, 0, 0, 0, 0, 0, 0, 0, 0, 0, 0
8205, 0, 1.000020, 210004284, 1.000020, 27214, 27214, 27212, 0, 6803, 0, 0, 0, 662433, 182130708, 271513, 31615434, 27213.444846, 27211.444887, 0.000000
8205, 1, 2.000489, 210098487, 1.000469, 27146, 27146, 27156, 0, 6789, 0, 0, 4, 581584, 182243462, 232827, 31630681, 27133.274882, 27143.270194, 0.000000
8205, 2, 3.000526, 210007720, 1.000037, 27092, 27092, 27088, 0, 6772, 0, 0, 1, 569118, 182196099, 228469, 31745655, 27091.004083, 27087.004230, 0.000000
8205, 3, 4.000594, 210014151, 1.000067, 27190, 27190, 27182, 0, 6796, 0, 0, 0, 551941, 182239506, 220116, 31553686, 27188.167906, 27180.168445, 0.000000
8205, 4, 5.000651, 210012034, 1.000057, 27161, 27161, 27162, 0, 6790, 0, 0, 0, 532031, 182020647, 209553, 31989023, 27159.443635, 27160.443577, 0.000000
8205, 5, 6.000660, 210002001, 1.000010, 27093, 27093, 27100, 0, 6775, 0, 0, 2, 526320, 181811905, 207541, 32310043, 27092.741845, 27099.741778, 0.000000
8205, 6, 7.000790, 210027231, 1.000130, 27129, 27129, 27120, 0, 6780, 0, 0, 0, 525868, 181914244, 207529, 32317700, 27125.482600, 27116.483767, 0.000000
8205, 7, 8.000833, 210008991, 1.000043, 27204, 27204, 27212, 0, 6803, 0, 0, 2, 526909, 182141541, 208025, 31759536, 27202.835330, 27210.834988, 0.000000
