ThreadID, cIDX, Time, cycles, deltaT, RX, OnRX, TX, SupTX, OnTX, Idle, OnIdle, Blocked, CacheMiss, CacheHit, CacheWB, CPUIdle, RX/s, TX/s, Sup/s
8388, 0, 0, 0, 0, 0, 0, 0, 0, 0, 0, 0, 0, 0, 0, 0, 0, 0, 0, 0
8388, 0, 1.000179, 210037682, 1.000179, 31555, 31555, 31568, 0, 7892, 0, 0, 1, 645236, 182429926, 256992, 28514393, 31549.338847, 31562.336514, 0.000000
8388, 1, 2.000403, 210047021, 1.000224, 31738, 31738, 31719, 0, 7930, 0, 0, 14, 563095, 182550472, 218380, 28369538, 31730.895150, 31711.899404, 0.000000
8388, 2, 3.000426, 210004800, 1.000023, 31711, 31711, 31710, 0, 7928, 0, 0, 5, 539565, 182454625, 207314, 28442829, 31710.275194, 31709.275217, 0.000000
8388, 3, 4.000709, 210059292, 1.000282, 31618, 31618, 31612, 0, 7903, 0, 0, 4, 532491, 182560002, 202839, 28363522, 31609.075403, 31603.077097, 0.000000
8388, 4, 5.000732, 210004886, 1.000023, 31603, 31603, 31600, 0, 7900, 0, 0, 0, 524588, 182352219, 199610, 28647845, 31602.264721, 31599.264790, 0.000000
8388, 5, 6.000737, 210001094, 1.000005, 31664, 31664, 31686, 0, 7921, 0, 0, 2, 517533, 182160023, 195993, 29078943, 31663.835046, 31685.834932, 0.000000
8388, 6, 7.000743, 210001319, 1.000006, 31554, 31554, 31549, 0, 7887, 0, 0, 0, 503905, 182157292, 188002, 29017289, 31553.801812, 31548.801843, 0.000000
8388, 7, 8.000837, 210019772, 1.000094, 31605, 31605, 31588, 0, 7897, 0, 0, 1, 499535, 182366462, 186351, 28485095, 31602.024594, 31585.026195, 0.000000
