ThreadID, cIDX, Time, cycles, deltaT, RX, OnRX, TX, SupTX, OnTX, Idle, OnIdle, Blocked, CacheMiss, CacheHit, CacheWB, CPUIdle, RX/s, TX/s, Sup/s
8292, 0, 0, 0, 0, 0, 0, 0, 0, 0, 0, 0, 0, 0, 0, 0, 0, 0, 0, 0
8292, 0, 1.000057, 210011887, 1.000057, 31580, 31580, 31564, 0, 7891, 0, 0, 1, 0, 0, 0, 29089047, 31578.212523, 31562.213428, 0.000000
8292, 1, 2.000402, 210072597, 1.000346, 31681, 31681, 31701, 0, 7926, 0, 0, 4, 0, 0, 0, 28970629, 31670.051663, 31690.044752, 0.000000
8292, 2, 3.000438, 210007457, 1.000036, 31712, 31712, 31708, 0, 7927, 0, 0, 7, 0, 0, 0, 29008470, 31710.873962, 31706.874104, 0.000000
8292, 3, 4.000446, 210001741, 1.000008, 31675, 31675, 31676, 0, 7919, 0, 0, 2, 0, 0, 0, 29066025, 31674.737401, 31675.737393, 0.000000
8292, 4, 5.000788, 210071889, 1.000342, 31594, 31594, 31571, 0, 7892, 0, 0, 0, 0, 0, 0, 29379538, 31583.188172, 31560.196043, 0.000000
8292, 5, 6.000801, 210002546, 1.000012, 31638, 31638, 31661, 0, 7916, 0, 0, 0, 0, 0, 0, 29715318, 31637.616432, 31660.616153, 0.000000
8292, 6, 7.001301, 210105018, 1.000500, 31617, 31617, 31599, 0, 7899, 0, 0, 0, 0, 0, 0, 29477552, 31601.196693, 31583.205690, 0.000000
8292, 7, 8.001307, 210001408, 1.000007, 31622, 31622, 31648, 0, 7912, 0, 0, 2, 0, 0, 0, 29333510, 31621.787983, 31647.787809, 0.000000
