ThreadID, cIDX, Time, cycles, deltaT, RX, OnRX, TX, SupTX, OnTX, Idle, OnIdle, Blocked, CacheMiss, CacheHit, CacheWB, CPUIdle, RX/s, TX/s, Sup/s
10880, 0, 0, 0, 0, 0, 0, 0, 0, 0, 0, 0, 0, 0, 0, 0, 0, 0, 0, 0
10880, 0, 1.000006, 210001227, 1.000006, 31709, 31709, 31693, 0, 7924, 0, 0, 0, 656141, 182117792, 271289, 31656958, 31708.814730, 31692.814823, 0.000000
10880, 1, 2.000070, 210013574, 1.000065, 31728, 31728, 31735, 0, 7933, 0, 0, 4, 576472, 182108869, 232675, 31698265, 31725.949295, 31732.948843, 0.000000
10880, 2, 3.000073, 210000433, 1.000002, 31674, 31674, 31670, 0, 7918, 0, 0, 9, 565072, 182061547, 227735, 31783583, 31673.934691, 31669.934700, 0.000000
10880, 3, 4.000152, 210016724, 1.000080, 31578, 31578, 31594, 0, 7898, 0, 0, 6, 562139, 182089633, 228311, 31798315, 31575.485388, 31591.484114, 0.000000
10880, 4, 5.000154, 210000328, 1.000002, 31582, 31582, 31592, 0, 7898, 0, 0, 11, 548936, 181875725, 220583, 32111651, 31581.950672, 31591.950656, 0.000000
10880, 5, 6.000320, 210034965, 1.000166, 31707, 31707, 31680, 0, 7920, 0, 0, 0, 538902, 181652092, 215191, 32658959, 31701.721663, 31674.726158, 0.000000
10880, 6, 7.000329, 210001871, 1.000009, 31521, 31521, 31544, 0, 7886, 0, 0, 3, 534193, 181770543, 214093, 32439743, 31520.719165, 31543.718960, 0.000000
10880, 7, 8.000391, 210013083, 1.000062, 31594, 31594, 31575, 0, 7894, 0, 0, 0, 526755, 181857489, 209673, 32259595, 31592.031816, 31573.033000, 0.000000
