ThreadID, cIDX, Time, cycles, deltaT, RX, OnRX, TX, SupTX, OnTX, Idle, OnIdle, Blocked, CacheMiss, CacheHit, CacheWB, CPUIdle, RX/s, TX/s, Sup/s
8335, 0, 0, 0, 0, 0, 0, 0, 0, 0, 0, 0, 0, 0, 0, 0, 0, 0, 0, 0
8335, 0, 1.000012, 210002599, 1.000012, 27137, 27137, 27147, 0, 6787, 0, 0, 1, 653811, 182334782, 269131, 31709546, 27136.664151, 27146.664028, 0.000000
8335, 1, 2.000043, 210006529, 1.000031, 27169, 27169, 27157, 0, 6789, 0, 0, 4, 571481, 182454824, 227721, 31602538, 27168.155329, 27156.155702, 0.000000
8335, 2, 3.000048, 210000961, 1.000005, 27159, 27159, 27161, 0, 6791, 0, 0, 5, 552850, 182372368, 220106, 31702007, 27158.875716, 27160.875707, 0.000000
8335, 3, 4.000067, 210004043, 1.000019, 27165, 27165, 27171, 0, 6792, 0, 0, 7, 545585, 182384661, 215509, 31793804, 27164.477019, 27170.476904, 0.000000
8335, 4, 5.000071, 210000714, 1.000003, 27168, 27168, 27171, 0, 6793, 0, 0, 0, 536755, 182222192, 211544, 32026618, 27167.907629, 27170.907619, 0.000000
8335, 5, 6.000073, 210000539, 1.000003, 27118, 27118, 27110, 0, 6778, 0, 0, 0, 528432, 182058044, 207599, 32376318, 27117.930397, 27109.930418, 0.000000
8335, 6, 7.000094, 210004299, 1.000020, 27154, 27154, 27159, 0, 6789, 0, 0, 0, 515650, 182121654, 200011, 32226249, 27153.444130, 27158.444028, 0.000000
8335, 7, 8.000194, 210021125, 1.000101, 27121, 27121, 27120, 0, 6780, 0, 0, 0, 516849, 182317881, 201343, 31905558, 27118.272031, 27117.272132, 0.000000
