ThreadID, cIDX, Time, cycles, deltaT, RX, OnRX, TX, SupTX, OnTX, Idle, OnIdle, Blocked, CacheMiss, CacheHit, CacheWB, CPUIdle, RX/s, TX/s, Sup/s
2070, 0, 0, 0, 0, 0, 0, 0, 0, 0, 0, 0, 0, 0, 0, 0, 0, 0, 0, 0
2070, 0, 1.000002, 210000423, 1.000002, 31562, 31562, 31571, 0, 7893, 0, 0, 4, 0, 0, 0, 29705151, 31561.936425, 31570.936407, 0.000000
2070, 1, 2.000454, 210094955, 1.000452, 31622, 31622, 31625, 0, 7906, 0, 0, 4, 0, 0, 0, 29754567, 31607.708048, 31610.706692, 0.000000
2070, 2, 3.000566, 210023405, 1.000111, 31691, 31691, 31665, 0, 7917, 0, 0, 8, 0, 0, 0, 29972227, 31687.468356, 31661.471254, 0.000000
2070, 3, 4.000568, 210000568, 1.000003, 31739, 31739, 31745, 0, 7936, 0, 0, 13, 0, 0, 0, 30157080, 31738.914154, 31744.914138, 0.000000
2070, 4, 5.000788, 210046050, 1.000219, 31730, 31730, 31726, 0, 7931, 0, 0, 6, 0, 0, 0, 30251017, 31723.043590, 31719.044467, 0.000000
2070, 5, 6.001048, 210054723, 1.000261, 31610, 31610, 31608, 0, 7902, 0, 0, 8, 0, 0, 0, 30701720, 31601.765031, 31599.765553, 0.000000
2070, 6, 7.001074, 210005518, 1.000026, 31587, 31587, 31588, 0, 7897, 0, 0, 4, 0, 0, 0, 30478119, 31586.170036, 31587.170010, 0.000000
2070, 7, 8.001384, 210064990, 1.000309, 31714, 31714, 31708, 0, 7927, 0, 0, 4, 0, 0, 0, 30408404, 31704.188309, 31698.190165, 0.000000
