ThreadID, cIDX, Time, cycles, deltaT, RX, OnRX, TX, SupTX, OnTX, Idle, OnIdle, Blocked, CacheMiss, CacheHit, CacheWB, CPUIdle, RX/s, TX/s, Sup/s
1174, 0, 0, 0, 0, 0, 0, 0, 0, 0, 0, 0, 0, 0, 0, 0, 0, 0, 0, 0
1174, 0, 1.000018, 210003882, 1.000018, 31585, 31585, 31578, 0, 7895, 0, 0, 1, 0, 0, 0, 29851909, 31584.416140, 31577.416269, 0.000000
1174, 1, 2.000025, 210001310, 1.000006, 31694, 31694, 31706, 0, 7926, 0, 0, 2, 0, 0, 0, 29781025, 31693.802291, 31705.802216, 0.000000
1174, 2, 3.000084, 210012525, 1.000060, 31716, 31716, 31700, 0, 7925, 0, 0, 0, 0, 0, 0, 30020853, 31714.108480, 31698.109434, 0.000000
1174, 3, 4.000146, 210012908, 1.000061, 31618, 31618, 31616, 0, 7904, 0, 0, 5, 0, 0, 0, 29802129, 31616.056666, 31614.056789, 0.000000
1174, 4, 5.000179, 210007016, 1.000033, 31662, 31662, 31686, 0, 7922, 0, 0, 8, 0, 0, 0, 30196080, 31660.942223, 31684.941421, 0.000000
1174, 5, 6.000180, 210000233, 1.000001, 31651, 31651, 31637, 0, 7909, 0, 0, 3, 0, 0, 0, 30365963, 31650.964883, 31636.964898, 0.000000
1174, 6, 7.000479, 210062709, 1.000299, 31692, 31692, 31681, 0, 7920, 0, 0, 7, 0, 0, 0, 30356055, 31682.539141, 31671.542425, 0.000000
1174, 7, 8.000799, 210067276, 1.000320, 31652, 31652, 31656, 0, 7914, 0, 0, 0, 0, 0, 0, 30289702, 31641.863152, 31645.861871, 0.000000
