ThreadID, cIDX, Time, cycles, deltaT, RX, OnRX, TX, SupTX, OnTX, Idle, OnIdle, Blocked, CacheMiss, CacheHit, CacheWB, CPUIdle, RX/s, TX/s, Sup/s
10522, 0, 0, 0, 0, 0, 0, 0, 0, 0, 0, 0, 0, 0, 0, 0, 0, 0, 0, 0
10522, 0, 1.000670, 210140802, 1.000670, 27236, 27236, 27244, 0, 6811, 0, 0, 0, 0, 0, 0, 29865801, 27217.750887, 27225.745527, 0.000000
10522, 1, 2.000856, 210038888, 1.000185, 27145, 27145, 27137, 0, 6785, 0, 0, 1, 0, 0, 0, 29908847, 27139.974194, 27131.975675, 0.000000
10522, 2, 3.000859, 210000757, 1.000004, 27132, 27132, 27132, 0, 6783, 0, 0, 6, 0, 0, 0, 29709306, 27131.902196, 27131.902196, 0.000000
10522, 3, 4.000864, 210000981, 1.000005, 27133, 27133, 27134, 0, 6783, 0, 0, 4, 0, 0, 0, 30062138, 27132.873251, 27133.873246, 0.000000
10522, 4, 5.000893, 210006003, 1.000029, 27152, 27152, 27149, 0, 6787, 0, 0, 0, 0, 0, 0, 30286405, 27151.223863, 27148.223949, 0.000000
10522, 5, 6.000951, 210012279, 1.000058, 27122, 27122, 27120, 0, 6780, 0, 0, 3, 0, 0, 0, 30771441, 27120.414231, 27118.414348, 0.000000
10522, 6, 7.001035, 210017689, 1.000084, 27162, 27162, 27164, 0, 6791, 0, 0, 0, 0, 0, 0, 30755232, 27159.712247, 27161.712078, 0.000000
10522, 7, 8.001089, 210011298, 1.000054, 27148, 27148, 27152, 0, 6788, 0, 0, 0, 0, 0, 0, 30429627, 27146.539516, 27150.539301, 0.000000
