ThreadID, cIDX, Time, cycles, deltaT, RX, OnRX, TX, SupTX, OnTX, Idle, OnIdle, Blocked, CacheMiss, CacheHit, CacheWB, CPUIdle, RX/s, TX/s, Sup/s
10203, 0, 0, 0, 0, 0, 0, 0, 0, 0, 0, 0, 0, 0, 0, 0, 0, 0, 0, 0
10203, 0, 1.000004, 210000936, 1.000004, 27229, 27229, 27227, 0, 6807, 0, 0, 0, 0, 0, 0, 29054246, 27228.878637, 27226.878646, 0.000000
10203, 1, 2.000012, 210001530, 1.000007, 27198, 27198, 27198, 0, 6800, 0, 0, 10, 0, 0, 0, 29142455, 27197.801845, 27197.801845, 0.000000
10203, 2, 3.000117, 210022049, 1.000105, 27132, 27132, 27135, 0, 6783, 0, 0, 4, 0, 0, 0, 29286517, 27129.151568, 27132.151253, 0.000000
10203, 3, 4.000119, 210000483, 1.000002, 27107, 27107, 27108, 0, 6777, 0, 0, 3, 0, 0, 0, 29282989, 27106.937654, 27107.937652, 0.000000
10203, 4, 5.000129, 210002028, 1.000010, 27115, 27115, 27120, 0, 6780, 0, 0, 5, 0, 0, 0, 29575938, 27114.738149, 27119.738101, 0.000000
10203, 5, 6.000177, 210010062, 1.000048, 27136, 27136, 27140, 0, 6785, 0, 0, 2, 0, 0, 0, 29964411, 27134.699860, 27138.699669, 0.000000
10203, 6, 7.000184, 210001587, 1.000008, 27089, 27089, 27069, 0, 6768, 0, 0, 1, 0, 0, 0, 29977385, 27088.795286, 27068.795437, 0.000000
10203, 7, 8.000223, 210008198, 1.000039, 27110, 27110, 27119, 0, 6779, 0, 0, 0, 0, 0, 0, 29576387, 27108.941719, 27117.941367, 0.000000
