ThreadID, cIDX, Time, cycles, deltaT, RX, OnRX, TX, SupTX, OnTX, Idle, OnIdle, Blocked, CacheMiss, CacheHit, CacheWB, CPUIdle, RX/s, TX/s, Sup/s
11210, 0, 0, 0, 0, 0, 0, 0, 0, 0, 0, 0, 0, 0, 0, 0, 0, 0, 0, 0
11210, 0, 1.000018, 210003866, 1.000018, 27232, 27232, 27232, 0, 6808, 0, 0, 0, 651774, 182074867, 271869, 29179919, 27231.498681, 27231.498681, 0.000000
11210, 1, 2.000069, 210010598, 1.000050, 27120, 27120, 27112, 0, 6778, 0, 0, 5, 549339, 182171294, 222208, 29055734, 27118.631413, 27110.631817, 0.000000
11210, 2, 3.000082, 210002726, 1.000013, 27106, 27106, 27120, 0, 6780, 0, 0, 7, 529016, 182100700, 212305, 29218084, 27105.648143, 27119.647961, 0.000000
11210, 3, 4.000116, 210007199, 1.000034, 27222, 27222, 27211, 0, 6803, 0, 0, 3, 528087, 182071017, 211651, 29334557, 27221.066836, 27210.067213, 0.000000
11210, 4, 5.000187, 210014958, 1.000071, 27167, 27167, 27169, 0, 6792, 0, 0, 7, 520772, 181884470, 207047, 29574422, 27165.065071, 27167.064929, 0.000000
11210, 5, 6.000371, 210038532, 1.000183, 27043, 27043, 27036, 0, 6759, 0, 0, 7, 517774, 181711141, 207510, 30003184, 27038.038906, 27031.040190, 0.000000
11210, 6, 7.000467, 210020133, 1.000096, 27177, 27177, 27188, 0, 6797, 0, 0, 2, 513910, 181809436, 205888, 29802647, 27174.394752, 27185.393697, 0.000000
11210, 7, 8.000480, 210002759, 1.000013, 27129, 27129, 27128, 0, 6782, 0, 0, 0, 511780, 181996201, 203939, 29195468, 27128.643581, 27127.643594, 0.000000
