ThreadID, cIDX, Time, cycles, deltaT, RX, OnRX, TX, SupTX, OnTX, Idle, OnIdle, Blocked, CacheMiss, CacheHit, CacheWB, CPUIdle, RX/s, TX/s, Sup/s
448, 0, 0, 0, 0, 0, 0, 0, 0, 0, 0, 0, 0, 0, 0, 0, 0, 0, 0, 0
448, 0, 1.000014, 210002909, 1.000014, 30557, 30557, 30552, 0, 7921, 0, 0, 0, 694924, 183264409, 293389, 26676918, 30556.576719, 30551.576788, 0.000000
448, 1, 2.000016, 210000377, 1.000002, 30519, 30519, 30524, 0, 7915, 0, 0, 3, 610848, 183308785, 251618, 26769360, 30518.945211, 30523.945202, 0.000000
448, 2, 3.000141, 210026249, 1.000125, 30576, 30576, 30560, 0, 7924, 0, 0, 5, 591894, 183252416, 240136, 26966256, 30572.178623, 30556.180623, 0.000000
448, 3, 4.000143, 210000404, 1.000002, 30584, 30584, 30599, 0, 7933, 0, 0, 0, 583243, 183317645, 234128, 26785006, 30583.941162, 30598.941133, 0.000000
448, 4, 5.000146, 210000652, 1.000003, 30530, 30530, 30541, 0, 7916, 0, 0, 0, 570499, 182994010, 229276, 27471444, 30529.905212, 30540.905178, 0.000000
448, 5, 6.000256, 210023073, 1.000110, 30492, 30492, 30474, 0, 7901, 0, 0, 0, 565551, 182966936, 226844, 27329390, 30488.650168, 30470.652146, 0.000000
448, 6, 7.000276, 210004277, 1.000020, 30544, 30544, 30557, 0, 7923, 0, 0, 0, 562674, 182961224, 224518, 27470459, 30543.377933, 30556.377668, 0.000000
448, 7, 8.000305, 210006103, 1.000029, 30607, 30607, 30591, 0, 7931, 0, 0, 2, 559873, 182996778, 223682, 27415082, 30606.110528, 30590.110993, 0.000000
