ThreadID, cIDX, Time, cycles, deltaT, RX, OnRX, TX, SupTX, OnTX, Idle, OnIdle, Blocked, CacheMiss, CacheHit, CacheWB, CPUIdle, RX/s, TX/s, Sup/s
9314, 0, 0, 0, 0, 0, 0, 0, 0, 0, 0, 0, 0, 0, 0, 0, 0, 0, 0, 0
9314, 0, 1.000002, 210000449, 1.000002, 31592, 31592, 31601, 0, 7901, 0, 0, 2, 0, 0, 0, 29181203, 31591.932453, 31600.932434, 0.000000
9314, 1, 2.000063, 210012740, 1.000061, 31642, 31642, 31631, 0, 7907, 0, 0, 11, 0, 0, 0, 28923987, 31640.080502, 31629.081169, 0.000000
9314, 2, 3.000115, 210010863, 1.000052, 31696, 31696, 31716, 0, 7929, 0, 0, 9, 0, 0, 0, 29159433, 31694.360496, 31714.359461, 0.000000
9314, 3, 4.000116, 210000271, 1.000001, 31727, 31727, 31716, 0, 7929, 0, 0, 0, 0, 0, 0, 29003360, 31726.959057, 31715.959071, 0.000000
9314, 4, 5.000209, 210019480, 1.000093, 31678, 31678, 31668, 0, 7917, 0, 0, 6, 0, 0, 0, 29284851, 31675.061761, 31665.062688, 0.000000
9314, 5, 6.000409, 210042165, 1.000201, 31626, 31626, 31630, 0, 7908, 0, 0, 16, 0, 0, 0, 29655274, 31619.651226, 31623.650423, 0.000000
9314, 6, 7.000414, 210000934, 1.000004, 31670, 31670, 31659, 0, 7915, 0, 0, 6, 0, 0, 0, 29638500, 31669.859145, 31658.859193, 0.000000
9314, 7, 8.000417, 210000606, 1.000003, 31720, 31720, 31741, 0, 7935, 0, 0, 0, 0, 0, 0, 29512356, 31719.908465, 31740.908405, 0.000000
