ThreadID, cIDX, Time, cycles, deltaT, RX, OnRX, TX, SupTX, OnTX, Idle, OnIdle, Blocked, CacheMiss, CacheHit, CacheWB, CPUIdle, RX/s, TX/s, Sup/s
853, 0, 0, 0, 0, 0, 0, 0, 0, 0, 0, 0, 0, 0, 0, 0, 0, 0, 0, 0
853, 0, 1.000007, 210001519, 1.000007, 31604, 31604, 31589, 0, 7898, 0, 0, 0, 0, 0, 0, 26630178, 31603.771399, 31588.771508, 0.000000
853, 1, 2.000071, 210013493, 1.000064, 31679, 31679, 31699, 0, 7924, 0, 0, 0, 0, 0, 0, 26699476, 31676.964680, 31696.963395, 0.000000
853, 2, 3.000085, 210002884, 1.000014, 31717, 31717, 31705, 0, 7927, 0, 0, 0, 0, 0, 0, 26934642, 31716.564426, 31704.564591, 0.000000
853, 3, 4.000090, 210001055, 1.000005, 31615, 31615, 31610, 0, 7902, 0, 0, 0, 0, 0, 0, 26820424, 31614.841173, 31609.841198, 0.000000
853, 4, 5.000530, 210092326, 1.000440, 31655, 31655, 31649, 0, 7912, 0, 0, 0, 0, 0, 0, 27295661, 31641.089071, 31635.091707, 0.000000
853, 5, 6.000535, 210000996, 1.000005, 31667, 31667, 31698, 0, 7925, 0, 0, 0, 0, 0, 0, 27520221, 31666.849809, 31697.849662, 0.000000
853, 6, 7.000554, 210004107, 1.000020, 31671, 31671, 31670, 0, 7917, 0, 0, 0, 0, 0, 0, 27509110, 31670.380618, 31669.380637, 0.000000
853, 7, 8.000556, 210000275, 1.000001, 31636, 31636, 31624, 0, 7906, 0, 0, 0, 0, 0, 0, 27287320, 31635.958572, 31623.958588, 0.000000
