ThreadID, cIDX, Time, cycles, deltaT, RX, OnRX, TX, SupTX, OnTX, Idle, OnIdle, Blocked, CacheMiss, CacheHit, CacheWB, CPUIdle, RX/s, TX/s, Sup/s
361, 0, 0, 0, 0, 0, 0, 0, 0, 0, 0, 0, 0, 0, 0, 0, 0, 0, 0, 0
361, 0, 1.000018, 210003684, 1.000018, 27158, 27158, 27156, 0, 6789, 0, 0, 0, 0, 0, 0, 26690110, 27157.523579, 27155.523615, 0.000000
361, 1, 2.000101, 210017593, 1.000084, 27183, 27183, 27196, 0, 6799, 0, 0, 2, 0, 0, 0, 26716035, 27180.722903, 27193.721814, 0.000000
361, 2, 3.000106, 210000900, 1.000004, 27089, 27089, 27082, 0, 6771, 0, 0, 1, 0, 0, 0, 26918174, 27088.883905, 27081.883935, 0.000000
361, 3, 4.000111, 210001200, 1.000006, 27190, 27190, 27183, 0, 6796, 0, 0, 0, 0, 0, 0, 26631890, 27189.844629, 27182.844669, 0.000000
361, 4, 5.000179, 210014290, 1.000068, 27060, 27060, 27060, 0, 6765, 0, 0, 0, 0, 0, 0, 27228807, 27058.158757, 27058.158757, 0.000000
361, 5, 6.000216, 210007745, 1.000037, 27071, 27071, 27075, 0, 6768, 0, 0, 0, 0, 0, 0, 27291162, 27070.001633, 27074.001485, 0.000000
361, 6, 7.000230, 210002961, 1.000014, 27136, 27136, 27132, 0, 6783, 0, 0, 0, 0, 0, 0, 27543063, 27135.617388, 27131.617444, 0.000000
361, 7, 8.000295, 210013548, 1.000065, 27102, 27102, 27100, 0, 6775, 0, 0, 0, 0, 0, 0, 27160072, 27100.251647, 27098.251776, 0.000000
