ThreadID, cIDX, Time, cycles, deltaT, RX, OnRX, TX, SupTX, OnTX, Idle, OnIdle, Blocked, CacheMiss, CacheHit, CacheWB, CPUIdle, RX/s, TX/s, Sup/s
1861, 0, 0, 0, 0, 0, 0, 0, 0, 0, 0, 0, 0, 0, 0, 0, 0, 0, 0, 0
1861, 0, 1.000023, 210004887, 1.000023, 31493, 31493, 31504, 0, 7876, 0, 0, 0, 652684, 182080586, 268657, 29143279, 31492.267130, 31503.266874, 0.000000
1861, 1, 2.000049, 210005377, 1.000026, 31653, 31653, 31652, 0, 7913, 0, 0, 0, 564752, 182157444, 225072, 28996494, 31652.189553, 31651.189579, 0.000000
1861, 2, 3.000140, 210019090, 1.000091, 31656, 31656, 31656, 0, 7914, 0, 0, 4, 552091, 182050698, 221055, 29305281, 31653.122580, 31653.122580, 0.000000
1861, 3, 4.000213, 210015341, 1.000073, 31776, 31776, 31749, 0, 7938, 0, 0, 2, 537342, 182013162, 213586, 29353581, 31773.678857, 31746.680829, 0.000000
1861, 4, 5.000259, 210009650, 1.000046, 31676, 31676, 31703, 0, 7925, 0, 0, 3, 529298, 181893984, 209095, 29556247, 31674.544479, 31701.543239, 0.000000
1861, 5, 6.000808, 210115320, 1.000549, 31632, 31632, 31608, 0, 7902, 0, 0, 0, 519725, 181748793, 205193, 30058720, 31614.639047, 31590.652219, 0.000000
1861, 6, 7.001089, 210058936, 1.000281, 31614, 31614, 31616, 0, 7904, 0, 0, 1, 519709, 181807042, 204491, 29907557, 31605.130095, 31607.129534, 0.000000
1861, 7, 8.001092, 210000697, 1.000003, 31727, 31727, 31750, 0, 7938, 0, 0, 0, 514921, 181927417, 201887, 29557982, 31726.894697, 31749.894621, 0.000000
