ThreadID, cIDX, Time, cycles, deltaT, RX, OnRX, TX, SupTX, OnTX, Idle, OnIdle, Blocked, CacheMiss, CacheHit, CacheWB, CPUIdle, RX/s, TX/s, Sup/s
9943, 0, 0, 0, 0, 0, 0, 0, 0, 0, 0, 0, 0, 0, 0, 0, 0, 0, 0, 0
9943, 0, 1.000028, 210005860, 1.000028, 30476, 30476, 30483, 0, 7902, 0, 0, 0, 0, 0, 0, 28979256, 30475.149598, 30482.149403, 0.000000
9943, 1, 2.000036, 210001790, 1.000009, 30537, 30537, 30539, 0, 7919, 0, 0, 6, 0, 0, 0, 29031534, 30536.739711, 30538.739694, 0.000000
9943, 2, 3.000058, 210004444, 1.000021, 30574, 30574, 30578, 0, 7928, 0, 0, 3, 0, 0, 0, 29149112, 30573.353010, 30577.352925, 0.000000
9943, 3, 4.000060, 210000416, 1.000002, 30522, 30522, 30515, 0, 7911, 0, 0, 1, 0, 0, 0, 29266439, 30521.939537, 30514.939551, 0.000000
9943, 4, 5.000117, 210012030, 1.000057, 30559, 30559, 30563, 0, 7923, 0, 0, 1, 0, 0, 0, 29585581, 30557.249506, 30561.249277, 0.000000
9943, 5, 6.000123, 210001346, 1.000006, 30474, 30474, 30471, 0, 7900, 0, 0, 1, 0, 0, 0, 29932595, 30473.804677, 30470.804697, 0.000000
9943, 6, 7.000125, 210000324, 1.000002, 30534, 30534, 30521, 0, 7914, 0, 0, 0, 0, 0, 0, 29732537, 30533.952890, 30520.952911, 0.000000
9943, 7, 8.000128, 210000584, 1.000003, 30546, 30546, 30541, 0, 7918, 0, 0, 0, 0, 0, 0, 29483528, 30545.915053, 30540.915067, 0.000000
