ThreadID, cIDX, Time, cycles, deltaT, RX, OnRX, TX, SupTX, OnTX, Idle, OnIdle, Blocked, CacheMiss, CacheHit, CacheWB, CPUIdle, RX/s, TX/s, Sup/s
11252, 0, 0, 0, 0, 0, 0, 0, 0, 0, 0, 0, 0, 0, 0, 0, 0, 0, 0, 0
11252, 0, 1.000233, 210048851, 1.000233, 31529, 31529, 31525, 0, 7882, 0, 0, 1, 0, 0, 0, 30861179, 31521.667310, 31517.668240, 0.000000
11252, 1, 2.000505, 210057099, 1.000272, 31679, 31679, 31680, 0, 7920, 0, 0, 14, 0, 0, 0, 30775705, 31670.388821, 31671.388549, 0.000000
11252, 2, 3.000517, 210002569, 1.000012, 31714, 31714, 31701, 0, 7925, 0, 0, 6, 0, 0, 0, 30894008, 31713.612037, 31700.612196, 0.000000
11252, 3, 4.000670, 210032094, 1.000153, 31694, 31694, 31693, 0, 7923, 0, 0, 7, 0, 0, 0, 30953630, 31689.156991, 31688.157144, 0.000000
11252, 4, 5.000674, 210000995, 1.000005, 31609, 31609, 31618, 0, 7905, 0, 0, 2, 0, 0, 0, 31323673, 31608.850234, 31617.850192, 0.000000
11252, 5, 6.000946, 210057025, 1.000272, 31619, 31619, 31606, 0, 7901, 0, 0, 1, 0, 0, 0, 31647281, 31610.416267, 31597.419796, 0.000000
11252, 6, 7.001275, 210069128, 1.000329, 31658, 31658, 31665, 0, 7916, 0, 0, 0, 0, 0, 0, 31458598, 31647.582219, 31654.579915, 0.000000
11252, 7, 8.001281, 210001352, 1.000006, 31564, 31564, 31587, 0, 7897, 0, 0, 0, 0, 0, 0, 31206294, 31563.796789, 31586.796641, 0.000000
