ThreadID, cIDX, Time, cycles, deltaT, RX, OnRX, TX, SupTX, OnTX, Idle, OnIdle, Blocked, CacheMiss, CacheHit, CacheWB, CPUIdle, RX/s, TX/s, Sup/s
172, 0, 0, 0, 0, 0, 0, 0, 0, 0, 0, 0, 0, 0, 0, 0, 0, 0, 0, 0
172, 0, 1.000112, 210023519, 1.000112, 27265, 27265, 27266, 0, 6817, 0, 0, 1, 0, 0, 0, 25881021, 27261.946792, 27262.946680, 0.000000
172, 1, 2.000114, 210000425, 1.000002, 27123, 27123, 27125, 0, 6781, 0, 0, 4, 0, 0, 0, 25862183, 27122.945108, 27124.945104, 0.000000
172, 2, 3.000148, 210007046, 1.000034, 27087, 27087, 27085, 0, 6771, 0, 0, 1, 0, 0, 0, 25947334, 27086.091197, 27084.091264, 0.000000
172, 3, 4.000253, 210022200, 1.000106, 27220, 27220, 27220, 0, 6805, 0, 0, 0, 0, 0, 0, 25842153, 27217.122761, 27217.122761, 0.000000
172, 4, 5.000310, 210011975, 1.000057, 27154, 27154, 27156, 0, 6789, 0, 0, 0, 0, 0, 0, 26194320, 27152.451664, 27154.451550, 0.000000
172, 5, 6.000328, 210003614, 1.000017, 27056, 27056, 27048, 0, 6762, 0, 0, 0, 0, 0, 0, 26392736, 27055.534387, 27047.534525, 0.000000
172, 6, 7.000348, 210004377, 1.000021, 27198, 27198, 27204, 0, 6801, 0, 0, 1, 0, 0, 0, 26369805, 27197.433128, 27203.433003, 0.000000
172, 7, 8.000430, 210017217, 1.000082, 27101, 27101, 27101, 0, 6776, 0, 0, 2, 0, 0, 0, 26089190, 27098.778287, 27098.778287, 0.000000
