ThreadID, cIDX, Time, cycles, deltaT, RX, OnRX, TX, SupTX, OnTX, Idle, OnIdle, Blocked, CacheMiss, CacheHit, CacheWB, CPUIdle, RX/s, TX/s, Sup/s
8681, 0, 0, 0, 0, 0, 0, 0, 0, 0, 0, 0, 0, 0, 0, 0, 0, 0, 0, 0
8681, 0, 1.000067, 210014027, 1.000067, 27175, 27175, 27180, 0, 6795, 0, 0, 0, 0, 0, 0, 28399394, 27173.184961, 27178.184627, 0.000000
8681, 1, 2.000258, 210040170, 1.000191, 27189, 27189, 27181, 0, 6796, 0, 0, 4, 0, 0, 0, 28398981, 27183.800127, 27175.801657, 0.000000
8681, 2, 3.000271, 210002652, 1.000013, 27087, 27087, 27089, 0, 6772, 0, 0, 6, 0, 0, 0, 28451935, 27086.657934, 27088.657909, 0.000000
8681, 3, 4.000279, 210001752, 1.000008, 27190, 27190, 27189, 0, 6797, 0, 0, 6, 0, 0, 0, 28321009, 27189.773160, 27188.773168, 0.000000
8681, 4, 5.000284, 210001133, 1.000005, 27056, 27056, 27057, 0, 6764, 0, 0, 0, 0, 0, 0, 28912813, 27055.854027, 27056.854022, 0.000000
8681, 5, 6.000322, 210007863, 1.000037, 27072, 27072, 27073, 0, 6769, 0, 0, 0, 0, 0, 0, 29077325, 27070.986385, 27071.986347, 0.000000
8681, 6, 7.000333, 210002394, 1.000011, 27136, 27136, 27135, 0, 6783, 0, 0, 0, 0, 0, 0, 29093065, 27135.690653, 27134.690665, 0.000000
8681, 7, 8.000381, 210010115, 1.000048, 27098, 27098, 27088, 0, 6772, 0, 0, 0, 0, 0, 0, 29066228, 27096.694843, 27086.695324, 0.000000
