ThreadID, cIDX, Time, cycles, deltaT, RX, OnRX, TX, SupTX, OnTX, Idle, OnIdle, Blocked, CacheMiss, CacheHit, CacheWB, CPUIdle, RX/s, TX/s, Sup/s
10407, 0, 0, 0, 0, 0, 0, 0, 0, 0, 0, 0, 0, 0, 0, 0, 0, 0, 0, 0
10407, 0, 1.000012, 210002426, 1.000012, 30494, 30494, 30501, 0, 7908, 0, 0, 1, 0, 0, 0, 28081838, 30493.647726, 30500.647645, 0.000000
10407, 1, 2.000061, 210010463, 1.000050, 30524, 30524, 30509, 0, 7910, 0, 0, 3, 0, 0, 0, 28412993, 30522.479254, 30507.480001, 0.000000
10407, 2, 3.000064, 210000455, 1.000002, 30551, 30551, 30552, 0, 7921, 0, 0, 6, 0, 0, 0, 28321198, 30550.933806, 30551.933804, 0.000000
10407, 3, 4.000069, 210001132, 1.000005, 30604, 30604, 30606, 0, 7935, 0, 0, 5, 0, 0, 0, 28471535, 30603.835031, 30605.835020, 0.000000
10407, 4, 5.000073, 210000873, 1.000004, 30576, 30576, 30584, 0, 7929, 0, 0, 5, 0, 0, 0, 28610487, 30575.872892, 30583.872858, 0.000000
10407, 5, 6.000164, 210019104, 1.000091, 30413, 30413, 30408, 0, 7884, 0, 0, 2, 0, 0, 0, 29041273, 30410.233538, 30405.233992, 0.000000
10407, 6, 7.000169, 210001072, 1.000005, 30578, 30578, 30582, 0, 7928, 0, 0, 3, 0, 0, 0, 29173741, 30577.843907, 30581.843887, 0.000000
10407, 7, 8.000171, 210000439, 1.000002, 30495, 30495, 30487, 0, 7903, 0, 0, 0, 0, 0, 0, 28844612, 30494.936251, 30486.936268, 0.000000
