ThreadID, cIDX, Time, cycles, deltaT, RX, OnRX, TX, SupTX, OnTX, Idle, OnIdle, Blocked, CacheMiss, CacheHit, CacheWB, CPUIdle, RX/s, TX/s, Sup/s
2630, 0, 0, 0, 0, 0, 0, 0, 0, 0, 0, 0, 0, 0, 0, 0, 0, 0, 0, 0
2630, 0, 1.000413, 210086833, 1.000413, 31577, 31577, 31588, 0, 7897, 0, 0, 3, 649760, 182136723, 268570, 29086218, 31563.948608, 31574.944061, 0.000000
2630, 1, 2.000436, 210004654, 1.000022, 31685, 31685, 31675, 0, 7919, 0, 0, 5, 558783, 182192818, 226163, 28957067, 31684.297816, 31674.298037, 0.000000
2630, 2, 3.000449, 210002865, 1.000014, 31646, 31646, 31642, 0, 7911, 0, 0, 8, 537011, 182148091, 214804, 29077110, 31645.568264, 31641.568319, 0.000000
2630, 3, 4.000465, 210003284, 1.000016, 31703, 31703, 31699, 0, 7924, 0, 0, 2, 517350, 182041409, 204588, 29268659, 31702.504233, 31698.504296, 0.000000
2630, 4, 5.000473, 210001687, 1.000008, 31670, 31670, 31692, 0, 7923, 0, 0, 9, 510273, 181874394, 200942, 29619015, 31669.745586, 31691.745410, 0.000000
2630, 5, 6.000532, 210012468, 1.000059, 31561, 31561, 31560, 0, 7890, 0, 0, 4, 502018, 181626888, 197783, 30086245, 31559.126290, 31558.126349, 0.000000
2630, 6, 7.000951, 210087829, 1.000418, 31712, 31712, 31684, 0, 7921, 0, 0, 0, 498975, 181788627, 196180, 30039737, 31698.742529, 31670.754235, 0.000000
2630, 7, 8.001045, 210019756, 1.000094, 31633, 31633, 31627, 0, 7907, 0, 0, 0, 497709, 181881752, 193843, 29676208, 31630.024368, 31624.024932, 0.000000
