ThreadID, cIDX, Time, cycles, deltaT, RX, OnRX, TX, SupTX, OnTX, Idle, OnIdle, Blocked, CacheMiss, CacheHit, CacheWB, CPUIdle, RX/s, TX/s, Sup/s
10471, 0, 0, 0, 0, 0, 0, 0, 0, 0, 0, 0, 0, 0, 0, 0, 0, 0, 0, 0
10471, 0, 1.000040, 210008306, 1.000040, 30508, 30508, 30506, 0, 7909, 0, 0, 0, 0, 0, 0, 28889434, 30506.793384, 30504.793463, 0.000000
10471, 1, 2.000048, 210001781, 1.000008, 30522, 30522, 30528, 0, 7916, 0, 0, 7, 0, 0, 0, 29025334, 30521.741147, 30527.741096, 0.000000
10471, 2, 3.000510, 210096971, 1.000462, 30543, 30543, 30551, 0, 7920, 0, 0, 5, 0, 0, 0, 29134133, 30528.902770, 30536.899078, 0.000000
10471, 3, 4.000623, 210023852, 1.000114, 30585, 30585, 30577, 0, 7927, 0, 0, 0, 0, 0, 0, 29266674, 30581.526521, 30573.527430, 0.000000
10471, 4, 5.000648, 210005081, 1.000024, 30617, 30617, 30604, 0, 7935, 0, 0, 13, 0, 0, 0, 29397880, 30616.259232, 30603.259547, 0.000000
10471, 5, 6.000650, 210000471, 1.000002, 30401, 30401, 30417, 0, 7886, 0, 0, 2, 0, 0, 0, 29964202, 30400.931815, 30416.931779, 0.000000
10471, 6, 7.000655, 210000990, 1.000005, 30562, 30562, 30547, 0, 7919, 0, 0, 0, 0, 0, 0, 29820721, 30561.855923, 30546.855993, 0.000000
10471, 7, 8.000656, 210000379, 1.000002, 30520, 30520, 30535, 0, 7915, 0, 0, 0, 0, 0, 0, 29612352, 30519.944919, 30534.944892, 0.000000
