ThreadID, cIDX, Time, cycles, deltaT, RX, OnRX, TX, SupTX, OnTX, Idle, OnIdle, Blocked, CacheMiss, CacheHit, CacheWB, CPUIdle, RX/s, TX/s, Sup/s
8721, 0, 0, 0, 0, 0, 0, 0, 0, 0, 0, 0, 0, 0, 0, 0, 0, 0, 0, 0
8721, 0, 1.000026, 210005380, 1.000026, 31592, 31592, 31604, 0, 7901, 0, 0, 0, 0, 0, 0, 29250960, 31591.190664, 31603.190356, 0.000000
8721, 1, 2.000164, 210029056, 1.000138, 31722, 31722, 31723, 0, 7931, 0, 0, 3, 0, 0, 0, 29251973, 31717.611491, 31718.611353, 0.000000
8721, 2, 3.000293, 210027186, 1.000129, 31709, 31709, 31684, 0, 7921, 0, 0, 5, 0, 0, 0, 29334713, 31704.895575, 31679.898811, 0.000000
8721, 3, 4.000339, 210009644, 1.000046, 31687, 31687, 31697, 0, 7924, 0, 0, 0, 0, 0, 0, 29296943, 31685.544879, 31695.544420, 0.000000
8721, 4, 5.000346, 210001413, 1.000007, 31663, 31663, 31668, 0, 7917, 0, 0, 0, 0, 0, 0, 29851460, 31662.786955, 31667.786921, 0.000000
8721, 5, 6.000453, 210022470, 1.000107, 31590, 31590, 31572, 0, 7893, 0, 0, 0, 0, 0, 0, 29879120, 31586.620232, 31568.622157, 0.000000
8721, 6, 7.000542, 210018605, 1.000089, 31704, 31704, 31728, 0, 7932, 0, 0, 1, 0, 0, 0, 29943579, 31701.191425, 31725.189299, 0.000000
8721, 7, 8.000543, 210000197, 1.000001, 31680, 31680, 31668, 0, 7917, 0, 0, 0, 0, 0, 0, 29807775, 31679.970281, 31667.970292, 0.000000
