ThreadID, cIDX, Time, cycles, deltaT, RX, OnRX, TX, SupTX, OnTX, Idle, OnIdle, Blocked, CacheMiss, CacheHit, CacheWB, CPUIdle, RX/s, TX/s, Sup/s
1634, 0, 0, 0, 0, 0, 0, 0, 0, 0, 0, 0, 0, 0, 0, 0, 0, 0, 0, 0
1634, 0, 1.000081, 210017035, 1.000081, 31674, 31674, 31672, 0, 7918, 0, 0, 0, 0, 0, 0, 28977214, 31671.430844, 31669.431006, 0.000000
1634, 1, 2.000185, 210021904, 1.000104, 31646, 31646, 31660, 0, 7915, 0, 0, 3, 0, 0, 0, 29112335, 31642.699516, 31656.698056, 0.000000
1634, 2, 3.000193, 210001612, 1.000008, 31618, 31618, 31615, 0, 7904, 0, 0, 6, 0, 0, 0, 29067236, 31617.757296, 31614.757319, 0.000000
1634, 3, 4.000247, 210011301, 1.000054, 31756, 31756, 31761, 0, 7940, 0, 0, 5, 0, 0, 0, 29273540, 31754.291166, 31759.290896, 0.000000
1634, 4, 5.000250, 210000581, 1.000003, 31630, 31630, 31624, 0, 7906, 0, 0, 0, 0, 0, 0, 29421420, 31629.912491, 31623.912507, 0.000000
1634, 5, 6.000261, 210002293, 1.000011, 31596, 31596, 31596, 0, 7899, 0, 0, 3, 0, 0, 0, 29686346, 31595.655006, 31595.655006, 0.000000
1634, 6, 7.000432, 210035928, 1.000171, 31702, 31702, 31688, 0, 7922, 0, 0, 1, 0, 0, 0, 29441770, 31696.577168, 31682.579563, 0.000000
1634, 7, 8.000475, 210009161, 1.000044, 31679, 31679, 31689, 0, 7923, 0, 0, 0, 0, 0, 0, 29526277, 31677.618102, 31687.617665, 0.000000
