ThreadID, cIDX, Time, cycles, deltaT, RX, OnRX, TX, SupTX, OnTX, Idle, OnIdle, Blocked, CacheMiss, CacheHit, CacheWB, CPUIdle, RX/s, TX/s, Sup/s
10712, 0, 0, 0, 0, 0, 0, 0, 0, 0, 0, 0, 0, 0, 0, 0, 0, 0, 0, 0
10712, 0, 1.000568, 210119272, 1.000568, 27155, 27155, 27152, 0, 6788, 0, 0, 0, 0, 0, 0, 29110334, 27139.585749, 27136.587452, 0.000000
10712, 1, 2.000854, 210060141, 1.000286, 27118, 27118, 27117, 0, 6780, 0, 0, 5, 0, 0, 0, 29189405, 27110.236016, 27109.236302, 0.000000
10712, 2, 3.000866, 210002479, 1.000012, 27144, 27144, 27147, 0, 6786, 0, 0, 0, 0, 0, 0, 29232845, 27143.679575, 27146.679540, 0.000000
10712, 3, 4.000898, 210006610, 1.000031, 27218, 27218, 27216, 0, 6804, 0, 0, 0, 0, 0, 0, 29383606, 27217.143308, 27215.143371, 0.000000
10712, 4, 5.001062, 210034567, 1.000165, 27193, 27193, 27192, 0, 6798, 0, 0, 4, 0, 0, 0, 29571091, 27188.524639, 27187.524804, 0.000000
10712, 5, 6.001071, 210001859, 1.000009, 27028, 27028, 27032, 0, 6758, 0, 0, 3, 0, 0, 0, 30153692, 27027.760740, 27031.760705, 0.000000
10712, 6, 7.001083, 210002539, 1.000012, 27174, 27174, 27172, 0, 6793, 0, 0, 0, 0, 0, 0, 29885357, 27173.671457, 27171.671482, 0.000000
10712, 7, 8.001098, 210003190, 1.000015, 27137, 27137, 27136, 0, 6784, 0, 0, 0, 0, 0, 0, 29730750, 27136.587782, 27135.587797, 0.000000
