ThreadID, cIDX, Time, cycles, deltaT, RX, OnRX, TX, SupTX, OnTX, Idle, OnIdle, Blocked, CacheMiss, CacheHit, CacheWB, CPUIdle, RX/s, TX/s, Sup/s
10780, 0, 0, 0, 0, 0, 0, 0, 0, 0, 0, 0, 0, 0, 0, 0, 0, 0, 0, 0
10780, 0, 1.000049, 210010371, 1.000049, 27237, 27237, 27236, 0, 6809, 0, 0, 0, 0, 0, 0, 29641698, 27235.654948, 27234.654997, 0.000000
10780, 1, 2.000732, 210143364, 1.000683, 27173, 27173, 27180, 0, 6795, 0, 0, 2, 0, 0, 0, 29862891, 27154.462037, 27161.457261, 0.000000
10780, 2, 3.000748, 210003385, 1.000016, 27149, 27149, 27143, 0, 6786, 0, 0, 1, 0, 0, 0, 29834138, 27148.562391, 27142.562488, 0.000000
10780, 3, 4.000762, 210002797, 1.000013, 27114, 27114, 27117, 0, 6779, 0, 0, 3, 0, 0, 0, 29968726, 27113.638872, 27116.638832, 0.000000
10780, 4, 5.000886, 210026193, 1.000125, 27126, 27126, 27117, 0, 6780, 0, 0, 3, 0, 0, 0, 30268428, 27122.617035, 27113.618157, 0.000000
10780, 5, 6.000893, 210001397, 1.000007, 27194, 27194, 27204, 0, 6801, 0, 0, 4, 0, 0, 0, 30719473, 27193.819096, 27203.819030, 0.000000
10780, 6, 7.000895, 210000392, 1.000002, 27156, 27156, 27155, 0, 6788, 0, 0, 0, 0, 0, 0, 30444915, 27155.949309, 27154.949311, 0.000000
10780, 7, 8.000900, 210001141, 1.000005, 27096, 27096, 27088, 0, 6772, 0, 0, 0, 0, 0, 0, 30420500, 27095.852779, 27087.852823, 0.000000
