ThreadID, cIDX, Time, cycles, deltaT, RX, OnRX, TX, SupTX, OnTX, Idle, OnIdle, Blocked, CacheMiss, CacheHit, CacheWB, CPUIdle, RX/s, TX/s, Sup/s
10561, 0, 0, 0, 0, 0, 0, 0, 0, 0, 0, 0, 0, 0, 0, 0, 0, 0, 0, 0
10561, 0, 1.000016, 210003348, 1.000016, 31623, 31623, 31617, 0, 7905, 0, 0, 0, 648992, 182091568, 267502, 29092313, 31622.495847, 31616.495943, 0.000000
10561, 1, 2.000027, 210002395, 1.000011, 31667, 31667, 31668, 0, 7917, 0, 0, 3, 559109, 182103040, 222923, 29150304, 31666.638850, 31667.638838, 0.000000
10561, 2, 3.000057, 210006311, 1.000030, 31693, 31693, 31712, 0, 7928, 0, 0, 4, 545338, 182047228, 217100, 29211012, 31692.047579, 31711.047008, 0.000000
10561, 3, 4.000133, 210015866, 1.000076, 31702, 31702, 31680, 0, 7920, 0, 0, 5, 532598, 181948781, 212068, 29431790, 31699.605019, 31677.606681, 0.000000
10561, 4, 5.000231, 210020561, 1.000098, 31625, 31625, 31615, 0, 7903, 0, 0, 6, 531657, 181895525, 212260, 29713169, 31621.903914, 31611.904893, 0.000000
10561, 5, 6.000234, 210000611, 1.000003, 31578, 31578, 31588, 0, 7897, 0, 0, 2, 525652, 181589827, 208350, 30184518, 31577.908123, 31587.908094, 0.000000
10561, 6, 7.000236, 210000423, 1.000002, 31670, 31670, 31670, 0, 7918, 0, 0, 2, 525535, 181671540, 210578, 30034414, 31669.936208, 31669.936208, 0.000000
10561, 7, 8.000511, 210057703, 1.000275, 31584, 31584, 31574, 0, 7893, 0, 0, 0, 526745, 181910305, 209771, 29726071, 31575.323853, 31565.326600, 0.000000
