ThreadID, cIDX, Time, cycles, deltaT, RX, OnRX, TX, SupTX, OnTX, Idle, OnIdle, Blocked, CacheMiss, CacheHit, CacheWB, CPUIdle, RX/s, TX/s, Sup/s
966, 0, 0, 0, 0, 0, 0, 0, 0, 0, 0, 0, 0, 0, 0, 0, 0, 0, 0, 0
966, 0, 1.000076, 210015942, 1.000076, 31621, 31621, 31608, 0, 7902, 0, 0, 0, 695994, 183256353, 288965, 26599864, 31618.599697, 31605.600683, 0.000000
966, 1, 2.000184, 210022655, 1.000108, 31718, 31718, 31744, 0, 7936, 0, 0, 0, 624259, 183348115, 251869, 26648424, 31714.578601, 31740.575796, 0.000000
966, 2, 3.000355, 210035984, 1.000171, 31703, 31703, 31680, 0, 7920, 0, 0, 0, 606544, 183238782, 245566, 26959175, 31697.568546, 31674.572487, 0.000000
966, 3, 4.000363, 210001752, 1.000008, 31532, 31532, 31552, 0, 7888, 0, 0, 0, 594209, 183264908, 238479, 26819415, 31531.736935, 31551.736768, 0.000000
966, 4, 5.000380, 210003369, 1.000016, 31667, 31667, 31645, 0, 7912, 0, 0, 0, 580869, 183070188, 233754, 27216578, 31666.491979, 31644.492332, 0.000000
966, 5, 6.000489, 210023075, 1.000110, 31724, 31724, 31719, 0, 7929, 0, 0, 0, 567091, 183022000, 228527, 27296412, 31720.514520, 31715.515069, 0.000000
966, 6, 7.000536, 210009753, 1.000046, 31652, 31652, 31676, 0, 7919, 0, 0, 2, 555052, 183033122, 221375, 27389645, 31650.530059, 31674.528944, 0.000000
966, 7, 8.000548, 210002530, 1.000012, 31595, 31595, 31576, 0, 7894, 0, 0, 0, 552313, 182998293, 218545, 27445078, 31594.619360, 31575.619589, 0.000000
