ThreadID, cIDX, Time, cycles, deltaT, RX, OnRX, TX, SupTX, OnTX, Idle, OnIdle, Blocked, CacheMiss, CacheHit, CacheWB, CPUIdle, RX/s, TX/s, Sup/s
1306, 0, 0, 0, 0, 0, 0, 0, 0, 0, 0, 0, 0, 0, 0, 0, 0, 0, 0, 0
1306, 0, 1.000027, 210005631, 1.000027, 27138, 27138, 27140, 0, 6785, 0, 0, 0, 0, 0, 0, 29781492, 27137.272333, 27139.272280, 0.000000
1306, 1, 2.000264, 210049732, 1.000237, 27176, 27176, 27177, 0, 6795, 0, 0, 1, 0, 0, 0, 29947480, 27169.565729, 27170.565493, 0.000000
1306, 2, 3.000319, 210011649, 1.000055, 27146, 27146, 27139, 0, 6784, 0, 0, 4, 0, 0, 0, 30025124, 27144.494256, 27137.494644, 0.000000
1306, 3, 4.000669, 210073427, 1.000350, 27154, 27154, 27156, 0, 6789, 0, 0, 0, 0, 0, 0, 30075629, 27144.508858, 27146.508159, 0.000000
1306, 4, 5.000672, 210000674, 1.000003, 27093, 27093, 27094, 0, 6774, 0, 0, 0, 0, 0, 0, 30249642, 27092.913045, 27093.913041, 0.000000
1306, 5, 6.000692, 210004177, 1.000020, 27106, 27106, 27103, 0, 6776, 0, 0, 0, 0, 0, 0, 30607035, 27105.460859, 27102.460919, 0.000000
1306, 6, 7.000747, 210011519, 1.000055, 27104, 27104, 27107, 0, 6776, 0, 0, 0, 0, 0, 0, 30310888, 27102.513363, 27105.513198, 0.000000
1306, 7, 8.000763, 210003353, 1.000016, 27097, 27097, 27100, 0, 6775, 0, 0, 0, 0, 0, 0, 30294527, 27096.567358, 27099.567310, 0.000000
