ThreadID, cIDX, Time, cycles, deltaT, RX, OnRX, TX, SupTX, OnTX, Idle, OnIdle, Blocked, CacheMiss, CacheHit, CacheWB, CPUIdle, RX/s, TX/s, Sup/s
104, 0, 0, 0, 0, 0, 0, 0, 0, 0, 0, 0, 0, 0, 0, 0, 0, 0, 0, 0
104, 0, 1.000031, 210006434, 1.000031, 30502, 30502, 30494, 0, 7906, 0, 0, 0, 0, 0, 0, 26513262, 30501.065505, 30493.065751, 0.000000
104, 1, 2.000043, 210002622, 1.000012, 30574, 30574, 30587, 0, 7929, 0, 0, 2, 0, 0, 0, 26595253, 30573.618267, 30586.618104, 0.000000
104, 2, 3.000047, 210000859, 1.000004, 30495, 30495, 30498, 0, 7909, 0, 0, 0, 0, 0, 0, 26760425, 30494.875261, 30497.875249, 0.000000
104, 3, 4.000054, 210001471, 1.000007, 30583, 30583, 30583, 0, 7928, 0, 0, 0, 0, 0, 0, 26655110, 30582.785775, 30582.785775, 0.000000
104, 4, 5.000077, 210004772, 1.000023, 30466, 30466, 30469, 0, 7901, 0, 0, 0, 0, 0, 0, 27033731, 30465.307712, 30468.307644, 0.000000
104, 5, 6.000189, 210023522, 1.000112, 30479, 30479, 30465, 0, 7899, 0, 0, 1, 0, 0, 0, 27223027, 30475.586444, 30461.588012, 0.000000
104, 6, 7.000228, 210008151, 1.000039, 30529, 30529, 30519, 0, 7912, 0, 0, 0, 0, 0, 0, 27102581, 30527.815085, 30517.815473, 0.000000
104, 7, 8.000239, 210002405, 1.000011, 30492, 30492, 30502, 0, 7909, 0, 0, 0, 0, 0, 0, 26776797, 30491.650798, 30501.650683, 0.000000
