ThreadID, cIDX, Time, cycles, deltaT, RX, OnRX, TX, SupTX, OnTX, Idle, OnIdle, Blocked, CacheMiss, CacheHit, CacheWB, CPUIdle, RX/s, TX/s, Sup/s
2885, 0, 0, 0, 0, 0, 0, 0, 0, 0, 0, 0, 0, 0, 0, 0, 0, 0, 0, 0
2885, 0, 1.000008, 210001676, 1.000008, 31491, 31491, 31500, 0, 7875, 0, 0, 2, 659083, 182109090, 275069, 29045990, 31490.748674, 31499.748602, 0.000000
2885, 1, 2.000032, 210005135, 1.000024, 31664, 31664, 31644, 0, 7911, 0, 0, 1, 583550, 182209168, 235979, 28898654, 31663.225759, 31643.226248, 0.000000
2885, 2, 3.000174, 210029737, 1.000142, 31689, 31689, 31695, 0, 7924, 0, 0, 11, 566072, 182142320, 227743, 29063095, 31684.513322, 31690.512473, 0.000000
2885, 3, 4.000214, 210008364, 1.000040, 31613, 31613, 31592, 0, 7898, 0, 0, 8, 533964, 182098559, 212359, 29096240, 31611.740950, 31590.741786, 0.000000
2885, 4, 5.000217, 210000565, 1.000003, 31695, 31695, 31710, 0, 7928, 0, 0, 11, 521342, 181891061, 205002, 29526441, 31694.914726, 31709.914685, 0.000000
2885, 5, 6.000332, 210024298, 1.000116, 31588, 31588, 31591, 0, 7897, 0, 0, 5, 512560, 181662525, 201650, 30071060, 31584.345541, 31587.345194, 0.000000
2885, 6, 7.000355, 210004733, 1.000023, 31577, 31577, 31562, 0, 7891, 0, 0, 1, 509011, 181808828, 200909, 29705205, 31576.288331, 31561.288669, 0.000000
2885, 7, 8.000532, 210037111, 1.000177, 31709, 31709, 31718, 0, 7929, 0, 0, 1, 505273, 181911708, 198225, 29679301, 31703.397406, 31712.395816, 0.000000
