ThreadID, cIDX, Time, cycles, deltaT, RX, OnRX, TX, SupTX, OnTX, Idle, OnIdle, Blocked, CacheMiss, CacheHit, CacheWB, CPUIdle, RX/s, TX/s, Sup/s
740, 0, 0, 0, 0, 0, 0, 0, 0, 0, 0, 0, 0, 0, 0, 0, 0, 0, 0, 0
740, 0, 1.000041, 210008600, 1.000041, 31532, 31532, 31541, 0, 7886, 0, 0, 0, 0, 0, 0, 26800073, 31530.708742, 31539.708374, 0.000000
740, 1, 2.000152, 210023338, 1.000111, 31721, 31721, 31703, 0, 7925, 0, 0, 3, 0, 0, 0, 26724375, 31717.475131, 31699.477131, 0.000000
740, 2, 3.000240, 210018384, 1.000088, 31714, 31714, 31708, 0, 7927, 0, 0, 0, 0, 0, 0, 27033761, 31711.223909, 31705.224434, 0.000000
740, 3, 4.000246, 210001276, 1.000006, 31639, 31639, 31655, 0, 7914, 0, 0, 0, 0, 0, 0, 27005593, 31638.807757, 31654.807659, 0.000000
740, 4, 5.000669, 210088855, 1.000423, 31709, 31709, 31689, 0, 7922, 0, 0, 0, 0, 0, 0, 27418754, 31695.588993, 31675.597451, 0.000000
740, 5, 6.001296, 210131717, 1.000627, 31604, 31604, 31608, 0, 7902, 0, 0, 0, 0, 0, 0, 27652713, 31584.189644, 31588.187137, 0.000000
740, 6, 7.001786, 210102987, 1.000490, 31648, 31648, 31641, 0, 7911, 0, 0, 1, 0, 0, 0, 27443175, 31632.486976, 31625.490408, 0.000000
740, 7, 8.001794, 210001680, 1.000008, 31628, 31628, 31647, 0, 7911, 0, 0, 1, 0, 0, 0, 27387414, 31627.746978, 31646.746826, 0.000000
