ThreadID, cIDX, Time, cycles, deltaT, RX, OnRX, TX, SupTX, OnTX, Idle, OnIdle, Blocked, CacheMiss, CacheHit, CacheWB, CPUIdle, RX/s, TX/s, Sup/s
8918, 0, 0, 0, 0, 0, 0, 0, 0, 0, 0, 0, 0, 0, 0, 0, 0, 0, 0, 0
8918, 0, 1.000048, 210009993, 1.000048, 31555, 31555, 31548, 0, 7887, 0, 0, 0, 0, 0, 0, 28662038, 31553.498504, 31546.498837, 0.000000
8918, 1, 2.000079, 210006694, 1.000032, 31726, 31726, 31720, 0, 7930, 0, 0, 7, 0, 0, 0, 28497213, 31724.988728, 31718.988919, 0.000000
8918, 2, 3.000214, 210028311, 1.000135, 31703, 31703, 31724, 0, 7931, 0, 0, 6, 0, 0, 0, 28608446, 31698.726559, 31719.723728, 0.000000
8918, 3, 4.000246, 210006721, 1.000032, 31632, 31632, 31636, 0, 7909, 0, 0, 2, 0, 0, 0, 28432126, 31630.987658, 31634.987530, 0.000000
8918, 4, 5.000731, 210101869, 1.000485, 31658, 31658, 31632, 0, 7908, 0, 0, 0, 0, 0, 0, 29209123, 31642.650452, 31616.663058, 0.000000
8918, 5, 6.000737, 210001238, 1.000006, 31668, 31668, 31682, 0, 7921, 0, 0, 0, 0, 0, 0, 29218976, 31667.813311, 31681.813228, 0.000000
8918, 6, 7.000760, 210004769, 1.000023, 31568, 31568, 31578, 0, 7894, 0, 0, 0, 0, 0, 0, 29280982, 31567.283122, 31577.282895, 0.000000
8918, 7, 8.000770, 210002062, 1.000010, 31590, 31590, 31576, 0, 7894, 0, 0, 3, 0, 0, 0, 29206572, 31589.689819, 31575.689957, 0.000000
