ThreadID, cIDX, Time, cycles, deltaT, RX, OnRX, TX, SupTX, OnTX, Idle, OnIdle, Blocked, CacheMiss, CacheHit, CacheWB, CPUIdle, RX/s, TX/s, Sup/s
8607, 0, 0, 0, 0, 0, 0, 0, 0, 0, 0, 0, 0, 0, 0, 0, 0, 0, 0, 0
8607, 0, 1.000139, 210029088, 1.000139, 27172, 27172, 27180, 0, 6795, 0, 0, 1, 0, 0, 0, 29377214, 27168.236811, 27176.235703, 0.000000
8607, 1, 2.000320, 210038172, 1.000182, 27093, 27093, 27088, 0, 6772, 0, 0, 1, 0, 0, 0, 29343109, 27088.076162, 27083.077070, 0.000000
8607, 2, 3.000344, 210004893, 1.000023, 27149, 27149, 27143, 0, 6786, 0, 0, 5, 0, 0, 0, 29438694, 27148.367443, 27142.367583, 0.000000
8607, 3, 4.000346, 210000446, 1.000002, 27192, 27192, 27193, 0, 6798, 0, 0, 8, 0, 0, 0, 29260242, 27191.942249, 27192.942247, 0.000000
8607, 4, 5.000362, 210003403, 1.000016, 27170, 27170, 27172, 0, 6793, 0, 0, 0, 0, 0, 0, 29764276, 27169.559724, 27171.559691, 0.000000
8607, 5, 6.000406, 210009294, 1.000044, 27102, 27102, 27093, 0, 6774, 0, 0, 0, 0, 0, 0, 29976268, 27100.800596, 27091.800994, 0.000000
8607, 6, 7.000408, 210000417, 1.000002, 27135, 27135, 27151, 0, 6787, 0, 0, 1, 0, 0, 0, 30018922, 27134.946118, 27150.946086, 0.000000
8607, 7, 8.000411, 210000567, 1.000003, 27203, 27203, 27192, 0, 6798, 0, 0, 0, 0, 0, 0, 30029733, 27202.926552, 27191.926582, 0.000000
