ThreadID, cIDX, Time, cycles, deltaT, RX, OnRX, TX, SupTX, OnTX, Idle, OnIdle, Blocked, CacheMiss, CacheHit, CacheWB, CPUIdle, RX/s, TX/s, Sup/s
572, 0, 0, 0, 0, 0, 0, 0, 0, 0, 0, 0, 0, 0, 0, 0, 0, 0, 0, 0
572, 0, 1.000031, 210006484, 1.000031, 27223, 27223, 27228, 0, 6807, 0, 0, 0, 0, 0, 0, 25828459, 27222.159483, 27227.159329, 0.000000
572, 1, 2.000080, 210010411, 1.000050, 27110, 27110, 27100, 0, 6775, 0, 0, 0, 0, 0, 0, 25933177, 27108.656056, 27098.656552, 0.000000
572, 2, 3.000127, 210009746, 1.000046, 27108, 27108, 27112, 0, 6778, 0, 0, 0, 0, 0, 0, 25909068, 27106.741989, 27110.741803, 0.000000
572, 3, 4.000161, 210007153, 1.000034, 27162, 27162, 27156, 0, 6789, 0, 0, 0, 0, 0, 0, 25901383, 27161.074842, 27155.075046, 0.000000
572, 4, 5.000196, 210007451, 1.000035, 27136, 27136, 27144, 0, 6786, 0, 0, 0, 0, 0, 0, 26541365, 27135.037223, 27143.036939, 0.000000
572, 5, 6.000203, 210001481, 1.000007, 27072, 27072, 27076, 0, 6769, 0, 0, 0, 0, 0, 0, 26642883, 27071.809079, 27075.809051, 0.000000
572, 6, 7.000236, 210006893, 1.000033, 27077, 27077, 27076, 0, 6769, 0, 0, 0, 0, 0, 0, 26614533, 27076.111259, 27075.111292, 0.000000
572, 7, 8.000331, 210019993, 1.000095, 27207, 27207, 27200, 0, 6800, 0, 0, 0, 0, 0, 0, 26677146, 27204.410011, 27197.410677, 0.000000
