ThreadID, cIDX, Time, cycles, deltaT, RX, OnRX, TX, SupTX, OnTX, Idle, OnIdle, Blocked, CacheMiss, CacheHit, CacheWB, CPUIdle, RX/s, TX/s, Sup/s
8881, 0, 0, 0, 0, 0, 0, 0, 0, 0, 0, 0, 0, 0, 0, 0, 0, 0, 0, 0
8881, 0, 1.000128, 210026917, 1.000128, 31597, 31597, 31596, 0, 7899, 0, 0, 0, 0, 0, 0, 27837898, 31592.950536, 31591.950664, 0.000000
8881, 1, 2.000171, 210008995, 1.000043, 31691, 31691, 31690, 0, 7923, 0, 0, 6, 0, 0, 0, 27612446, 31689.642627, 31688.642670, 0.000000
8881, 2, 3.000184, 210002689, 1.000013, 31696, 31696, 31694, 0, 7923, 0, 0, 8, 0, 0, 0, 27652157, 31695.594145, 31693.594171, 0.000000
8881, 3, 4.000214, 210006387, 1.000030, 31734, 31734, 31724, 0, 7931, 0, 0, 3, 0, 0, 0, 27583143, 31733.034862, 31723.035167, 0.000000
8881, 4, 5.000419, 210043038, 1.000205, 31684, 31684, 31684, 0, 7921, 0, 0, 1, 0, 0, 0, 28326406, 31677.507921, 31677.507921, 0.000000
8881, 5, 6.000579, 210033591, 1.000160, 31606, 31606, 31604, 0, 7901, 0, 0, 0, 0, 0, 0, 28401931, 31600.945203, 31598.945523, 0.000000
8881, 6, 7.000807, 210047770, 1.000227, 31715, 31715, 31716, 0, 7929, 0, 0, 0, 0, 0, 0, 28453957, 31707.787233, 31708.787006, 0.000000
8881, 7, 8.000816, 210001989, 1.000009, 31673, 31673, 31684, 0, 7921, 0, 0, 0, 0, 0, 0, 28333041, 31672.700014, 31683.699910, 0.000000
