ThreadID, cIDX, Time, cycles, deltaT, RX, OnRX, TX, SupTX, OnTX, Idle, OnIdle, Blocked, CacheMiss, CacheHit, CacheWB, CPUIdle, RX/s, TX/s, Sup/s
8970, 0, 0, 0, 0, 0, 0, 0, 0, 0, 0, 0, 0, 0, 0, 0, 0, 0, 0, 0
8970, 0, 1.000027, 210005567, 1.000027, 26074, 26074, 26082, 0, 6805, 0, 0, 0, 644332, 182361650, 259231, 31254406, 26073.308809, 26081.308597, 0.000000
8970, 1, 2.000033, 210001411, 1.000007, 26049, 26049, 26037, 0, 6792, 0, 0, 2, 567185, 182483984, 222898, 31102628, 26048.824977, 26036.825057, 0.000000
8970, 2, 3.000053, 210004159, 1.000020, 25961, 25961, 25971, 0, 6774, 0, 0, 7, 538161, 182389008, 207760, 31343831, 25960.485859, 25970.485661, 0.000000
8970, 3, 4.000056, 210000670, 1.000003, 26024, 26024, 26015, 0, 6787, 0, 0, 0, 520547, 182472483, 197334, 31146282, 26023.916971, 26014.917000, 0.000000
8970, 4, 5.000066, 210002155, 1.000010, 25952, 25952, 25958, 0, 6772, 0, 0, 2, 503821, 182128384, 189834, 31873728, 25951.733686, 25957.733624, 0.000000
8970, 5, 6.000088, 210004471, 1.000021, 25971, 25971, 25965, 0, 6775, 0, 0, 0, 500852, 182112009, 188823, 31806135, 25970.447077, 25964.447205, 0.000000
8970, 6, 7.000108, 210004248, 1.000020, 25928, 25928, 25930, 0, 6760, 0, 0, 0, 501349, 182141952, 188529, 31898744, 25927.475524, 25929.475484, 0.000000
8970, 7, 8.000166, 210012136, 1.000058, 26002, 26002, 26004, 0, 6786, 0, 0, 0, 497519, 182163411, 186286, 31845286, 26000.497419, 26002.497303, 0.000000
