ThreadID, cIDX, Time, cycles, deltaT, RX, OnRX, TX, SupTX, OnTX, Idle, OnIdle, Blocked, CacheMiss, CacheHit, CacheWB, CPUIdle, RX/s, TX/s, Sup/s
125, 0, 0, 0, 0, 0, 0, 0, 0, 0, 0, 0, 0, 0, 0, 0, 0, 0, 0, 0
125, 0, 1.000031, 210006494, 1.000031, 26173, 26173, 26172, 0, 6827, 0, 0, 0, 0, 0, 0, 28475912, 26172.190656, 26171.190687, 0.000000
125, 1, 2.000057, 210005457, 1.000026, 25977, 25977, 25982, 0, 6779, 0, 0, 2, 0, 0, 0, 28525454, 25976.324987, 25981.324857, 0.000000
125, 2, 3.000059, 210000468, 1.000002, 25956, 25956, 25957, 0, 6771, 0, 0, 2, 0, 0, 0, 28798768, 25955.942155, 25956.942153, 0.000000
125, 3, 4.000068, 210001855, 1.000009, 26031, 26031, 26029, 0, 6791, 0, 0, 1, 0, 0, 0, 28667003, 26030.770062, 26028.770079, 0.000000
125, 4, 5.000127, 210012472, 1.000059, 26037, 26037, 26039, 0, 6793, 0, 0, 0, 0, 0, 0, 28926161, 26035.453742, 26037.453623, 0.000000
125, 5, 6.000180, 210010957, 1.000052, 25943, 25943, 25948, 0, 6769, 0, 0, 0, 0, 0, 0, 29194948, 25941.646464, 25946.646203, 0.000000
125, 6, 7.000319, 210029381, 1.000140, 26019, 26019, 26003, 0, 6782, 0, 0, 0, 0, 0, 0, 29063805, 26015.360203, 25999.362442, 0.000000
125, 7, 8.000423, 210021848, 1.000104, 26014, 26014, 26018, 0, 6790, 0, 0, 0, 0, 0, 0, 28832437, 26011.293835, 26015.293418, 0.000000
