ThreadID, cIDX, Time, cycles, deltaT, RX, OnRX, TX, SupTX, OnTX, Idle, OnIdle, Blocked, CacheMiss, CacheHit, CacheWB, CPUIdle, RX/s, TX/s, Sup/s
516, 0, 0, 0, 0, 0, 0, 0, 0, 0, 0, 0, 0, 0, 0, 0, 0, 0, 0, 0
516, 0, 1.000171, 210035960, 1.000171, 30524, 30524, 30536, 0, 7919, 0, 0, 0, 694297, 183292022, 288583, 29975524, 30518.774023, 30530.771969, 0.000000
516, 1, 2.000185, 210002900, 1.000014, 30554, 30554, 30557, 0, 7920, 0, 0, 0, 622737, 183340218, 256206, 29951597, 30553.578070, 30556.578028, 0.000000
516, 2, 3.000193, 210001710, 1.000008, 30559, 30559, 30546, 0, 7921, 0, 0, 0, 599780, 183301926, 246139, 30100543, 30558.751164, 30545.751270, 0.000000
516, 3, 4.000198, 210000990, 1.000005, 30488, 30488, 30476, 0, 7900, 0, 0, 0, 596166, 183333966, 243405, 30050371, 30487.856272, 30475.856328, 0.000000
516, 4, 5.000274, 210016012, 1.000076, 30498, 30498, 30495, 0, 7905, 0, 0, 0, 589032, 183024764, 241182, 30561726, 30495.674777, 30492.675006, 0.000000
516, 5, 6.000276, 210000306, 1.000001, 30504, 30504, 30520, 0, 7912, 0, 0, 1, 578298, 182927326, 234708, 30793262, 30503.955551, 30519.955528, 0.000000
516, 6, 7.000284, 210001673, 1.000008, 30553, 30553, 30549, 0, 7920, 0, 0, 0, 576211, 182981840, 233800, 30686209, 30552.756596, 30548.756628, 0.000000
516, 7, 8.000302, 210003870, 1.000018, 30480, 30480, 30494, 0, 7907, 0, 0, 1, 571787, 183002075, 231090, 30675397, 30479.438307, 30493.438049, 0.000000
