ThreadID, cIDX, Time, cycles, deltaT, RX, OnRX, TX, SupTX, OnTX, Idle, OnIdle, Blocked, CacheMiss, CacheHit, CacheWB, CPUIdle, RX/s, TX/s, Sup/s
1548, 0, 0, 0, 0, 0, 0, 0, 0, 0, 0, 0, 0, 0, 0, 0, 0, 0, 0, 0
1548, 0, 1.000266, 210055848, 1.000266, 27233, 27233, 27228, 0, 6807, 0, 0, 0, 671021, 182076413, 275264, 31643687, 27225.759504, 27220.760833, 0.000000
1548, 1, 2.000293, 210005696, 1.000027, 27157, 27157, 27172, 0, 6793, 0, 0, 0, 583211, 182099644, 234664, 31753979, 27156.263419, 27171.263012, 0.000000
1548, 2, 3.000685, 210082290, 1.000392, 27157, 27157, 27144, 0, 6786, 0, 0, 0, 555671, 182123684, 222185, 31886765, 27146.362504, 27133.367596, 0.000000
1548, 3, 4.000783, 210020582, 1.000098, 27044, 27044, 27044, 0, 6761, 0, 0, 0, 543582, 182043227, 217986, 32027896, 27041.349690, 27041.349690, 0.000000
1548, 4, 5.000801, 210003855, 1.000018, 27084, 27084, 27085, 0, 6772, 0, 0, 1, 529087, 181899908, 210303, 32204699, 27083.502824, 27084.502806, 0.000000
1548, 5, 6.000894, 210019566, 1.000093, 27164, 27164, 27171, 0, 6792, 0, 0, 1, 518941, 181716533, 205578, 32550529, 27161.469327, 27168.468675, 0.000000
1548, 6, 7.000896, 210000360, 1.000002, 27011, 27011, 27013, 0, 6754, 0, 0, 1, 516149, 181921028, 202857, 32252311, 27010.953696, 27012.953692, 0.000000
1548, 7, 8.000900, 210000723, 1.000003, 27123, 27123, 27113, 0, 6778, 0, 0, 1, 513696, 181895238, 201913, 32230162, 27122.906620, 27112.906654, 0.000000
