ThreadID, cIDX, Time, cycles, deltaT, RX, OnRX, TX, SupTX, OnTX, Idle, OnIdle, Blocked, CacheMiss, CacheHit, CacheWB, CPUIdle, RX/s, TX/s, Sup/s
400, 0, 0, 0, 0, 0, 0, 0, 0, 0, 0, 0, 0, 0, 0, 0, 0, 0, 0, 0
400, 0, 1.000377, 210079081, 1.000377, 30570, 30570, 30562, 0, 7924, 0, 0, 0, 0, 0, 0, 27534582, 30558.492399, 30550.495411, 0.000000
400, 1, 2.000477, 210021070, 1.000100, 30549, 30549, 30569, 0, 7926, 0, 0, 2, 0, 0, 0, 27500075, 30545.935224, 30565.933218, 0.000000
400, 2, 3.000478, 210000329, 1.000002, 30565, 30565, 30554, 0, 7922, 0, 0, 0, 0, 0, 0, 27725841, 30564.952115, 30553.952132, 0.000000
400, 3, 4.000504, 210005386, 1.000026, 30572, 30572, 30578, 0, 7928, 0, 0, 0, 0, 0, 0, 27527320, 30571.215921, 30577.215767, 0.000000
400, 4, 5.000511, 210001490, 1.000007, 30549, 30549, 30551, 0, 7919, 0, 0, 0, 0, 0, 0, 28147897, 30548.783249, 30550.783235, 0.000000
400, 5, 6.000530, 210003962, 1.000019, 30477, 30477, 30457, 0, 7896, 0, 0, 0, 0, 0, 0, 28103430, 30476.425011, 30456.425389, 0.000000
400, 6, 7.000576, 210009661, 1.000046, 30560, 30560, 30574, 0, 7928, 0, 0, 1, 0, 0, 0, 28269306, 30558.594159, 30572.593515, 0.000000
400, 7, 8.000627, 210010677, 1.000051, 30609, 30609, 30595, 0, 7932, 0, 0, 0, 0, 0, 0, 27931440, 30607.443830, 30593.444542, 0.000000
