ThreadID, cIDX, Time, cycles, deltaT, RX, OnRX, TX, SupTX, OnTX, Idle, OnIdle, Blocked, CacheMiss, CacheHit, CacheWB, CPUIdle, RX/s, TX/s, Sup/s
10143, 0, 0, 0, 0, 0, 0, 0, 0, 0, 0, 0, 0, 0, 0, 0, 0, 0, 0, 0
10143, 0, 1.000021, 210004418, 1.000021, 27189, 27189, 27189, 0, 6798, 0, 0, 0, 0, 0, 0, 29660595, 27188.428007, 27188.428007, 0.000000
10143, 1, 2.000395, 210078431, 1.000373, 27130, 27130, 27131, 0, 6782, 0, 0, 5, 0, 0, 0, 29891620, 27119.871245, 27120.870871, 0.000000
10143, 2, 3.000429, 210007239, 1.000034, 27164, 27164, 27160, 0, 6790, 0, 0, 0, 0, 0, 0, 29971689, 27163.063650, 27159.063788, 0.000000
10143, 3, 4.000457, 210005946, 1.000028, 27191, 27191, 27188, 0, 6797, 0, 0, 2, 0, 0, 0, 30060949, 27190.230128, 27187.230213, 0.000000
10143, 4, 5.000496, 210008093, 1.000039, 27098, 27098, 27112, 0, 6778, 0, 0, 9, 0, 0, 0, 30266252, 27096.955735, 27110.955195, 0.000000
10143, 5, 6.000542, 210009761, 1.000046, 27058, 27058, 27052, 0, 6763, 0, 0, 2, 0, 0, 0, 30654079, 27056.742377, 27050.742656, 0.000000
10143, 6, 7.000549, 210001328, 1.000006, 27143, 27143, 27137, 0, 6785, 0, 0, 0, 0, 0, 0, 30537509, 27142.828354, 27136.828392, 0.000000
10143, 7, 8.000579, 210006394, 1.000030, 27071, 27071, 27079, 0, 6769, 0, 0, 0, 0, 0, 0, 30428781, 27070.175778, 27078.175534, 0.000000
