ThreadID, cIDX, Time, cycles, deltaT, RX, OnRX, TX, SupTX, OnTX, Idle, OnIdle, Blocked, CacheMiss, CacheHit, CacheWB, CPUIdle, RX/s, TX/s, Sup/s
591, 0, 0, 0, 0, 0, 0, 0, 0, 0, 0, 0, 0, 0, 0, 0, 0, 0, 0, 0
591, 0, 1.000024, 210005015, 1.000024, 27256, 27256, 27248, 0, 6812, 0, 0, 0, 699239, 183323741, 286499, 26703934, 27255.349116, 27247.349307, 0.000000
591, 1, 2.000052, 210005816, 1.000028, 27103, 27103, 27104, 0, 6776, 0, 0, 2, 610369, 183412625, 244194, 26683376, 27102.249397, 27103.249369, 0.000000
591, 2, 3.000126, 210015722, 1.000075, 27111, 27111, 27108, 0, 6777, 0, 0, 0, 590055, 183347294, 234311, 26835917, 27108.970442, 27105.970666, 0.000000
591, 3, 4.000130, 210000680, 1.000003, 27195, 27195, 27211, 0, 6803, 0, 0, 2, 590278, 183437092, 234021, 26712956, 27194.911940, 27210.911888, 0.000000
591, 4, 5.000144, 210002908, 1.000014, 27116, 27116, 27109, 0, 6777, 0, 0, 0, 580016, 183082608, 230577, 27391539, 27115.624513, 27108.624610, 0.000000
591, 5, 6.000151, 210001482, 1.000007, 27089, 27089, 27087, 0, 6772, 0, 0, 1, 572020, 182999578, 225306, 27565230, 27088.808830, 27086.808845, 0.000000
591, 6, 7.000162, 210002487, 1.000012, 27121, 27121, 27130, 0, 6783, 0, 0, 0, 569200, 183043529, 223062, 27527402, 27120.678814, 27129.678707, 0.000000
591, 7, 8.000168, 210001190, 1.000006, 27176, 27176, 27174, 0, 6793, 0, 0, 0, 570247, 183082018, 224637, 27470925, 27175.846004, 27173.846015, 0.000000
