ThreadID, cIDX, Time, cycles, deltaT, RX, OnRX, TX, SupTX, OnTX, Idle, OnIdle, Blocked, CacheMiss, CacheHit, CacheWB, CPUIdle, RX/s, TX/s, Sup/s
2936, 0, 0, 0, 0, 0, 0, 0, 0, 0, 0, 0, 0, 0, 0, 0, 0, 0, 0, 0
2936, 0, 1.000296, 210062063, 1.000296, 26059, 26059, 26068, 0, 6800, 0, 0, 0, 0, 0, 0, 30883897, 26051.300848, 26060.298189, 0.000000
2936, 1, 2.000383, 210018390, 1.000088, 25998, 25998, 25992, 0, 6780, 0, 0, 0, 0, 0, 0, 30713099, 25995.723517, 25989.724043, 0.000000
2936, 2, 3.000555, 210036191, 1.000172, 26000, 26000, 25998, 0, 6782, 0, 0, 7, 0, 0, 0, 30912771, 25995.519982, 25993.520326, 0.000000
2936, 3, 4.000611, 210011664, 1.000056, 26025, 26025, 26019, 0, 6789, 0, 0, 1, 0, 0, 0, 30987934, 26023.554577, 26017.554911, 0.000000
2936, 4, 5.000731, 210025306, 1.000121, 26040, 26040, 26050, 0, 6796, 0, 0, 7, 0, 0, 0, 31311474, 26036.862434, 26046.861229, 0.000000
2936, 5, 6.000867, 210028529, 1.000136, 25893, 25893, 25881, 0, 6752, 0, 0, 1, 0, 0, 0, 31744789, 25889.482852, 25877.484482, 0.000000
2936, 6, 7.000882, 210003158, 1.000015, 25981, 25981, 25986, 0, 6777, 0, 0, 0, 0, 0, 0, 31446671, 25980.609301, 25985.609226, 0.000000
2936, 7, 8.000940, 210012144, 1.000058, 25981, 25981, 25979, 0, 6780, 0, 0, 0, 0, 0, 0, 31347982, 25979.497643, 25977.497758, 0.000000
