ThreadID, cIDX, Time, cycles, deltaT, RX, OnRX, TX, SupTX, OnTX, Idle, OnIdle, Blocked, CacheMiss, CacheHit, CacheWB, CPUIdle, RX/s, TX/s, Sup/s
8479, 0, 0, 0, 0, 0, 0, 0, 0, 0, 0, 0, 0, 0, 0, 0, 0, 0, 0, 0
8479, 0, 1.000186, 210038993, 1.000186, 27177, 27177, 27184, 0, 6796, 0, 0, 0, 0, 0, 0, 29191809, 27171.954686, 27178.953386, 0.000000
8479, 1, 2.000335, 210031401, 1.000150, 27153, 27153, 27141, 0, 6786, 0, 0, 4, 0, 0, 0, 29145184, 27148.940458, 27136.942252, 0.000000
8479, 2, 3.000360, 210005201, 1.000025, 27159, 27159, 27163, 0, 6790, 0, 0, 2, 0, 0, 0, 29272469, 27158.327379, 27162.327280, 0.000000
8479, 3, 4.000367, 210001437, 1.000007, 27177, 27177, 27167, 0, 6792, 0, 0, 4, 0, 0, 0, 29177157, 27176.814033, 27166.814101, 0.000000
8479, 4, 5.000375, 210001670, 1.000008, 27168, 27168, 27176, 0, 6794, 0, 0, 0, 0, 0, 0, 29473795, 27167.783951, 27175.783888, 0.000000
8479, 5, 6.000396, 210004413, 1.000021, 27088, 27088, 27089, 0, 6772, 0, 0, 0, 0, 0, 0, 29821825, 27087.430777, 27088.430756, 0.000000
8479, 6, 7.000457, 210012839, 1.000061, 27158, 27158, 27164, 0, 6791, 0, 0, 1, 0, 0, 0, 29796703, 27156.339713, 27162.339346, 0.000000
8479, 7, 8.000519, 210013105, 1.000062, 27206, 27206, 27200, 0, 6800, 0, 0, 1, 0, 0, 0, 29615112, 27204.302322, 27198.302696, 0.000000
