ThreadID, cIDX, Time, cycles, deltaT, RX, OnRX, TX, SupTX, OnTX, Idle, OnIdle, Blocked, CacheMiss, CacheHit, CacheWB, CPUIdle, RX/s, TX/s, Sup/s
8991, 0, 0, 0, 0, 0, 0, 0, 0, 0, 0, 0, 0, 0, 0, 0, 0, 0, 0, 0
8991, 0, 1.000005, 210001094, 1.000005, 27257, 27257, 27260, 0, 6815, 0, 0, 0, 0, 0, 0, 29261650, 27256.858005, 27259.857989, 0.000000
8991, 1, 2.000007, 210000442, 1.000002, 27104, 27104, 27100, 0, 6775, 0, 0, 0, 0, 0, 0, 29159891, 27103.942953, 27099.942961, 0.000000
8991, 2, 3.000021, 210002881, 1.000014, 27135, 27135, 27132, 0, 6783, 0, 0, 3, 0, 0, 0, 29409311, 27134.627739, 27131.627780, 0.000000
8991, 3, 4.000023, 210000419, 1.000002, 27182, 27182, 27185, 0, 6797, 0, 0, 2, 0, 0, 0, 29252259, 27181.945766, 27184.945760, 0.000000
8991, 4, 5.000024, 210000189, 1.000001, 27105, 27105, 27104, 0, 6776, 0, 0, 1, 0, 0, 0, 29942057, 27104.975606, 27103.975606, 0.000000
8991, 5, 6.000070, 210009740, 1.000046, 27103, 27103, 27107, 0, 6776, 0, 0, 0, 0, 0, 0, 29902892, 27101.742995, 27105.742810, 0.000000
8991, 6, 7.000127, 210011819, 1.000056, 27180, 27180, 27180, 0, 6795, 0, 0, 0, 0, 0, 0, 29943583, 27178.470370, 27178.470370, 0.000000
8991, 7, 8.000134, 210001512, 1.000007, 27099, 27099, 27104, 0, 6776, 0, 0, 0, 0, 0, 0, 29900232, 27098.804889, 27103.804853, 0.000000
