ThreadID, cIDX, Time, cycles, deltaT, RX, OnRX, TX, SupTX, OnTX, Idle, OnIdle, Blocked, CacheMiss, CacheHit, CacheWB, CPUIdle, RX/s, TX/s, Sup/s
9187, 0, 0, 0, 0, 0, 0, 0, 0, 0, 0, 0, 0, 0, 0, 0, 0, 0, 0, 0
9187, 0, 1.000028, 210005870, 1.000028, 31545, 31545, 31556, 0, 7889, 0, 0, 0, 0, 0, 0, 28897650, 31544.118267, 31555.117959, 0.000000
9187, 1, 2.000083, 210011626, 1.000055, 31725, 31725, 31700, 0, 7925, 0, 0, 0, 0, 0, 0, 28883319, 31723.243741, 31698.245125, 0.000000
9187, 2, 3.000149, 210013795, 1.000066, 31690, 31690, 31712, 0, 7928, 0, 0, 7, 0, 0, 0, 29080695, 31687.918406, 31709.916960, 0.000000
9187, 3, 4.000221, 210015209, 1.000072, 31688, 31688, 31669, 0, 7918, 0, 0, 0, 0, 0, 0, 28936181, 31685.705201, 31666.706576, 0.000000
9187, 4, 5.000228, 210001413, 1.000007, 31654, 31654, 31652, 0, 7913, 0, 0, 0, 0, 0, 0, 29496710, 31653.787015, 31651.787029, 0.000000
9187, 5, 6.000231, 210000589, 1.000003, 31596, 31596, 31600, 0, 7900, 0, 0, 0, 0, 0, 0, 29423947, 31595.911381, 31599.911370, 0.000000
9187, 6, 7.000238, 210001489, 1.000007, 31720, 31720, 31716, 0, 7929, 0, 0, 0, 0, 0, 0, 29645184, 31719.775092, 31715.775120, 0.000000
9187, 7, 8.000264, 210005365, 1.000026, 31647, 31647, 31649, 0, 7912, 0, 0, 0, 0, 0, 0, 29365232, 31646.191515, 31648.191464, 0.000000
