ThreadID, cIDX, Time, cycles, deltaT, RX, OnRX, TX, SupTX, OnTX, Idle, OnIdle, Blocked, CacheMiss, CacheHit, CacheWB, CPUIdle, RX/s, TX/s, Sup/s
7, 0, 0, 0, 0, 0, 0, 0, 0, 0, 0, 0, 0, 0, 0, 0, 0, 0, 0, 0
7, 0, 1.000041, 210008542, 1.000041, 31561, 31561, 31568, 0, 7892, 0, 0, 0, 707974, 183303231, 295262, 29979670, 31559.716271, 31566.715986, 0.000000
7, 1, 2.000055, 210002935, 1.000014, 31655, 31655, 31649, 0, 7913, 0, 0, 1, 614043, 183393181, 251366, 29940868, 31654.557590, 31648.557674, 0.000000
7, 2, 3.000086, 210006508, 1.000031, 31663, 31663, 31643, 0, 7910, 0, 0, 2, 594726, 183309971, 243327, 30106336, 31662.018779, 31642.019399, 0.000000
7, 3, 4.000108, 210004708, 1.000022, 31650, 31650, 31680, 0, 7920, 0, 0, 3, 584512, 183284236, 238246, 30217726, 31649.290453, 31679.289780, 0.000000
7, 4, 5.000165, 210011881, 1.000057, 31624, 31624, 31620, 0, 7905, 0, 0, 0, 569662, 183112394, 231387, 30523454, 31622.210936, 31618.211162, 0.000000
7, 5, 6.000174, 210001873, 1.000009, 31665, 31665, 31672, 0, 7918, 0, 0, 0, 561288, 182956100, 227505, 30835058, 31664.717581, 31671.717518, 0.000000
7, 6, 7.000180, 210001362, 1.000006, 31540, 31540, 31536, 0, 7884, 0, 0, 0, 557192, 183066206, 225940, 30536732, 31539.795442, 31535.795468, 0.000000
7, 7, 8.000209, 210006091, 1.000029, 31702, 31702, 31669, 0, 7918, 0, 0, 0, 556129, 183212793, 225926, 30458681, 31701.080518, 31668.081475, 0.000000
