ThreadID, cIDX, Time, cycles, deltaT, RX, OnRX, TX, SupTX, OnTX, Idle, OnIdle, Blocked, CacheMiss, CacheHit, CacheWB, CPUIdle, RX/s, TX/s, Sup/s
8522, 0, 0, 0, 0, 0, 0, 0, 0, 0, 0, 0, 0, 0, 0, 0, 0, 0, 0, 0
8522, 0, 1.000007, 210001371, 1.000007, 27257, 27257, 27259, 0, 6815, 0, 0, 0, 652472, 182304944, 262878, 28531422, 27256.822052, 27258.822039, 0.000000
8522, 1, 2.000024, 210003716, 1.000018, 27119, 27119, 27115, 0, 6779, 0, 0, 3, 567002, 182379909, 222808, 28422692, 27118.520131, 27114.520202, 0.000000
8522, 2, 3.000031, 210001491, 1.000007, 27109, 27109, 27111, 0, 6778, 0, 0, 6, 541812, 182294592, 211587, 28679620, 27108.807527, 27110.807513, 0.000000
8522, 3, 4.000111, 210016663, 1.000079, 27172, 27172, 27175, 0, 6793, 0, 0, 0, 524781, 182381778, 201926, 28528281, 27169.844138, 27172.843900, 0.000000
8522, 4, 5.000119, 210001704, 1.000008, 27143, 27143, 27144, 0, 6786, 0, 0, 7, 516428, 182184978, 198129, 28729831, 27142.779756, 27143.779748, 0.000000
8522, 5, 6.000273, 210032384, 1.000154, 27028, 27028, 27020, 0, 6755, 0, 0, 1, 513123, 182042677, 197210, 29235141, 27023.832668, 27015.833901, 0.000000
8522, 6, 7.000284, 210002310, 1.000011, 27090, 27090, 27093, 0, 6774, 0, 0, 0, 511002, 182054359, 196038, 29096918, 27089.702013, 27092.701980, 0.000000
8522, 7, 8.000290, 210001245, 1.000006, 27140, 27140, 27139, 0, 6784, 0, 0, 0, 507905, 182067114, 193037, 29186169, 27139.839100, 27138.839105, 0.000000
