ThreadID, cIDX, Time, cycles, deltaT, RX, OnRX, TX, SupTX, OnTX, Idle, OnIdle, Blocked, CacheMiss, CacheHit, CacheWB, CPUIdle, RX/s, TX/s, Sup/s
636, 0, 0, 0, 0, 0, 0, 0, 0, 0, 0, 0, 0, 0, 0, 0, 0, 0, 0, 0
636, 0, 1.000028, 210005785, 1.000028, 27255, 27255, 27264, 0, 6816, 0, 0, 0, 0, 0, 0, 28648665, 27254.249210, 27263.248962, 0.000000
636, 1, 2.000058, 210006422, 1.000031, 27105, 27105, 27096, 0, 6774, 0, 0, 0, 0, 0, 0, 28647167, 27104.171129, 27095.171404, 0.000000
636, 2, 3.000119, 210012859, 1.000061, 27114, 27114, 27112, 0, 6778, 0, 0, 0, 0, 0, 0, 28862921, 27112.339821, 27110.339944, 0.000000
636, 3, 4.000125, 210001250, 1.000006, 27152, 27152, 27160, 0, 6790, 0, 0, 0, 0, 0, 0, 28631944, 27151.838382, 27159.838334, 0.000000
636, 4, 5.000147, 210004608, 1.000022, 27141, 27141, 27132, 0, 6783, 0, 0, 0, 0, 0, 0, 29263471, 27140.404462, 27131.404659, 0.000000
636, 5, 6.000176, 210005933, 1.000028, 27063, 27063, 27065, 0, 6767, 0, 0, 1, 0, 0, 0, 29428172, 27062.235427, 27064.235371, 0.000000
636, 6, 7.000213, 210007935, 1.000038, 27068, 27068, 27071, 0, 6767, 0, 0, 0, 0, 0, 0, 29300300, 27066.977255, 27069.977142, 0.000000
636, 7, 8.000222, 210001800, 1.000009, 27192, 27192, 27196, 0, 6799, 0, 0, 0, 0, 0, 0, 29314570, 27191.766928, 27195.766893, 0.000000
