ThreadID, cIDX, Time, cycles, deltaT, RX, OnRX, TX, SupTX, OnTX, Idle, OnIdle, Blocked, CacheMiss, CacheHit, CacheWB, CPUIdle, RX/s, TX/s, Sup/s
1048, 0, 0, 0, 0, 0, 0, 0, 0, 0, 0, 0, 0, 0, 0, 0, 0, 0, 0, 0
1048, 0, 1.000024, 210004993, 1.000024, 27105, 27105, 27101, 0, 6776, 0, 0, 1, 0, 0, 0, 29733524, 27104.355562, 27100.355657, 0.000000
1048, 1, 2.000215, 210040135, 1.000191, 27184, 27184, 27187, 0, 6796, 0, 0, 3, 0, 0, 0, 29796926, 27178.805613, 27181.805039, 0.000000
1048, 2, 3.000297, 210017320, 1.000082, 27162, 27162, 27163, 0, 6791, 0, 0, 6, 0, 0, 0, 29997452, 27159.759966, 27160.759884, 0.000000
1048, 3, 4.000322, 210005217, 1.000025, 27151, 27151, 27150, 0, 6788, 0, 0, 4, 0, 0, 0, 29815639, 27150.325508, 27149.325533, 0.000000
1048, 4, 5.000330, 210001592, 1.000008, 27093, 27093, 27096, 0, 6774, 0, 0, 6, 0, 0, 0, 30215094, 27092.794611, 27095.794588, 0.000000
1048, 5, 6.000342, 210002521, 1.000012, 27116, 27116, 27120, 0, 6780, 0, 0, 3, 0, 0, 0, 30332426, 27115.674483, 27119.674435, 0.000000
1048, 6, 7.000401, 210012520, 1.000060, 27086, 27086, 27087, 0, 6771, 0, 0, 1, 0, 0, 0, 30299729, 27084.385255, 27085.385195, 0.000000
1048, 7, 8.000407, 210001234, 1.000006, 27106, 27106, 27095, 0, 6774, 0, 0, 0, 0, 0, 0, 30461822, 27105.840721, 27094.840786, 0.000000
