ThreadID, cIDX, Time, cycles, deltaT, RX, OnRX, TX, SupTX, OnTX, Idle, OnIdle, Blocked, CacheMiss, CacheHit, CacheWB, CPUIdle, RX/s, TX/s, Sup/s
1598, 0, 0, 0, 0, 0, 0, 0, 0, 0, 0, 0, 0, 0, 0, 0, 0, 0, 0, 0
1598, 0, 1.000045, 210009523, 1.000045, 27259, 27259, 27260, 0, 6815, 0, 0, 0, 0, 0, 0, 28396430, 27257.763925, 27258.763880, 0.000000
1598, 1, 2.000068, 210004744, 1.000023, 27134, 27134, 27140, 0, 6785, 0, 0, 5, 0, 0, 0, 28367402, 27133.387044, 27139.386908, 0.000000
1598, 2, 3.000097, 210006026, 1.000029, 27126, 27126, 27120, 0, 6780, 0, 0, 0, 0, 0, 0, 28384278, 27125.221635, 27119.221807, 0.000000
1598, 3, 4.000126, 210006131, 1.000029, 27192, 27192, 27199, 0, 6800, 0, 0, 2, 0, 0, 0, 28475620, 27191.206146, 27198.205942, 0.000000
1598, 4, 5.000216, 210018907, 1.000090, 27072, 27072, 27065, 0, 6766, 0, 0, 4, 0, 0, 0, 28790527, 27069.562837, 27062.563467, 0.000000
1598, 5, 6.000227, 210002340, 1.000011, 27071, 27071, 27073, 0, 6769, 0, 0, 1, 0, 0, 0, 29163784, 27070.698355, 27072.698333, 0.000000
1598, 6, 7.000241, 210002972, 1.000014, 27115, 27115, 27103, 0, 6775, 0, 0, 1, 0, 0, 0, 28682052, 27114.616264, 27102.616433, 0.000000
1598, 7, 8.000347, 210022158, 1.000106, 27084, 27084, 27092, 0, 6773, 0, 0, 0, 0, 0, 0, 28845107, 27081.142553, 27089.141709, 0.000000
