ThreadID, cIDX, Time, cycles, deltaT, RX, OnRX, TX, SupTX, OnTX, Idle, OnIdle, Blocked, CacheMiss, CacheHit, CacheWB, CPUIdle, RX/s, TX/s, Sup/s
2765, 0, 0, 0, 0, 0, 0, 0, 0, 0, 0, 0, 0, 0, 0, 0, 0, 0, 0, 0
2765, 0, 1.000006, 210001336, 1.000006, 27220, 27220, 27220, 0, 6805, 0, 0, 0, 658550, 182097111, 271357, 29104209, 27219.826830, 27219.826830, 0.000000
2765, 1, 2.000014, 210001621, 1.000008, 27166, 27166, 27168, 0, 6792, 0, 0, 2, 568717, 182217003, 227841, 28894022, 27165.790306, 27167.790291, 0.000000
2765, 2, 3.000026, 210002572, 1.000012, 27150, 27150, 27144, 0, 6786, 0, 0, 3, 556393, 182150114, 224809, 28979546, 27149.667481, 27143.667555, 0.000000
2765, 3, 4.000079, 210011146, 1.000053, 27133, 27133, 27132, 0, 6783, 0, 0, 2, 533887, 182106107, 213680, 29132838, 27131.559960, 27130.560013, 0.000000
2765, 4, 5.000143, 210013385, 1.000064, 27146, 27146, 27148, 0, 6787, 0, 0, 7, 522470, 181948033, 206640, 29482578, 27144.269876, 27146.269748, 0.000000
2765, 5, 6.000200, 210011867, 1.000057, 27153, 27153, 27156, 0, 6789, 0, 0, 3, 514226, 181656513, 201968, 30081407, 27151.465684, 27154.465514, 0.000000
2765, 6, 7.000292, 210019307, 1.000092, 27156, 27156, 27156, 0, 6789, 0, 0, 2, 508750, 181794709, 201427, 29782855, 27153.503559, 27153.503559, 0.000000
2765, 7, 8.000494, 210042593, 1.000203, 27140, 27140, 27136, 0, 6784, 0, 0, 1, 506640, 181904099, 199975, 29648891, 27134.496478, 27130.497289, 0.000000
