ThreadID, cIDX, Time, cycles, deltaT, RX, OnRX, TX, SupTX, OnTX, Idle, OnIdle, Blocked, CacheMiss, CacheHit, CacheWB, CPUIdle, RX/s, TX/s, Sup/s
10646, 0, 0, 0, 0, 0, 0, 0, 0, 0, 0, 0, 0, 0, 0, 0, 0, 0, 0, 0
10646, 0, 1.000731, 210153421, 1.000731, 31634, 31634, 31621, 0, 7906, 0, 0, 4, 0, 0, 0, 29864172, 31610.905825, 31597.915315, 0.000000
10646, 1, 2.000794, 210013410, 1.000064, 31655, 31655, 31656, 0, 7914, 0, 0, 9, 0, 0, 0, 29819854, 31652.978731, 31653.978667, 0.000000
10646, 2, 3.000797, 210000607, 1.000003, 31663, 31663, 31681, 0, 7920, 0, 0, 5, 0, 0, 0, 29924440, 31662.908479, 31680.908427, 0.000000
10646, 3, 4.000847, 210010347, 1.000049, 31705, 31705, 31686, 0, 7921, 0, 0, 5, 0, 0, 0, 30123334, 31703.437926, 31684.438862, 0.000000
10646, 4, 5.001010, 210034322, 1.000163, 31707, 31707, 31724, 0, 7931, 0, 0, 5, 0, 0, 0, 30229812, 31701.818715, 31718.815937, 0.000000
10646, 5, 6.001016, 210001191, 1.000006, 31563, 31563, 31553, 0, 7889, 0, 0, 2, 0, 0, 0, 30854187, 31562.820994, 31552.821050, 0.000000
10646, 6, 7.001116, 210021081, 1.000100, 31597, 31597, 31591, 0, 7897, 0, 0, 0, 0, 0, 0, 30598354, 31593.828431, 31587.829033, 0.000000
10646, 7, 8.001117, 210000223, 1.000001, 31665, 31665, 31676, 0, 7919, 0, 0, 0, 0, 0, 0, 30317192, 31664.966375, 31675.966363, 0.000000
