ThreadID, cIDX, Time, cycles, deltaT, RX, OnRX, TX, SupTX, OnTX, Idle, OnIdle, Blocked, CacheMiss, CacheHit, CacheWB, CPUIdle, RX/s, TX/s, Sup/s
1703, 0, 0, 0, 0, 0, 0, 0, 0, 0, 0, 0, 0, 0, 0, 0, 0, 0, 0, 0
1703, 0, 1.000048, 210010033, 1.000048, 31627, 31627, 31612, 0, 7903, 0, 0, 0, 0, 0, 0, 28322350, 31625.489055, 31610.489771, 0.000000
1703, 1, 2.000174, 210026538, 1.000126, 31641, 31641, 31654, 0, 7914, 0, 0, 7, 0, 0, 0, 28353891, 31637.001987, 31650.000344, 0.000000
1703, 2, 3.000197, 210004715, 1.000022, 31716, 31716, 31711, 0, 7928, 0, 0, 8, 0, 0, 0, 28443378, 31715.287916, 31710.288029, 0.000000
1703, 3, 4.000204, 210001556, 1.000007, 31658, 31658, 31671, 0, 7917, 0, 0, 12, 0, 0, 0, 28570232, 31657.765431, 31670.765335, 0.000000
1703, 4, 5.000222, 210003834, 1.000018, 31678, 31678, 31669, 0, 7918, 0, 0, 5, 0, 0, 0, 28828564, 31677.421661, 31668.421825, 0.000000
1703, 5, 6.000228, 210001232, 1.000006, 31612, 31612, 31616, 0, 7904, 0, 0, 5, 0, 0, 0, 29017649, 31611.814544, 31615.814521, 0.000000
1703, 6, 7.000247, 210003983, 1.000019, 31700, 31700, 31679, 0, 7919, 0, 0, 1, 0, 0, 0, 28908197, 31699.398768, 31678.399166, 0.000000
1703, 7, 8.000254, 210001398, 1.000007, 31646, 31646, 31675, 0, 7919, 0, 0, 0, 0, 0, 0, 28961791, 31645.789329, 31674.789136, 0.000000
