ThreadID, cIDX, Time, cycles, deltaT, RX, OnRX, TX, SupTX, OnTX, Idle, OnIdle, Blocked, CacheMiss, CacheHit, CacheWB, CPUIdle, RX/s, TX/s, Sup/s
3037, 0, 0, 0, 0, 0, 0, 0, 0, 0, 0, 0, 0, 0, 0, 0, 0, 0, 0, 0
3037, 0, 1.000285, 210059776, 1.000285, 27220, 27220, 27221, 0, 6806, 0, 0, 3, 0, 0, 0, 29180628, 27212.254097, 27213.253812, 0.000000
3037, 1, 2.000362, 210016214, 1.000077, 27130, 27130, 27136, 0, 6784, 0, 0, 7, 0, 0, 0, 28923474, 27127.905467, 27133.905004, 0.000000
3037, 2, 3.000385, 210004815, 1.000023, 27097, 27097, 27082, 0, 6770, 0, 0, 10, 0, 0, 0, 29016990, 27096.378719, 27081.379063, 0.000000
3037, 3, 4.000392, 210001469, 1.000007, 27194, 27194, 27206, 0, 6802, 0, 0, 11, 0, 0, 0, 29068598, 27193.809773, 27205.809689, 0.000000
3037, 4, 5.000439, 210009846, 1.000047, 27156, 27156, 27147, 0, 6786, 0, 0, 7, 0, 0, 0, 29506328, 27154.726831, 27145.727253, 0.000000
3037, 5, 6.000494, 210011622, 1.000055, 27096, 27096, 27104, 0, 6776, 0, 0, 0, 0, 0, 0, 29835554, 27094.500513, 27102.500070, 0.000000
3037, 6, 7.000526, 210006691, 1.000032, 27137, 27137, 27132, 0, 6783, 0, 0, 1, 0, 0, 0, 29869354, 27136.135391, 27131.135550, 0.000000
3037, 7, 8.000556, 210006244, 1.000030, 27194, 27194, 27192, 0, 6798, 0, 0, 1, 0, 0, 0, 29275173, 27193.191456, 27191.191515, 0.000000
