ThreadID, cIDX, Time, cycles, deltaT, RX, OnRX, TX, SupTX, OnTX, Idle, OnIdle, Blocked, CacheMiss, CacheHit, CacheWB, CPUIdle, RX/s, TX/s, Sup/s
11022, 0, 0, 0, 0, 0, 0, 0, 0, 0, 0, 0, 0, 0, 0, 0, 0, 0, 0, 0
11022, 0, 1.000053, 210011189, 1.000053, 27199, 27199, 27192, 0, 6798, 0, 0, 0, 669585, 182100125, 281445, 31608868, 27197.550889, 27190.551262, 0.000000
11022, 1, 2.000438, 210080837, 1.000385, 27176, 27176, 27185, 0, 6797, 0, 0, 6, 588239, 182144519, 242330, 31765682, 27165.542948, 27174.539485, 0.000000
11022, 2, 3.000496, 210012161, 1.000058, 27162, 27162, 27165, 0, 6791, 0, 0, 11, 558889, 182084321, 229390, 31873519, 27160.427153, 27163.426979, 0.000000
11022, 3, 4.000524, 210005934, 1.000028, 27134, 27134, 27134, 0, 6783, 0, 0, 6, 535339, 182051036, 219400, 31938844, 27133.233292, 27133.233292, 0.000000
11022, 4, 5.000534, 210001927, 1.000009, 27134, 27134, 27133, 0, 6784, 0, 0, 7, 518468, 181873228, 210625, 32259958, 27133.751016, 27132.751025, 0.000000
11022, 5, 6.000540, 210001330, 1.000006, 27123, 27123, 27116, 0, 6779, 0, 0, 0, 513207, 181686657, 207426, 32556622, 27122.828222, 27115.828266, 0.000000
11022, 6, 7.000548, 210001650, 1.000008, 27151, 27151, 27159, 0, 6789, 0, 0, 0, 513840, 181803646, 208637, 32251345, 27150.786672, 27158.786610, 0.000000
11022, 7, 8.000550, 210000397, 1.000002, 27073, 27073, 27068, 0, 6767, 0, 0, 0, 513644, 181877585, 207681, 32280747, 27072.948819, 27067.948829, 0.000000
