ThreadID, cIDX, Time, cycles, deltaT, RX, OnRX, TX, SupTX, OnTX, Idle, OnIdle, Blocked, CacheMiss, CacheHit, CacheWB, CPUIdle, RX/s, TX/s, Sup/s
618, 0, 0, 0, 0, 0, 0, 0, 0, 0, 0, 0, 0, 0, 0, 0, 0, 0, 0, 0
618, 0, 1.000004, 210000830, 1.000004, 27197, 27197, 27193, 0, 6799, 0, 0, 0, 0, 0, 0, 26717408, 27196.892508, 27192.892523, 0.000000
618, 1, 2.000236, 210048697, 1.000232, 27185, 27185, 27191, 0, 6797, 0, 0, 4, 0, 0, 0, 26681454, 27178.697519, 27184.696128, 0.000000
618, 2, 3.000315, 210016584, 1.000079, 27089, 27089, 27088, 0, 6772, 0, 0, 0, 0, 0, 0, 26820497, 27086.860912, 27085.860991, 0.000000
618, 3, 4.000325, 210002222, 1.000011, 27183, 27183, 27180, 0, 6795, 0, 0, 0, 0, 0, 0, 26638608, 27182.712381, 27179.712413, 0.000000
618, 4, 5.000326, 210000172, 1.000001, 27055, 27055, 27058, 0, 6765, 0, 0, 1, 0, 0, 0, 27330584, 27054.977841, 27057.977838, 0.000000
618, 5, 6.000512, 210038941, 1.000185, 27077, 27077, 27078, 0, 6769, 0, 0, 1, 0, 0, 0, 27489805, 27071.979953, 27072.979767, 0.000000
618, 6, 7.000594, 210017230, 1.000082, 27138, 27138, 27132, 0, 6783, 0, 0, 0, 0, 0, 0, 27413813, 27135.773574, 27129.774067, 0.000000
618, 7, 8.000622, 210006000, 1.000029, 27087, 27087, 27084, 0, 6771, 0, 0, 0, 0, 0, 0, 27415162, 27086.226108, 27083.226194, 0.000000
