ThreadID, cIDX, Time, cycles, deltaT, RX, OnRX, TX, SupTX, OnTX, Idle, OnIdle, Blocked, CacheMiss, CacheHit, CacheWB, CPUIdle, RX/s, TX/s, Sup/s
604, 0, 0, 0, 0, 0, 0, 0, 0, 0, 0, 0, 0, 0, 0, 0, 0, 0, 0, 0
604, 0, 1.000005, 210000966, 1.000005, 27241, 27241, 27244, 0, 6811, 0, 0, 0, 0, 0, 0, 26677390, 27240.874692, 27243.874678, 0.000000
604, 1, 2.000043, 210008024, 1.000038, 27100, 27100, 27096, 0, 6774, 0, 0, 1, 0, 0, 0, 26684101, 27098.964561, 27094.964714, 0.000000
604, 2, 3.000052, 210001951, 1.000009, 27116, 27116, 27116, 0, 6779, 0, 0, 0, 0, 0, 0, 26826716, 27115.748082, 27115.748082, 0.000000
604, 3, 4.000059, 210001369, 1.000007, 27152, 27152, 27151, 0, 6788, 0, 0, 0, 0, 0, 0, 26698932, 27151.822996, 27150.823002, 0.000000
604, 4, 5.000090, 210006554, 1.000031, 27140, 27140, 27134, 0, 6784, 0, 0, 0, 0, 0, 0, 27426821, 27139.153000, 27133.153187, 0.000000
604, 5, 6.000120, 210006264, 1.000030, 27068, 27068, 27077, 0, 6769, 0, 0, 0, 0, 0, 0, 27548492, 27067.192624, 27076.192356, 0.000000
604, 6, 7.000124, 210000941, 1.000004, 27067, 27067, 27067, 0, 6767, 0, 0, 0, 0, 0, 0, 27533786, 27066.878715, 27066.878715, 0.000000
604, 7, 8.000176, 210010994, 1.000052, 27210, 27210, 27207, 0, 6801, 0, 0, 0, 0, 0, 0, 27433479, 27208.575566, 27205.575723, 0.000000
