ThreadID, cIDX, Time, cycles, deltaT, RX, OnRX, TX, SupTX, OnTX, Idle, OnIdle, Blocked, CacheMiss, CacheHit, CacheWB, CPUIdle, RX/s, TX/s, Sup/s
8213, 0, 0, 0, 0, 0, 0, 0, 0, 0, 0, 0, 0, 0, 0, 0, 0, 0, 0, 0
8213, 0, 1.000111, 210023312, 1.000111, 31524, 31524, 31520, 0, 7880, 0, 0, 0, 0, 0, 0, 29666547, 31520.500924, 31516.501368, 0.000000
8213, 1, 2.000409, 210062567, 1.000298, 31687, 31687, 31689, 0, 7923, 0, 0, 15, 0, 0, 0, 29651356, 31677.562048, 31679.561452, 0.000000
8213, 2, 3.000446, 210007873, 1.000037, 31709, 31709, 31710, 0, 7927, 0, 0, 9, 0, 0, 0, 29740564, 31707.811259, 31708.811222, 0.000000
8213, 3, 4.000956, 210107005, 1.000510, 31706, 31706, 31685, 0, 7921, 0, 0, 3, 0, 0, 0, 29631035, 31689.852511, 31668.863206, 0.000000
8213, 4, 5.001303, 210072838, 1.000347, 31632, 31632, 31640, 0, 7910, 0, 0, 0, 0, 0, 0, 30084584, 31621.032320, 31629.029546, 0.000000
8213, 5, 6.001862, 210117343, 1.000559, 31632, 31632, 31632, 0, 7908, 0, 0, 0, 0, 0, 0, 30394452, 31614.334663, 31614.334663, 0.000000
8213, 6, 7.001865, 210000816, 1.000004, 31581, 31581, 31604, 0, 7901, 0, 0, 0, 0, 0, 0, 30353269, 31580.877286, 31603.877196, 0.000000
8213, 7, 8.002492, 210131523, 1.000626, 31663, 31663, 31632, 0, 7908, 0, 0, 4, 0, 0, 0, 29808862, 31643.181875, 31612.201278, 0.000000
