ThreadID, cIDX, Time, cycles, deltaT, RX, OnRX, TX, SupTX, OnTX, Idle, OnIdle, Blocked, CacheMiss, CacheHit, CacheWB, CPUIdle, RX/s, TX/s, Sup/s
9377, 0, 0, 0, 0, 0, 0, 0, 0, 0, 0, 0, 0, 0, 0, 0, 0, 0, 0, 0
9377, 0, 1.000642, 210134830, 1.000642, 31683, 31683, 31681, 0, 7921, 0, 0, 6, 0, 0, 0, 28578036, 31662.671057, 31660.672341, 0.000000
9377, 1, 2.000679, 210007676, 1.000037, 31658, 31658, 31648, 0, 7912, 0, 0, 6, 0, 0, 0, 28251483, 31656.842867, 31646.843233, 0.000000
9377, 2, 3.000702, 210004934, 1.000023, 31640, 31640, 31651, 0, 7912, 0, 0, 10, 0, 0, 0, 28263247, 31639.256628, 31650.256370, 0.000000
9377, 3, 4.000706, 210000761, 1.000004, 31729, 31729, 31724, 0, 7931, 0, 0, 9, 0, 0, 0, 28265866, 31728.885021, 31723.885039, 0.000000
9377, 4, 5.000728, 210004586, 1.000022, 31634, 31634, 31623, 0, 7906, 0, 0, 6, 0, 0, 0, 28490386, 31633.309189, 31622.309429, 0.000000
9377, 5, 6.001049, 210067595, 1.000322, 31627, 31627, 31623, 0, 7906, 0, 0, 7, 0, 0, 0, 29025177, 31616.823147, 31612.824434, 0.000000
9377, 6, 7.001051, 210000382, 1.000002, 31639, 31639, 31667, 0, 7917, 0, 0, 0, 0, 0, 0, 28935065, 31638.942447, 31666.942396, 0.000000
9377, 7, 8.001160, 210022778, 1.000108, 31710, 31710, 31688, 0, 7922, 0, 0, 0, 0, 0, 0, 28784645, 31706.560895, 31684.563281, 0.000000
