ThreadID, cIDX, Time, cycles, deltaT, RX, OnRX, TX, SupTX, OnTX, Idle, OnIdle, Blocked, CacheMiss, CacheHit, CacheWB, CPUIdle, RX/s, TX/s, Sup/s
10681, 0, 0, 0, 0, 0, 0, 0, 0, 0, 0, 0, 0, 0, 0, 0, 0, 0, 0, 0
10681, 0, 1.000002, 210000375, 1.000002, 27209, 27209, 27215, 0, 6804, 0, 0, 0, 0, 0, 0, 28262625, 27208.951413, 27214.951402, 0.000000
10681, 1, 2.000033, 210006645, 1.000032, 27153, 27153, 27141, 0, 6785, 0, 0, 0, 0, 0, 0, 28317384, 27152.140829, 27140.141208, 0.000000
10681, 2, 3.000072, 210008064, 1.000038, 27137, 27137, 27144, 0, 6786, 0, 0, 3, 0, 0, 0, 28432334, 27135.957979, 27142.957710, 0.000000
10681, 3, 4.000130, 210012303, 1.000059, 27145, 27145, 27136, 0, 6784, 0, 0, 4, 0, 0, 0, 28653035, 27143.409784, 27134.410311, 0.000000
10681, 4, 5.000135, 210000972, 1.000005, 27180, 27180, 27183, 0, 6796, 0, 0, 6, 0, 0, 0, 28792904, 27179.874196, 27182.874182, 0.000000
10681, 5, 6.000175, 210008334, 1.000040, 27038, 27038, 27049, 0, 6762, 0, 0, 3, 0, 0, 0, 29384582, 27036.927020, 27047.926584, 0.000000
10681, 6, 7.000180, 210001148, 1.000005, 27204, 27204, 27196, 0, 6799, 0, 0, 0, 0, 0, 0, 29108717, 27203.851286, 27195.851329, 0.000000
10681, 7, 8.000294, 210023917, 1.000114, 27106, 27106, 27108, 0, 6777, 0, 0, 0, 0, 0, 0, 28952664, 27102.913236, 27104.913009, 0.000000
