ThreadID, cIDX, Time, cycles, deltaT, RX, OnRX, TX, SupTX, OnTX, Idle, OnIdle, Blocked, CacheMiss, CacheHit, CacheWB, CPUIdle, RX/s, TX/s, Sup/s
10490, 0, 0, 0, 0, 0, 0, 0, 0, 0, 0, 0, 0, 0, 0, 0, 0, 0, 0, 0
10490, 0, 1.000667, 210140110, 1.000667, 27257, 27257, 27256, 0, 6814, 0, 0, 1, 0, 0, 0, 30913271, 27238.826514, 27237.827181, 0.000000
10490, 1, 2.000897, 210048236, 1.000230, 27139, 27139, 27141, 0, 6786, 0, 0, 9, 0, 0, 0, 30924202, 27132.767732, 27134.767273, 0.000000
10490, 2, 3.000909, 210002630, 1.000013, 27141, 27141, 27148, 0, 6787, 0, 0, 5, 0, 0, 0, 30881902, 27140.660096, 27147.660008, 0.000000
10490, 3, 4.000925, 210003192, 1.000015, 27114, 27114, 27108, 0, 6777, 0, 0, 7, 0, 0, 0, 31067184, 27113.587873, 27107.587965, 0.000000
10490, 4, 5.000932, 210001477, 1.000007, 27155, 27155, 27147, 0, 6786, 0, 0, 2, 0, 0, 0, 31274006, 27154.809011, 27146.809067, 0.000000
10490, 5, 6.000941, 210001984, 1.000009, 27138, 27138, 27140, 0, 6785, 0, 0, 2, 0, 0, 0, 31886887, 27137.743613, 27139.743594, 0.000000
10490, 6, 7.000942, 210000251, 1.000001, 27162, 27162, 27165, 0, 6792, 0, 0, 0, 0, 0, 0, 31747431, 27161.967535, 27164.967531, 0.000000
10490, 7, 8.000947, 210000968, 1.000005, 27129, 27129, 27130, 0, 6782, 0, 0, 0, 0, 0, 0, 31490389, 27128.874949, 27129.874944, 0.000000
