ThreadID, cIDX, Time, cycles, deltaT, RX, OnRX, TX, SupTX, OnTX, Idle, OnIdle, Blocked, CacheMiss, CacheHit, CacheWB, CPUIdle, RX/s, TX/s, Sup/s
11027, 0, 0, 0, 0, 0, 0, 0, 0, 0, 0, 0, 0, 0, 0, 0, 0, 0, 0, 0
11027, 0, 1.000002, 210000410, 1.000002, 31552, 31552, 31556, 0, 7889, 0, 0, 0, 0, 0, 0, 29720767, 31551.938399, 31555.938391, 0.000000
11027, 1, 2.000063, 210012910, 1.000061, 31678, 31678, 31672, 0, 7918, 0, 0, 7, 0, 0, 0, 29747265, 31676.052677, 31670.053046, 0.000000
11027, 2, 3.000217, 210032331, 1.000154, 31705, 31705, 31705, 0, 7927, 0, 0, 7, 0, 0, 0, 29958089, 31700.119540, 31700.119540, 0.000000
11027, 3, 4.000339, 210025541, 1.000122, 31686, 31686, 31682, 0, 7920, 0, 0, 5, 0, 0, 0, 30054903, 31682.146697, 31678.147183, 0.000000
11027, 4, 5.000373, 210007133, 1.000034, 31614, 31614, 31619, 0, 7905, 0, 0, 14, 0, 0, 0, 30399828, 31612.926214, 31617.926044, 0.000000
11027, 5, 6.000820, 210093890, 1.000447, 31619, 31619, 31606, 0, 7901, 0, 0, 4, 0, 0, 0, 30617156, 31604.869613, 31591.875423, 0.000000
11027, 6, 7.000933, 210023708, 1.000113, 31670, 31670, 31669, 0, 7918, 0, 0, 0, 0, 0, 0, 30351379, 31666.425011, 31665.425124, 0.000000
11027, 7, 8.000941, 210001645, 1.000008, 31564, 31564, 31594, 0, 7898, 0, 0, 0, 0, 0, 0, 30366830, 31563.752751, 31593.752516, 0.000000
