ThreadID, cIDX, Time, cycles, deltaT, RX, OnRX, TX, SupTX, OnTX, Idle, OnIdle, Blocked, CacheMiss, CacheHit, CacheWB, CPUIdle, RX/s, TX/s, Sup/s
2239, 0, 0, 0, 0, 0, 0, 0, 0, 0, 0, 0, 0, 0, 0, 0, 0, 0, 0, 0
2239, 0, 1.000654, 210137287, 1.000654, 27218, 27218, 27221, 0, 6806, 0, 0, 3, 0, 0, 0, 28374241, 27200.217922, 27203.215962, 0.000000
2239, 1, 2.000679, 210005399, 1.000026, 27183, 27183, 27181, 0, 6795, 0, 0, 4, 0, 0, 0, 28057261, 27182.301156, 27180.301207, 0.000000
2239, 2, 3.000736, 210011922, 1.000057, 27123, 27123, 27134, 0, 6783, 0, 0, 5, 0, 0, 0, 28481329, 27121.460276, 27132.459652, 0.000000
2239, 3, 4.000772, 210007552, 1.000036, 27054, 27054, 27040, 0, 6760, 0, 0, 3, 0, 0, 0, 28679776, 27053.027122, 27039.027625, 0.000000
2239, 4, 5.000832, 210012458, 1.000059, 27127, 27127, 27124, 0, 6781, 0, 0, 4, 0, 0, 0, 28770320, 27125.390818, 27122.390996, 0.000000
2239, 5, 6.000908, 210016007, 1.000076, 27152, 27152, 27153, 0, 6789, 0, 0, 4, 0, 0, 0, 29189449, 27149.930529, 27150.930453, 0.000000
2239, 6, 7.000987, 210016738, 1.000080, 26974, 26974, 26971, 0, 6742, 0, 0, 1, 0, 0, 0, 28952599, 26971.850215, 26968.850454, 0.000000
2239, 7, 8.000992, 210000892, 1.000004, 27133, 27133, 27148, 0, 6787, 0, 0, 2, 0, 0, 0, 28678452, 27132.884750, 27147.884686, 0.000000
