ThreadID, cIDX, Time, cycles, deltaT, RX, OnRX, TX, SupTX, OnTX, Idle, OnIdle, Blocked, CacheMiss, CacheHit, CacheWB, CPUIdle, RX/s, TX/s, Sup/s
8736, 0, 0, 0, 0, 0, 0, 0, 0, 0, 0, 0, 0, 0, 0, 0, 0, 0, 0, 0
8736, 0, 1.000005, 210000995, 1.000005, 31668, 31668, 31673, 0, 7919, 0, 0, 0, 0, 0, 0, 27671484, 31667.849955, 31672.849931, 0.000000
8736, 1, 2.000067, 210013154, 1.000063, 31680, 31680, 31675, 0, 7918, 0, 0, 6, 0, 0, 0, 27639697, 31678.015749, 31673.016063, 0.000000
8736, 2, 3.000121, 210011249, 1.000054, 31696, 31696, 31710, 0, 7928, 0, 0, 7, 0, 0, 0, 27613194, 31694.302242, 31708.301492, 0.000000
8736, 3, 4.000150, 210006072, 1.000029, 31722, 31722, 31706, 0, 7926, 0, 0, 3, 0, 0, 0, 27635345, 31721.082808, 31705.083270, 0.000000
8736, 4, 5.000416, 210055853, 1.000266, 31681, 31681, 31668, 0, 7917, 0, 0, 0, 0, 0, 0, 28405915, 31672.576150, 31659.579607, 0.000000
8736, 5, 6.000856, 210092446, 1.000440, 31617, 31617, 31616, 0, 7904, 0, 0, 0, 0, 0, 0, 28410119, 31603.087719, 31602.088159, 0.000000
8736, 6, 7.001099, 210051119, 1.000243, 31697, 31697, 31700, 0, 7925, 0, 0, 0, 0, 0, 0, 28460005, 31689.286073, 31692.285343, 0.000000
8736, 7, 8.001443, 210072063, 1.000343, 31746, 31746, 31752, 0, 7938, 0, 0, 2, 0, 0, 0, 28255408, 31735.109870, 31741.107812, 0.000000
