ThreadID, cIDX, Time, cycles, deltaT, RX, OnRX, TX, SupTX, OnTX, Idle, OnIdle, Blocked, CacheMiss, CacheHit, CacheWB, CPUIdle, RX/s, TX/s, Sup/s
1757, 0, 0, 0, 0, 0, 0, 0, 0, 0, 0, 0, 0, 0, 0, 0, 0, 0, 0, 0
1757, 0, 1.000196, 210041247, 1.000196, 27246, 27246, 27248, 0, 6812, 0, 0, 1, 0, 0, 0, 29133505, 27240.649547, 27242.649155, 0.000000
1757, 1, 2.000232, 210007566, 1.000036, 27158, 27158, 27157, 0, 6790, 0, 0, 4, 0, 0, 0, 29089964, 27157.021571, 27156.021607, 0.000000
1757, 2, 3.000310, 210016326, 1.000078, 27143, 27143, 27143, 0, 6785, 0, 0, 3, 0, 0, 0, 29274746, 27140.889990, 27140.889990, 0.000000
1757, 3, 4.000322, 210002396, 1.000011, 27034, 27034, 27040, 0, 6760, 0, 0, 1, 0, 0, 0, 29411630, 27033.691558, 27039.691490, 0.000000
1757, 4, 5.000334, 210002516, 1.000012, 27099, 27099, 27092, 0, 6773, 0, 0, 2, 0, 0, 0, 29646140, 27098.675332, 27091.675416, 0.000000
1757, 5, 6.000350, 210003413, 1.000016, 27144, 27144, 27148, 0, 6787, 0, 0, 1, 0, 0, 0, 30056106, 27143.558853, 27147.558788, 0.000000
1757, 6, 7.000382, 210006837, 1.000033, 27001, 27001, 26996, 0, 6749, 0, 0, 0, 0, 0, 0, 29696380, 27000.120953, 26995.121116, 0.000000
1757, 7, 8.000392, 210002102, 1.000010, 27139, 27139, 27140, 0, 6785, 0, 0, 0, 0, 0, 0, 29663068, 27138.728354, 27139.728344, 0.000000
