ThreadID, cIDX, Time, cycles, deltaT, RX, OnRX, TX, SupTX, OnTX, Idle, OnIdle, Blocked, CacheMiss, CacheHit, CacheWB, CPUIdle, RX/s, TX/s, Sup/s
9951, 0, 0, 0, 0, 0, 0, 0, 0, 0, 0, 0, 0, 0, 0, 0, 0, 0, 0, 0
9951, 0, 1.000026, 210005374, 1.000026, 27193, 27193, 27186, 0, 6797, 0, 0, 0, 0, 0, 0, 28978653, 27192.304136, 27185.304315, 0.000000
9951, 1, 2.000042, 210003459, 1.000016, 27125, 27125, 27138, 0, 6784, 0, 0, 5, 0, 0, 0, 29032410, 27124.553220, 27137.553006, 0.000000
9951, 2, 3.000153, 210023263, 1.000111, 27178, 27178, 27168, 0, 6792, 0, 0, 4, 0, 0, 0, 29161961, 27174.989658, 27164.990766, 0.000000
9951, 3, 4.000186, 210007025, 1.000033, 27193, 27193, 27189, 0, 6798, 0, 0, 8, 0, 0, 0, 29259514, 27192.090360, 27188.090494, 0.000000
9951, 4, 5.000190, 210000821, 1.000004, 27089, 27089, 27099, 0, 6774, 0, 0, 7, 0, 0, 0, 29585444, 27088.894095, 27098.894056, 0.000000
9951, 5, 6.000267, 210016135, 1.000077, 27028, 27028, 27029, 0, 6758, 0, 0, 9, 0, 0, 0, 29932335, 27025.923508, 27026.923431, 0.000000
9951, 6, 7.000268, 210000220, 1.000001, 27180, 27180, 27181, 0, 6795, 0, 0, 3, 0, 0, 0, 29730621, 27179.971526, 27180.971525, 0.000000
9951, 7, 8.000303, 210007377, 1.000035, 27044, 27044, 27028, 0, 6757, 0, 0, 0, 0, 0, 0, 29481032, 27043.050016, 27027.050578, 0.000000
