ThreadID, cIDX, Time, cycles, deltaT, RX, OnRX, TX, SupTX, OnTX, Idle, OnIdle, Blocked, CacheMiss, CacheHit, CacheWB, CPUIdle, RX/s, TX/s, Sup/s
10071, 0, 0, 0, 0, 0, 0, 0, 0, 0, 0, 0, 0, 0, 0, 0, 0, 0, 0, 0
10071, 0, 1.000229, 210048176, 1.000229, 30514, 30514, 30523, 0, 7913, 0, 0, 0, 0, 0, 0, 29099554, 30507.001403, 30515.999339, 0.000000
10071, 1, 2.000317, 210018487, 1.000088, 30528, 30528, 30525, 0, 7915, 0, 0, 0, 0, 0, 0, 29045163, 30525.312755, 30522.313019, 0.000000
10071, 2, 3.000338, 210004343, 1.000021, 30566, 30566, 30564, 0, 7925, 0, 0, 11, 0, 0, 0, 29331055, 30565.367879, 30563.367920, 0.000000
10071, 3, 4.000354, 210003378, 1.000016, 30504, 30504, 30507, 0, 7908, 0, 0, 9, 0, 0, 0, 29388773, 30503.509329, 30506.509281, 0.000000
10071, 4, 5.000576, 210046669, 1.000222, 30617, 30617, 30598, 0, 7932, 0, 0, 1, 0, 0, 0, 29618343, 30610.197394, 30591.201615, 0.000000
10071, 5, 6.000714, 210028811, 1.000137, 30446, 30446, 30452, 0, 7896, 0, 0, 1, 0, 0, 0, 30016472, 30441.823527, 30447.822704, 0.000000
10071, 6, 7.000741, 210005728, 1.000027, 30572, 30572, 30560, 0, 7923, 0, 0, 0, 0, 0, 0, 29800237, 30571.166135, 30559.166462, 0.000000
10071, 7, 8.000915, 210036621, 1.000174, 30512, 30512, 30515, 0, 7910, 0, 0, 0, 0, 0, 0, 29690622, 30506.680071, 30509.679548, 0.000000
