ThreadID, cIDX, Time, cycles, deltaT, RX, OnRX, TX, SupTX, OnTX, Idle, OnIdle, Blocked, CacheMiss, CacheHit, CacheWB, CPUIdle, RX/s, TX/s, Sup/s
9616, 0, 0, 0, 0, 0, 0, 0, 0, 0, 0, 0, 0, 0, 0, 0, 0, 0, 0, 0
9616, 0, 1.000013, 210002720, 1.000013, 31747, 31747, 31736, 0, 7934, 0, 0, 0, 0, 0, 0, 29776219, 31746.588806, 31735.588949, 0.000000
9616, 1, 2.000556, 210114001, 1.000543, 31643, 31643, 31641, 0, 7911, 0, 0, 10, 0, 0, 0, 29822947, 31625.831541, 31623.832626, 0.000000
9616, 2, 3.000610, 210011380, 1.000054, 31614, 31614, 31633, 0, 7908, 0, 0, 13, 0, 0, 0, 29843122, 31612.286915, 31631.285886, 0.000000
9616, 3, 4.000624, 210002952, 1.000014, 31740, 31740, 31727, 0, 7932, 0, 0, 10, 0, 0, 0, 29980416, 31739.553833, 31726.554015, 0.000000
9616, 4, 5.000638, 210002963, 1.000014, 31683, 31683, 31688, 0, 7922, 0, 0, 6, 0, 0, 0, 30247231, 31682.552974, 31687.552904, 0.000000
9616, 5, 6.000656, 210003806, 1.000018, 31571, 31571, 31579, 0, 7894, 0, 0, 12, 0, 0, 0, 30608125, 31570.427824, 31578.427679, 0.000000
9616, 6, 7.000695, 210008223, 1.000039, 31621, 31621, 31628, 0, 7907, 0, 0, 0, 0, 0, 0, 30345706, 31619.761860, 31626.761586, 0.000000
9616, 7, 8.000904, 210043740, 1.000208, 31757, 31757, 31740, 0, 7935, 0, 0, 0, 0, 0, 0, 30418649, 31750.386848, 31733.390388, 0.000000
