ThreadID, cIDX, Time, cycles, deltaT, RX, OnRX, TX, SupTX, OnTX, Idle, OnIdle, Blocked, CacheMiss, CacheHit, CacheWB, CPUIdle, RX/s, TX/s, Sup/s
1075, 0, 0, 0, 0, 0, 0, 0, 0, 0, 0, 0, 0, 0, 0, 0, 0, 0, 0, 0
1075, 0, 1.000042, 210008889, 1.000042, 31545, 31545, 31544, 0, 7886, 0, 0, 1, 0, 0, 0, 28353316, 31543.664802, 31542.664844, 0.000000
1075, 1, 2.000323, 210058858, 1.000280, 31691, 31691, 31686, 0, 7922, 0, 0, 7, 0, 0, 0, 28331530, 31682.120256, 31677.121657, 0.000000
1075, 2, 3.000365, 210008840, 1.000042, 31697, 31697, 31694, 0, 7923, 0, 0, 7, 0, 0, 0, 28477387, 31695.665763, 31692.665890, 0.000000
1075, 3, 4.000366, 210000268, 1.000001, 31724, 31724, 31731, 0, 7933, 0, 0, 8, 0, 0, 0, 28231405, 31723.959514, 31730.959505, 0.000000
1075, 4, 5.000379, 210002765, 1.000013, 31682, 31682, 31681, 0, 7920, 0, 0, 0, 0, 0, 0, 28707225, 31681.582859, 31680.582872, 0.000000
1075, 5, 6.000507, 210026844, 1.000128, 31604, 31604, 31604, 0, 7901, 0, 0, 0, 0, 0, 0, 28755949, 31599.960622, 31599.960622, 0.000000
1075, 6, 7.000877, 210077732, 1.000370, 31728, 31728, 31716, 0, 7929, 0, 0, 0, 0, 0, 0, 28774184, 31716.260151, 31704.264591, 0.000000
1075, 7, 8.000879, 210000472, 1.000002, 31670, 31670, 31681, 0, 7921, 0, 0, 1, 0, 0, 0, 29001247, 31669.928818, 31680.928793, 0.000000
