ThreadID, cIDX, Time, cycles, deltaT, RX, OnRX, TX, SupTX, OnTX, Idle, OnIdle, Blocked, CacheMiss, CacheHit, CacheWB, CPUIdle, RX/s, TX/s, Sup/s
1321, 0, 0, 0, 0, 0, 0, 0, 0, 0, 0, 0, 0, 0, 0, 0, 0, 0, 0, 0
1321, 0, 1.000009, 210001867, 1.000009, 27138, 27138, 27147, 0, 6787, 0, 0, 1, 0, 0, 0, 28201280, 27137.758732, 27146.758652, 0.000000
1321, 1, 2.000029, 210004139, 1.000020, 27190, 27190, 27173, 0, 6793, 0, 0, 1, 0, 0, 0, 28347228, 27189.464109, 27172.464444, 0.000000
1321, 2, 3.000089, 210012596, 1.000060, 27162, 27162, 27168, 0, 6792, 0, 0, 3, 0, 0, 0, 28414266, 27160.370895, 27166.370535, 0.000000
1321, 3, 4.000197, 210022699, 1.000108, 27135, 27135, 27136, 0, 6784, 0, 0, 6, 0, 0, 0, 28557867, 27132.067282, 27133.067174, 0.000000
1321, 4, 5.000201, 210000832, 1.000004, 27102, 27102, 27106, 0, 6777, 0, 0, 4, 0, 0, 0, 28668842, 27101.892625, 27105.892609, 0.000000
1321, 5, 6.000210, 210002017, 1.000010, 27120, 27120, 27122, 0, 6780, 0, 0, 2, 0, 0, 0, 28983358, 27119.739521, 27121.739502, 0.000000
1321, 6, 7.000233, 210004683, 1.000022, 27081, 27081, 27080, 0, 6770, 0, 0, 0, 0, 0, 0, 28856759, 27080.396107, 27079.396129, 0.000000
1321, 7, 8.000267, 210007146, 1.000034, 27103, 27103, 27100, 0, 6775, 0, 0, 0, 0, 0, 0, 28681901, 27102.077755, 27099.077857, 0.000000
