ThreadID, cIDX, Time, cycles, deltaT, RX, OnRX, TX, SupTX, OnTX, Idle, OnIdle, Blocked, CacheMiss, CacheHit, CacheWB, CPUIdle, RX/s, TX/s, Sup/s
2382, 0, 0, 0, 0, 0, 0, 0, 0, 0, 0, 0, 0, 0, 0, 0, 0, 0, 0, 0
2382, 0, 1.000012, 210002533, 1.000012, 27242, 27242, 27236, 0, 6809, 0, 0, 2, 656364, 182172043, 273127, 28895711, 27241.671414, 27235.671486, 0.000000
2382, 1, 2.000578, 210118813, 1.000566, 27161, 27161, 27176, 0, 6794, 0, 0, 4, 555883, 182211586, 224896, 28942851, 27145.641642, 27160.633160, 0.000000
2382, 2, 3.000877, 210062900, 1.000300, 27136, 27136, 27132, 0, 6783, 0, 0, 3, 531579, 182071784, 212037, 29345586, 27127.874556, 27123.875753, 0.000000
2382, 3, 4.000881, 210000730, 1.000003, 27149, 27149, 27152, 0, 6788, 0, 0, 5, 517711, 182017099, 205610, 29339320, 27148.905625, 27151.905615, 0.000000
2382, 4, 5.000883, 210000520, 1.000002, 27137, 27137, 27131, 0, 6783, 0, 0, 2, 503423, 182009137, 198710, 29440973, 27136.932804, 27130.932819, 0.000000
2382, 5, 6.000885, 210000407, 1.000002, 27068, 27068, 27070, 0, 6768, 0, 0, 3, 491389, 181697222, 192713, 29999073, 27067.947540, 27069.947536, 0.000000
2382, 6, 7.001090, 210042974, 1.000205, 27115, 27115, 27107, 0, 6776, 0, 0, 3, 485109, 181790239, 189558, 29868376, 27109.452373, 27101.454010, 0.000000
2382, 7, 8.001142, 210010853, 1.000052, 27109, 27109, 27108, 0, 6777, 0, 0, 1, 486771, 181879744, 189925, 29619378, 27107.599053, 27106.599105, 0.000000
