ThreadID, cIDX, Time, cycles, deltaT, RX, OnRX, TX, SupTX, OnTX, Idle, OnIdle, Blocked, CacheMiss, CacheHit, CacheWB, CPUIdle, RX/s, TX/s, Sup/s
1687, 0, 0, 0, 0, 0, 0, 0, 0, 0, 0, 0, 0, 0, 0, 0, 0, 0, 0, 0
1687, 0, 1.000277, 210058073, 1.000277, 31615, 31615, 31628, 0, 7907, 0, 0, 0, 0, 0, 0, 29875915, 31606.259665, 31619.256071, 0.000000
1687, 1, 2.000321, 210009304, 1.000044, 31651, 31651, 31636, 0, 7909, 0, 0, 0, 0, 0, 0, 29892187, 31649.597772, 31634.598437, 0.000000
1687, 2, 3.000338, 210003633, 1.000017, 31718, 31718, 31716, 0, 7929, 0, 0, 0, 0, 0, 0, 29929516, 31717.451288, 31715.451323, 0.000000
1687, 3, 4.000465, 210026733, 1.000127, 31670, 31670, 31668, 0, 7917, 0, 0, 0, 0, 0, 0, 30146824, 31665.968922, 31663.969177, 0.000000
1687, 4, 5.000466, 210000221, 1.000001, 31670, 31670, 31669, 0, 7918, 0, 0, 0, 0, 0, 0, 30346782, 31669.966671, 31668.966672, 0.000000
1687, 5, 6.000487, 210004230, 1.000020, 31618, 31618, 31626, 0, 7906, 0, 0, 2, 0, 0, 0, 30497032, 31617.363136, 31625.362975, 0.000000
1687, 6, 7.000793, 210064439, 1.000307, 31703, 31703, 31689, 0, 7922, 0, 0, 0, 0, 0, 0, 30460687, 31693.274843, 31679.279138, 0.000000
1687, 7, 8.000796, 210000549, 1.000003, 31646, 31646, 31668, 0, 7917, 0, 0, 0, 0, 0, 0, 30354666, 31645.917269, 31667.917211, 0.000000
