ThreadID, cIDX, Time, cycles, deltaT, RX, OnRX, TX, SupTX, OnTX, Idle, OnIdle, Blocked, CacheMiss, CacheHit, CacheWB, CPUIdle, RX/s, TX/s, Sup/s
11011, 0, 0, 0, 0, 0, 0, 0, 0, 0, 0, 0, 0, 0, 0, 0, 0, 0, 0, 0
11011, 0, 1.000076, 210015892, 1.000076, 31562, 31562, 31556, 0, 7889, 0, 0, 0, 669623, 182100863, 281472, 31611147, 31559.611689, 31553.612143, 0.000000
11011, 1, 2.000091, 210003183, 1.000015, 31671, 31671, 31682, 0, 7921, 0, 0, 6, 588226, 182140369, 242327, 31691761, 31670.519965, 31681.519799, 0.000000
11011, 2, 3.000100, 210002016, 1.000010, 31708, 31708, 31702, 0, 7925, 0, 0, 10, 558883, 182079886, 229385, 31867217, 31707.695606, 31701.695664, 0.000000
11011, 3, 4.000144, 210009082, 1.000043, 31682, 31682, 31689, 0, 7923, 0, 0, 6, 535301, 182037752, 219378, 31952949, 31680.629888, 31687.629585, 0.000000
11011, 4, 5.000145, 210000254, 1.000001, 31613, 31613, 31597, 0, 7899, 0, 0, 10, 518396, 181846197, 210601, 32286480, 31612.961763, 31596.961783, 0.000000
11011, 5, 6.000159, 210002872, 1.000014, 31599, 31599, 31603, 0, 7901, 0, 0, 7, 513134, 181666548, 207407, 32580545, 31598.567852, 31602.567797, 0.000000
11011, 6, 7.000340, 210038074, 1.000181, 31672, 31672, 31668, 0, 7917, 0, 0, 6, 513932, 181831714, 208665, 32259670, 31666.258756, 31662.259482, 0.000000
11011, 7, 8.000347, 210001488, 1.000007, 31567, 31567, 31580, 0, 7895, 0, 0, 0, 513658, 181879086, 207683, 32279239, 31566.776327, 31579.776235, 0.000000
