ThreadID, cIDX, Time, cycles, deltaT, RX, OnRX, TX, SupTX, OnTX, Idle, OnIdle, Blocked, CacheMiss, CacheHit, CacheWB, CPUIdle, RX/s, TX/s, Sup/s
2680, 0, 0, 0, 0, 0, 0, 0, 0, 0, 0, 0, 0, 0, 0, 0, 0, 0, 0, 0
2680, 0, 1.000012, 210002581, 1.000012, 27077, 27077, 27073, 0, 6769, 0, 0, 1, 0, 0, 0, 30793952, 27076.667215, 27072.667264, 0.000000
2680, 1, 2.000416, 210084725, 1.000403, 27144, 27144, 27147, 0, 6786, 0, 0, 5, 0, 0, 0, 30782728, 27133.053105, 27136.051895, 0.000000
2680, 2, 3.000452, 210007670, 1.000037, 27130, 27130, 27130, 0, 6783, 0, 0, 4, 0, 0, 0, 30833422, 27129.009145, 27129.009145, 0.000000
2680, 3, 4.000587, 210028361, 1.000135, 27226, 27226, 27230, 0, 6807, 0, 0, 6, 0, 0, 0, 31050123, 27222.323560, 27226.323020, 0.000000
2680, 4, 5.000603, 210003256, 1.000016, 27143, 27143, 27144, 0, 6786, 0, 0, 6, 0, 0, 0, 31405806, 27142.579161, 27143.579145, 0.000000
2680, 5, 6.000639, 210007517, 1.000036, 27065, 27065, 27056, 0, 6764, 0, 0, 0, 0, 0, 0, 31842485, 27064.031237, 27055.031559, 0.000000
2680, 6, 7.000702, 210013299, 1.000063, 27058, 27058, 27060, 0, 6765, 0, 0, 1, 0, 0, 0, 31618113, 27056.286564, 27058.286437, 0.000000
2680, 7, 8.000728, 210005434, 1.000026, 27217, 27217, 27228, 0, 6807, 0, 0, 0, 0, 0, 0, 31425981, 27216.295746, 27227.295461, 0.000000
