ThreadID, cIDX, Time, cycles, deltaT, RX, OnRX, TX, SupTX, OnTX, Idle, OnIdle, Blocked, CacheMiss, CacheHit, CacheWB, CPUIdle, RX/s, TX/s, Sup/s
1541, 0, 0, 0, 0, 0, 0, 0, 0, 0, 0, 0, 0, 0, 0, 0, 0, 0, 0, 0
1541, 0, 1.000028, 210005943, 1.000028, 31539, 31539, 31524, 0, 7881, 0, 0, 0, 671104, 182065707, 275306, 31596428, 31538.107472, 31523.107896, 0.000000
1541, 1, 2.000029, 210000170, 1.000001, 31647, 31647, 31664, 0, 7916, 0, 0, 5, 583182, 182091052, 234653, 31754301, 31646.974381, 31663.974367, 0.000000
1541, 2, 3.000115, 210018099, 1.000086, 31711, 31711, 31684, 0, 7921, 0, 0, 4, 555539, 182087010, 222130, 31852707, 31708.267200, 31681.269527, 0.000000
1541, 3, 4.000254, 210029095, 1.000139, 31721, 31721, 31736, 0, 7934, 0, 0, 7, 543541, 182026630, 217963, 32058754, 31716.605740, 31731.603662, 0.000000
1541, 4, 5.000282, 210005872, 1.000028, 31718, 31718, 31730, 0, 7933, 0, 0, 12, 529065, 181883431, 210306, 32221014, 31717.113129, 31729.112794, 0.000000
1541, 5, 6.000292, 210002173, 1.000010, 31541, 31541, 31538, 0, 7884, 0, 0, 6, 518874, 181697114, 205554, 32559311, 31540.673629, 31537.673660, 0.000000
1541, 6, 7.000391, 210020661, 1.000098, 31721, 31721, 31701, 0, 7926, 0, 0, 2, 516166, 181931973, 202862, 32258241, 31717.879414, 31697.881381, 0.000000
1541, 7, 8.000397, 210001333, 1.000006, 31645, 31645, 31683, 0, 7920, 0, 0, 0, 513729, 181895171, 201922, 32230737, 31644.799131, 31682.798890, 0.000000
