ThreadID, cIDX, Time, cycles, deltaT, RX, OnRX, TX, SupTX, OnTX, Idle, OnIdle, Blocked, CacheMiss, CacheHit, CacheWB, CPUIdle, RX/s, TX/s, Sup/s
9003, 0, 0, 0, 0, 0, 0, 0, 0, 0, 0, 0, 0, 0, 0, 0, 0, 0, 0, 0
9003, 0, 1.000038, 210008006, 1.000038, 27243, 27243, 27240, 0, 6810, 0, 0, 0, 0, 0, 0, 27792754, 27241.961433, 27238.961547, 0.000000
9003, 1, 2.000043, 210000981, 1.000005, 27158, 27158, 27156, 0, 6789, 0, 0, 5, 0, 0, 0, 27611924, 27157.873134, 27155.873143, 0.000000
9003, 2, 3.000046, 210000721, 1.000003, 27108, 27108, 27108, 0, 6777, 0, 0, 4, 0, 0, 0, 27785420, 27107.906930, 27107.906930, 0.000000
9003, 3, 4.000072, 210005417, 1.000026, 27170, 27170, 27172, 0, 6793, 0, 0, 4, 0, 0, 0, 27671617, 27169.299161, 27171.299110, 0.000000
9003, 4, 5.000082, 210002191, 1.000010, 27096, 27096, 27096, 0, 6774, 0, 0, 0, 0, 0, 0, 28385924, 27095.717301, 27095.717301, 0.000000
9003, 5, 6.000155, 210015141, 1.000072, 27036, 27036, 27036, 0, 6759, 0, 0, 0, 0, 0, 0, 28384616, 27034.050845, 27034.050845, 0.000000
9003, 6, 7.000168, 210002836, 1.000014, 27167, 27167, 27172, 0, 6793, 0, 0, 0, 0, 0, 0, 28340059, 27166.633121, 27171.633054, 0.000000
9003, 7, 8.000170, 210000484, 1.000002, 27067, 27067, 27065, 0, 6767, 0, 0, 0, 0, 0, 0, 28419065, 27066.937617, 27064.937622, 0.000000
