ThreadID, cIDX, Time, cycles, deltaT, RX, OnRX, TX, SupTX, OnTX, Idle, OnIdle, Blocked, CacheMiss, CacheHit, CacheWB, CPUIdle, RX/s, TX/s, Sup/s
9599, 0, 0, 0, 0, 0, 0, 0, 0, 0, 0, 0, 0, 0, 0, 0, 0, 0, 0, 0
9599, 0, 1.000017, 210003474, 1.000017, 27189, 27189, 27187, 0, 6797, 0, 0, 1, 0, 0, 0, 30856732, 27188.550224, 27186.550257, 0.000000
9599, 1, 2.000026, 210002068, 1.000010, 27112, 27112, 27117, 0, 6779, 0, 0, 9, 0, 0, 0, 30721228, 27111.733014, 27116.732965, 0.000000
9599, 2, 3.000030, 210000760, 1.000004, 27100, 27100, 27098, 0, 6775, 0, 0, 5, 0, 0, 0, 30917407, 27099.901924, 27097.901931, 0.000000
9599, 3, 4.000035, 210001126, 1.000005, 27178, 27178, 27182, 0, 6795, 0, 0, 8, 0, 0, 0, 31061947, 27177.854275, 27181.854253, 0.000000
9599, 4, 5.000051, 210003222, 1.000015, 27147, 27147, 27140, 0, 6785, 0, 0, 5, 0, 0, 0, 31244820, 27146.583494, 27139.583601, 0.000000
9599, 5, 6.000074, 210004818, 1.000023, 27071, 27071, 27072, 0, 6768, 0, 0, 4, 0, 0, 0, 31776099, 27070.378928, 27071.378905, 0.000000
9599, 6, 7.000078, 210000954, 1.000005, 27061, 27061, 27064, 0, 6766, 0, 0, 11, 0, 0, 0, 31569060, 27060.877066, 27063.877053, 0.000000
9599, 7, 8.000085, 210001377, 1.000007, 27209, 27209, 27213, 0, 6804, 0, 0, 0, 0, 0, 0, 31471012, 27208.821588, 27212.821562, 0.000000
