ThreadID, cIDX, Time, cycles, deltaT, RX, OnRX, TX, SupTX, OnTX, Idle, OnIdle, Blocked, CacheMiss, CacheHit, CacheWB, CPUIdle, RX/s, TX/s, Sup/s
656, 0, 0, 0, 0, 0, 0, 0, 0, 0, 0, 0, 0, 0, 0, 0, 0, 0, 0, 0
656, 0, 1.000008, 210001784, 1.000008, 30526, 30526, 30525, 0, 7914, 0, 0, 0, 0, 0, 0, 27492036, 30525.740677, 30524.740685, 0.000000
656, 1, 2.000042, 210007047, 1.000034, 30536, 30536, 30547, 0, 7921, 0, 0, 1, 0, 0, 0, 27430851, 30534.975333, 30545.974964, 0.000000
656, 2, 3.000072, 210006212, 1.000030, 30507, 30507, 30505, 0, 7909, 0, 0, 0, 0, 0, 0, 27695762, 30506.097601, 30504.097660, 0.000000
656, 3, 4.000132, 210012681, 1.000060, 30600, 30600, 30601, 0, 7934, 0, 0, 0, 0, 0, 0, 27603827, 30598.152309, 30599.152248, 0.000000
656, 4, 5.000192, 210012584, 1.000060, 30514, 30514, 30516, 0, 7910, 0, 0, 0, 0, 0, 0, 28060709, 30512.171594, 30514.171475, 0.000000
656, 5, 6.000251, 210012381, 1.000059, 30503, 30503, 30496, 0, 7906, 0, 0, 0, 0, 0, 0, 28371527, 30501.201736, 30494.202149, 0.000000
656, 6, 7.000334, 210017543, 1.000084, 30520, 30520, 30506, 0, 7910, 0, 0, 0, 0, 0, 0, 28228070, 30517.450630, 30503.451800, 0.000000
656, 7, 8.000354, 210004189, 1.000020, 30600, 30600, 30606, 0, 7935, 0, 0, 2, 0, 0, 0, 28176763, 30599.389615, 30605.389495, 0.000000
