ThreadID, cIDX, Time, cycles, deltaT, RX, OnRX, TX, SupTX, OnTX, Idle, OnIdle, Blocked, CacheMiss, CacheHit, CacheWB, CPUIdle, RX/s, TX/s, Sup/s
10435, 0, 0, 0, 0, 0, 0, 0, 0, 0, 0, 0, 0, 0, 0, 0, 0, 0, 0, 0
10435, 0, 1.000001, 210000195, 1.000001, 31603, 31603, 31586, 0, 7897, 0, 0, 1, 667883, 182135541, 277282, 28973231, 31602.970654, 31585.970670, 0.000000
10435, 1, 2.000010, 210001834, 1.000009, 31646, 31646, 31654, 0, 7913, 0, 0, 3, 570033, 182069608, 233218, 29194956, 31645.723627, 31653.723557, 0.000000
10435, 2, 3.000084, 210015629, 1.000074, 31624, 31624, 31636, 0, 7909, 0, 0, 4, 553523, 182068071, 227825, 29089147, 31621.646597, 31633.645704, 0.000000
10435, 3, 4.000152, 210014172, 1.000067, 31722, 31722, 31716, 0, 7929, 0, 0, 8, 535047, 181988425, 218103, 29331255, 31719.859363, 31713.859768, 0.000000
10435, 4, 5.000178, 210005507, 1.000026, 31679, 31679, 31688, 0, 7922, 0, 0, 8, 518569, 181913030, 209836, 29467254, 31678.169278, 31687.169042, 0.000000
10435, 5, 6.000180, 210000442, 1.000002, 31590, 31590, 31600, 0, 7900, 0, 0, 5, 503873, 181619839, 204021, 29971905, 31589.933511, 31599.933490, 0.000000
10435, 6, 7.000183, 210000679, 1.000003, 31608, 31608, 31579, 0, 7895, 0, 0, 0, 503392, 181678856, 202735, 29990860, 31607.897801, 31578.897895, 0.000000
10435, 7, 8.000185, 210000348, 1.000002, 31738, 31738, 31738, 0, 7935, 0, 0, 0, 500204, 181846324, 200621, 29698688, 31737.947406, 31737.947406, 0.000000
