ThreadID, cIDX, Time, cycles, deltaT, RX, OnRX, TX, SupTX, OnTX, Idle, OnIdle, Blocked, CacheMiss, CacheHit, CacheWB, CPUIdle, RX/s, TX/s, Sup/s
2828, 0, 0, 0, 0, 0, 0, 0, 0, 0, 0, 0, 0, 0, 0, 0, 0, 0, 0, 0
2828, 0, 1.000019, 210004088, 1.000019, 27216, 27216, 27216, 0, 6804, 0, 0, 0, 657413, 182110067, 268696, 31606668, 27215.470206, 27215.470206, 0.000000
2828, 1, 2.000044, 210005169, 1.000025, 27155, 27155, 27155, 0, 6789, 0, 0, 4, 557281, 182203517, 222244, 31593959, 27154.331616, 27154.331616, 0.000000
2828, 2, 3.000369, 210068221, 1.000325, 27099, 27099, 27105, 0, 6776, 0, 0, 6, 544968, 182192185, 216541, 31675234, 27090.199426, 27096.197478, 0.000000
2828, 3, 4.000507, 210028912, 1.000138, 27160, 27160, 27160, 0, 6790, 0, 0, 0, 538875, 182153165, 213649, 31746632, 27156.261229, 27156.261229, 0.000000
2828, 4, 5.000512, 210001081, 1.000005, 27180, 27180, 27173, 0, 6794, 0, 0, 2, 536549, 181952894, 212279, 32007969, 27179.860088, 27172.860124, 0.000000
2828, 5, 6.000524, 210002548, 1.000012, 27085, 27085, 27095, 0, 6773, 0, 0, 1, 527922, 181676403, 208530, 32545834, 27084.671373, 27094.671251, 0.000000
2828, 6, 7.000528, 210000957, 1.000005, 27129, 27129, 27116, 0, 6779, 0, 0, 0, 525836, 181794906, 208208, 32306687, 27128.876370, 27115.876429, 0.000000
2828, 7, 8.000570, 210008794, 1.000042, 27196, 27196, 27202, 0, 6801, 0, 0, 0, 519013, 181862091, 203298, 32258176, 27194.861183, 27200.860932, 0.000000
