ThreadID, cIDX, Time, cycles, deltaT, RX, OnRX, TX, SupTX, OnTX, Idle, OnIdle, Blocked, CacheMiss, CacheHit, CacheWB, CPUIdle, RX/s, TX/s, Sup/s
10698, 0, 0, 0, 0, 0, 0, 0, 0, 0, 0, 0, 0, 0, 0, 0, 0, 0, 0, 0
10698, 0, 1.000009, 210001832, 1.000009, 27207, 27207, 27208, 0, 6802, 0, 0, 0, 662778, 182120055, 272086, 29016379, 27206.762653, 27207.762645, 0.000000
10698, 1, 2.000014, 210001047, 1.000005, 27132, 27132, 27133, 0, 6784, 0, 0, 2, 565908, 182118410, 227478, 29103743, 27131.864728, 27132.864723, 0.000000
10698, 2, 3.000022, 210001792, 1.000009, 27143, 27143, 27140, 0, 6785, 0, 0, 0, 544209, 182044183, 216561, 29262212, 27142.768382, 27139.768407, 0.000000
10698, 3, 4.000025, 210000587, 1.000003, 27132, 27132, 27135, 0, 6783, 0, 0, 6, 528915, 181955294, 209759, 29442426, 27131.924160, 27134.924151, 0.000000
10698, 4, 5.000064, 210008205, 1.000039, 27181, 27181, 27172, 0, 6793, 0, 0, 9, 517324, 181881609, 202897, 29624292, 27179.938041, 27170.938393, 0.000000
10698, 5, 6.000145, 210017020, 1.000081, 27063, 27063, 27064, 0, 6766, 0, 0, 1, 508446, 181583857, 198118, 30183942, 27060.806786, 27061.806705, 0.000000
10698, 6, 7.000168, 210004700, 1.000022, 27135, 27135, 27136, 0, 6784, 0, 0, 3, 507501, 181726819, 199054, 29914493, 27134.392706, 27135.392684, 0.000000
10698, 7, 8.000247, 210016707, 1.000080, 27170, 27170, 27169, 0, 6793, 0, 0, 0, 505723, 181872074, 197652, 29741471, 27167.838604, 27166.838684, 0.000000
