ThreadID, cIDX, Time, cycles, deltaT, RX, OnRX, TX, SupTX, OnTX, Idle, OnIdle, Blocked, CacheMiss, CacheHit, CacheWB, CPUIdle, RX/s, TX/s, Sup/s
8781, 0, 0, 0, 0, 0, 0, 0, 0, 0, 0, 0, 0, 0, 0, 0, 0, 0, 0, 0
8781, 0, 1.000020, 210004181, 1.000020, 27300, 27300, 27300, 0, 6825, 0, 0, 1, 662816, 182299885, 269032, 28484242, 27299.456481, 27299.456481, 0.000000
8781, 1, 2.000078, 210012258, 1.000058, 27110, 27110, 27108, 0, 6777, 0, 0, 4, 574529, 182436990, 226695, 28382559, 27108.417643, 27106.417760, 0.000000
8781, 2, 3.000092, 210002971, 1.000014, 27070, 27070, 27064, 0, 6766, 0, 0, 8, 548303, 182402835, 215714, 28432191, 27069.617029, 27063.617114, 0.000000
8781, 3, 4.000099, 210001441, 1.000007, 27231, 27231, 27242, 0, 6811, 0, 0, 8, 531685, 182420869, 206091, 28413685, 27230.813145, 27241.813069, 0.000000
8781, 4, 5.000110, 210002162, 1.000010, 27125, 27125, 27123, 0, 6781, 0, 0, 1, 511096, 182063987, 199455, 29168072, 27124.720745, 27122.720765, 0.000000
8781, 5, 6.000158, 210010113, 1.000048, 27070, 27070, 27064, 0, 6766, 0, 0, 0, 500311, 181998677, 194478, 29224107, 27068.696449, 27062.696738, 0.000000
8781, 6, 7.000209, 210010692, 1.000051, 27197, 27197, 27203, 0, 6800, 0, 0, 1, 495051, 182027997, 190829, 29302867, 27195.615355, 27201.615049, 0.000000
8781, 7, 8.000270, 210012887, 1.000061, 27100, 27100, 27096, 0, 6774, 0, 0, 0, 494447, 182144908, 190412, 28954782, 27098.337065, 27094.337311, 0.000000
