ThreadID, cIDX, Time, cycles, deltaT, RX, OnRX, TX, SupTX, OnTX, Idle, OnIdle, Blocked, CacheMiss, CacheHit, CacheWB, CPUIdle, RX/s, TX/s, Sup/s
8196, 0, 0, 0, 0, 0, 0, 0, 0, 0, 0, 0, 0, 0, 0, 0, 0, 0, 0, 0
8196, 0, 1.000007, 210001418, 1.000007, 31548, 31548, 31541, 0, 7886, 0, 0, 0, 662277, 182131726, 271439, 31617181, 31547.786977, 31540.787025, 0.000000
8196, 1, 2.000040, 210006925, 1.000033, 31667, 31667, 31679, 0, 7919, 0, 0, 6, 581523, 182219194, 232802, 31558845, 31665.955777, 31677.955382, 0.000000
8196, 2, 3.000278, 210050130, 1.000239, 31710, 31710, 31705, 0, 7927, 0, 0, 6, 569090, 182188156, 228463, 31798630, 31702.432177, 31697.433370, 0.000000
8196, 3, 4.000287, 210001772, 1.000008, 31676, 31676, 31661, 0, 7915, 0, 0, 13, 551848, 182218794, 220083, 31565529, 31675.732717, 31660.732844, 0.000000
8196, 4, 5.000414, 210026793, 1.000128, 31650, 31650, 31650, 0, 7912, 0, 0, 0, 532113, 182036646, 209578, 31987197, 31645.962427, 31645.962427, 0.000000
8196, 5, 6.000441, 210005488, 1.000026, 31572, 31572, 31594, 0, 7899, 0, 0, 0, 526331, 181814843, 207548, 32308611, 31571.174940, 31593.174365, 0.000000
8196, 6, 7.000451, 210002274, 1.000011, 31645, 31645, 31635, 0, 7909, 0, 0, 2, 525793, 181891502, 207499, 32314729, 31644.657334, 31634.657442, 0.000000
8196, 7, 8.000702, 210052542, 1.000250, 31631, 31631, 31619, 0, 7904, 0, 0, 0, 527020, 182179514, 208070, 31766956, 31623.087903, 31611.090905, 0.000000
