ThreadID, cIDX, Time, cycles, deltaT, RX, OnRX, TX, SupTX, OnTX, Idle, OnIdle, Blocked, CacheMiss, CacheHit, CacheWB, CPUIdle, RX/s, TX/s, Sup/s
2191, 0, 0, 0, 0, 0, 0, 0, 0, 0, 0, 0, 0, 0, 0, 0, 0, 0, 0, 0
2191, 0, 1.000006, 210001178, 1.000006, 27194, 27194, 27192, 0, 6798, 0, 0, 3, 647181, 182105959, 267242, 31663019, 27193.847455, 27191.847467, 0.000000
2191, 1, 2.000661, 210137629, 1.000655, 27185, 27185, 27188, 0, 6797, 0, 0, 6, 573347, 182156438, 231716, 31809654, 27167.195267, 27170.193302, 0.000000
2191, 2, 3.000671, 210002067, 1.000010, 27153, 27153, 27149, 0, 6788, 0, 0, 5, 554572, 182015864, 223582, 31895495, 27152.732740, 27148.732779, 0.000000
2191, 3, 4.000699, 210005892, 1.000028, 27049, 27049, 27051, 0, 6762, 0, 0, 3, 539656, 181936338, 216799, 32067412, 27048.241104, 27050.241048, 0.000000
2191, 4, 5.000707, 210001684, 1.000008, 27125, 27125, 27128, 0, 6782, 0, 0, 3, 535245, 181898509, 213946, 32201273, 27124.782485, 27127.782461, 0.000000
2191, 5, 6.000721, 210002967, 1.000014, 27160, 27160, 27157, 0, 6790, 0, 0, 7, 523220, 181650847, 207638, 32652803, 27159.616273, 27156.616316, 0.000000
2191, 6, 7.000789, 210014269, 1.000068, 26953, 26953, 26959, 0, 6739, 0, 0, 2, 522045, 181745040, 207358, 32601018, 26951.168732, 26957.168325, 0.000000
2191, 7, 8.000818, 210006192, 1.000029, 27136, 27136, 27136, 0, 6784, 0, 0, 4, 524737, 181911837, 208965, 32251597, 27135.199899, 27135.199899, 0.000000
