ThreadID, cIDX, Time, cycles, deltaT, RX, OnRX, TX, SupTX, OnTX, Idle, OnIdle, Blocked, CacheMiss, CacheHit, CacheWB, CPUIdle, RX/s, TX/s, Sup/s
10642, 0, 0, 0, 0, 0, 0, 0, 0, 0, 0, 0, 0, 0, 0, 0, 0, 0, 0, 0
10642, 0, 1.000719, 210150986, 1.000719, 31613, 31613, 31613, 0, 7904, 0, 0, 7, 0, 0, 0, 29864140, 31590.287185, 31590.287185, 0.000000
10642, 1, 2.000781, 210012975, 1.000062, 31684, 31684, 31668, 0, 7917, 0, 0, 5, 0, 0, 0, 29819579, 31682.042502, 31666.043491, 0.000000
10642, 2, 3.000784, 210000709, 1.000003, 31715, 31715, 31717, 0, 7929, 0, 0, 11, 0, 0, 0, 29924505, 31714.892924, 31716.892918, 0.000000
10642, 3, 4.000836, 210010928, 1.000052, 31681, 31681, 31683, 0, 7921, 0, 0, 8, 0, 0, 0, 30123348, 31679.351467, 31681.351363, 0.000000
10642, 4, 5.001188, 210073950, 1.000352, 31647, 31647, 31647, 0, 7911, 0, 0, 4, 0, 0, 0, 30233360, 31635.859658, 31635.859658, 0.000000
10642, 5, 6.001197, 210001925, 1.000009, 31557, 31557, 31577, 0, 7895, 0, 0, 0, 0, 0, 0, 30855306, 31556.710730, 31576.710547, 0.000000
10642, 6, 7.001209, 210002439, 1.000012, 31645, 31645, 31628, 0, 7907, 0, 0, 0, 0, 0, 0, 30595398, 31644.632470, 31627.632668, 0.000000
10642, 7, 8.001428, 210046015, 1.000219, 31630, 31630, 31623, 0, 7905, 0, 0, 0, 0, 0, 0, 30321340, 31623.070783, 31616.072316, 0.000000
