ThreadID, cIDX, Time, cycles, deltaT, RX, OnRX, TX, SupTX, OnTX, Idle, OnIdle, Blocked, CacheMiss, CacheHit, CacheWB, CPUIdle, RX/s, TX/s, Sup/s
1962, 0, 0, 0, 0, 0, 0, 0, 0, 0, 0, 0, 0, 0, 0, 0, 0, 0, 0, 0
1962, 0, 1.000002, 210000435, 1.000002, 27223, 27223, 27221, 0, 6806, 0, 0, 0, 0, 0, 0, 28381335, 27222.943610, 27220.943614, 0.000000
1962, 1, 2.000035, 210006959, 1.000033, 27195, 27195, 27199, 0, 6799, 0, 0, 6, 0, 0, 0, 28237984, 27194.098839, 27198.098707, 0.000000
1962, 2, 3.000087, 210010946, 1.000052, 27131, 27131, 27128, 0, 6782, 0, 0, 0, 0, 0, 0, 28450120, 27129.585903, 27126.586059, 0.000000
1962, 3, 4.000090, 210000615, 1.000003, 27069, 27069, 27080, 0, 6770, 0, 0, 1, 0, 0, 0, 28559057, 27068.920727, 27079.920695, 0.000000
1962, 4, 5.000130, 210008415, 1.000040, 27104, 27104, 27085, 0, 6772, 0, 0, 0, 0, 0, 0, 28824033, 27102.913948, 27083.914709, 0.000000
1962, 5, 6.000133, 210000631, 1.000003, 27215, 27215, 27223, 0, 6805, 0, 0, 6, 0, 0, 0, 29160935, 27214.918226, 27222.918202, 0.000000
1962, 6, 7.000135, 210000341, 1.000002, 27158, 27158, 27162, 0, 6791, 0, 0, 0, 0, 0, 0, 28985441, 27157.955901, 27161.955894, 0.000000
1962, 7, 8.000200, 210013641, 1.000065, 27059, 27059, 27058, 0, 6764, 0, 0, 0, 0, 0, 0, 28906829, 27057.242439, 27056.242504, 0.000000
