ThreadID, cIDX, Time, cycles, deltaT, RX, OnRX, TX, SupTX, OnTX, Idle, OnIdle, Blocked, CacheMiss, CacheHit, CacheWB, CPUIdle, RX/s, TX/s, Sup/s
11124, 0, 0, 0, 0, 0, 0, 0, 0, 0, 0, 0, 0, 0, 0, 0, 0, 0, 0, 0
11124, 0, 1.000008, 210001713, 1.000008, 30405, 30405, 30418, 0, 7887, 0, 0, 0, 0, 0, 0, 30919362, 30404.751984, 30417.751878, 0.000000
11124, 1, 2.000010, 210000406, 1.000002, 30561, 30561, 30564, 0, 7924, 0, 0, 5, 0, 0, 0, 30804289, 30560.940916, 30563.940910, 0.000000
11124, 2, 3.000099, 210018681, 1.000089, 30565, 30565, 30546, 0, 7920, 0, 0, 0, 0, 0, 0, 30914178, 30562.281267, 30543.282957, 0.000000
11124, 3, 4.000164, 210013538, 1.000064, 30529, 30529, 30521, 0, 7914, 0, 0, 5, 0, 0, 0, 30981788, 30527.032024, 30519.032540, 0.000000
11124, 4, 5.000178, 210003145, 1.000015, 30497, 30497, 30510, 0, 7910, 0, 0, 13, 0, 0, 0, 31223130, 30496.543278, 30509.543083, 0.000000
11124, 5, 6.000355, 210037074, 1.000177, 30492, 30492, 30473, 0, 7901, 0, 0, 4, 0, 0, 0, 31658781, 30486.617805, 30467.621159, 0.000000
11124, 6, 7.000700, 210072390, 1.000345, 30479, 30479, 30497, 0, 7906, 0, 0, 2, 0, 0, 0, 31654804, 30468.497074, 30486.490871, 0.000000
11124, 7, 8.000990, 210060852, 1.000290, 30490, 30490, 30477, 0, 7900, 0, 0, 0, 0, 0, 0, 31271343, 30481.167429, 30468.171195, 0.000000
