ThreadID, cIDX, Time, cycles, deltaT, RX, OnRX, TX, SupTX, OnTX, Idle, OnIdle, Blocked, CacheMiss, CacheHit, CacheWB, CPUIdle, RX/s, TX/s, Sup/s
2399, 0, 0, 0, 0, 0, 0, 0, 0, 0, 0, 0, 0, 0, 0, 0, 0, 0, 0, 0
2399, 0, 1.000003, 210000569, 1.000003, 27256, 27256, 27264, 0, 6816, 0, 0, 2, 0, 0, 0, 28866083, 27255.926149, 27263.926128, 0.000000
2399, 1, 2.000053, 210010552, 1.000050, 27202, 27202, 27196, 0, 6799, 0, 0, 1, 0, 0, 0, 28918728, 27200.633233, 27194.633534, 0.000000
2399, 2, 3.000465, 210086490, 1.000412, 27113, 27113, 27111, 0, 6778, 0, 0, 7, 0, 0, 0, 29411794, 27101.837914, 27099.838738, 0.000000
2399, 3, 4.000751, 210060151, 1.000286, 27065, 27065, 27065, 0, 6766, 0, 0, 2, 0, 0, 0, 29291641, 27057.249902, 27057.249902, 0.000000
2399, 4, 5.000891, 210029317, 1.000140, 27136, 27136, 27128, 0, 6782, 0, 0, 5, 0, 0, 0, 29392838, 27132.212214, 27124.213331, 0.000000
2399, 5, 6.000921, 210006324, 1.000030, 27149, 27149, 27157, 0, 6790, 0, 0, 2, 0, 0, 0, 29938726, 27148.182452, 27156.182211, 0.000000
2399, 6, 7.000926, 210001096, 1.000005, 26986, 26986, 26989, 0, 6747, 0, 0, 0, 0, 0, 0, 29887785, 26985.859160, 26988.859144, 0.000000
2399, 7, 8.000942, 210003425, 1.000016, 27109, 27109, 27110, 0, 6777, 0, 0, 2, 0, 0, 0, 29706711, 27108.557872, 27109.557856, 0.000000
