ThreadID, cIDX, Time, cycles, deltaT, RX, OnRX, TX, SupTX, OnTX, Idle, OnIdle, Blocked, CacheMiss, CacheHit, CacheWB, CPUIdle, RX/s, TX/s, Sup/s
9041, 0, 0, 0, 0, 0, 0, 0, 0, 0, 0, 0, 0, 0, 0, 0, 0, 0, 0, 0
9041, 0, 1.000001, 210000184, 1.000001, 31631, 31631, 31624, 0, 7906, 0, 0, 0, 0, 0, 0, 28482719, 31630.972285, 31623.972291, 0.000000
9041, 1, 2.000011, 210002051, 1.000010, 31642, 31642, 31660, 0, 7915, 0, 0, 4, 0, 0, 0, 28415563, 31641.690966, 31659.690790, 0.000000
9041, 2, 3.000013, 210000485, 1.000002, 31708, 31708, 31700, 0, 7925, 0, 0, 0, 0, 0, 0, 28537197, 31707.926770, 31699.926788, 0.000000
9041, 3, 4.000039, 210005565, 1.000026, 31722, 31722, 31736, 0, 7934, 0, 0, 3, 0, 0, 0, 28547954, 31721.159389, 31735.159018, 0.000000
9041, 4, 5.000449, 210085977, 1.000409, 31689, 31689, 31660, 0, 7915, 0, 0, 0, 0, 0, 0, 29187041, 31676.031380, 31647.043248, 0.000000
9041, 5, 6.000789, 210071513, 1.000341, 31626, 31626, 31632, 0, 7908, 0, 0, 0, 0, 0, 0, 29133405, 31615.233808, 31621.231766, 0.000000
9041, 6, 7.000903, 210023881, 1.000114, 31669, 31669, 31676, 0, 7919, 0, 0, 0, 0, 0, 0, 29092100, 31665.399041, 31672.398245, 0.000000
9041, 7, 8.000964, 210012705, 1.000061, 31740, 31740, 31724, 0, 7931, 0, 0, 0, 0, 0, 0, 29199786, 31738.079846, 31722.080814, 0.000000
