ThreadID, cIDX, Time, cycles, deltaT, RX, OnRX, TX, SupTX, OnTX, Idle, OnIdle, Blocked, CacheMiss, CacheHit, CacheWB, CPUIdle, RX/s, TX/s, Sup/s
9360, 0, 0, 0, 0, 0, 0, 0, 0, 0, 0, 0, 0, 0, 0, 0, 0, 0, 0, 0
9360, 0, 1.000622, 210130552, 1.000622, 31706, 31706, 31709, 0, 7928, 0, 0, 5, 0, 0, 0, 30006550, 31686.301381, 31689.299517, 0.000000
9360, 1, 2.000648, 210005602, 1.000027, 31680, 31680, 31680, 0, 7920, 0, 0, 10, 0, 0, 0, 29811684, 31679.154921, 31679.154921, 0.000000
9360, 2, 3.000687, 210008040, 1.000038, 31649, 31649, 31640, 0, 7910, 0, 0, 10, 0, 0, 0, 29906779, 31647.788342, 31638.788686, 0.000000
9360, 3, 4.000710, 210004939, 1.000024, 31723, 31723, 31731, 0, 7932, 0, 0, 10, 0, 0, 0, 29843945, 31722.253923, 31730.253735, 0.000000
9360, 4, 5.000915, 210042992, 1.000205, 31644, 31644, 31628, 0, 7907, 0, 0, 9, 0, 0, 0, 30096470, 31637.523046, 31621.526321, 0.000000
9360, 5, 6.000917, 210000543, 1.000003, 31586, 31586, 31602, 0, 7901, 0, 0, 5, 0, 0, 0, 30524662, 31585.918328, 31601.918286, 0.000000
9360, 6, 7.000946, 210005931, 1.000028, 31722, 31722, 31726, 0, 7931, 0, 0, 1, 0, 0, 0, 30409660, 31721.104105, 31725.103992, 0.000000
9360, 7, 8.000949, 210000696, 1.000003, 31663, 31663, 31648, 0, 7912, 0, 0, 0, 0, 0, 0, 30335245, 31662.895060, 31647.895110, 0.000000
