ThreadID, cIDX, Time, cycles, deltaT, RX, OnRX, TX, SupTX, OnTX, Idle, OnIdle, Blocked, CacheMiss, CacheHit, CacheWB, CPUIdle, RX/s, TX/s, Sup/s
578, 0, 0, 0, 0, 0, 0, 0, 0, 0, 0, 0, 0, 0, 0, 0, 0, 0, 0, 0
578, 0, 1.000021, 210004449, 1.000021, 31607, 31607, 31600, 0, 7900, 0, 0, 0, 699163, 183326808, 286478, 26704542, 31606.330397, 31599.330546, 0.000000
578, 1, 2.000038, 210003619, 1.000017, 31716, 31716, 31728, 0, 7932, 0, 0, 1, 610367, 183411582, 244192, 26681873, 31715.453437, 31727.453230, 0.000000
578, 2, 3.000332, 210061677, 1.000294, 31710, 31710, 31696, 0, 7924, 0, 0, 0, 590186, 183383230, 234362, 26848830, 31700.689507, 31686.693618, 0.000000
578, 3, 4.000343, 210002322, 1.000011, 31679, 31679, 31677, 0, 7920, 0, 0, 1, 590279, 183442325, 234014, 26706164, 31678.649725, 31676.649747, 0.000000
578, 4, 5.000422, 210016503, 1.000079, 31642, 31642, 31659, 0, 7914, 0, 0, 0, 580050, 183094127, 230601, 27399125, 31639.513586, 31656.512250, 0.000000
578, 5, 6.000469, 210010022, 1.000048, 31613, 31613, 31620, 0, 7905, 0, 0, 0, 572053, 183007412, 225313, 27564720, 31611.491379, 31618.491045, 0.000000
578, 6, 7.000495, 210005389, 1.000026, 31717, 31717, 31693, 0, 7924, 0, 0, 0, 569193, 183047216, 223075, 27521491, 31716.186102, 31692.186718, 0.000000
578, 7, 8.000564, 210014427, 1.000069, 31619, 31619, 31643, 0, 7910, 0, 0, 3, 570297, 183093176, 224650, 27480511, 31616.827924, 31640.826275, 0.000000
