ThreadID, cIDX, Time, cycles, deltaT, RX, OnRX, TX, SupTX, OnTX, Idle, OnIdle, Blocked, CacheMiss, CacheHit, CacheWB, CPUIdle, RX/s, TX/s, Sup/s
1606, 0, 0, 0, 0, 0, 0, 0, 0, 0, 0, 0, 0, 0, 0, 0, 0, 0, 0, 0
1606, 0, 1.000031, 210006463, 1.000031, 31587, 31587, 31592, 0, 7898, 0, 0, 0, 672760, 182073683, 272528, 29202908, 31586.027902, 31591.027749, 0.000000
1606, 1, 2.000307, 210058073, 1.000277, 31693, 31693, 31700, 0, 7925, 0, 0, 0, 583762, 182096323, 231623, 29282598, 31684.238101, 31691.236166, 0.000000
1606, 2, 3.000314, 210001400, 1.000007, 31695, 31695, 31684, 0, 7921, 0, 0, 8, 554509, 182081087, 221181, 29194128, 31694.788701, 31683.788775, 0.000000
1606, 3, 4.000328, 210003048, 1.000015, 31671, 31671, 31680, 0, 7920, 0, 0, 3, 537421, 182002178, 213896, 29384874, 31670.540325, 31679.540194, 0.000000
1606, 4, 5.000333, 210000853, 1.000004, 31700, 31700, 31692, 0, 7923, 0, 0, 4, 521648, 181911918, 204697, 29522159, 31699.871238, 31691.871271, 0.000000
1606, 5, 6.000588, 210053653, 1.000255, 31564, 31564, 31552, 0, 7888, 0, 0, 1, 505786, 181771674, 197261, 29994106, 31555.937758, 31543.940824, 0.000000
1606, 6, 7.000755, 210035059, 1.000167, 31718, 31718, 31712, 0, 7928, 0, 0, 0, 509317, 181925967, 198548, 29542009, 31712.705639, 31706.706641, 0.000000
1606, 7, 8.000765, 210002182, 1.000010, 31641, 31641, 31652, 0, 7913, 0, 0, 0, 506851, 181908718, 198282, 29711446, 31640.671238, 31651.671124, 0.000000
