ThreadID, cIDX, Time, cycles, deltaT, RX, OnRX, TX, SupTX, OnTX, Idle, OnIdle, Blocked, CacheMiss, CacheHit, CacheWB, CPUIdle, RX/s, TX/s, Sup/s
1960, 0, 0, 0, 0, 0, 0, 0, 0, 0, 0, 0, 0, 0, 0, 0, 0, 0, 0, 0
1960, 0, 1.000032, 210006753, 1.000032, 27155, 27155, 27156, 0, 6789, 0, 0, 0, 0, 0, 0, 28383784, 27154.126801, 27155.126769, 0.000000
1960, 1, 2.000073, 210008649, 1.000041, 27101, 27101, 27100, 0, 6775, 0, 0, 0, 0, 0, 0, 28241270, 27099.883872, 27098.883913, 0.000000
1960, 2, 3.000093, 210004189, 1.000020, 27179, 27179, 27180, 0, 6795, 0, 0, 0, 0, 0, 0, 28445283, 27178.457854, 27179.457835, 0.000000
1960, 3, 4.000143, 210010493, 1.000050, 27141, 27141, 27140, 0, 6785, 0, 0, 0, 0, 0, 0, 28563011, 27139.643922, 27138.643972, 0.000000
1960, 4, 5.000183, 210008318, 1.000040, 27167, 27167, 27168, 0, 6792, 0, 0, 1, 0, 0, 0, 28822198, 27165.923971, 27166.923931, 0.000000
1960, 5, 6.000193, 210002049, 1.000010, 27075, 27075, 27084, 0, 6771, 0, 0, 0, 0, 0, 0, 29159083, 27074.735828, 27083.735740, 0.000000
1960, 6, 7.000225, 210006807, 1.000032, 27159, 27159, 27152, 0, 6788, 0, 0, 1, 0, 0, 0, 28986529, 27158.119689, 27151.119916, 0.000000
1960, 7, 8.000268, 210009028, 1.000043, 27150, 27150, 27144, 0, 6786, 0, 0, 0, 0, 0, 0, 28906628, 27148.832859, 27142.833117, 0.000000
