ThreadID, cIDX, Time, cycles, deltaT, RX, OnRX, TX, SupTX, OnTX, Idle, OnIdle, Blocked, CacheMiss, CacheHit, CacheWB, CPUIdle, RX/s, TX/s, Sup/s
530, 0, 0, 0, 0, 0, 0, 0, 0, 0, 0, 0, 0, 0, 0, 0, 0, 0, 0, 0
530, 0, 1.000261, 210054761, 1.000261, 31634, 31634, 31632, 0, 7908, 0, 0, 0, 0, 0, 0, 27585214, 31625.753058, 31623.753579, 0.000000
530, 1, 2.000262, 210000243, 1.000001, 31709, 31709, 31724, 0, 7931, 0, 0, 0, 0, 0, 0, 27579027, 31708.963308, 31723.963291, 0.000000
530, 2, 3.000264, 210000484, 1.000002, 31690, 31690, 31688, 0, 7922, 0, 0, 1, 0, 0, 0, 27627796, 31689.926962, 31687.926967, 0.000000
530, 3, 4.000275, 210002173, 1.000010, 31684, 31684, 31669, 0, 7918, 0, 0, 0, 0, 0, 0, 27658262, 31683.672149, 31668.672305, 0.000000
530, 4, 5.000278, 210000735, 1.000004, 31660, 31660, 31659, 0, 7914, 0, 0, 0, 0, 0, 0, 28252554, 31659.889190, 31658.889194, 0.000000
530, 5, 6.000570, 210061224, 1.000292, 31620, 31620, 31608, 0, 7902, 0, 0, 0, 0, 0, 0, 28338911, 31610.784102, 31598.787599, 0.000000
530, 6, 7.000918, 210073084, 1.000348, 31721, 31721, 31728, 0, 7932, 0, 0, 3, 0, 0, 0, 28272890, 31709.964328, 31716.961893, 0.000000
530, 7, 8.000923, 210001198, 1.000006, 31609, 31609, 31632, 0, 7908, 0, 0, 1, 0, 0, 0, 28326249, 31608.819679, 31631.819548, 0.000000
