ThreadID, cIDX, Time, cycles, deltaT, RX, OnRX, TX, SupTX, OnTX, Idle, OnIdle, Blocked, CacheMiss, CacheHit, CacheWB, CPUIdle, RX/s, TX/s, Sup/s
9412, 0, 0, 0, 0, 0, 0, 0, 0, 0, 0, 0, 0, 0, 0, 0, 0, 0, 0, 0
9412, 0, 1.000072, 210015103, 1.000072, 31539, 31539, 31537, 0, 7885, 0, 0, 1, 657755, 182022523, 275365, 29273302, 31536.731908, 31534.732052, 0.000000
9412, 1, 2.000672, 210125965, 1.000600, 31714, 31714, 31716, 0, 7929, 0, 0, 21, 575810, 182134381, 236834, 29173502, 31694.988290, 31696.987091, 0.000000
9412, 2, 3.000757, 210017966, 1.000086, 31695, 31695, 31688, 0, 7922, 0, 0, 16, 558506, 182077345, 229235, 29173574, 31692.288649, 31685.289248, 0.000000
9412, 3, 4.000860, 210021551, 1.000103, 31686, 31686, 31680, 0, 7920, 0, 0, 2, 544435, 182136198, 220722, 29086617, 31682.748596, 31676.749211, 0.000000
9412, 4, 5.000866, 210001257, 1.000006, 31674, 31674, 31670, 0, 7917, 0, 0, 3, 528485, 182002278, 213944, 29202015, 31673.810410, 31669.810434, 0.000000
9412, 5, 6.000867, 210000170, 1.000001, 31579, 31579, 31603, 0, 7901, 0, 0, 6, 513665, 181715471, 205646, 29896965, 31578.974436, 31602.974417, 0.000000
9412, 6, 7.000985, 210024813, 1.000118, 31717, 31717, 31722, 0, 7930, 0, 0, 0, 512472, 181871079, 203206, 29774774, 31713.252853, 31718.252262, 0.000000
9412, 7, 8.001081, 210020145, 1.000096, 31629, 31629, 31624, 0, 7906, 0, 0, 1, 513437, 181920805, 203780, 29660603, 31625.966166, 31620.966646, 0.000000
