ThreadID, cIDX, Time, cycles, deltaT, RX, OnRX, TX, SupTX, OnTX, Idle, OnIdle, Blocked, CacheMiss, CacheHit, CacheWB, CPUIdle, RX/s, TX/s, Sup/s
11123, 0, 0, 0, 0, 0, 0, 0, 0, 0, 0, 0, 0, 0, 0, 0, 0, 0, 0, 0
11123, 0, 1.000074, 210015465, 1.000074, 31562, 31562, 31557, 0, 7890, 0, 0, 0, 0, 0, 0, 30927531, 31559.675855, 31554.676223, 0.000000
11123, 1, 2.000438, 210076453, 1.000364, 31666, 31666, 31672, 0, 7918, 0, 0, 10, 0, 0, 0, 30873666, 31654.475811, 31660.473628, 0.000000
11123, 2, 3.000497, 210012396, 1.000059, 31702, 31702, 31706, 0, 7926, 0, 0, 7, 0, 0, 0, 30915036, 31700.128787, 31704.128551, 0.000000
11123, 3, 4.000568, 210015020, 1.000072, 31684, 31684, 31671, 0, 7918, 0, 0, 10, 0, 0, 0, 30963450, 31681.734002, 31668.734931, 0.000000
11123, 4, 5.000574, 210001163, 1.000006, 31649, 31649, 31653, 0, 7913, 0, 0, 10, 0, 0, 0, 31196391, 31648.824726, 31652.824704, 0.000000
11123, 5, 6.000997, 210088899, 1.000423, 31593, 31593, 31585, 0, 7896, 0, 0, 0, 0, 0, 0, 31647004, 31579.631440, 31571.634825, 0.000000
11123, 6, 7.001159, 210033983, 1.000162, 31645, 31645, 31640, 0, 7910, 0, 0, 0, 0, 0, 0, 31647785, 31639.879914, 31634.880723, 0.000000
11123, 7, 8.001606, 210093899, 1.000447, 31632, 31632, 31636, 0, 7909, 0, 0, 0, 0, 0, 0, 31275060, 31617.862449, 31621.860661, 0.000000
