ThreadID, cIDX, Time, cycles, deltaT, RX, OnRX, TX, SupTX, OnTX, Idle, OnIdle, Blocked, CacheMiss, CacheHit, CacheWB, CPUIdle, RX/s, TX/s, Sup/s
2437, 0, 0, 0, 0, 0, 0, 0, 0, 0, 0, 0, 0, 0, 0, 0, 0, 0, 0, 0
2437, 0, 1.000578, 210121385, 1.000578, 31563, 31563, 31549, 0, 7888, 0, 0, 4, 644784, 182148245, 268093, 31716251, 31544.766374, 31530.774462, 0.000000
2437, 1, 2.000678, 210021074, 1.000100, 31691, 31691, 31688, 0, 7922, 0, 0, 4, 572389, 182192363, 232264, 31538079, 31687.820052, 31684.820353, 0.000000
2437, 2, 3.000683, 210000894, 1.000004, 31620, 31620, 31644, 0, 7911, 0, 0, 8, 547334, 182124595, 220007, 31709306, 31619.865390, 31643.865288, 0.000000
2437, 3, 4.000999, 210066436, 1.000316, 31752, 31752, 31739, 0, 7934, 0, 0, 7, 535511, 182101269, 212961, 31828942, 31741.958054, 31728.962165, 0.000000
2437, 4, 5.001000, 210000259, 1.000001, 31620, 31620, 31630, 0, 7908, 0, 0, 7, 527247, 181951094, 208482, 32023269, 31619.961002, 31629.960990, 0.000000
2437, 5, 6.001035, 210007362, 1.000035, 31617, 31617, 31598, 0, 7899, 0, 0, 4, 520049, 181722059, 205315, 32430672, 31615.891637, 31596.892303, 0.000000
2437, 6, 7.001037, 210000399, 1.000002, 31672, 31672, 31674, 0, 7919, 0, 0, 1, 512856, 181736066, 201207, 32393826, 31671.939823, 31673.939820, 0.000000
2437, 7, 8.001039, 210000392, 1.000002, 31675, 31675, 31687, 0, 7922, 0, 0, 2, 515458, 181851995, 203025, 32330864, 31674.940873, 31686.940851, 0.000000
