ThreadID, cIDX, Time, cycles, deltaT, RX, OnRX, TX, SupTX, OnTX, Idle, OnIdle, Blocked, CacheMiss, CacheHit, CacheWB, CPUIdle, RX/s, TX/s, Sup/s
10085, 0, 0, 0, 0, 0, 0, 0, 0, 0, 0, 0, 0, 0, 0, 0, 0, 0, 0, 0
10085, 0, 1.000106, 210022292, 1.000106, 31567, 31567, 31556, 0, 7889, 0, 0, 0, 0, 0, 0, 28887227, 31563.649443, 31552.650611, 0.000000
10085, 1, 2.000173, 210014120, 1.000067, 31632, 31632, 31648, 0, 7912, 0, 0, 9, 0, 0, 0, 29093277, 31629.873268, 31645.872192, 0.000000
10085, 2, 3.000280, 210022408, 1.000107, 31673, 31673, 31672, 0, 7918, 0, 0, 11, 0, 0, 0, 29200250, 31669.620701, 31668.620807, 0.000000
10085, 3, 4.000315, 210007246, 1.000035, 31755, 31755, 31751, 0, 7938, 0, 0, 9, 0, 0, 0, 29351186, 31753.904339, 31749.904477, 0.000000
10085, 4, 5.000337, 210004750, 1.000023, 31714, 31714, 31710, 0, 7928, 0, 0, 4, 0, 0, 0, 29520579, 31713.282676, 31709.282766, 0.000000
10085, 5, 6.000355, 210003631, 1.000017, 31589, 31589, 31588, 0, 7897, 0, 0, 5, 0, 0, 0, 29854244, 31588.453821, 31587.453838, 0.000000
10085, 6, 7.000375, 210004250, 1.000020, 31606, 31606, 31619, 0, 7904, 0, 0, 2, 0, 0, 0, 29720176, 31605.360368, 31618.360105, 0.000000
10085, 7, 8.000400, 210005280, 1.000025, 31709, 31709, 31694, 0, 7924, 0, 0, 0, 0, 0, 0, 29557742, 31708.202765, 31693.203142, 0.000000
