ThreadID, cIDX, Time, cycles, deltaT, RX, OnRX, TX, SupTX, OnTX, Idle, OnIdle, Blocked, CacheMiss, CacheHit, CacheWB, CPUIdle, RX/s, TX/s, Sup/s
11009, 0, 0, 0, 0, 0, 0, 0, 0, 0, 0, 0, 0, 0, 0, 0, 0, 0, 0, 0
11009, 0, 1.000010, 210002030, 1.000010, 31626, 31626, 31624, 0, 7906, 0, 0, 0, 669507, 182098680, 281427, 31606610, 31625.694285, 31623.694304, 0.000000
11009, 1, 2.000104, 210019802, 1.000094, 31716, 31716, 31712, 0, 7928, 0, 0, 7, 588229, 182142519, 242328, 31705399, 31713.009614, 31709.009991, 0.000000
11009, 2, 3.000365, 210054855, 1.000261, 31715, 31715, 31717, 0, 7930, 0, 0, 11, 558895, 182085421, 229390, 31915376, 31706.717752, 31708.717230, 0.000000
11009, 3, 4.000404, 210008142, 1.000039, 31574, 31574, 31577, 0, 7894, 0, 0, 5, 535312, 182040270, 219389, 31950817, 31572.775878, 31575.775762, 0.000000
11009, 4, 5.000432, 210005936, 1.000028, 31590, 31590, 31583, 0, 7896, 0, 0, 11, 518463, 181871865, 210621, 32267812, 31589.107081, 31582.107279, 0.000000
11009, 5, 6.000434, 210000451, 1.000002, 31704, 31704, 31712, 0, 7928, 0, 0, 4, 513191, 181686640, 207423, 32554924, 31703.931912, 31711.931895, 0.000000
11009, 6, 7.000438, 210000805, 1.000004, 31510, 31510, 31514, 0, 7878, 0, 0, 0, 513847, 181802444, 208642, 32252366, 31509.879212, 31513.879197, 0.000000
11009, 7, 8.000444, 210001288, 1.000006, 31588, 31588, 31597, 0, 7899, 0, 0, 0, 513667, 181879122, 207682, 32278242, 31587.806261, 31596.806206, 0.000000
