ThreadID, cIDX, Time, cycles, deltaT, RX, OnRX, TX, SupTX, OnTX, Idle, OnIdle, Blocked, CacheMiss, CacheHit, CacheWB, CPUIdle, RX/s, TX/s, Sup/s
2241, 0, 0, 0, 0, 0, 0, 0, 0, 0, 0, 0, 0, 0, 0, 0, 0, 0, 0, 0
2241, 0, 1.000067, 210014147, 1.000067, 31644, 31644, 31636, 0, 7909, 0, 0, 4, 658857, 182121542, 272019, 29092624, 31641.868393, 31633.868932, 0.000000
2241, 1, 2.000254, 210039165, 1.000187, 31663, 31663, 31676, 0, 7919, 0, 0, 1, 567515, 182199177, 225632, 28982663, 31657.095952, 31670.093528, 0.000000
2241, 2, 3.000604, 210073589, 1.000350, 31701, 31701, 31690, 0, 7923, 0, 0, 3, 542999, 181988942, 214153, 29364704, 31689.895106, 31678.898960, 0.000000
2241, 3, 4.000652, 210009956, 1.000047, 31698, 31698, 31706, 0, 7926, 0, 0, 9, 531949, 181938323, 209840, 29482067, 31696.497284, 31704.496905, 0.000000
2241, 4, 5.000840, 210039520, 1.000188, 31633, 31633, 31612, 0, 7903, 0, 0, 1, 520816, 181961383, 204329, 29645182, 31627.048091, 31606.052042, 0.000000
2241, 5, 6.000847, 210001406, 1.000007, 31578, 31578, 31601, 0, 7901, 0, 0, 5, 510906, 181676068, 200843, 30005916, 31577.788579, 31600.788425, 0.000000
2241, 6, 7.000861, 210002959, 1.000014, 31671, 31671, 31679, 0, 7919, 0, 0, 3, 508008, 181766774, 198927, 29791343, 31670.553747, 31678.553634, 0.000000
2241, 7, 8.000873, 210002505, 1.000012, 31582, 31582, 31569, 0, 7893, 0, 0, 5, 503326, 181910615, 196313, 29550549, 31581.623276, 31568.623431, 0.000000
