ThreadID, cIDX, Time, cycles, deltaT, RX, OnRX, TX, SupTX, OnTX, Idle, OnIdle, Blocked, CacheMiss, CacheHit, CacheWB, CPUIdle, RX/s, TX/s, Sup/s
11179, 0, 0, 0, 0, 0, 0, 0, 0, 0, 0, 0, 0, 0, 0, 0, 0, 0, 0, 0
11179, 0, 1.000476, 210100048, 1.000476, 27298, 27298, 27300, 0, 6825, 0, 0, 0, 0, 0, 0, 28364914, 27285.000906, 27286.999953, 0.000000
11179, 1, 2.000555, 210016430, 1.000078, 27130, 27130, 27125, 0, 6782, 0, 0, 4, 0, 0, 0, 28288455, 27127.877567, 27122.877958, 0.000000
11179, 2, 3.000562, 210001515, 1.000007, 27100, 27100, 27106, 0, 6776, 0, 0, 10, 0, 0, 0, 28374709, 27099.804494, 27105.804451, 0.000000
11179, 3, 4.000582, 210004226, 1.000020, 27154, 27154, 27150, 0, 6788, 0, 0, 9, 0, 0, 0, 28424334, 27153.453569, 27149.453650, 0.000000
11179, 4, 5.000689, 210022367, 1.000107, 27174, 27174, 27171, 0, 6792, 0, 0, 8, 0, 0, 0, 28692867, 27171.106018, 27168.106338, 0.000000
11179, 5, 6.000723, 210007347, 1.000035, 27071, 27071, 27072, 0, 6768, 0, 0, 0, 0, 0, 0, 29030461, 27070.052935, 27071.052900, 0.000000
11179, 6, 7.000727, 210000833, 1.000004, 27204, 27204, 27215, 0, 6804, 0, 0, 0, 0, 0, 0, 28972581, 27203.892091, 27214.892048, 0.000000
11179, 7, 8.000882, 210032418, 1.000154, 27087, 27087, 27081, 0, 6770, 0, 0, 0, 0, 0, 0, 28460480, 27082.819187, 27076.820113, 0.000000
