ThreadID, cIDX, Time, cycles, deltaT, RX, OnRX, TX, SupTX, OnTX, Idle, OnIdle, Blocked, CacheMiss, CacheHit, CacheWB, CPUIdle, RX/s, TX/s, Sup/s
156, 0, 0, 0, 0, 0, 0, 0, 0, 0, 0, 0, 0, 0, 0, 0, 0, 0, 0, 0
156, 0, 1.000130, 210027312, 1.000130, 27267, 27267, 27268, 0, 6817, 0, 0, 0, 0, 0, 0, 27401673, 27263.454193, 27264.454063, 0.000000
156, 1, 2.000132, 210000368, 1.000002, 27121, 27121, 27124, 0, 6781, 0, 0, 5, 0, 0, 0, 27426440, 27120.952474, 27123.952469, 0.000000
156, 2, 3.000133, 210000160, 1.000001, 27090, 27090, 27091, 0, 6773, 0, 0, 1, 0, 0, 0, 27614350, 27089.979360, 27090.979359, 0.000000
156, 3, 4.000197, 210013533, 1.000064, 27218, 27218, 27213, 0, 6803, 0, 0, 1, 0, 0, 0, 27400386, 27216.246107, 27211.246430, 0.000000
156, 4, 5.000198, 210000213, 1.000001, 27148, 27148, 27143, 0, 6786, 0, 0, 0, 0, 0, 0, 27721619, 27147.972464, 27142.972469, 0.000000
156, 5, 6.000201, 210000532, 1.000003, 27057, 27057, 27063, 0, 6766, 0, 0, 0, 0, 0, 0, 27958661, 27056.931456, 27062.931441, 0.000000
156, 6, 7.000303, 210021576, 1.000103, 27208, 27208, 27210, 0, 6802, 0, 0, 0, 0, 0, 0, 27942608, 27205.204860, 27207.204654, 0.000000
156, 7, 8.000325, 210004551, 1.000022, 27090, 27090, 27084, 0, 6771, 0, 0, 0, 0, 0, 0, 27632845, 27089.412934, 27083.413064, 0.000000
