ThreadID, cIDX, Time, cycles, deltaT, RX, OnRX, TX, SupTX, OnTX, Idle, OnIdle, Blocked, CacheMiss, CacheHit, CacheWB, CPUIdle, RX/s, TX/s, Sup/s
10834, 0, 0, 0, 0, 0, 0, 0, 0, 0, 0, 0, 0, 0, 0, 0, 0, 0, 0, 0
10834, 0, 1.000611, 210128293, 1.000611, 31592, 31592, 31587, 0, 7897, 0, 0, 1, 0, 0, 0, 29169472, 31572.711629, 31567.714682, 0.000000
10834, 1, 2.000623, 210002575, 1.000012, 31655, 31655, 31661, 0, 7915, 0, 0, 2, 0, 0, 0, 29070093, 31654.611854, 31660.611781, 0.000000
10834, 2, 3.000669, 210009704, 1.000046, 31704, 31704, 31717, 0, 7930, 0, 0, 3, 0, 0, 0, 29275162, 31702.535041, 31715.534440, 0.000000
10834, 3, 4.000732, 210013087, 1.000062, 31697, 31697, 31688, 0, 7922, 0, 0, 5, 0, 0, 0, 29131366, 31695.024796, 31686.025357, 0.000000
10834, 4, 5.000738, 210001344, 1.000006, 31635, 31635, 31629, 0, 7907, 0, 0, 2, 0, 0, 0, 29420573, 31634.797537, 31628.797576, 0.000000
10834, 5, 6.000739, 210000192, 1.000001, 31589, 31589, 31590, 0, 7897, 0, 0, 3, 0, 0, 0, 29892048, 31588.971119, 31589.971118, 0.000000
10834, 6, 7.000950, 210044240, 1.000211, 31668, 31668, 31656, 0, 7914, 0, 0, 0, 0, 0, 0, 29720774, 31661.330013, 31649.332541, 0.000000
10834, 7, 8.001209, 210054398, 1.000259, 31597, 31597, 31596, 0, 7899, 0, 0, 0, 0, 0, 0, 29724287, 31588.817293, 31587.817552, 0.000000
