ThreadID, cIDX, Time, cycles, deltaT, RX, OnRX, TX, SupTX, OnTX, Idle, OnIdle, Blocked, CacheMiss, CacheHit, CacheWB, CPUIdle, RX/s, TX/s, Sup/s
1374, 0, 0, 0, 0, 0, 0, 0, 0, 0, 0, 0, 0, 0, 0, 0, 0, 0, 0, 0
1374, 0, 1.000346, 210072684, 1.000346, 27248, 27248, 27252, 0, 6813, 0, 0, 2, 0, 0, 0, 29176489, 27238.572341, 27242.570957, 0.000000
1374, 1, 2.000576, 210048275, 1.000230, 27136, 27136, 27132, 0, 6783, 0, 0, 2, 0, 0, 0, 29247279, 27129.763384, 27125.764303, 0.000000
1374, 2, 3.000694, 210024838, 1.000118, 27155, 27155, 27156, 0, 6789, 0, 0, 1, 0, 0, 0, 29295678, 27151.788590, 27152.788472, 0.000000
1374, 3, 4.000700, 210001108, 1.000005, 27188, 27188, 27188, 0, 6797, 0, 0, 0, 0, 0, 0, 29236803, 27187.856552, 27187.856552, 0.000000
1374, 4, 5.000720, 210004382, 1.000021, 27087, 27087, 27087, 0, 6772, 0, 0, 0, 0, 0, 0, 29560204, 27086.434796, 27086.434796, 0.000000
1374, 5, 6.000724, 210000846, 1.000004, 27040, 27040, 27044, 0, 6761, 0, 0, 0, 0, 0, 0, 29829391, 27039.891068, 27043.891052, 0.000000
1374, 6, 7.000804, 210016697, 1.000080, 27171, 27171, 27165, 0, 6791, 0, 0, 0, 0, 0, 0, 29727389, 27168.839818, 27162.840296, 0.000000
1374, 7, 8.000884, 210016898, 1.000080, 27047, 27047, 27044, 0, 6761, 0, 0, 0, 0, 0, 0, 29418330, 27044.823793, 27041.824035, 0.000000
