ThreadID, cIDX, Time, cycles, deltaT, RX, OnRX, TX, SupTX, OnTX, Idle, OnIdle, Blocked, CacheMiss, CacheHit, CacheWB, CPUIdle, RX/s, TX/s, Sup/s
8398, 0, 0, 0, 0, 0, 0, 0, 0, 0, 0, 0, 0, 0, 0, 0, 0, 0, 0, 0
8398, 0, 1.000026, 210005528, 1.000026, 27190, 27190, 27184, 0, 6796, 0, 0, 1, 645205, 182421722, 256974, 28489134, 27189.284274, 27183.284432, 0.000000
8398, 1, 2.000028, 210000280, 1.000001, 27119, 27119, 27123, 0, 6781, 0, 0, 3, 563061, 182533940, 218372, 28332194, 27118.963841, 27122.963836, 0.000000
8398, 2, 3.000069, 210008646, 1.000041, 27111, 27111, 27113, 0, 6778, 0, 0, 4, 539533, 182446212, 207297, 28456001, 27109.883847, 27111.883765, 0.000000
8398, 3, 4.000070, 210000283, 1.000001, 27204, 27204, 27200, 0, 6800, 0, 0, 6, 532317, 182498630, 202782, 28370691, 27203.963339, 27199.963345, 0.000000
8398, 4, 5.000120, 210010469, 1.000050, 27146, 27146, 27152, 0, 6788, 0, 0, 4, 524534, 182336114, 199577, 28673671, 27144.646775, 27150.646476, 0.000000
8398, 5, 6.000123, 210000604, 1.000003, 27103, 27103, 27099, 0, 6775, 0, 0, 0, 517552, 182161202, 196011, 29072861, 27102.922047, 27098.922058, 0.000000
8398, 6, 7.000216, 210019637, 1.000094, 27141, 27141, 27149, 0, 6787, 0, 0, 1, 503957, 182170652, 188027, 29029200, 27138.462295, 27146.461547, 0.000000
8398, 7, 8.000218, 210000377, 1.000002, 27197, 27197, 27188, 0, 6797, 0, 0, 0, 499521, 182352868, 186338, 28473720, 27196.951175, 27187.951191, 0.000000
