ThreadID, cIDX, Time, cycles, deltaT, RX, OnRX, TX, SupTX, OnTX, Idle, OnIdle, Blocked, CacheMiss, CacheHit, CacheWB, CPUIdle, RX/s, TX/s, Sup/s
9572, 0, 0, 0, 0, 0, 0, 0, 0, 0, 0, 0, 0, 0, 0, 0, 0, 0, 0, 0
9572, 0, 1.000002, 210000499, 1.000002, 31500, 31500, 31505, 0, 7877, 0, 0, 1, 0, 0, 0, 29062186, 31499.925150, 31504.925138, 0.000000
9572, 1, 2.000125, 210025843, 1.000123, 31693, 31693, 31675, 0, 7918, 0, 0, 11, 0, 0, 0, 28870788, 31689.100279, 31671.102494, 0.000000
9572, 2, 3.000612, 210102283, 1.000487, 31702, 31702, 31709, 0, 7928, 0, 0, 14, 0, 0, 0, 29112544, 31686.566680, 31693.563273, 0.000000
9572, 3, 4.000646, 210007080, 1.000034, 31716, 31716, 31719, 0, 7929, 0, 0, 3, 0, 0, 0, 29107000, 31714.930754, 31717.930653, 0.000000
9572, 4, 5.000934, 210060447, 1.000288, 31720, 31720, 31702, 0, 7926, 0, 0, 5, 0, 0, 0, 29339388, 31710.872252, 31692.877432, 0.000000
9572, 5, 6.001473, 210113117, 1.000539, 31579, 31579, 31578, 0, 7894, 0, 0, 6, 0, 0, 0, 29917969, 31561.999054, 31560.999592, 0.000000
9572, 6, 7.001671, 210041693, 1.000199, 31731, 31731, 31740, 0, 7935, 0, 0, 0, 0, 0, 0, 29619139, 31724.701438, 31733.699652, 0.000000
9572, 7, 8.001681, 210001978, 1.000009, 31647, 31647, 31672, 0, 7918, 0, 0, 0, 0, 0, 0, 29669551, 31646.701918, 31671.701683, 0.000000
