ThreadID, cIDX, Time, cycles, deltaT, RX, OnRX, TX, SupTX, OnTX, Idle, OnIdle, Blocked, CacheMiss, CacheHit, CacheWB, CPUIdle, RX/s, TX/s, Sup/s
1787, 0, 0, 0, 0, 0, 0, 0, 0, 0, 0, 0, 0, 0, 0, 0, 0, 0, 0, 0
1787, 0, 1.000194, 210040747, 1.000194, 27221, 27221, 27221, 0, 6806, 0, 0, 1, 0, 0, 0, 30885769, 27215.719243, 27215.719243, 0.000000
1787, 1, 2.000235, 210008598, 1.000041, 27186, 27186, 27183, 0, 6795, 0, 0, 1, 0, 0, 0, 30928827, 27184.886973, 27181.887096, 0.000000
1787, 2, 3.000406, 210035831, 1.000171, 27118, 27118, 27124, 0, 6781, 0, 0, 6, 0, 0, 0, 31085482, 27113.373813, 27119.372789, 0.000000
1787, 3, 4.000477, 210014895, 1.000071, 27159, 27159, 27152, 0, 6788, 0, 0, 0, 0, 0, 0, 31236014, 27157.073788, 27150.074284, 0.000000
1787, 4, 5.000496, 210004105, 1.000020, 27101, 27101, 27108, 0, 6777, 0, 0, 8, 0, 0, 0, 31357108, 27100.470250, 27107.470114, 0.000000
1787, 5, 6.000499, 210000626, 1.000003, 27113, 27113, 27113, 0, 6779, 0, 0, 2, 0, 0, 0, 31791235, 27112.919178, 27112.919178, 0.000000
1787, 6, 7.000505, 210001334, 1.000006, 27080, 27080, 27083, 0, 6770, 0, 0, 1, 0, 0, 0, 31607744, 27079.827979, 27082.827960, 0.000000
1787, 7, 8.000533, 210005790, 1.000028, 27136, 27136, 27136, 0, 6784, 0, 0, 0, 0, 0, 0, 31397798, 27135.251842, 27135.251842, 0.000000
