ThreadID, cIDX, Time, cycles, deltaT, RX, OnRX, TX, SupTX, OnTX, Idle, OnIdle, Blocked, CacheMiss, CacheHit, CacheWB, CPUIdle, RX/s, TX/s, Sup/s
875, 0, 0, 0, 0, 0, 0, 0, 0, 0, 0, 0, 0, 0, 0, 0, 0, 0, 0, 0
875, 0, 1.000019, 210003964, 1.000019, 27237, 27237, 27232, 0, 6808, 0, 0, 0, 0, 0, 0, 26493573, 27236.485879, 27231.485973, 0.000000
875, 1, 2.000065, 210009729, 1.000046, 27184, 27184, 27185, 0, 6797, 0, 0, 0, 0, 0, 0, 26676850, 27182.740662, 27183.740616, 0.000000
875, 2, 3.000172, 210022439, 1.000107, 27077, 27077, 27083, 0, 6770, 0, 0, 1, 0, 0, 0, 26871885, 27074.107067, 27080.106426, 0.000000
875, 3, 4.000221, 210010271, 1.000049, 27182, 27182, 27180, 0, 6795, 0, 0, 0, 0, 0, 0, 26774632, 27180.670606, 27178.670704, 0.000000
875, 4, 5.000450, 210048010, 1.000229, 27062, 27062, 27056, 0, 6764, 0, 0, 0, 0, 0, 0, 27120356, 27055.814525, 27049.815897, 0.000000
875, 5, 6.000469, 210004033, 1.000019, 27067, 27067, 27077, 0, 6770, 0, 0, 0, 0, 0, 0, 27447420, 27066.480195, 27076.480003, 0.000000
875, 6, 7.000681, 210044499, 1.000212, 27145, 27145, 27143, 0, 6785, 0, 0, 0, 0, 0, 0, 27501209, 27139.249193, 27137.249617, 0.000000
875, 7, 8.000683, 210000512, 1.000002, 27069, 27069, 27064, 0, 6766, 0, 0, 0, 0, 0, 0, 27219706, 27068.934003, 27063.934016, 0.000000
