ThreadID, cIDX, Time, cycles, deltaT, RX, OnRX, TX, SupTX, OnTX, Idle, OnIdle, Blocked, CacheMiss, CacheHit, CacheWB, CPUIdle, RX/s, TX/s, Sup/s
2757, 0, 0, 0, 0, 0, 0, 0, 0, 0, 0, 0, 0, 0, 0, 0, 0, 0, 0, 0
2757, 0, 1.000008, 210001646, 1.000008, 31501, 31501, 31507, 0, 7877, 0, 0, 1, 658550, 182097523, 271350, 29103945, 31500.753094, 31506.753047, 0.000000
2757, 1, 2.000018, 210002095, 1.000010, 31641, 31641, 31630, 0, 7908, 0, 0, 6, 568715, 182217432, 227841, 28894093, 31640.684347, 31629.684456, 0.000000
2757, 2, 3.000032, 210003081, 1.000015, 31683, 31683, 31671, 0, 7917, 0, 0, 5, 556400, 182150759, 224812, 28979604, 31682.535172, 31670.535348, 0.000000
2757, 3, 4.000037, 210000968, 1.000005, 31653, 31653, 31663, 0, 7916, 0, 0, 6, 533863, 182097447, 213668, 29131823, 31652.854095, 31662.854049, 0.000000
2757, 4, 5.000146, 210022899, 1.000109, 31688, 31688, 31681, 0, 7920, 0, 0, 7, 522487, 181955468, 206649, 29484008, 31684.545027, 31677.545790, 0.000000
2757, 5, 6.000196, 210010516, 1.000050, 31613, 31613, 31633, 0, 7909, 0, 0, 1, 514226, 181655903, 201968, 30080610, 31611.417021, 31631.416019, 0.000000
2757, 6, 7.000338, 210029673, 1.000141, 31540, 31540, 31519, 0, 7879, 0, 0, 5, 508767, 181803833, 201435, 29783501, 31535.544028, 31514.546995, 0.000000
2757, 7, 8.000555, 210045612, 1.000217, 31761, 31761, 31761, 0, 7941, 0, 0, 1, 506653, 181906080, 199979, 29649267, 31754.103009, 31754.103009, 0.000000
