ThreadID, cIDX, Time, cycles, deltaT, RX, OnRX, TX, SupTX, OnTX, Idle, OnIdle, Blocked, CacheMiss, CacheHit, CacheWB, CPUIdle, RX/s, TX/s, Sup/s
10846, 0, 0, 0, 0, 0, 0, 0, 0, 0, 0, 0, 0, 0, 0, 0, 0, 0, 0, 0
10846, 0, 1.000029, 210006183, 1.000029, 27190, 27190, 27188, 0, 6797, 0, 0, 0, 0, 0, 0, 29047932, 27189.199472, 27187.199531, 0.000000
10846, 1, 2.000031, 210000372, 1.000002, 27162, 27162, 27159, 0, 6790, 0, 0, 3, 0, 0, 0, 29065932, 27161.951885, 27158.951890, 0.000000
10846, 2, 3.000038, 210001347, 1.000006, 27155, 27155, 27159, 0, 6790, 0, 0, 8, 0, 0, 0, 29277799, 27154.825821, 27158.825796, 0.000000
10846, 3, 4.000133, 210020040, 1.000095, 27192, 27192, 27190, 0, 6797, 0, 0, 3, 0, 0, 0, 29158630, 27189.405354, 27187.405545, 0.000000
10846, 4, 5.000406, 210057331, 1.000273, 27113, 27113, 27120, 0, 6780, 0, 0, 3, 0, 0, 0, 29502049, 27105.600042, 27112.598132, 0.000000
10846, 5, 6.000438, 210006651, 1.000032, 27098, 27098, 27098, 0, 6775, 0, 0, 2, 0, 0, 0, 29902629, 27097.141795, 27097.141795, 0.000000
10846, 6, 7.000601, 210034319, 1.000163, 27107, 27107, 27098, 0, 6774, 0, 0, 0, 0, 0, 0, 29712337, 27102.570795, 27093.572265, 0.000000
10846, 7, 8.000627, 210005359, 1.000026, 27112, 27112, 27109, 0, 6778, 0, 0, 0, 0, 0, 0, 29716010, 27111.308145, 27108.308222, 0.000000
