ThreadID, cIDX, Time, cycles, deltaT, RX, OnRX, TX, SupTX, OnTX, Idle, OnIdle, Blocked, CacheMiss, CacheHit, CacheWB, CPUIdle, RX/s, TX/s, Sup/s
750, 0, 0, 0, 0, 0, 0, 0, 0, 0, 0, 0, 0, 0, 0, 0, 0, 0, 0, 0
750, 0, 1.000045, 210009512, 1.000045, 27300, 27300, 27300, 0, 6825, 0, 0, 0, 0, 0, 0, 26804322, 27298.763496, 27298.763496, 0.000000
750, 1, 2.000089, 210009159, 1.000044, 27104, 27104, 27108, 0, 6777, 0, 0, 0, 0, 0, 0, 26717999, 27102.817930, 27106.817756, 0.000000
750, 2, 3.000201, 210023536, 1.000112, 27084, 27084, 27076, 0, 6769, 0, 0, 0, 0, 0, 0, 27034642, 27080.964869, 27072.965765, 0.000000
750, 3, 4.000253, 210011019, 1.000052, 27228, 27228, 27232, 0, 6808, 0, 0, 0, 0, 0, 0, 27005963, 27226.571383, 27230.571173, 0.000000
750, 4, 5.000262, 210001777, 1.000008, 27128, 27128, 27120, 0, 6780, 0, 0, 0, 0, 0, 0, 27412192, 27127.770447, 27119.770515, 0.000000
750, 5, 6.000356, 210019717, 1.000094, 27056, 27056, 27064, 0, 6766, 0, 0, 0, 0, 0, 0, 27627251, 27053.459938, 27061.459187, 0.000000
750, 6, 7.000376, 210004300, 1.000020, 27201, 27201, 27200, 0, 6800, 0, 0, 0, 0, 0, 0, 27436522, 27200.443039, 27199.443059, 0.000000
750, 7, 8.000380, 210000702, 1.000003, 27109, 27109, 27108, 0, 6777, 0, 0, 0, 0, 0, 0, 27391846, 27108.909379, 27107.909382, 0.000000
