ThreadID, cIDX, Time, cycles, deltaT, RX, OnRX, TX, SupTX, OnTX, Idle, OnIdle, Blocked, CacheMiss, CacheHit, CacheWB, CPUIdle, RX/s, TX/s, Sup/s
9382, 0, 0, 0, 0, 0, 0, 0, 0, 0, 0, 0, 0, 0, 0, 0, 0, 0, 0, 0
9382, 0, 1.000053, 210011196, 1.000053, 31664, 31664, 31668, 0, 7917, 0, 0, 1, 0, 0, 0, 28473079, 31662.311946, 31666.311733, 0.000000
9382, 1, 2.000626, 210120214, 1.000572, 31698, 31698, 31680, 0, 7920, 0, 0, 10, 0, 0, 0, 28348990, 31679.864937, 31661.875235, 0.000000
9382, 2, 3.000710, 210017697, 1.000084, 31706, 31706, 31709, 0, 7928, 0, 0, 8, 0, 0, 0, 28272153, 31703.328315, 31706.328062, 0.000000
9382, 3, 4.000754, 210009197, 1.000044, 31584, 31584, 31591, 0, 7897, 0, 0, 11, 0, 0, 0, 28264739, 31582.616832, 31589.616525, 0.000000
9382, 4, 5.000765, 210002371, 1.000011, 31647, 31647, 31647, 0, 7912, 0, 0, 4, 0, 0, 0, 28490128, 31646.642694, 31646.642694, 0.000000
9382, 5, 6.000770, 210001100, 1.000005, 31704, 31704, 31707, 0, 7927, 0, 0, 4, 0, 0, 0, 29022559, 31703.833932, 31706.833917, 0.000000
9382, 6, 7.000936, 210034882, 1.000166, 31683, 31683, 31682, 0, 7920, 0, 0, 1, 0, 0, 0, 28935263, 31677.738177, 31676.738343, 0.000000
9382, 7, 8.000960, 210004919, 1.000023, 31632, 31632, 31648, 0, 7912, 0, 0, 1, 0, 0, 0, 28780698, 31631.259075, 31647.258701, 0.000000
