ThreadID, cIDX, Time, cycles, deltaT, RX, OnRX, TX, SupTX, OnTX, Idle, OnIdle, Blocked, CacheMiss, CacheHit, CacheWB, CPUIdle, RX/s, TX/s, Sup/s
9244, 0, 0, 0, 0, 0, 0, 0, 0, 0, 0, 0, 0, 0, 0, 0, 0, 0, 0, 0
9244, 0, 1.000020, 210004138, 1.000020, 27252, 27252, 27254, 0, 6814, 0, 0, 1, 0, 0, 0, 29825709, 27251.463016, 27253.462977, 0.000000
9244, 1, 2.000024, 210000932, 1.000004, 27160, 27160, 27162, 0, 6790, 0, 0, 8, 0, 0, 0, 29617867, 27159.879462, 27161.879453, 0.000000
9244, 2, 3.000074, 210010562, 1.000050, 27115, 27115, 27120, 0, 6780, 0, 0, 7, 0, 0, 0, 29888367, 27113.636313, 27118.636062, 0.000000
9244, 3, 4.000085, 210002251, 1.000011, 27179, 27179, 27168, 0, 6792, 0, 0, 5, 0, 0, 0, 29855707, 27178.708670, 27167.708788, 0.000000
9244, 4, 5.000096, 210002289, 1.000011, 27084, 27084, 27086, 0, 6772, 0, 0, 9, 0, 0, 0, 30312919, 27083.704788, 27085.704766, 0.000000
9244, 5, 6.000217, 210025389, 1.000121, 27047, 27047, 27050, 0, 6762, 0, 0, 3, 0, 0, 0, 30222553, 27043.730413, 27046.730050, 0.000000
9244, 6, 7.000224, 210001416, 1.000007, 27160, 27160, 27152, 0, 6788, 0, 0, 5, 0, 0, 0, 30452300, 27159.816865, 27151.816919, 0.000000
9244, 7, 8.000238, 210003048, 1.000015, 27062, 27062, 27072, 0, 6768, 0, 0, 0, 0, 0, 0, 30171590, 27061.607220, 27071.607075, 0.000000
