ThreadID, cIDX, Time, cycles, deltaT, RX, OnRX, TX, SupTX, OnTX, Idle, OnIdle, Blocked, CacheMiss, CacheHit, CacheWB, CPUIdle, RX/s, TX/s, Sup/s
9969, 0, 0, 0, 0, 0, 0, 0, 0, 0, 0, 0, 0, 0, 0, 0, 0, 0, 0, 0
9969, 0, 1.000441, 210092632, 1.000441, 31666, 31666, 31653, 0, 7914, 0, 0, 1, 0, 0, 0, 30769567, 31652.038135, 31639.043867, 0.000000
9969, 1, 2.000513, 210015110, 1.000072, 31639, 31639, 31641, 0, 7910, 0, 0, 6, 0, 0, 0, 30757120, 31636.723662, 31638.723519, 0.000000
9969, 2, 3.000520, 210001545, 1.000007, 31650, 31650, 31658, 0, 7914, 0, 0, 9, 0, 0, 0, 30963798, 31649.767148, 31657.767089, 0.000000
9969, 3, 4.000548, 210005871, 1.000028, 31694, 31694, 31688, 0, 7922, 0, 0, 9, 0, 0, 0, 31031325, 31693.113951, 31687.114119, 0.000000
9969, 4, 5.000555, 210001353, 1.000006, 31683, 31683, 31696, 0, 7924, 0, 0, 10, 0, 0, 0, 31338863, 31682.795872, 31695.795789, 0.000000
9969, 5, 6.000576, 210004512, 1.000021, 31592, 31592, 31572, 0, 7893, 0, 0, 0, 0, 0, 0, 31703900, 31591.321238, 31571.321668, 0.000000
9969, 6, 7.000841, 210055621, 1.000265, 31610, 31610, 31612, 0, 7903, 0, 0, 0, 0, 0, 0, 31451879, 31601.629932, 31603.629403, 0.000000
9969, 7, 8.000907, 210013865, 1.000066, 31733, 31733, 31732, 0, 7933, 0, 0, 0, 0, 0, 0, 31356344, 31730.905005, 31729.905071, 0.000000
