ThreadID, cIDX, Time, cycles, deltaT, RX, OnRX, TX, SupTX, OnTX, Idle, OnIdle, Blocked, CacheMiss, CacheHit, CacheWB, CPUIdle, RX/s, TX/s, Sup/s
9007, 0, 0, 0, 0, 0, 0, 0, 0, 0, 0, 0, 0, 0, 0, 0, 0, 0, 0, 0
9007, 0, 1.000018, 210003778, 1.000018, 27257, 27257, 27253, 0, 6814, 0, 0, 0, 0, 0, 0, 27791162, 27256.509642, 27252.509714, 0.000000
9007, 1, 2.000113, 210019921, 1.000095, 27101, 27101, 27107, 0, 6776, 0, 0, 7, 0, 0, 0, 27619311, 27098.429391, 27104.428822, 0.000000
9007, 2, 3.000115, 210000458, 1.000002, 27139, 27139, 27140, 0, 6785, 0, 0, 2, 0, 0, 0, 27781938, 27138.940811, 27139.940809, 0.000000
9007, 3, 4.000160, 210009422, 1.000045, 27185, 27185, 27177, 0, 6795, 0, 0, 0, 0, 0, 0, 27672915, 27183.780354, 27175.780713, 0.000000
9007, 4, 5.000237, 210016155, 1.000077, 27103, 27103, 27111, 0, 6777, 0, 0, 2, 0, 0, 0, 28387580, 27100.915165, 27108.914550, 0.000000
9007, 5, 6.000248, 210002377, 1.000011, 27101, 27101, 27105, 0, 6777, 0, 0, 0, 0, 0, 0, 28382532, 27100.693246, 27104.693201, 0.000000
9007, 6, 7.000265, 210003559, 1.000017, 27184, 27184, 27187, 0, 6796, 0, 0, 0, 0, 0, 0, 28341449, 27183.539304, 27186.539253, 0.000000
9007, 7, 8.000336, 210014872, 1.000071, 27095, 27095, 27088, 0, 6772, 0, 0, 0, 0, 0, 0, 28418551, 27093.081294, 27086.081789, 0.000000
