ThreadID, cIDX, Time, cycles, deltaT, RX, OnRX, TX, SupTX, OnTX, Idle, OnIdle, Blocked, CacheMiss, CacheHit, CacheWB, CPUIdle, RX/s, TX/s, Sup/s
9180, 0, 0, 0, 0, 0, 0, 0, 0, 0, 0, 0, 0, 0, 0, 0, 0, 0, 0, 0
9180, 0, 1.000011, 210002366, 1.000011, 27272, 27272, 27273, 0, 6819, 0, 0, 0, 0, 0, 0, 29022560, 27271.692739, 27272.692728, 0.000000
9180, 1, 2.000072, 210012818, 1.000061, 27153, 27153, 27147, 0, 6786, 0, 0, 7, 0, 0, 0, 28949986, 27151.342734, 27145.343100, 0.000000
9180, 2, 3.000094, 210004528, 1.000022, 27118, 27118, 27121, 0, 6781, 0, 0, 4, 0, 0, 0, 29160619, 27117.415297, 27120.415232, 0.000000
9180, 3, 4.000099, 210001129, 1.000005, 27179, 27179, 27191, 0, 6797, 0, 0, 2, 0, 0, 0, 29048279, 27178.853881, 27190.853817, 0.000000
9180, 4, 5.000148, 210010175, 1.000048, 27092, 27092, 27092, 0, 6773, 0, 0, 0, 0, 0, 0, 29602694, 27090.687392, 27090.687392, 0.000000
9180, 5, 6.000152, 210000929, 1.000004, 27027, 27027, 27019, 0, 6755, 0, 0, 0, 0, 0, 0, 29675244, 27026.880438, 27018.880474, 0.000000
9180, 6, 7.000332, 210037838, 1.000180, 27169, 27169, 27157, 0, 6789, 0, 0, 1, 0, 0, 0, 29745819, 27164.105546, 27152.107707, 0.000000
9180, 7, 8.000345, 210002751, 1.000013, 27056, 27056, 27068, 0, 6767, 0, 0, 0, 0, 0, 0, 29547363, 27055.645571, 27067.645414, 0.000000
