ThreadID, cIDX, Time, cycles, deltaT, RX, OnRX, TX, SupTX, OnTX, Idle, OnIdle, Blocked, CacheMiss, CacheHit, CacheWB, CPUIdle, RX/s, TX/s, Sup/s
2811, 0, 0, 0, 0, 0, 0, 0, 0, 0, 0, 0, 0, 0, 0, 0, 0, 0, 0, 0
2811, 0, 1.000006, 210001307, 1.000006, 26133, 26133, 26139, 0, 6819, 0, 0, 0, 0, 0, 0, 30832262, 26132.837354, 26138.837317, 0.000000
2811, 1, 2.000008, 210000447, 1.000002, 25998, 25998, 25997, 0, 6783, 0, 0, 3, 0, 0, 0, 30658341, 25997.944662, 25996.944664, 0.000000
2811, 2, 3.000065, 210011858, 1.000056, 25976, 25976, 25974, 0, 6775, 0, 0, 4, 0, 0, 0, 30803835, 25974.533305, 25972.533418, 0.000000
2811, 3, 4.000420, 210074518, 1.000355, 26000, 26000, 25998, 0, 6783, 0, 0, 3, 0, 0, 0, 30932902, 25990.777235, 25988.777944, 0.000000
2811, 4, 5.000461, 210008642, 1.000041, 26082, 26082, 26086, 0, 6805, 0, 0, 6, 0, 0, 0, 31124588, 26080.926708, 26084.926543, 0.000000
2811, 5, 6.000464, 210000657, 1.000003, 25929, 25929, 25926, 0, 6763, 0, 0, 7, 0, 0, 0, 31687612, 25928.918880, 25925.918889, 0.000000
2811, 6, 7.000654, 210039809, 1.000190, 26036, 26036, 26027, 0, 6789, 0, 0, 1, 0, 0, 0, 31526800, 26031.065378, 26022.067083, 0.000000
2811, 7, 8.000682, 210005948, 1.000028, 25994, 25994, 26000, 0, 6785, 0, 0, 1, 0, 0, 0, 31388416, 25993.263772, 25999.263602, 0.000000
