ThreadID, cIDX, Time, cycles, deltaT, RX, OnRX, TX, SupTX, OnTX, Idle, OnIdle, Blocked, CacheMiss, CacheHit, CacheWB, CPUIdle, RX/s, TX/s, Sup/s
9927, 0, 0, 0, 0, 0, 0, 0, 0, 0, 0, 0, 0, 0, 0, 0, 0, 0, 0, 0
9927, 0, 1.000308, 210064725, 1.000308, 30469, 30469, 30467, 0, 7898, 0, 0, 0, 653200, 182151127, 270615, 29055322, 30459.611912, 30457.612529, 0.000000
9927, 1, 2.000413, 210021964, 1.000105, 30554, 30554, 30539, 0, 7919, 0, 0, 12, 564291, 182160848, 231895, 29067976, 30550.804677, 30535.806245, 0.000000
9927, 2, 3.000428, 210003136, 1.000015, 30569, 30569, 30568, 0, 7926, 0, 0, 7, 541172, 182094707, 219088, 29110877, 30568.543510, 30567.543525, 0.000000
9927, 3, 4.000430, 210000388, 1.000002, 30517, 30517, 30529, 0, 7914, 0, 0, 10, 525415, 182048998, 211015, 29216091, 30516.943616, 30528.943594, 0.000000
9927, 4, 5.000439, 210001931, 1.000009, 30571, 30571, 30579, 0, 7928, 0, 0, 8, 517017, 181903424, 206089, 29603775, 30570.718895, 30578.718821, 0.000000
9927, 5, 6.000446, 210001545, 1.000007, 30464, 30464, 30463, 0, 7897, 0, 0, 7, 508224, 181708667, 202480, 29898042, 30463.775874, 30462.775881, 0.000000
9927, 6, 7.000458, 210002545, 1.000012, 30537, 30537, 30522, 0, 7915, 0, 0, 1, 510665, 181836166, 202123, 29743166, 30536.629925, 30521.630107, 0.000000
9927, 7, 8.000470, 210002526, 1.000012, 30547, 30547, 30555, 0, 7921, 0, 0, 0, 510984, 181949623, 203224, 29506402, 30546.632568, 30554.632471, 0.000000
