ThreadID, cIDX, Time, cycles, deltaT, RX, OnRX, TX, SupTX, OnTX, Idle, OnIdle, Blocked, CacheMiss, CacheHit, CacheWB, CPUIdle, RX/s, TX/s, Sup/s
350, 0, 0, 0, 0, 0, 0, 0, 0, 0, 0, 0, 0, 0, 0, 0, 0, 0, 0, 0
350, 0, 1.000013, 210002697, 1.000013, 27291, 27291, 27293, 0, 6824, 0, 0, 0, 0, 0, 0, 26688632, 27290.649510, 27292.649484, 0.000000
350, 1, 2.000018, 210001188, 1.000006, 27100, 27100, 27097, 0, 6774, 0, 0, 3, 0, 0, 0, 26738503, 27099.846692, 27096.846709, 0.000000
350, 2, 3.000130, 210023434, 1.000112, 27097, 27097, 27098, 0, 6774, 0, 0, 1, 0, 0, 0, 26875507, 27093.976570, 27094.976459, 0.000000
350, 3, 4.000180, 210010458, 1.000050, 27187, 27187, 27188, 0, 6797, 0, 0, 0, 0, 0, 0, 26637334, 27185.646155, 27186.646105, 0.000000
350, 4, 5.000189, 210001810, 1.000009, 27137, 27137, 27136, 0, 6784, 0, 0, 0, 0, 0, 0, 27130014, 27136.766107, 27135.766116, 0.000000
350, 5, 6.000362, 210036388, 1.000173, 27082, 27082, 27084, 0, 6771, 0, 0, 0, 0, 0, 0, 27371202, 27077.308147, 27079.307801, 0.000000
350, 6, 7.000388, 210005518, 1.000026, 27129, 27129, 27124, 0, 6781, 0, 0, 0, 0, 0, 0, 27557285, 27128.287172, 27123.287303, 0.000000
350, 7, 8.000393, 210001035, 1.000005, 27168, 27168, 27169, 0, 6793, 0, 0, 0, 0, 0, 0, 27293489, 27167.866101, 27168.866096, 0.000000
