ThreadID, cIDX, Time, cycles, deltaT, RX, OnRX, TX, SupTX, OnTX, Idle, OnIdle, Blocked, CacheMiss, CacheHit, CacheWB, CPUIdle, RX/s, TX/s, Sup/s
1933, 0, 0, 0, 0, 0, 0, 0, 0, 0, 0, 0, 0, 0, 0, 0, 0, 0, 0, 0
1933, 0, 1.000004, 210000743, 1.000004, 26125, 26125, 26129, 0, 6817, 0, 0, 0, 640808, 182072781, 263110, 31736895, 26124.907568, 26128.907553, 0.000000
1933, 1, 2.000047, 210009079, 1.000043, 26060, 26060, 26053, 0, 6796, 0, 0, 3, 573533, 182169484, 230698, 31615250, 26058.873388, 26051.873691, 0.000000
1933, 2, 3.000063, 210003466, 1.000017, 25982, 25982, 25988, 0, 6781, 0, 0, 0, 561779, 182037601, 225079, 31853003, 25981.571180, 25987.571081, 0.000000
1933, 3, 4.000154, 210018973, 1.000090, 26008, 26008, 26007, 0, 6784, 0, 0, 0, 541604, 182009028, 214349, 31987896, 26005.650451, 26004.650542, 0.000000
1933, 4, 5.000207, 210011133, 1.000053, 25933, 25933, 25931, 0, 6764, 0, 0, 0, 525356, 181886651, 205649, 32257576, 25931.625253, 25929.625359, 0.000000
1933, 5, 6.000235, 210006036, 1.000029, 26012, 26012, 26017, 0, 6786, 0, 0, 1, 511857, 181674753, 200877, 32604065, 26011.252362, 26016.252219, 0.000000
1933, 6, 7.000248, 210002675, 1.000013, 25913, 25913, 25906, 0, 6758, 0, 0, 0, 512723, 181774172, 201528, 32428977, 25912.669922, 25905.670011, 0.000000
1933, 7, 8.000259, 210002373, 1.000011, 25983, 25983, 25993, 0, 6783, 0, 0, 0, 513475, 181862004, 201189, 32369327, 25982.706395, 25992.706282, 0.000000
