ThreadID, cIDX, Time, cycles, deltaT, RX, OnRX, TX, SupTX, OnTX, Idle, OnIdle, Blocked, CacheMiss, CacheHit, CacheWB, CPUIdle, RX/s, TX/s, Sup/s
2404, 0, 0, 0, 0, 0, 0, 0, 0, 0, 0, 0, 0, 0, 0, 0, 0, 0, 0, 0
2404, 0, 1.000002, 210000453, 1.000002, 31572, 31572, 31569, 0, 7893, 0, 0, 2, 0, 0, 0, 28740830, 31571.931895, 31568.931901, 0.000000
2404, 1, 2.000576, 210120481, 1.000574, 31636, 31636, 31647, 0, 7911, 0, 0, 3, 0, 0, 0, 28874107, 31617.860231, 31628.853924, 0.000000
2404, 2, 3.000577, 210000274, 1.000001, 31655, 31655, 31654, 0, 7914, 0, 0, 6, 0, 0, 0, 29103926, 31654.958698, 31653.958699, 0.000000
2404, 3, 4.000579, 210000420, 1.000002, 31700, 31700, 31701, 0, 7925, 0, 0, 10, 0, 0, 0, 29144028, 31699.936600, 31700.936598, 0.000000
2404, 4, 5.000582, 210000627, 1.000003, 31683, 31683, 31684, 0, 7921, 0, 0, 7, 0, 0, 0, 29195222, 31682.905404, 31683.905401, 0.000000
2404, 5, 6.000589, 210001397, 1.000007, 31599, 31599, 31596, 0, 7899, 0, 0, 3, 0, 0, 0, 29734323, 31598.789793, 31595.789813, 0.000000
2404, 6, 7.000772, 210038448, 1.000183, 31605, 31605, 31585, 0, 7896, 0, 0, 4, 0, 0, 0, 29668619, 31599.214635, 31579.218296, 0.000000
2404, 7, 8.000783, 210002230, 1.000011, 31736, 31736, 31737, 0, 7935, 0, 0, 2, 0, 0, 0, 29564544, 31735.662997, 31736.662987, 0.000000
