ThreadID, cIDX, Time, cycles, deltaT, RX, OnRX, TX, SupTX, OnTX, Idle, OnIdle, Blocked, CacheMiss, CacheHit, CacheWB, CPUIdle, RX/s, TX/s, Sup/s
806, 0, 0, 0, 0, 0, 0, 0, 0, 0, 0, 0, 0, 0, 0, 0, 0, 0, 0, 0
806, 0, 1.000033, 210006897, 1.000033, 31535, 31535, 31540, 0, 7885, 0, 0, 0, 0, 0, 0, 25877606, 31533.964335, 31538.964170, 0.000000
806, 1, 2.000202, 210035451, 1.000169, 31716, 31716, 31696, 0, 7924, 0, 0, 0, 0, 0, 0, 25895038, 31710.646790, 31690.650166, 0.000000
806, 2, 3.000203, 210000344, 1.000002, 31714, 31714, 31728, 0, 7932, 0, 0, 0, 0, 0, 0, 26145121, 31713.948050, 31727.948027, 0.000000
806, 3, 4.000208, 210001018, 1.000005, 31588, 31588, 31604, 0, 7901, 0, 0, 1, 0, 0, 0, 26024225, 31587.846874, 31603.846797, 0.000000
806, 4, 5.000467, 210054359, 1.000259, 31653, 31653, 31620, 0, 7905, 0, 0, 0, 0, 0, 0, 26403370, 31644.808666, 31611.817206, 0.000000
806, 5, 6.000706, 210050119, 1.000239, 31712, 31712, 31716, 0, 7929, 0, 0, 0, 0, 0, 0, 26704947, 31704.433360, 31708.432405, 0.000000
806, 6, 7.000721, 210003249, 1.000015, 31617, 31617, 31636, 0, 7909, 0, 0, 1, 0, 0, 0, 26612373, 31616.510847, 31635.510553, 0.000000
806, 7, 8.000722, 210000229, 1.000001, 31571, 31571, 31575, 0, 7894, 0, 0, 0, 0, 0, 0, 26242652, 31570.965573, 31574.965568, 0.000000
