ThreadID, cIDX, Time, cycles, deltaT, RX, OnRX, TX, SupTX, OnTX, Idle, OnIdle, Blocked, CacheMiss, CacheHit, CacheWB, CPUIdle, RX/s, TX/s, Sup/s
9569, 0, 0, 0, 0, 0, 0, 0, 0, 0, 0, 0, 0, 0, 0, 0, 0, 0, 0, 0
9569, 0, 1.000001, 210000211, 1.000001, 31677, 31677, 31687, 0, 7922, 0, 0, 1, 0, 0, 0, 29062480, 31676.968172, 31686.968162, 0.000000
9569, 1, 2.000156, 210032622, 1.000155, 31684, 31684, 31670, 0, 7918, 0, 0, 9, 0, 0, 0, 28875667, 31679.078881, 31665.081056, 0.000000
9569, 2, 3.000337, 210037917, 1.000181, 31648, 31648, 31659, 0, 7914, 0, 0, 11, 0, 0, 0, 29062835, 31642.286759, 31653.284773, 0.000000
9569, 3, 4.000497, 210033682, 1.000160, 31730, 31730, 31717, 0, 7930, 0, 0, 17, 0, 0, 0, 29139926, 31724.911626, 31711.913711, 0.000000
9569, 4, 5.000615, 210024771, 1.000118, 31603, 31603, 31607, 0, 7901, 0, 0, 3, 0, 0, 0, 29344773, 31599.272640, 31603.272168, 0.000000
9569, 5, 6.001003, 210081443, 1.000388, 31634, 31634, 31618, 0, 7905, 0, 0, 11, 0, 0, 0, 29914803, 31621.736338, 31605.742541, 0.000000
9569, 6, 7.001069, 210013838, 1.000066, 31713, 31713, 31714, 0, 7928, 0, 0, 0, 0, 0, 0, 29611530, 31710.910402, 31711.910336, 0.000000
9569, 7, 8.001081, 210002506, 1.000012, 31650, 31650, 31673, 0, 7919, 0, 0, 2, 0, 0, 0, 29668883, 31649.622315, 31672.622040, 0.000000
