ThreadID, cIDX, Time, cycles, deltaT, RX, OnRX, TX, SupTX, OnTX, Idle, OnIdle, Blocked, CacheMiss, CacheHit, CacheWB, CPUIdle, RX/s, TX/s, Sup/s
294, 0, 0, 0, 0, 0, 0, 0, 0, 0, 0, 0, 0, 0, 0, 0, 0, 0, 0, 0
294, 0, 1.000009, 210001907, 1.000009, 31505, 31505, 31492, 0, 7873, 0, 0, 1, 0, 0, 0, 25838641, 31504.713907, 31491.714025, 0.000000
294, 1, 2.000185, 210036986, 1.000176, 31677, 31677, 31673, 0, 7919, 0, 0, 2, 0, 0, 0, 25865437, 31671.421909, 31667.422613, 0.000000
294, 2, 3.000189, 210000882, 1.000004, 31701, 31701, 31730, 0, 7932, 0, 0, 2, 0, 0, 0, 26054302, 31700.866856, 31729.866735, 0.000000
294, 3, 4.000194, 210001020, 1.000005, 31691, 31691, 31687, 0, 7922, 0, 0, 0, 0, 0, 0, 25889555, 31690.846073, 31686.846092, 0.000000
294, 4, 5.000303, 210022808, 1.000109, 31629, 31629, 31606, 0, 7901, 0, 0, 0, 0, 0, 0, 26101691, 31625.565162, 31602.567660, 0.000000
294, 5, 6.000308, 210001116, 1.000005, 31631, 31631, 31656, 0, 7914, 0, 0, 1, 0, 0, 0, 26552455, 31630.831905, 31655.831772, 0.000000
294, 6, 7.000723, 210087152, 1.000415, 31629, 31629, 31602, 0, 7901, 0, 0, 0, 0, 0, 0, 26577379, 31615.879109, 31588.890310, 0.000000
294, 7, 8.000744, 210004406, 1.000021, 31602, 31602, 31630, 0, 7907, 0, 0, 2, 0, 0, 0, 26531219, 31601.336974, 31629.336386, 0.000000
