ThreadID, cIDX, Time, cycles, deltaT, RX, OnRX, TX, SupTX, OnTX, Idle, OnIdle, Blocked, CacheMiss, CacheHit, CacheWB, CPUIdle, RX/s, TX/s, Sup/s
2192, 0, 0, 0, 0, 0, 0, 0, 0, 0, 0, 0, 0, 0, 0, 0, 0, 0, 0, 0
2192, 0, 1.000004, 210000794, 1.000004, 30599, 30599, 30593, 0, 7933, 0, 0, 1, 0, 0, 0, 29766549, 30598.884307, 30592.884330, 0.000000
2192, 1, 2.000015, 210002443, 1.000012, 30569, 30569, 30585, 0, 7928, 0, 0, 2, 0, 0, 0, 29712311, 30568.644385, 30584.644199, 0.000000
2192, 2, 3.000071, 210011655, 1.000055, 30571, 30571, 30551, 0, 7922, 0, 0, 1, 0, 0, 0, 29973138, 30569.303404, 30549.304514, 0.000000
2192, 3, 4.000131, 210012721, 1.000061, 30485, 30485, 30485, 0, 7903, 0, 0, 11, 0, 0, 0, 30227186, 30483.153447, 30483.153447, 0.000000
2192, 4, 5.000140, 210001703, 1.000008, 30486, 30486, 30493, 0, 7904, 0, 0, 3, 0, 0, 0, 30331192, 30485.752775, 30492.752718, 0.000000
2192, 5, 6.000213, 210015402, 1.000073, 30531, 30531, 30519, 0, 7913, 0, 0, 3, 0, 0, 0, 30798564, 30528.760933, 30516.761813, 0.000000
2192, 6, 7.000230, 210003656, 1.000017, 30372, 30372, 30393, 0, 7881, 0, 0, 5, 0, 0, 0, 30589640, 30371.471247, 30392.470882, 0.000000
2192, 7, 8.000254, 210004926, 1.000023, 30492, 30492, 30492, 0, 7905, 0, 0, 3, 0, 0, 0, 30294793, 30491.284762, 30491.284762, 0.000000
