ThreadID, cIDX, Time, cycles, deltaT, RX, OnRX, TX, SupTX, OnTX, Idle, OnIdle, Blocked, CacheMiss, CacheHit, CacheWB, CPUIdle, RX/s, TX/s, Sup/s
151, 0, 0, 0, 0, 0, 0, 0, 0, 0, 0, 0, 0, 0, 0, 0, 0, 0, 0, 0
151, 0, 1.000053, 210011076, 1.000053, 31536, 31536, 31528, 0, 7882, 0, 0, 0, 0, 0, 0, 27382269, 31534.336789, 31526.337211, 0.000000
151, 1, 2.000070, 210003658, 1.000017, 31651, 31651, 31662, 0, 7916, 0, 0, 4, 0, 0, 0, 27434140, 31650.448679, 31661.448488, 0.000000
151, 2, 3.000148, 210016372, 1.000078, 31695, 31695, 31679, 0, 7920, 0, 0, 2, 0, 0, 0, 27625924, 31692.529190, 31676.530437, 0.000000
151, 3, 4.000152, 210000729, 1.000003, 31610, 31610, 31612, 0, 7903, 0, 0, 3, 0, 0, 0, 27398796, 31609.890269, 31611.890262, 0.000000
151, 4, 5.000156, 210000874, 1.000004, 31627, 31627, 31650, 0, 7912, 0, 0, 0, 0, 0, 0, 27722500, 31626.868372, 31649.868276, 0.000000
151, 5, 6.000159, 210000655, 1.000003, 31674, 31674, 31670, 0, 7918, 0, 0, 0, 0, 0, 0, 27959409, 31673.901208, 31669.901220, 0.000000
151, 6, 7.000414, 210053622, 1.000255, 31540, 31540, 31531, 0, 7882, 0, 0, 0, 0, 0, 0, 27945932, 31531.948542, 31522.950840, 0.000000
151, 7, 8.000582, 210035325, 1.000168, 31693, 31693, 31677, 0, 7920, 0, 0, 0, 0, 0, 0, 27634929, 31687.669681, 31671.672372, 0.000000
