ThreadID, cIDX, Time, cycles, deltaT, RX, OnRX, TX, SupTX, OnTX, Idle, OnIdle, Blocked, CacheMiss, CacheHit, CacheWB, CPUIdle, RX/s, TX/s, Sup/s
2842, 0, 0, 0, 0, 0, 0, 0, 0, 0, 0, 0, 0, 0, 0, 0, 0, 0, 0, 0
2842, 0, 1.000195, 210040855, 1.000195, 27210, 27210, 27208, 0, 6802, 0, 0, 1, 0, 0, 0, 29818329, 27204.707389, 27202.707778, 0.000000
2842, 1, 2.000401, 210043312, 1.000206, 27119, 27119, 27124, 0, 6781, 0, 0, 3, 0, 0, 0, 29697325, 27113.407924, 27118.406893, 0.000000
2842, 2, 3.000606, 210043044, 1.000205, 27126, 27126, 27132, 0, 6783, 0, 0, 2, 0, 0, 0, 29735630, 27120.441084, 27126.439855, 0.000000
2842, 3, 4.000671, 210013740, 1.000065, 27226, 27226, 27216, 0, 6804, 0, 0, 9, 0, 0, 0, 29806898, 27224.218758, 27214.219413, 0.000000
2842, 4, 5.000721, 210010489, 1.000050, 27168, 27168, 27168, 0, 6792, 0, 0, 8, 0, 0, 0, 30113799, 27166.643091, 27166.643091, 0.000000
2842, 5, 6.000742, 210004285, 1.000020, 27041, 27041, 27042, 0, 6761, 0, 0, 1, 0, 0, 0, 30658613, 27040.448246, 27041.448226, 0.000000
2842, 6, 7.000856, 210023988, 1.000114, 27198, 27198, 27202, 0, 6800, 0, 0, 1, 0, 0, 0, 30432127, 27194.893566, 27198.893109, 0.000000
2842, 7, 8.000994, 210028958, 1.000138, 27111, 27111, 27108, 0, 6777, 0, 0, 0, 0, 0, 0, 30379158, 27107.262038, 27104.262451, 0.000000
