ThreadID, cIDX, Time, cycles, deltaT, RX, OnRX, TX, SupTX, OnTX, Idle, OnIdle, Blocked, CacheMiss, CacheHit, CacheWB, CPUIdle, RX/s, TX/s, Sup/s
1945, 0, 0, 0, 0, 0, 0, 0, 0, 0, 0, 0, 0, 0, 0, 0, 0, 0, 0, 0
1945, 0, 1.000031, 210006587, 1.000031, 27192, 27192, 27186, 0, 6797, 0, 0, 0, 0, 0, 0, 29885357, 27191.147104, 27185.147293, 0.000000
1945, 1, 2.000053, 210004570, 1.000022, 27155, 27155, 27163, 0, 6791, 0, 0, 5, 0, 0, 0, 29662049, 27154.409068, 27162.408894, 0.000000
1945, 2, 3.000069, 210003416, 1.000016, 27160, 27160, 27151, 0, 6787, 0, 0, 6, 0, 0, 0, 29917479, 27159.558205, 27150.558351, 0.000000
1945, 3, 4.000072, 210000578, 1.000003, 27094, 27094, 27106, 0, 6777, 0, 0, 10, 0, 0, 0, 30028740, 27093.925427, 27105.925394, 0.000000
1945, 4, 5.000087, 210003090, 1.000015, 27145, 27145, 27138, 0, 6784, 0, 0, 0, 0, 0, 0, 30308189, 27144.600587, 27137.600690, 0.000000
1945, 5, 6.000103, 210003371, 1.000016, 27124, 27124, 27124, 0, 6781, 0, 0, 1, 0, 0, 0, 30702254, 27123.564602, 27123.564602, 0.000000
1945, 6, 7.000115, 210002441, 1.000012, 27158, 27158, 27156, 0, 6789, 0, 0, 0, 0, 0, 0, 30566186, 27157.684324, 27155.684347, 0.000000
1945, 7, 8.000132, 210003692, 1.000018, 27136, 27136, 27140, 0, 6785, 0, 0, 0, 0, 0, 0, 30431090, 27135.522932, 27139.522861, 0.000000
