ThreadID, cIDX, Time, cycles, deltaT, RX, OnRX, TX, SupTX, OnTX, Idle, OnIdle, Blocked, CacheMiss, CacheHit, CacheWB, CPUIdle, RX/s, TX/s, Sup/s
2102, 0, 0, 0, 0, 0, 0, 0, 0, 0, 0, 0, 0, 0, 0, 0, 0, 0, 0, 0
2102, 0, 1.000004, 210000925, 1.000004, 31537, 31537, 31546, 0, 7887, 0, 0, 4, 0, 0, 0, 28276062, 31536.861088, 31545.861048, 0.000000
2102, 1, 2.000049, 210009277, 1.000044, 31645, 31645, 31642, 0, 7910, 0, 0, 5, 0, 0, 0, 28146296, 31643.602106, 31640.602239, 0.000000
2102, 2, 3.000468, 210088051, 1.000419, 31669, 31669, 31657, 0, 7915, 0, 0, 9, 0, 0, 0, 28511076, 31655.727055, 31643.732085, 0.000000
2102, 3, 4.000515, 210009951, 1.000047, 31758, 31758, 31756, 0, 7939, 0, 0, 11, 0, 0, 0, 28709281, 31756.495196, 31754.495291, 0.000000
2102, 4, 5.000968, 210095014, 1.000452, 31720, 31720, 31715, 0, 7928, 0, 0, 3, 0, 0, 0, 28845983, 31705.654852, 31700.657113, 0.000000
2102, 5, 6.000977, 210001863, 1.000009, 31604, 31604, 31608, 0, 7902, 0, 0, 3, 0, 0, 0, 29319755, 31603.719630, 31607.719594, 0.000000
2102, 6, 7.001292, 210066293, 1.000316, 31586, 31586, 31576, 0, 7894, 0, 0, 1, 0, 0, 0, 29055366, 31576.032048, 31566.035204, 0.000000
2102, 7, 8.001604, 210065503, 1.000312, 31728, 31728, 31728, 0, 7932, 0, 0, 4, 0, 0, 0, 28822336, 31718.106518, 31718.106518, 0.000000
