ThreadID, cIDX, Time, cycles, deltaT, RX, OnRX, TX, SupTX, OnTX, Idle, OnIdle, Blocked, CacheMiss, CacheHit, CacheWB, CPUIdle, RX/s, TX/s, Sup/s
10396, 0, 0, 0, 0, 0, 0, 0, 0, 0, 0, 0, 0, 0, 0, 0, 0, 0, 0, 0
10396, 0, 1.000501, 210105124, 1.000501, 27249, 27249, 27252, 0, 6813, 0, 0, 1, 0, 0, 0, 29684167, 27235.366235, 27238.364734, 0.000000
10396, 1, 2.000861, 210075627, 1.000360, 27178, 27178, 27171, 0, 6793, 0, 0, 4, 0, 0, 0, 29864643, 27168.215949, 27161.218469, 0.000000
10396, 2, 3.000877, 210003397, 1.000016, 27131, 27131, 27133, 0, 6783, 0, 0, 9, 0, 0, 0, 29875081, 27130.561131, 27132.561099, 0.000000
10396, 3, 4.000961, 210017715, 1.000084, 27162, 27162, 27164, 0, 6791, 0, 0, 0, 0, 0, 0, 30002572, 27159.708885, 27161.708716, 0.000000
10396, 4, 5.000963, 210000336, 1.000002, 27112, 27112, 27108, 0, 6777, 0, 0, 0, 0, 0, 0, 29899850, 27111.956621, 27107.956627, 0.000000
10396, 5, 6.001024, 210012888, 1.000061, 27122, 27122, 27124, 0, 6781, 0, 0, 3, 0, 0, 0, 30510928, 27120.335586, 27122.335464, 0.000000
10396, 6, 7.001029, 210000962, 1.000005, 27087, 27087, 27085, 0, 6772, 0, 0, 0, 0, 0, 0, 30606390, 27086.875916, 27084.875925, 0.000000
10396, 7, 8.001063, 210007220, 1.000034, 27132, 27132, 27139, 0, 6784, 0, 0, 0, 0, 0, 0, 30312099, 27131.067208, 27138.066967, 0.000000
