ThreadID, cIDX, Time, cycles, deltaT, RX, OnRX, TX, SupTX, OnTX, Idle, OnIdle, Blocked, CacheMiss, CacheHit, CacheWB, CPUIdle, RX/s, TX/s, Sup/s
1848, 0, 0, 0, 0, 0, 0, 0, 0, 0, 0, 0, 0, 0, 0, 0, 0, 0, 0, 0
1848, 0, 1.000182, 210038322, 1.000182, 27114, 27114, 27112, 0, 6778, 0, 0, 0, 0, 0, 0, 28333000, 27109.052985, 27107.053350, 0.000000
1848, 1, 2.000433, 210052670, 1.000251, 27142, 27142, 27148, 0, 6787, 0, 0, 0, 0, 0, 0, 28294980, 27135.194235, 27141.192730, 0.000000
1848, 2, 3.000596, 210034123, 1.000162, 27173, 27173, 27172, 0, 6793, 0, 0, 0, 0, 0, 0, 28440951, 27168.585364, 27167.585526, 0.000000
1848, 3, 4.000606, 210002188, 1.000010, 27115, 27115, 27118, 0, 6780, 0, 0, 6, 0, 0, 0, 28468612, 27114.717490, 27117.717459, 0.000000
1848, 4, 5.000610, 210000869, 1.000004, 27192, 27192, 27185, 0, 6796, 0, 0, 3, 0, 0, 0, 28801475, 27191.887477, 27184.887506, 0.000000
1848, 5, 6.000697, 210018194, 1.000087, 27082, 27082, 27077, 0, 6769, 0, 0, 2, 0, 0, 0, 29225433, 27079.653870, 27074.654304, 0.000000
1848, 6, 7.000717, 210004113, 1.000020, 27131, 27131, 27140, 0, 6785, 0, 0, 0, 0, 0, 0, 29002366, 27130.468630, 27139.468454, 0.000000
1848, 7, 8.000865, 210031125, 1.000148, 27161, 27161, 27148, 0, 6787, 0, 0, 0, 0, 0, 0, 28696123, 27156.974948, 27143.976875, 0.000000
