ThreadID, cIDX, Time, cycles, deltaT, RX, OnRX, TX, SupTX, OnTX, Idle, OnIdle, Blocked, CacheMiss, CacheHit, CacheWB, CPUIdle, RX/s, TX/s, Sup/s
1014, 0, 0, 0, 0, 0, 0, 0, 0, 0, 0, 0, 0, 0, 0, 0, 0, 0, 0, 0
1014, 0, 1.000039, 210008181, 1.000039, 30492, 30492, 30500, 0, 7908, 0, 0, 0, 0, 0, 0, 29261306, 30490.812165, 30498.811853, 0.000000
1014, 1, 2.000088, 210010361, 1.000049, 30610, 30610, 30589, 0, 7931, 0, 0, 0, 0, 0, 0, 29181332, 30608.489835, 30587.490871, 0.000000
1014, 2, 3.000093, 210001086, 1.000005, 30540, 30540, 30561, 0, 7923, 0, 0, 0, 0, 0, 0, 29420401, 30539.842065, 30560.841957, 0.000000
1014, 3, 4.000096, 210000449, 1.000002, 30438, 30438, 30433, 0, 7888, 0, 0, 0, 0, 0, 0, 29332449, 30437.934921, 30432.934931, 0.000000
1014, 4, 5.000123, 210005843, 1.000028, 30522, 30522, 30532, 0, 7915, 0, 0, 0, 0, 0, 0, 29643171, 30521.150785, 30531.150507, 0.000000
1014, 5, 6.000132, 210001747, 1.000008, 30579, 30579, 30580, 0, 7929, 0, 0, 0, 0, 0, 0, 29808289, 30578.745614, 30579.745606, 0.000000
1014, 6, 7.000137, 210001114, 1.000005, 30549, 30549, 30529, 0, 7913, 0, 0, 0, 0, 0, 0, 29824197, 30548.837946, 30528.838052, 0.000000
1014, 7, 8.000166, 210006092, 1.000029, 30457, 30457, 30475, 0, 7901, 0, 0, 1, 0, 0, 0, 29929693, 30456.116483, 30474.115960, 0.000000
