ThreadID, cIDX, Time, cycles, deltaT, RX, OnRX, TX, SupTX, OnTX, Idle, OnIdle, Blocked, CacheMiss, CacheHit, CacheWB, CPUIdle, RX/s, TX/s, Sup/s
10652, 0, 0, 0, 0, 0, 0, 0, 0, 0, 0, 0, 0, 0, 0, 0, 0, 0, 0, 0
10652, 0, 1.000003, 210000635, 1.000003, 27212, 27212, 27216, 0, 6804, 0, 0, 1, 0, 0, 0, 29727292, 27211.917716, 27215.917704, 0.000000
10652, 1, 2.000052, 210010358, 1.000049, 27193, 27193, 27188, 0, 6797, 0, 0, 3, 0, 0, 0, 29820948, 27191.658804, 27186.659050, 0.000000
10652, 2, 3.000685, 210132891, 1.000633, 27159, 27159, 27158, 0, 6790, 0, 0, 3, 0, 0, 0, 30047313, 27141.824266, 27140.824898, 0.000000
10652, 3, 4.000716, 210006380, 1.000030, 27083, 27083, 27085, 0, 6771, 0, 0, 4, 0, 0, 0, 30132025, 27082.177218, 27084.177157, 0.000000
10652, 4, 5.000719, 210000721, 1.000003, 27128, 27128, 27129, 0, 6782, 0, 0, 5, 0, 0, 0, 30223128, 27127.906861, 27128.906857, 0.000000
10652, 5, 6.000728, 210001849, 1.000009, 27170, 27170, 27166, 0, 6792, 0, 0, 2, 0, 0, 0, 30856797, 27169.760777, 27165.760812, 0.000000
10652, 6, 7.000772, 210009378, 1.000045, 27155, 27155, 27154, 0, 6788, 0, 0, 0, 0, 0, 0, 30599411, 27153.787389, 27152.787434, 0.000000
10652, 7, 8.000822, 210010446, 1.000050, 27086, 27086, 27093, 0, 6774, 0, 0, 0, 0, 0, 0, 30315101, 27084.652732, 27091.652384, 0.000000
