ThreadID, cIDX, Time, cycles, deltaT, RX, OnRX, TX, SupTX, OnTX, Idle, OnIdle, Blocked, CacheMiss, CacheHit, CacheWB, CPUIdle, RX/s, TX/s, Sup/s
9205, 0, 0, 0, 0, 0, 0, 0, 0, 0, 0, 0, 0, 0, 0, 0, 0, 0, 0, 0
9205, 0, 1.000045, 210009421, 1.000045, 31587, 31587, 31589, 0, 7898, 0, 0, 2, 0, 0, 0, 30857259, 31585.583011, 31587.582921, 0.000000
9205, 1, 2.000047, 210000433, 1.000002, 31706, 31706, 31691, 0, 7922, 0, 0, 3, 0, 0, 0, 30809556, 31705.934625, 31690.934656, 0.000000
9205, 2, 3.000212, 210034760, 1.000166, 31697, 31697, 31724, 0, 7931, 0, 0, 7, 0, 0, 0, 30993772, 31691.754260, 31718.749792, 0.000000
9205, 3, 4.000504, 210061203, 1.000291, 31628, 31628, 31604, 0, 7901, 0, 0, 0, 0, 0, 0, 30821739, 31618.784931, 31594.791924, 0.000000
9205, 4, 5.000508, 210000909, 1.000004, 31658, 31658, 31682, 0, 7921, 0, 0, 0, 0, 0, 0, 31381723, 31657.862967, 31681.862863, 0.000000
9205, 5, 6.000519, 210002182, 1.000010, 31665, 31665, 31647, 0, 7912, 0, 0, 0, 0, 0, 0, 31285500, 31664.670989, 31646.671176, 0.000000
9205, 6, 7.000707, 210039532, 1.000188, 31691, 31691, 31683, 0, 7920, 0, 0, 0, 0, 0, 0, 31546366, 31685.035368, 31677.036873, 0.000000
9205, 7, 8.000719, 210002502, 1.000012, 31620, 31620, 31637, 0, 7910, 0, 0, 1, 0, 0, 0, 31140999, 31619.623275, 31636.623072, 0.000000
