ThreadID, cIDX, Time, cycles, deltaT, RX, OnRX, TX, SupTX, OnTX, Idle, OnIdle, Blocked, CacheMiss, CacheHit, CacheWB, CPUIdle, RX/s, TX/s, Sup/s
9266, 0, 0, 0, 0, 0, 0, 0, 0, 0, 0, 0, 0, 0, 0, 0, 0, 0, 0, 0
9266, 0, 1.000043, 210008973, 1.000043, 31596, 31596, 31588, 0, 7897, 0, 0, 0, 0, 0, 0, 28360366, 31594.650006, 31586.650348, 0.000000
9266, 1, 2.000119, 210016029, 1.000076, 31664, 31664, 31684, 0, 7921, 0, 0, 9, 0, 0, 0, 28205334, 31661.583317, 31681.581790, 0.000000
9266, 2, 3.000714, 210124856, 1.000595, 31713, 31713, 31689, 0, 7923, 0, 0, 18, 0, 0, 0, 28464842, 31694.156164, 31670.170425, 0.000000
9266, 3, 4.000724, 210002252, 1.000011, 31717, 31717, 31735, 0, 7933, 0, 0, 11, 0, 0, 0, 28203730, 31716.659877, 31734.659684, 0.000000
9266, 4, 5.001015, 210061037, 1.000291, 31693, 31693, 31672, 0, 7918, 0, 0, 2, 0, 0, 0, 28643425, 31683.791031, 31662.797133, 0.000000
9266, 5, 6.001036, 210004308, 1.000021, 31604, 31604, 31610, 0, 7903, 0, 0, 7, 0, 0, 0, 28721485, 31603.351680, 31609.351557, 0.000000
9266, 6, 7.001497, 210096985, 1.000462, 31696, 31696, 31690, 0, 7922, 0, 0, 0, 0, 0, 0, 28971079, 31681.368488, 31675.371258, 0.000000
9266, 7, 8.001504, 210001387, 1.000007, 31736, 31736, 31743, 0, 7936, 0, 0, 0, 0, 0, 0, 28695297, 31735.790393, 31742.790346, 0.000000
