ThreadID, cIDX, Time, cycles, deltaT, RX, OnRX, TX, SupTX, OnTX, Idle, OnIdle, Blocked, CacheMiss, CacheHit, CacheWB, CPUIdle, RX/s, TX/s, Sup/s
517, 0, 0, 0, 0, 0, 0, 0, 0, 0, 0, 0, 0, 0, 0, 0, 0, 0, 0, 0
517, 0, 1.000011, 210002305, 1.000011, 31512, 31512, 31516, 0, 7879, 0, 0, 0, 694179, 183268638, 288479, 29962588, 31511.654122, 31515.654078, 0.000000
517, 1, 2.000115, 210021852, 1.000104, 31717, 31717, 31712, 0, 7928, 0, 0, 0, 622780, 183355142, 256225, 29959096, 31713.699963, 31708.700483, 0.000000
517, 2, 3.000127, 210002478, 1.000012, 31716, 31716, 31724, 0, 7931, 0, 0, 0, 599780, 183300526, 246138, 30101570, 31715.625756, 31723.625661, 0.000000
517, 3, 4.000267, 210029446, 1.000140, 31608, 31608, 31580, 0, 7895, 0, 0, 0, 596252, 183358660, 243434, 30056876, 31603.568578, 31575.572503, 0.000000
517, 4, 5.000319, 210010833, 1.000052, 31599, 31599, 31632, 0, 7908, 0, 0, 0, 589004, 183020329, 241177, 30558179, 31597.370027, 31630.368325, 0.000000
517, 5, 6.000337, 210003767, 1.000018, 31695, 31695, 31696, 0, 7924, 0, 0, 0, 578311, 182930513, 234714, 30795245, 31694.431462, 31695.431444, 0.000000
517, 6, 7.000680, 210072086, 1.000343, 31658, 31658, 31628, 0, 7907, 0, 0, 0, 576406, 183044104, 233885, 30690733, 31647.136593, 31617.146887, 0.000000
517, 7, 8.000820, 210029511, 1.000141, 31563, 31563, 31568, 0, 7892, 0, 0, 0, 571857, 183023214, 231108, 30686402, 31558.565120, 31563.564417, 0.000000
