ThreadID, cIDX, Time, cycles, deltaT, RX, OnRX, TX, SupTX, OnTX, Idle, OnIdle, Blocked, CacheMiss, CacheHit, CacheWB, CPUIdle, RX/s, TX/s, Sup/s
2290, 0, 0, 0, 0, 0, 0, 0, 0, 0, 0, 0, 0, 0, 0, 0, 0, 0, 0, 0
2290, 0, 1.000052, 210010854, 1.000052, 30499, 30499, 30487, 0, 7905, 0, 0, 6, 0, 0, 0, 30816409, 30497.423719, 30485.424339, 0.000000
2290, 1, 2.000441, 210081705, 1.000389, 30557, 30557, 30569, 0, 7925, 0, 0, 4, 0, 0, 0, 30716890, 30545.115768, 30557.111101, 0.000000
2290, 2, 3.000476, 210007505, 1.000036, 30555, 30555, 30569, 0, 7926, 0, 0, 5, 0, 0, 0, 31104223, 30553.908062, 30567.907561, 0.000000
2290, 3, 4.000500, 210004934, 1.000023, 30536, 30536, 30524, 0, 7915, 0, 0, 7, 0, 0, 0, 31278771, 30535.282566, 30523.282848, 0.000000
2290, 4, 5.000537, 210007828, 1.000037, 30505, 30505, 30514, 0, 7911, 0, 0, 7, 0, 0, 0, 31282499, 30503.862932, 30512.862597, 0.000000
2290, 5, 6.000568, 210006485, 1.000031, 30453, 30453, 30458, 0, 7897, 0, 0, 8, 0, 0, 0, 31752576, 30452.059611, 30457.059457, 0.000000
2290, 6, 7.000573, 210001031, 1.000005, 30508, 30508, 30488, 0, 7904, 0, 0, 5, 0, 0, 0, 31548275, 30507.850221, 30487.850319, 0.000000
2290, 7, 8.000628, 210011558, 1.000055, 30484, 30484, 30474, 0, 7899, 0, 0, 0, 0, 0, 0, 31351555, 30482.322311, 30472.322861, 0.000000
