ThreadID, cIDX, Time, cycles, deltaT, RX, OnRX, TX, SupTX, OnTX, Idle, OnIdle, Blocked, CacheMiss, CacheHit, CacheWB, CPUIdle, RX/s, TX/s, Sup/s
8865, 0, 0, 0, 0, 0, 0, 0, 0, 0, 0, 0, 0, 0, 0, 0, 0, 0, 0, 0
8865, 0, 1.000007, 210001539, 1.000007, 31599, 31599, 31597, 0, 7900, 0, 0, 0, 0, 0, 0, 27779854, 31598.768426, 31596.768441, 0.000000
8865, 1, 2.000114, 210022435, 1.000107, 31695, 31695, 31691, 0, 7922, 0, 0, 9, 0, 0, 0, 27597536, 31691.614279, 31687.614706, 0.000000
8865, 2, 3.000183, 210014553, 1.000069, 31695, 31695, 31697, 0, 7925, 0, 0, 8, 0, 0, 0, 27660610, 31692.803689, 31694.803550, 0.000000
8865, 3, 4.000228, 210009411, 1.000045, 31721, 31721, 31739, 0, 7934, 0, 0, 4, 0, 0, 0, 27606675, 31719.578510, 31737.577703, 0.000000
8865, 4, 5.000231, 210000467, 1.000002, 31676, 31676, 31672, 0, 7918, 0, 0, 0, 0, 0, 0, 28333204, 31675.929559, 31671.929568, 0.000000
8865, 5, 6.000235, 210000929, 1.000004, 31608, 31608, 31598, 0, 7900, 0, 0, 0, 0, 0, 0, 28449596, 31607.860173, 31597.860217, 0.000000
8865, 6, 7.000434, 210041766, 1.000199, 31722, 31722, 31706, 0, 7926, 0, 0, 0, 0, 0, 0, 28445513, 31715.692202, 31699.695383, 0.000000
8865, 7, 8.000493, 210012393, 1.000059, 31671, 31671, 31684, 0, 7921, 0, 0, 0, 0, 0, 0, 28319787, 31669.131069, 31682.130302, 0.000000
