ThreadID, cIDX, Time, cycles, deltaT, RX, OnRX, TX, SupTX, OnTX, Idle, OnIdle, Blocked, CacheMiss, CacheHit, CacheWB, CPUIdle, RX/s, TX/s, Sup/s
543, 0, 0, 0, 0, 0, 0, 0, 0, 0, 0, 0, 0, 0, 0, 0, 0, 0, 0, 0
543, 0, 1.000021, 210004477, 1.000021, 27239, 27239, 27240, 0, 6810, 0, 0, 0, 0, 0, 0, 27563857, 27238.419303, 27239.419282, 0.000000
543, 1, 2.000028, 210001336, 1.000006, 27104, 27104, 27106, 0, 6777, 0, 0, 0, 0, 0, 0, 27578450, 27103.827568, 27105.827555, 0.000000
543, 2, 3.000159, 210027630, 1.000132, 27111, 27111, 27110, 0, 6777, 0, 0, 1, 0, 0, 0, 27638600, 27107.433436, 27106.433568, 0.000000
543, 3, 4.000170, 210002288, 1.000011, 27206, 27206, 27212, 0, 6803, 0, 0, 0, 0, 0, 0, 27664524, 27205.703587, 27211.703522, 0.000000
543, 4, 5.000192, 210004595, 1.000022, 27114, 27114, 27111, 0, 6778, 0, 0, 0, 0, 0, 0, 28254880, 27113.406733, 27110.406798, 0.000000
543, 5, 6.000213, 210004358, 1.000021, 27098, 27098, 27098, 0, 6775, 0, 0, 0, 0, 0, 0, 28332980, 27097.437664, 27097.437664, 0.000000
543, 6, 7.000250, 210007824, 1.000037, 27116, 27116, 27111, 0, 6777, 0, 0, 0, 0, 0, 0, 28262297, 27114.989773, 27109.989959, 0.000000
543, 7, 8.000279, 210006059, 1.000029, 27185, 27185, 27188, 0, 6797, 0, 0, 0, 0, 0, 0, 28328468, 27184.215671, 27187.215584, 0.000000
