ThreadID, cIDX, Time, cycles, deltaT, RX, OnRX, TX, SupTX, OnTX, Idle, OnIdle, Blocked, CacheMiss, CacheHit, CacheWB, CPUIdle, RX/s, TX/s, Sup/s
9700, 0, 0, 0, 0, 0, 0, 0, 0, 0, 0, 0, 0, 0, 0, 0, 0, 0, 0, 0
9700, 0, 1.000117, 210024630, 1.000117, 31542, 31542, 31533, 0, 7884, 0, 0, 1, 0, 0, 0, 29045176, 31538.301008, 31529.302063, 0.000000
9700, 1, 2.000592, 210099611, 1.000474, 31671, 31671, 31668, 0, 7917, 0, 0, 12, 0, 0, 0, 29022113, 31655.984361, 31652.985783, 0.000000
9700, 2, 3.000630, 210008041, 1.000038, 31692, 31692, 31702, 0, 7925, 0, 0, 16, 0, 0, 0, 29020954, 31690.786545, 31700.786162, 0.000000
9700, 3, 4.000667, 210007731, 1.000037, 31691, 31691, 31683, 0, 7921, 0, 0, 11, 0, 0, 0, 29144522, 31689.833361, 31681.833656, 0.000000
9700, 4, 5.000788, 210025531, 1.000122, 31739, 31739, 31738, 0, 7934, 0, 0, 1, 0, 0, 0, 29325622, 31735.141762, 31734.141884, 0.000000
9700, 5, 6.000862, 210015537, 1.000074, 31569, 31569, 31556, 0, 7889, 0, 0, 6, 0, 0, 0, 29773304, 31566.664518, 31553.665480, 0.000000
9700, 6, 7.001038, 210036897, 1.000176, 31694, 31694, 31720, 0, 7930, 0, 0, 1, 0, 0, 0, 29503628, 31688.432342, 31714.427775, 0.000000
9700, 7, 8.001308, 210056742, 1.000270, 31716, 31716, 31700, 0, 7925, 0, 0, 0, 0, 0, 0, 29411539, 31707.432652, 31691.436974, 0.000000
