ThreadID, cIDX, Time, cycles, deltaT, RX, OnRX, TX, SupTX, OnTX, Idle, OnIdle, Blocked, CacheMiss, CacheHit, CacheWB, CPUIdle, RX/s, TX/s, Sup/s
1021, 0, 0, 0, 0, 0, 0, 0, 0, 0, 0, 0, 0, 0, 0, 0, 0, 0, 0, 0
1021, 0, 1.000033, 210007024, 1.000033, 26148, 26148, 26153, 0, 6823, 0, 0, 0, 0, 0, 0, 29260714, 26147.125441, 26152.125274, 0.000000
1021, 1, 2.000041, 210001507, 1.000007, 26010, 26010, 26007, 0, 6784, 0, 0, 0, 0, 0, 0, 29176559, 26009.813349, 26006.813370, 0.000000
1021, 2, 3.000062, 210004574, 1.000022, 25954, 25954, 25951, 0, 6770, 0, 0, 0, 0, 0, 0, 29424411, 25953.434709, 25950.434775, 0.000000
1021, 3, 4.000140, 210016293, 1.000078, 26038, 26038, 26033, 0, 6793, 0, 0, 0, 0, 0, 0, 29333983, 26035.979980, 26030.980368, 0.000000
1021, 4, 5.000152, 210002438, 1.000012, 26015, 26015, 26017, 0, 6788, 0, 0, 0, 0, 0, 0, 29643325, 26014.697982, 26016.697959, 0.000000
1021, 5, 6.000159, 210001544, 1.000007, 25900, 25900, 25905, 0, 6758, 0, 0, 0, 0, 0, 0, 29808883, 25899.809575, 25904.809538, 0.000000
1021, 6, 7.000279, 210025168, 1.000120, 25979, 25979, 25973, 0, 6773, 0, 0, 0, 0, 0, 0, 29826017, 25975.886852, 25969.887571, 0.000000
1021, 7, 8.000284, 210001161, 1.000006, 25968, 25968, 25972, 0, 6777, 0, 0, 0, 0, 0, 0, 29931484, 25967.856435, 25971.856413, 0.000000
