ThreadID, cIDX, Time, cycles, deltaT, RX, OnRX, TX, SupTX, OnTX, Idle, OnIdle, Blocked, CacheMiss, CacheHit, CacheWB, CPUIdle, RX/s, TX/s, Sup/s
8529, 0, 0, 0, 0, 0, 0, 0, 0, 0, 0, 0, 0, 0, 0, 0, 0, 0, 0, 0
8529, 0, 1.000287, 210060256, 1.000287, 31626, 31626, 31631, 0, 7908, 0, 0, 4, 0, 0, 0, 28587039, 31616.928049, 31621.926615, 0.000000
8529, 1, 2.000377, 210018864, 1.000090, 31707, 31707, 31691, 0, 7923, 0, 0, 8, 0, 0, 0, 28478180, 31704.152061, 31688.153498, 0.000000
8529, 2, 3.000594, 210045651, 1.000217, 31708, 31708, 31706, 0, 7926, 0, 0, 1, 0, 0, 0, 28683902, 31701.108632, 31699.109067, 0.000000
8529, 3, 4.000659, 210013715, 1.000065, 31648, 31648, 31672, 0, 7918, 0, 0, 1, 0, 0, 0, 28526030, 31645.933219, 31669.931652, 0.000000
8529, 4, 5.000671, 210002414, 1.000011, 31707, 31707, 31709, 0, 7928, 0, 0, 0, 0, 0, 0, 28818549, 31706.635525, 31708.635502, 0.000000
8529, 5, 6.000853, 210038229, 1.000182, 31630, 31630, 31603, 0, 7900, 0, 0, 0, 0, 0, 0, 29219179, 31624.243032, 31597.247947, 0.000000
8529, 6, 7.001019, 210034871, 1.000166, 31683, 31683, 31696, 0, 7924, 0, 0, 0, 0, 0, 0, 29079748, 31677.739836, 31690.737678, 0.000000
8529, 7, 8.001023, 210000790, 1.000004, 31615, 31615, 31618, 0, 7905, 0, 0, 0, 0, 0, 0, 29114350, 31614.881068, 31617.881057, 0.000000
