ThreadID, cIDX, Time, cycles, deltaT, RX, OnRX, TX, SupTX, OnTX, Idle, OnIdle, Blocked, CacheMiss, CacheHit, CacheWB, CPUIdle, RX/s, TX/s, Sup/s
2054, 0, 0, 0, 0, 0, 0, 0, 0, 0, 0, 0, 0, 0, 0, 0, 0, 0, 0, 0
2054, 0, 1.000017, 210003519, 1.000017, 31574, 31574, 31576, 0, 7894, 0, 0, 2, 668645, 182120056, 275011, 31599040, 31573.470919, 31575.470885, 0.000000
2054, 1, 2.000127, 210023250, 1.000111, 31628, 31628, 31612, 0, 7903, 0, 0, 6, 577334, 182166613, 229870, 31646941, 31624.498716, 31608.500487, 0.000000
2054, 2, 3.000189, 210012943, 1.000062, 31669, 31669, 31700, 0, 7925, 0, 0, 12, 548656, 182028836, 216741, 31919961, 31667.048254, 31698.046344, 0.000000
2054, 3, 4.000217, 210005895, 1.000028, 31746, 31746, 31732, 0, 7933, 0, 0, 3, 522981, 181941670, 205641, 32076308, 31745.108869, 31731.109262, 0.000000
2054, 4, 5.000301, 210017509, 1.000083, 31723, 31723, 31713, 0, 7929, 0, 0, 9, 514711, 181904921, 199875, 32189568, 31720.355278, 31710.356111, 0.000000
2054, 5, 6.000348, 210009922, 1.000047, 31592, 31592, 31603, 0, 7900, 0, 0, 8, 503367, 181658781, 195520, 32603336, 31590.507424, 31601.506904, 0.000000
2054, 6, 7.000439, 210019200, 1.000091, 31605, 31605, 31584, 0, 7896, 0, 0, 2, 503665, 181786549, 195222, 32447984, 31602.110664, 31581.112584, 0.000000
2054, 7, 8.000443, 210000878, 1.000004, 31689, 31689, 31714, 0, 7929, 0, 0, 2, 502417, 181887306, 194597, 32264299, 31688.867510, 31713.867406, 0.000000
