ThreadID, cIDX, Time, cycles, deltaT, RX, OnRX, TX, SupTX, OnTX, Idle, OnIdle, Blocked, CacheMiss, CacheHit, CacheWB, CPUIdle, RX/s, TX/s, Sup/s
2164, 0, 0, 0, 0, 0, 0, 0, 0, 0, 0, 0, 0, 0, 0, 0, 0, 0, 0, 0
2164, 0, 1.000109, 210022835, 1.000109, 31602, 31602, 31589, 0, 7898, 0, 0, 4, 0, 0, 0, 30837112, 31598.564032, 31585.565446, 0.000000
2164, 1, 2.000423, 210066031, 1.000314, 31654, 31654, 31671, 0, 7917, 0, 0, 3, 0, 0, 0, 30961900, 31644.050056, 31661.044712, 0.000000
2164, 2, 3.000494, 210014805, 1.000071, 31617, 31617, 31605, 0, 7902, 0, 0, 4, 0, 0, 0, 31125451, 31614.771159, 31602.772005, 0.000000
2164, 3, 4.000497, 210000780, 1.000004, 31766, 31766, 31769, 0, 7942, 0, 0, 8, 0, 0, 0, 31281908, 31765.882012, 31768.882001, 0.000000
2164, 4, 5.000639, 210029645, 1.000141, 31626, 31626, 31626, 0, 7906, 0, 0, 11, 0, 0, 0, 31411545, 31621.536093, 31621.536093, 0.000000
2164, 5, 6.000847, 210043744, 1.000208, 31617, 31617, 31616, 0, 7904, 0, 0, 7, 0, 0, 0, 31933762, 31610.415400, 31609.415608, 0.000000
2164, 6, 7.001156, 210064884, 1.000309, 31688, 31688, 31676, 0, 7919, 0, 0, 5, 0, 0, 0, 31749867, 31678.212337, 31666.216044, 0.000000
2164, 7, 8.001161, 210001175, 1.000006, 31685, 31685, 31702, 0, 7926, 0, 0, 10, 0, 0, 0, 31360644, 31684.822716, 31701.822621, 0.000000
