ThreadID, cIDX, Time, cycles, deltaT, RX, OnRX, TX, SupTX, OnTX, Idle, OnIdle, Blocked, CacheMiss, CacheHit, CacheWB, CPUIdle, RX/s, TX/s, Sup/s
1626, 0, 0, 0, 0, 0, 0, 0, 0, 0, 0, 0, 0, 0, 0, 0, 0, 0, 0, 0
1626, 0, 1.000033, 210006905, 1.000033, 27168, 27168, 27176, 0, 6794, 0, 0, 0, 0, 0, 0, 29213626, 27167.106720, 27175.106457, 0.000000
1626, 1, 2.000203, 210035661, 1.000170, 27197, 27197, 27188, 0, 6797, 0, 0, 0, 0, 0, 0, 29266487, 27192.382345, 27183.383873, 0.000000
1626, 2, 3.000553, 210073608, 1.000351, 27168, 27168, 27176, 0, 6794, 0, 0, 4, 0, 0, 0, 29247094, 27158.480565, 27166.477761, 0.000000
1626, 3, 4.000625, 210015020, 1.000072, 27113, 27113, 27100, 0, 6775, 0, 0, 0, 0, 0, 0, 29308317, 27111.060914, 27098.061843, 0.000000
1626, 4, 5.000645, 210004351, 1.000021, 27107, 27107, 27112, 0, 6778, 0, 0, 1, 0, 0, 0, 29544733, 27106.438380, 27111.438277, 0.000000
1626, 5, 6.000650, 210001001, 1.000005, 27142, 27142, 27143, 0, 6786, 0, 0, 2, 0, 0, 0, 29881944, 27141.870624, 27142.870619, 0.000000
1626, 6, 7.000666, 210003338, 1.000016, 27084, 27084, 27073, 0, 6768, 0, 0, 0, 0, 0, 0, 29541708, 27083.569500, 27072.569675, 0.000000
1626, 7, 8.000753, 210018312, 1.000087, 27097, 27097, 27100, 0, 6775, 0, 0, 0, 0, 0, 0, 29671012, 27094.637348, 27097.637086, 0.000000
