ThreadID, cIDX, Time, cycles, deltaT, RX, OnRX, TX, SupTX, OnTX, Idle, OnIdle, Blocked, CacheMiss, CacheHit, CacheWB, CPUIdle, RX/s, TX/s, Sup/s
10489, 0, 0, 0, 0, 0, 0, 0, 0, 0, 0, 0, 0, 0, 0, 0, 0, 0, 0, 0
10489, 0, 1.000027, 210005648, 1.000027, 27200, 27200, 27204, 0, 6801, 0, 0, 1, 0, 0, 0, 30784864, 27199.268469, 27203.268362, 0.000000
10489, 1, 2.000072, 210009576, 1.000046, 27109, 27109, 27104, 0, 6776, 0, 0, 4, 0, 0, 0, 30899010, 27107.763886, 27102.764114, 0.000000
10489, 2, 3.000095, 210004637, 1.000022, 27167, 27167, 27168, 0, 6792, 0, 0, 6, 0, 0, 0, 30895610, 27166.400140, 27167.400118, 0.000000
10489, 3, 4.000139, 210009266, 1.000044, 27136, 27136, 27132, 0, 6783, 0, 0, 6, 0, 0, 0, 31088724, 27134.802709, 27130.802886, 0.000000
10489, 4, 5.000182, 210009108, 1.000043, 27166, 27166, 27167, 0, 6792, 0, 0, 7, 0, 0, 0, 31329146, 27164.821823, 27165.821780, 0.000000
10489, 5, 6.000209, 210005742, 1.000027, 27081, 27081, 27089, 0, 6772, 0, 0, 6, 0, 0, 0, 31916420, 27080.259548, 27088.259330, 0.000000
10489, 6, 7.000223, 210002856, 1.000014, 27140, 27140, 27132, 0, 6783, 0, 0, 0, 0, 0, 0, 31760978, 27139.630901, 27131.631010, 0.000000
10489, 7, 8.000281, 210012204, 1.000058, 27156, 27156, 27156, 0, 6789, 0, 0, 0, 0, 0, 0, 31493341, 27154.421940, 27154.421940, 0.000000
