ThreadID, cIDX, Time, cycles, deltaT, RX, OnRX, TX, SupTX, OnTX, Idle, OnIdle, Blocked, CacheMiss, CacheHit, CacheWB, CPUIdle, RX/s, TX/s, Sup/s
178, 0, 0, 0, 0, 0, 0, 0, 0, 0, 0, 0, 0, 0, 0, 0, 0, 0, 0, 0
178, 0, 1.000018, 210003815, 1.000018, 31646, 31646, 31633, 0, 7909, 0, 0, 0, 0, 0, 0, 25951210, 31645.425108, 31632.425344, 0.000000
178, 1, 2.000021, 210000611, 1.000003, 31674, 31674, 31680, 0, 7920, 0, 0, 2, 0, 0, 0, 25852463, 31673.907844, 31679.907827, 0.000000
178, 2, 3.000027, 210001270, 1.000006, 31710, 31710, 31712, 0, 7928, 0, 0, 5, 0, 0, 0, 25989827, 31709.808231, 31711.808219, 0.000000
178, 3, 4.000052, 210005227, 1.000025, 31679, 31679, 31671, 0, 7917, 0, 0, 2, 0, 0, 0, 25879115, 31678.211514, 31670.211713, 0.000000
178, 4, 5.000297, 210051348, 1.000245, 31658, 31658, 31656, 0, 7914, 0, 0, 2, 0, 0, 0, 26194376, 31650.261059, 31648.261548, 0.000000
178, 5, 6.000300, 210000673, 1.000003, 31581, 31581, 31596, 0, 7899, 0, 0, 1, 0, 0, 0, 26486676, 31580.898791, 31595.898743, 0.000000
178, 6, 7.000464, 210034598, 1.000165, 31638, 31638, 31624, 0, 7906, 0, 0, 0, 0, 0, 0, 26362334, 31632.788423, 31618.790729, 0.000000
178, 7, 8.000469, 210000853, 1.000004, 31610, 31610, 31635, 0, 7909, 0, 0, 2, 0, 0, 0, 26130731, 31609.871604, 31634.871502, 0.000000
