ThreadID, cIDX, Time, cycles, deltaT, RX, OnRX, TX, SupTX, OnTX, Idle, OnIdle, Blocked, CacheMiss, CacheHit, CacheWB, CPUIdle, RX/s, TX/s, Sup/s
2024, 0, 0, 0, 0, 0, 0, 0, 0, 0, 0, 0, 0, 0, 0, 0, 0, 0, 0, 0
2024, 0, 1.000159, 210033321, 1.000159, 27148, 27148, 27148, 0, 6787, 0, 0, 0, 0, 0, 0, 28975498, 27143.693071, 27143.693071, 0.000000
2024, 1, 2.000303, 210030271, 1.000144, 27131, 27131, 27128, 0, 6782, 0, 0, 1, 0, 0, 0, 28965659, 27127.089695, 27124.090127, 0.000000
2024, 2, 3.000355, 210010899, 1.000052, 27162, 27162, 27160, 0, 6790, 0, 0, 1, 0, 0, 0, 29242681, 27160.590365, 27158.590469, 0.000000
2024, 3, 4.000416, 210012809, 1.000061, 27118, 27118, 27120, 0, 6780, 0, 0, 0, 0, 0, 0, 29322734, 27116.346032, 27118.345910, 0.000000
2024, 4, 5.000554, 210029132, 1.000139, 27221, 27221, 27232, 0, 6808, 0, 0, 4, 0, 0, 0, 29375658, 27217.224323, 27228.222797, 0.000000
2024, 5, 6.000714, 210033431, 1.000159, 27057, 27057, 27045, 0, 6762, 0, 0, 2, 0, 0, 0, 29829158, 27052.693340, 27040.695250, 0.000000
2024, 6, 7.000792, 210016399, 1.000078, 27170, 27170, 27179, 0, 6794, 0, 0, 0, 0, 0, 0, 29753121, 27167.878447, 27176.877745, 0.000000
2024, 7, 8.000814, 210004761, 1.000023, 27125, 27125, 27118, 0, 6780, 0, 0, 0, 0, 0, 0, 29538701, 27124.385051, 27117.385210, 0.000000
