ThreadID, cIDX, Time, cycles, deltaT, RX, OnRX, TX, SupTX, OnTX, Idle, OnIdle, Blocked, CacheMiss, CacheHit, CacheWB, CPUIdle, RX/s, TX/s, Sup/s
9328, 0, 0, 0, 0, 0, 0, 0, 0, 0, 0, 0, 0, 0, 0, 0, 0, 0, 0, 0
9328, 0, 1.000009, 210001849, 1.000009, 31709, 31709, 31704, 0, 7926, 0, 0, 1, 0, 0, 0, 31078823, 31708.720812, 31703.720856, 0.000000
9328, 1, 2.000017, 210001783, 1.000008, 31675, 31675, 31688, 0, 7922, 0, 0, 7, 0, 0, 0, 30864140, 31674.731066, 31687.730956, 0.000000
9328, 2, 3.000078, 210012689, 1.000060, 31655, 31655, 31656, 0, 7914, 0, 0, 10, 0, 0, 0, 31108252, 31653.087400, 31654.087339, 0.000000
9328, 3, 4.000113, 210007314, 1.000035, 31722, 31722, 31724, 0, 7931, 0, 0, 8, 0, 0, 0, 30934484, 31720.895207, 31722.895137, 0.000000
9328, 4, 5.000114, 210000317, 1.000002, 31615, 31615, 31606, 0, 7902, 0, 0, 2, 0, 0, 0, 31173265, 31614.952276, 31605.952290, 0.000000
9328, 5, 6.000213, 210020787, 1.000099, 31610, 31610, 31602, 0, 7900, 0, 0, 10, 0, 0, 0, 31595555, 31606.871371, 31598.872163, 0.000000
9328, 6, 7.000329, 210024351, 1.000116, 31714, 31714, 31705, 0, 7927, 0, 0, 5, 0, 0, 0, 31534910, 31710.322962, 31701.324005, 0.000000
9328, 7, 8.000331, 210000456, 1.000002, 31648, 31648, 31667, 0, 7916, 0, 0, 1, 0, 0, 0, 31524676, 31647.931279, 31666.931238, 0.000000
