ThreadID, cIDX, Time, cycles, deltaT, RX, OnRX, TX, SupTX, OnTX, Idle, OnIdle, Blocked, CacheMiss, CacheHit, CacheWB, CPUIdle, RX/s, TX/s, Sup/s
2794, 0, 0, 0, 0, 0, 0, 0, 0, 0, 0, 0, 0, 0, 0, 0, 0, 0, 0, 0
2794, 0, 1.000547, 210114918, 1.000547, 27193, 27193, 27200, 0, 6800, 0, 0, 0, 0, 0, 0, 29018452, 27178.127352, 27185.123524, 0.000000
2794, 1, 2.000552, 210001101, 1.000005, 27134, 27134, 27127, 0, 6782, 0, 0, 4, 0, 0, 0, 28794691, 27133.857741, 27126.857778, 0.000000
2794, 2, 3.000608, 210011621, 1.000055, 27125, 27125, 27129, 0, 6782, 0, 0, 3, 0, 0, 0, 28893865, 27123.499037, 27127.498816, 0.000000
2794, 3, 4.000616, 210001732, 1.000008, 27224, 27224, 27228, 0, 6807, 0, 0, 3, 0, 0, 0, 28965894, 27223.775469, 27227.775436, 0.000000
2794, 4, 5.000619, 210000694, 1.000003, 27162, 27162, 27145, 0, 6787, 0, 0, 1, 0, 0, 0, 29199276, 27161.910236, 27144.910293, 0.000000
2794, 5, 6.000645, 210005310, 1.000025, 27039, 27039, 27047, 0, 6761, 0, 0, 0, 0, 0, 0, 29825963, 27038.316317, 27046.316115, 0.000000
2794, 6, 7.000655, 210002242, 1.000011, 27202, 27202, 27201, 0, 6801, 0, 0, 0, 0, 0, 0, 29618709, 27201.709589, 27200.709600, 0.000000
2794, 7, 8.000745, 210018903, 1.000090, 27112, 27112, 27111, 0, 6777, 0, 0, 2, 0, 0, 0, 29512189, 27109.559752, 27108.559842, 0.000000
