ThreadID, cIDX, Time, cycles, deltaT, RX, OnRX, TX, SupTX, OnTX, Idle, OnIdle, Blocked, CacheMiss, CacheHit, CacheWB, CPUIdle, RX/s, TX/s, Sup/s
1338, 0, 0, 0, 0, 0, 0, 0, 0, 0, 0, 0, 0, 0, 0, 0, 0, 0, 0, 0
1338, 0, 1.000276, 210057856, 1.000276, 27130, 27130, 27133, 0, 6784, 0, 0, 2, 0, 0, 0, 28287826, 27122.527614, 27125.526788, 0.000000
1338, 1, 2.000312, 210007627, 1.000036, 27176, 27176, 27175, 0, 6793, 0, 0, 1, 0, 0, 0, 28364537, 27175.013029, 27174.013066, 0.000000
1338, 2, 3.000630, 210066779, 1.000318, 27150, 27150, 27144, 0, 6786, 0, 0, 3, 0, 0, 0, 28447982, 27141.369174, 27135.371081, 0.000000
1338, 3, 4.000664, 210007141, 1.000034, 27144, 27144, 27144, 0, 6786, 0, 0, 0, 0, 0, 0, 28471365, 27143.077006, 27143.077006, 0.000000
1338, 4, 5.000667, 210000603, 1.000003, 27116, 27116, 27121, 0, 6781, 0, 0, 0, 0, 0, 0, 28660018, 27115.922139, 27120.922124, 0.000000
1338, 5, 6.000726, 210012487, 1.000059, 27092, 27092, 27080, 0, 6770, 0, 0, 0, 0, 0, 0, 29041228, 27090.389154, 27078.389867, 0.000000
1338, 6, 7.000740, 210002894, 1.000014, 27106, 27106, 27119, 0, 6779, 0, 0, 0, 0, 0, 0, 28798099, 27105.626459, 27118.626280, 0.000000
1338, 7, 8.000870, 210027240, 1.000130, 27103, 27103, 27096, 0, 6774, 0, 0, 0, 0, 0, 0, 28699216, 27099.484810, 27092.485718, 0.000000
