ThreadID, cIDX, Time, cycles, deltaT, RX, OnRX, TX, SupTX, OnTX, Idle, OnIdle, Blocked, CacheMiss, CacheHit, CacheWB, CPUIdle, RX/s, TX/s, Sup/s
10300, 0, 0, 0, 0, 0, 0, 0, 0, 0, 0, 0, 0, 0, 0, 0, 0, 0, 0, 0
10300, 0, 1.000018, 210003677, 1.000018, 27224, 27224, 27224, 0, 6806, 0, 0, 0, 0, 0, 0, 28280280, 27223.523329, 27223.523329, 0.000000
10300, 1, 2.000035, 210003666, 1.000017, 27202, 27202, 27208, 0, 6802, 0, 0, 5, 0, 0, 0, 28282112, 27201.525139, 27207.525034, 0.000000
10300, 2, 3.000037, 210000439, 1.000002, 27100, 27100, 27090, 0, 6773, 0, 0, 6, 0, 0, 0, 28279733, 27099.943348, 27089.943369, 0.000000
10300, 3, 4.000093, 210011787, 1.000056, 27156, 27156, 27158, 0, 6789, 0, 0, 8, 0, 0, 0, 28465562, 27154.475858, 27156.475746, 0.000000
10300, 4, 5.000215, 210025476, 1.000121, 27113, 27113, 27120, 0, 6780, 0, 0, 5, 0, 0, 0, 28714906, 27109.711205, 27116.710356, 0.000000
10300, 5, 6.000280, 210013685, 1.000065, 27090, 27090, 27084, 0, 6771, 0, 0, 4, 0, 0, 0, 29117012, 27088.234750, 27082.235141, 0.000000
10300, 6, 7.000471, 210040190, 1.000191, 27105, 27105, 27104, 0, 6776, 0, 0, 2, 0, 0, 0, 29083648, 27099.813612, 27098.813803, 0.000000
10300, 7, 8.000477, 210001151, 1.000005, 27122, 27122, 27125, 0, 6782, 0, 0, 0, 0, 0, 0, 28858507, 27121.851346, 27124.851330, 0.000000
