ThreadID, cIDX, Time, cycles, deltaT, RX, OnRX, TX, SupTX, OnTX, Idle, OnIdle, Blocked, CacheMiss, CacheHit, CacheWB, CPUIdle, RX/s, TX/s, Sup/s
1775, 0, 0, 0, 0, 0, 0, 0, 0, 0, 0, 0, 0, 0, 0, 0, 0, 0, 0, 0
1775, 0, 1.000005, 210001039, 1.000005, 27205, 27205, 27202, 0, 6801, 0, 0, 0, 0, 0, 0, 28898174, 27204.865401, 27201.865416, 0.000000
1775, 1, 2.000314, 210064898, 1.000309, 27128, 27128, 27134, 0, 6783, 0, 0, 3, 0, 0, 0, 29048518, 27119.619005, 27125.617151, 0.000000
1775, 2, 3.000394, 210016749, 1.000080, 27151, 27151, 27152, 0, 6788, 0, 0, 0, 0, 0, 0, 29182577, 27148.834687, 27149.834607, 0.000000
1775, 3, 4.000399, 210001171, 1.000006, 27193, 27193, 27184, 0, 6796, 0, 0, 1, 0, 0, 0, 29322955, 27192.848367, 27183.848418, 0.000000
1775, 4, 5.000435, 210007531, 1.000036, 27102, 27102, 27104, 0, 6776, 0, 0, 0, 0, 0, 0, 29541598, 27101.028106, 27103.028034, 0.000000
1775, 5, 6.000496, 210012859, 1.000061, 27054, 27054, 27052, 0, 6763, 0, 0, 0, 0, 0, 0, 29897466, 27052.343495, 27050.343617, 0.000000
1775, 6, 7.000499, 210000588, 1.000003, 27141, 27141, 27147, 0, 6787, 0, 0, 1, 0, 0, 0, 29692846, 27140.924005, 27146.923989, 0.000000
1775, 7, 8.000573, 210015551, 1.000074, 27078, 27078, 27077, 0, 6769, 0, 0, 0, 0, 0, 0, 29515263, 27075.994958, 27074.995032, 0.000000
