ThreadID, cIDX, Time, cycles, deltaT, RX, OnRX, TX, SupTX, OnTX, Idle, OnIdle, Blocked, CacheMiss, CacheHit, CacheWB, CPUIdle, RX/s, TX/s, Sup/s
673, 0, 0, 0, 0, 0, 0, 0, 0, 0, 0, 0, 0, 0, 0, 0, 0, 0, 0, 0
673, 0, 1.000021, 210004440, 1.000021, 31645, 31645, 31656, 0, 7914, 0, 0, 0, 0, 0, 0, 25912400, 31644.330948, 31655.330716, 0.000000
673, 1, 2.000111, 210018816, 1.000090, 31688, 31688, 31664, 0, 7916, 0, 0, 0, 0, 0, 0, 25901447, 31685.161010, 31661.163160, 0.000000
673, 2, 3.000161, 210010635, 1.000051, 31691, 31691, 31712, 0, 7928, 0, 0, 0, 0, 0, 0, 26095044, 31689.395158, 31710.394095, 0.000000
673, 3, 4.000168, 210001328, 1.000006, 31724, 31724, 31707, 0, 7927, 0, 0, 0, 0, 0, 0, 26143077, 31723.799385, 31706.799492, 0.000000
673, 4, 5.000197, 210006172, 1.000029, 31678, 31678, 31676, 0, 7919, 0, 0, 0, 0, 0, 0, 26640146, 31677.068996, 31675.069055, 0.000000
673, 5, 6.000649, 210094905, 1.000452, 31614, 31614, 31609, 0, 7902, 0, 0, 0, 0, 0, 0, 26883497, 31599.719184, 31594.721443, 0.000000
673, 6, 7.000958, 210064864, 1.000309, 31694, 31694, 31696, 0, 7924, 0, 0, 1, 0, 0, 0, 26616187, 31684.213501, 31686.212883, 0.000000
673, 7, 8.001190, 210048638, 1.000232, 31743, 31743, 31752, 0, 7938, 0, 0, 0, 0, 0, 0, 26697744, 31735.649721, 31744.647637, 0.000000
