ThreadID, cIDX, Time, cycles, deltaT, RX, OnRX, TX, SupTX, OnTX, Idle, OnIdle, Blocked, CacheMiss, CacheHit, CacheWB, CPUIdle, RX/s, TX/s, Sup/s
1700, 0, 0, 0, 0, 0, 0, 0, 0, 0, 0, 0, 0, 0, 0, 0, 0, 0, 0, 0
1700, 0, 1.000125, 210026231, 1.000125, 31513, 31513, 31500, 0, 7875, 0, 0, 0, 0, 0, 0, 28338698, 31509.064218, 31496.065841, 0.000000
1700, 1, 2.000173, 210010105, 1.000048, 31669, 31669, 31669, 0, 7918, 0, 0, 4, 0, 0, 0, 28339389, 31667.476191, 31667.476191, 0.000000
1700, 2, 3.000206, 210006893, 1.000033, 31646, 31646, 31660, 0, 7915, 0, 0, 9, 0, 0, 0, 28441977, 31644.961292, 31658.960832, 0.000000
1700, 3, 4.000236, 210006408, 1.000031, 31741, 31741, 31739, 0, 7934, 0, 0, 4, 0, 0, 0, 28573849, 31740.031476, 31738.031537, 0.000000
1700, 4, 5.000242, 210001255, 1.000006, 31646, 31646, 31631, 0, 7908, 0, 0, 5, 0, 0, 0, 28827115, 31645.810879, 31630.810968, 0.000000
1700, 5, 6.000567, 210068125, 1.000324, 31641, 31641, 31641, 0, 7910, 0, 0, 1, 0, 0, 0, 29027186, 31630.738838, 31630.738838, 0.000000
1700, 6, 7.000678, 210023412, 1.000111, 31625, 31625, 31656, 0, 7914, 0, 0, 0, 0, 0, 0, 28911143, 31621.474657, 31652.471202, 0.000000
1700, 7, 8.000721, 210008892, 1.000042, 31718, 31718, 31716, 0, 7929, 0, 0, 0, 0, 0, 0, 28963885, 31716.657026, 31714.657111, 0.000000
