ThreadID, cIDX, Time, cycles, deltaT, RX, OnRX, TX, SupTX, OnTX, Idle, OnIdle, Blocked, CacheMiss, CacheHit, CacheWB, CPUIdle, RX/s, TX/s, Sup/s
745, 0, 0, 0, 0, 0, 0, 0, 0, 0, 0, 0, 0, 0, 0, 0, 0, 0, 0, 0
745, 0, 1.000026, 210005482, 1.000026, 27099, 27099, 27092, 0, 6773, 0, 0, 0, 0, 0, 0, 26798530, 27098.292606, 27091.292788, 0.000000
745, 1, 2.000035, 210001965, 1.000009, 27155, 27155, 27164, 0, 6791, 0, 0, 3, 0, 0, 0, 26720219, 27154.745909, 27163.745825, 0.000000
745, 2, 3.000066, 210006463, 1.000031, 27156, 27156, 27152, 0, 6788, 0, 0, 1, 0, 0, 0, 27034339, 27155.164267, 27151.164391, 0.000000
745, 3, 4.000090, 210004983, 1.000024, 27071, 27071, 27065, 0, 6767, 0, 0, 0, 0, 0, 0, 27006390, 27070.357659, 27064.357801, 0.000000
745, 4, 5.000266, 210036881, 1.000176, 27095, 27095, 27095, 0, 6773, 0, 0, 0, 0, 0, 0, 27416120, 27090.242308, 27090.242308, 0.000000
745, 5, 6.000290, 210005128, 1.000024, 27147, 27147, 27152, 0, 6788, 0, 0, 0, 0, 0, 0, 27626956, 27146.337112, 27151.336990, 0.000000
745, 6, 7.000298, 210001758, 1.000008, 27006, 27006, 27012, 0, 6753, 0, 0, 0, 0, 0, 0, 27435347, 27005.773923, 27011.773873, 0.000000
745, 7, 8.000328, 210006121, 1.000029, 27148, 27148, 27144, 0, 6786, 0, 0, 0, 0, 0, 0, 27392276, 27147.208724, 27143.208840, 0.000000
