ThreadID, cIDX, Time, cycles, deltaT, RX, OnRX, TX, SupTX, OnTX, Idle, OnIdle, Blocked, CacheMiss, CacheHit, CacheWB, CPUIdle, RX/s, TX/s, Sup/s
11111, 0, 0, 0, 0, 0, 0, 0, 0, 0, 0, 0, 0, 0, 0, 0, 0, 0, 0, 0
11111, 0, 1.000075, 210015663, 1.000075, 30521, 30521, 30509, 0, 7909, 0, 0, 0, 0, 0, 0, 28941505, 30518.723739, 30506.724634, 0.000000
11111, 1, 2.000475, 210084184, 1.000401, 30567, 30567, 30588, 0, 7930, 0, 0, 4, 0, 0, 0, 28962135, 30554.751328, 30575.742913, 0.000000
11111, 2, 3.000502, 210005667, 1.000027, 30534, 30534, 30527, 0, 7916, 0, 0, 0, 0, 0, 0, 28995861, 30533.176040, 30526.176229, 0.000000
11111, 3, 4.000550, 210009974, 1.000047, 30563, 30563, 30566, 0, 7924, 0, 0, 0, 0, 0, 0, 29061696, 30561.548472, 30564.548329, 0.000000
11111, 4, 5.000573, 210004827, 1.000023, 30517, 30517, 30513, 0, 7913, 0, 0, 2, 0, 0, 0, 29339745, 30516.298561, 30512.298653, 0.000000
11111, 5, 6.000597, 210005011, 1.000024, 30420, 30420, 30433, 0, 7891, 0, 0, 4, 0, 0, 0, 29700683, 30419.274138, 30432.273828, 0.000000
11111, 6, 7.000817, 210046216, 1.000220, 30581, 30581, 30553, 0, 7920, 0, 0, 0, 0, 0, 0, 29690495, 30574.271331, 30546.277492, 0.000000
11111, 7, 8.000891, 210015579, 1.000074, 30474, 30474, 30482, 0, 7903, 0, 0, 0, 0, 0, 0, 29303236, 30471.739432, 30479.738839, 0.000000
