ThreadID, cIDX, Time, cycles, deltaT, RX, OnRX, TX, SupTX, OnTX, Idle, OnIdle, Blocked, CacheMiss, CacheHit, CacheWB, CPUIdle, RX/s, TX/s, Sup/s
1708, 0, 0, 0, 0, 0, 0, 0, 0, 0, 0, 0, 0, 0, 0, 0, 0, 0, 0, 0
1708, 0, 1.000003, 210000652, 1.000003, 27220, 27220, 27213, 0, 6804, 0, 0, 0, 0, 0, 0, 28318349, 27219.915489, 27212.915510, 0.000000
1708, 1, 2.000004, 210000179, 1.000001, 27190, 27190, 27193, 0, 6798, 0, 0, 6, 0, 0, 0, 28328859, 27189.976824, 27192.976821, 0.000000
1708, 2, 3.000020, 210003445, 1.000016, 27125, 27125, 27130, 0, 6782, 0, 0, 0, 0, 0, 0, 28449859, 27124.555028, 27129.554946, 0.000000
1708, 3, 4.000032, 210002465, 1.000012, 27146, 27146, 27144, 0, 6786, 0, 0, 3, 0, 0, 0, 28579933, 27145.681361, 27143.681385, 0.000000
1708, 4, 5.000084, 210010833, 1.000052, 27053, 27053, 27048, 0, 6762, 0, 0, 1, 0, 0, 0, 28831758, 27051.604524, 27046.604782, 0.000000
1708, 5, 6.000150, 210013854, 1.000066, 27134, 27134, 27144, 0, 6786, 0, 0, 3, 0, 0, 0, 29026051, 27132.210049, 27142.209390, 0.000000
1708, 6, 7.000209, 210012478, 1.000059, 27062, 27062, 27060, 0, 6765, 0, 0, 1, 0, 0, 0, 28908734, 27060.392097, 27058.392216, 0.000000
1708, 7, 8.000422, 210044705, 1.000213, 27125, 27125, 27124, 0, 6781, 0, 0, 0, 0, 0, 0, 28969225, 27119.226833, 27118.227046, 0.000000
