ThreadID, cIDX, Time, cycles, deltaT, RX, OnRX, TX, SupTX, OnTX, Idle, OnIdle, Blocked, CacheMiss, CacheHit, CacheWB, CPUIdle, RX/s, TX/s, Sup/s
8731, 0, 0, 0, 0, 0, 0, 0, 0, 0, 0, 0, 0, 0, 0, 0, 0, 0, 0, 0
8731, 0, 1.000035, 210007389, 1.000035, 27264, 27264, 27268, 0, 6817, 0, 0, 0, 0, 0, 0, 29251981, 27263.040730, 27267.040590, 0.000000
8731, 1, 2.000043, 210001649, 1.000008, 27109, 27109, 27104, 0, 6776, 0, 0, 3, 0, 0, 0, 29234850, 27108.787131, 27103.787171, 0.000000
8731, 2, 3.000073, 210006232, 1.000030, 27111, 27111, 27113, 0, 6779, 0, 0, 4, 0, 0, 0, 29340126, 27110.195473, 27112.195413, 0.000000
8731, 3, 4.000080, 210001578, 1.000008, 27159, 27159, 27164, 0, 6791, 0, 0, 3, 0, 0, 0, 29298503, 27158.795921, 27163.795883, 0.000000
8731, 4, 5.000154, 210015511, 1.000074, 27141, 27141, 27135, 0, 6783, 0, 0, 1, 0, 0, 0, 29854185, 27138.995462, 27132.995905, 0.000000
8731, 5, 6.000156, 210000305, 1.000001, 27055, 27055, 27056, 0, 6764, 0, 0, 0, 0, 0, 0, 29875765, 27054.960706, 27055.960704, 0.000000
8731, 6, 7.000224, 210014340, 1.000068, 27076, 27076, 27076, 0, 6769, 0, 0, 1, 0, 0, 0, 29943050, 27074.151222, 27074.151222, 0.000000
8731, 7, 8.000233, 210002017, 1.000010, 27164, 27164, 27161, 0, 6791, 0, 0, 0, 0, 0, 0, 29809397, 27163.739099, 27160.739128, 0.000000
