ThreadID, cIDX, Time, cycles, deltaT, RX, OnRX, TX, SupTX, OnTX, Idle, OnIdle, Blocked, CacheMiss, CacheHit, CacheWB, CPUIdle, RX/s, TX/s, Sup/s
509, 0, 0, 0, 0, 0, 0, 0, 0, 0, 0, 0, 0, 0, 0, 0, 0, 0, 0, 0
509, 0, 1.000077, 210016189, 1.000077, 26162, 26162, 26165, 0, 6827, 0, 0, 2, 0, 0, 0, 29146326, 26159.983314, 26162.983083, 0.000000
509, 1, 2.000289, 210044484, 1.000212, 25981, 25981, 25982, 0, 6778, 0, 0, 1, 0, 0, 0, 29187674, 25975.497647, 25976.497436, 0.000000
509, 2, 3.000312, 210004795, 1.000023, 25952, 25952, 25952, 0, 6770, 0, 0, 1, 0, 0, 0, 29336712, 25951.407443, 25951.407443, 0.000000
509, 3, 4.000328, 210003379, 1.000016, 26080, 26080, 26077, 0, 6802, 0, 0, 0, 0, 0, 0, 29225165, 26079.580367, 26076.580415, 0.000000
509, 4, 5.000401, 210015425, 1.000073, 26027, 26027, 26023, 0, 6788, 0, 0, 0, 0, 0, 0, 29713699, 26025.088395, 26021.088689, 0.000000
509, 5, 6.000426, 210005176, 1.000025, 25920, 25920, 25925, 0, 6762, 0, 0, 0, 0, 0, 0, 30046223, 25919.361149, 25924.361026, 0.000000
509, 6, 7.000432, 210001329, 1.000006, 26061, 26061, 26067, 0, 6801, 0, 0, 0, 0, 0, 0, 29962497, 26060.835072, 26066.835034, 0.000000
509, 7, 8.000635, 210042616, 1.000203, 25999, 25999, 25994, 0, 6779, 0, 0, 0, 0, 0, 0, 29894228, 25993.725007, 25988.726021, 0.000000
