ThreadID, cIDX, Time, cycles, deltaT, RX, OnRX, TX, SupTX, OnTX, Idle, OnIdle, Blocked, CacheMiss, CacheHit, CacheWB, CPUIdle, RX/s, TX/s, Sup/s
10544, 0, 0, 0, 0, 0, 0, 0, 0, 0, 0, 0, 0, 0, 0, 0, 0, 0, 0, 0
10544, 0, 1.000016, 210003460, 1.000016, 31697, 31697, 31688, 0, 7922, 0, 0, 1, 0, 0, 0, 28319663, 31696.477763, 31687.477911, 0.000000
10544, 1, 2.000045, 210005929, 1.000028, 31712, 31712, 31732, 0, 7933, 0, 0, 3, 0, 0, 0, 28379056, 31711.104690, 31731.104125, 0.000000
10544, 2, 3.000084, 210008298, 1.000040, 31723, 31723, 31697, 0, 7925, 0, 0, 6, 0, 0, 0, 28253227, 31721.746538, 31695.747565, 0.000000
10544, 3, 4.000114, 210006223, 1.000030, 31586, 31586, 31587, 0, 7896, 0, 0, 3, 0, 0, 0, 28625536, 31585.064029, 31586.064000, 0.000000
10544, 4, 5.000117, 210000577, 1.000003, 31609, 31609, 31623, 0, 7906, 0, 0, 5, 0, 0, 0, 28830704, 31608.913151, 31622.913112, 0.000000
10544, 5, 6.000122, 210001125, 1.000005, 31673, 31673, 31667, 0, 7917, 0, 0, 1, 0, 0, 0, 29349043, 31672.830324, 31666.830356, 0.000000
10544, 6, 7.000126, 210000947, 1.000005, 31496, 31496, 31513, 0, 7878, 0, 0, 1, 0, 0, 0, 29183785, 31495.857969, 31512.857892, 0.000000
10544, 7, 8.000138, 210002329, 1.000011, 31620, 31620, 31613, 0, 7903, 0, 0, 0, 0, 0, 0, 28903554, 31619.649323, 31612.649401, 0.000000
