ThreadID, cIDX, Time, cycles, deltaT, RX, OnRX, TX, SupTX, OnTX, Idle, OnIdle, Blocked, CacheMiss, CacheHit, CacheWB, CPUIdle, RX/s, TX/s, Sup/s
9846, 0, 0, 0, 0, 0, 0, 0, 0, 0, 0, 0, 0, 0, 0, 0, 0, 0, 0, 0
9846, 0, 1.000045, 210009519, 1.000045, 30481, 30481, 30469, 0, 7899, 0, 0, 0, 0, 0, 0, 30636270, 30479.618402, 30467.618946, 0.000000
9846, 1, 2.000442, 210083255, 1.000396, 30542, 30542, 30559, 0, 7924, 0, 0, 13, 0, 0, 0, 30892123, 30529.896350, 30546.889613, 0.000000
9846, 2, 3.000455, 210002691, 1.000013, 30564, 30564, 30549, 0, 7921, 0, 0, 6, 0, 0, 0, 30958832, 30563.608349, 30548.608541, 0.000000
9846, 3, 4.000514, 210012545, 1.000060, 30504, 30504, 30506, 0, 7908, 0, 0, 10, 0, 0, 0, 31166580, 30502.177858, 30504.177739, 0.000000
9846, 4, 5.000767, 210052975, 1.000252, 30618, 30618, 30618, 0, 7938, 0, 0, 7, 0, 0, 0, 31343644, 30610.278193, 30610.278193, 0.000000
9846, 5, 6.000962, 210040968, 1.000195, 30454, 30454, 30452, 0, 7894, 0, 0, 7, 0, 0, 0, 31714757, 30448.060018, 30446.060409, 0.000000
9846, 6, 7.000968, 210001248, 1.000006, 30565, 30565, 30566, 0, 7926, 0, 0, 0, 0, 0, 0, 31345339, 30564.818358, 30565.818352, 0.000000
9846, 7, 8.001241, 210057418, 1.000273, 30504, 30504, 30498, 0, 7907, 0, 0, 0, 0, 0, 0, 31356643, 30495.661905, 30489.663545, 0.000000
