ThreadID, cIDX, Time, cycles, deltaT, RX, OnRX, TX, SupTX, OnTX, Idle, OnIdle, Blocked, CacheMiss, CacheHit, CacheWB, CPUIdle, RX/s, TX/s, Sup/s
2455, 0, 0, 0, 0, 0, 0, 0, 0, 0, 0, 0, 0, 0, 0, 0, 0, 0, 0, 0
2455, 0, 1.000003, 210000573, 1.000003, 31568, 31568, 31565, 0, 7892, 0, 0, 0, 0, 0, 0, 29648143, 31567.913865, 31564.913873, 0.000000
2455, 1, 2.000007, 210000994, 1.000005, 31672, 31672, 31671, 0, 7917, 0, 0, 4, 0, 0, 0, 29601417, 31671.850087, 31670.850091, 0.000000
2455, 2, 3.000047, 210008294, 1.000039, 31655, 31655, 31660, 0, 7915, 0, 0, 3, 0, 0, 0, 29786093, 31653.749828, 31658.749630, 0.000000
2455, 3, 4.000105, 210012108, 1.000058, 31737, 31737, 31728, 0, 7932, 0, 0, 2, 0, 0, 0, 29929435, 31735.170241, 31726.170760, 0.000000
2455, 4, 5.000121, 210003442, 1.000016, 31678, 31678, 31684, 0, 7921, 0, 0, 3, 0, 0, 0, 30168716, 31677.480791, 31683.480693, 0.000000
2455, 5, 6.000211, 210018895, 1.000090, 31595, 31595, 31592, 0, 7898, 0, 0, 0, 0, 0, 0, 30544408, 31592.157458, 31589.157728, 0.000000
2455, 6, 7.000228, 210003508, 1.000017, 31562, 31562, 31570, 0, 7893, 0, 0, 2, 0, 0, 0, 30529466, 31561.472773, 31569.472639, 0.000000
2455, 7, 8.000251, 210004974, 1.000024, 31727, 31727, 31738, 0, 7934, 0, 0, 3, 0, 0, 0, 30324878, 31726.248541, 31737.248281, 0.000000
