ThreadID, cIDX, Time, cycles, deltaT, RX, OnRX, TX, SupTX, OnTX, Idle, OnIdle, Blocked, CacheMiss, CacheHit, CacheWB, CPUIdle, RX/s, TX/s, Sup/s
8912, 0, 0, 0, 0, 0, 0, 0, 0, 0, 0, 0, 0, 0, 0, 0, 0, 0, 0, 0
8912, 0, 1.000135, 210028382, 1.000135, 31641, 31641, 31628, 0, 7907, 0, 0, 0, 0, 0, 0, 28673550, 31636.724221, 31623.725978, 0.000000
8912, 1, 2.000203, 210014159, 1.000067, 31656, 31656, 31658, 0, 7915, 0, 0, 6, 0, 0, 0, 28505120, 31653.865776, 31655.865641, 0.000000
8912, 2, 3.000236, 210006989, 1.000033, 31649, 31649, 31652, 0, 7913, 0, 0, 8, 0, 0, 0, 28589369, 31647.946726, 31650.946626, 0.000000
8912, 3, 4.000241, 210001146, 1.000005, 31766, 31766, 31766, 0, 7941, 0, 0, 7, 0, 0, 0, 28431311, 31765.826649, 31765.826649, 0.000000
8912, 4, 5.000256, 210003184, 1.000015, 31637, 31637, 31633, 0, 7909, 0, 0, 1, 0, 0, 0, 29196336, 31636.520330, 31632.520391, 0.000000
8912, 5, 6.000282, 210005291, 1.000025, 31607, 31607, 31631, 0, 7907, 0, 0, 0, 0, 0, 0, 29221626, 31606.203674, 31630.203070, 0.000000
8912, 6, 7.000730, 210094056, 1.000448, 31689, 31689, 31664, 0, 7916, 0, 0, 0, 0, 0, 0, 29290226, 31674.813304, 31649.824496, 0.000000
8912, 7, 8.000782, 210010943, 1.000052, 31737, 31737, 31748, 0, 7937, 0, 0, 0, 0, 0, 0, 29208034, 31735.346286, 31746.345713, 0.000000
