ThreadID, cIDX, Time, cycles, deltaT, RX, OnRX, TX, SupTX, OnTX, Idle, OnIdle, Blocked, CacheMiss, CacheHit, CacheWB, CPUIdle, RX/s, TX/s, Sup/s
977, 0, 0, 0, 0, 0, 0, 0, 0, 0, 0, 0, 0, 0, 0, 0, 0, 0, 0, 0
977, 0, 1.000014, 210003014, 1.000014, 31654, 31654, 31660, 0, 7915, 0, 0, 0, 0, 0, 0, 26662367, 31653.545696, 31659.545610, 0.000000
977, 1, 2.000086, 210015053, 1.000072, 31652, 31652, 31636, 0, 7909, 0, 0, 0, 0, 0, 0, 26624680, 31649.731317, 31633.732464, 0.000000
977, 2, 3.000245, 210033295, 1.000159, 31650, 31650, 31652, 0, 7913, 0, 0, 0, 0, 0, 0, 26933548, 31644.982763, 31646.982446, 0.000000
977, 3, 4.000305, 210012612, 1.000060, 31739, 31739, 31748, 0, 7937, 0, 0, 0, 0, 0, 0, 26840699, 31737.093961, 31746.093420, 0.000000
977, 4, 5.000311, 210001305, 1.000006, 31627, 31627, 31629, 0, 7908, 0, 0, 0, 0, 0, 0, 27229523, 31626.803462, 31628.803450, 0.000000
977, 5, 6.000321, 210002147, 1.000010, 31620, 31620, 31620, 0, 7905, 0, 0, 0, 0, 0, 0, 27235862, 31619.676726, 31619.676726, 0.000000
977, 6, 7.000323, 210000508, 1.000002, 31642, 31642, 31634, 0, 7908, 0, 0, 0, 0, 0, 0, 27334827, 31641.923457, 31633.923476, 0.000000
977, 7, 8.000381, 210012061, 1.000057, 31727, 31727, 31745, 0, 7936, 0, 0, 0, 0, 0, 0, 27430013, 31725.177917, 31743.176884, 0.000000
