ThreadID, cIDX, Time, cycles, deltaT, RX, OnRX, TX, SupTX, OnTX, Idle, OnIdle, Blocked, CacheMiss, CacheHit, CacheWB, CPUIdle, RX/s, TX/s, Sup/s
8275, 0, 0, 0, 0, 0, 0, 0, 0, 0, 0, 0, 0, 0, 0, 0, 0, 0, 0, 0
8275, 0, 1.000382, 210080302, 1.000382, 31565, 31565, 31573, 0, 7894, 0, 0, 2, 0, 0, 0, 29068719, 31552.934458, 31560.931400, 0.000000
8275, 1, 2.000398, 210003294, 1.000016, 31723, 31723, 31708, 0, 7927, 0, 0, 3, 0, 0, 0, 28875232, 31722.502410, 31707.502645, 0.000000
8275, 2, 3.000400, 210000495, 1.000002, 31701, 31701, 31723, 0, 7930, 0, 0, 4, 0, 0, 0, 28957218, 31700.925276, 31722.925225, 0.000000
8275, 3, 4.000432, 210006561, 1.000031, 31600, 31600, 31598, 0, 7900, 0, 0, 4, 0, 0, 0, 29007513, 31599.012757, 31597.012819, 0.000000
8275, 4, 5.000448, 210003393, 1.000016, 31570, 31570, 31554, 0, 7888, 0, 0, 0, 0, 0, 0, 29325647, 31569.489927, 31553.490186, 0.000000
8275, 5, 6.000803, 210074592, 1.000355, 31713, 31713, 31700, 0, 7925, 0, 0, 0, 0, 0, 0, 29692402, 31701.739542, 31688.744158, 0.000000
8275, 6, 7.001334, 210111475, 1.000531, 31575, 31575, 31572, 0, 7893, 0, 0, 0, 0, 0, 0, 29409307, 31558.247830, 31555.249422, 0.000000
8275, 7, 8.001388, 210011363, 1.000054, 31585, 31585, 31582, 0, 7896, 0, 0, 3, 0, 0, 0, 29020298, 31583.291043, 31580.291205, 0.000000
