ThreadID, cIDX, Time, cycles, deltaT, RX, OnRX, TX, SupTX, OnTX, Idle, OnIdle, Blocked, CacheMiss, CacheHit, CacheWB, CPUIdle, RX/s, TX/s, Sup/s
2612, 0, 0, 0, 0, 0, 0, 0, 0, 0, 0, 0, 0, 0, 0, 0, 0, 0, 0, 0
2612, 0, 1.000518, 210108780, 1.000518, 31516, 31516, 31528, 0, 7882, 0, 0, 0, 0, 0, 0, 28290501, 31499.683164, 31511.676951, 0.000000
2612, 1, 2.000528, 210002132, 1.000010, 31668, 31668, 31649, 0, 7913, 0, 0, 3, 0, 0, 0, 28188754, 31667.678498, 31648.678691, 0.000000
2612, 2, 3.000553, 210005322, 1.000025, 31672, 31672, 31694, 0, 7923, 0, 0, 10, 0, 0, 0, 28262152, 31671.197361, 31693.196804, 0.000000
2612, 3, 4.000555, 210000262, 1.000001, 31632, 31632, 31617, 0, 7904, 0, 0, 3, 0, 0, 0, 28464353, 31631.960535, 31616.960554, 0.000000
2612, 4, 5.000674, 210024976, 1.000119, 31711, 31711, 31700, 0, 7925, 0, 0, 0, 0, 0, 0, 28751281, 31707.228954, 31696.230262, 0.000000
2612, 5, 6.000903, 210048127, 1.000229, 31562, 31562, 31564, 0, 7891, 0, 0, 4, 0, 0, 0, 29312595, 31554.768398, 31556.767940, 0.000000
2612, 6, 7.000961, 210012179, 1.000058, 31600, 31600, 31594, 0, 7899, 0, 0, 0, 0, 0, 0, 29175924, 31598.167457, 31592.167805, 0.000000
2612, 7, 8.001458, 210104374, 1.000497, 31739, 31739, 31738, 0, 7934, 0, 0, 1, 0, 0, 0, 28862761, 31723.232949, 31722.233446, 0.000000
