ThreadID, cIDX, Time, cycles, deltaT, RX, OnRX, TX, SupTX, OnTX, Idle, OnIdle, Blocked, CacheMiss, CacheHit, CacheWB, CPUIdle, RX/s, TX/s, Sup/s
9839, 0, 0, 0, 0, 0, 0, 0, 0, 0, 0, 0, 0, 0, 0, 0, 0, 0, 0, 0
9839, 0, 1.000032, 210006664, 1.000032, 27188, 27188, 27196, 0, 6799, 0, 0, 0, 0, 0, 0, 28832344, 27187.137262, 27195.137008, 0.000000
9839, 1, 2.000294, 210055153, 1.000263, 27160, 27160, 27156, 0, 6789, 0, 0, 1, 0, 0, 0, 28965823, 27152.868752, 27148.869802, 0.000000
9839, 2, 3.000321, 210005618, 1.000027, 27145, 27145, 27148, 0, 6787, 0, 0, 0, 0, 0, 0, 29043522, 27144.273826, 27147.273746, 0.000000
9839, 3, 4.000436, 210024223, 1.000115, 27173, 27173, 27161, 0, 6791, 0, 0, 9, 0, 0, 0, 29331858, 27169.866021, 27157.867405, 0.000000
9839, 4, 5.000506, 210014617, 1.000070, 27116, 27116, 27127, 0, 6781, 0, 0, 5, 0, 0, 0, 29443330, 27114.112729, 27125.111963, 0.000000
9839, 5, 6.000509, 210000679, 1.000003, 27051, 27051, 27044, 0, 6761, 0, 0, 4, 0, 0, 0, 29788060, 27050.912535, 27043.912558, 0.000000
9839, 6, 7.000511, 210000316, 1.000002, 27107, 27107, 27105, 0, 6777, 0, 0, 1, 0, 0, 0, 29448318, 27106.959210, 27104.959213, 0.000000
9839, 7, 8.000636, 210026220, 1.000125, 27096, 27096, 27095, 0, 6773, 0, 0, 0, 0, 0, 0, 29462624, 27092.617293, 27091.617418, 0.000000
