ThreadID, cIDX, Time, cycles, deltaT, RX, OnRX, TX, SupTX, OnTX, Idle, OnIdle, Blocked, CacheMiss, CacheHit, CacheWB, CPUIdle, RX/s, TX/s, Sup/s
1890, 0, 0, 0, 0, 0, 0, 0, 0, 0, 0, 0, 0, 0, 0, 0, 0, 0, 0, 0
1890, 0, 1.000101, 210021274, 1.000101, 31650, 31650, 31637, 0, 7910, 0, 0, 1, 0, 0, 0, 29048752, 31646.794029, 31633.795346, 0.000000
1890, 1, 2.000103, 210000261, 1.000001, 31638, 31638, 31637, 0, 7909, 0, 0, 6, 0, 0, 0, 28912629, 31637.960679, 31636.960680, 0.000000
1890, 2, 3.000109, 210001330, 1.000006, 31642, 31642, 31662, 0, 7915, 0, 0, 8, 0, 0, 0, 29196498, 31641.799602, 31661.799475, 0.000000
1890, 3, 4.000117, 210001696, 1.000008, 31689, 31689, 31696, 0, 7924, 0, 0, 0, 0, 0, 0, 29302347, 31688.744076, 31695.744019, 0.000000
1890, 4, 5.000223, 210022213, 1.000106, 31699, 31699, 31680, 0, 7920, 0, 0, 0, 0, 0, 0, 29483320, 31695.647355, 31676.649365, 0.000000
1890, 5, 6.000242, 210004074, 1.000019, 31581, 31581, 31600, 0, 7900, 0, 0, 0, 0, 0, 0, 29877888, 31580.387340, 31599.386972, 0.000000
1890, 6, 7.000291, 210010284, 1.000049, 31604, 31604, 31600, 0, 7900, 0, 0, 0, 0, 0, 0, 29753398, 31602.452383, 31598.452579, 0.000000
1890, 7, 8.000301, 210002010, 1.000010, 31735, 31735, 31737, 0, 7935, 0, 0, 1, 0, 0, 0, 29415859, 31734.696254, 31736.696234, 0.000000
