ThreadID, cIDX, Time, cycles, deltaT, RX, OnRX, TX, SupTX, OnTX, Idle, OnIdle, Blocked, CacheMiss, CacheHit, CacheWB, CPUIdle, RX/s, TX/s, Sup/s
8601, 0, 0, 0, 0, 0, 0, 0, 0, 0, 0, 0, 0, 0, 0, 0, 0, 0, 0, 0
8601, 0, 1.000008, 210001752, 1.000008, 27170, 27170, 27168, 0, 6792, 0, 0, 0, 0, 0, 0, 29358499, 27169.773326, 27167.773343, 0.000000
8601, 1, 2.000473, 210097679, 1.000465, 27191, 27191, 27188, 0, 6797, 0, 0, 6, 0, 0, 0, 29366633, 27178.358310, 27175.359705, 0.000000
8601, 2, 3.000476, 210000547, 1.000003, 27090, 27090, 27093, 0, 6774, 0, 0, 0, 0, 0, 0, 29436467, 27089.929437, 27092.929429, 0.000000
8601, 3, 4.000500, 210005084, 1.000024, 27194, 27194, 27193, 0, 6798, 0, 0, 5, 0, 0, 0, 29258916, 27193.341662, 27192.341686, 0.000000
8601, 4, 5.000507, 210001418, 1.000007, 27067, 27067, 27069, 0, 6767, 0, 0, 0, 0, 0, 0, 29766840, 27066.817235, 27068.817221, 0.000000
8601, 5, 6.000525, 210003798, 1.000018, 27059, 27059, 27054, 0, 6764, 0, 0, 0, 0, 0, 0, 29974517, 27058.510628, 27053.510718, 0.000000
8601, 6, 7.000660, 210028236, 1.000134, 27158, 27158, 27167, 0, 6791, 0, 0, 0, 0, 0, 0, 30023119, 27154.348904, 27163.347694, 0.000000
8601, 7, 8.000668, 210001863, 1.000009, 27094, 27094, 27093, 0, 6774, 0, 0, 0, 0, 0, 0, 30030088, 27093.759640, 27092.759649, 0.000000
