ThreadID, cIDX, Time, cycles, deltaT, RX, OnRX, TX, SupTX, OnTX, Idle, OnIdle, Blocked, CacheMiss, CacheHit, CacheWB, CPUIdle, RX/s, TX/s, Sup/s
2788, 0, 0, 0, 0, 0, 0, 0, 0, 0, 0, 0, 0, 0, 0, 0, 0, 0, 0, 0
2788, 0, 1.000073, 210015270, 1.000073, 31548, 31548, 31548, 0, 7887, 0, 0, 0, 0, 0, 0, 28921174, 31545.706177, 31545.706177, 0.000000
2788, 1, 2.000516, 210093066, 1.000443, 31689, 31689, 31703, 0, 7926, 0, 0, 6, 0, 0, 0, 28880352, 31674.962562, 31688.956360, 0.000000
2788, 2, 3.000567, 210010686, 1.000051, 31705, 31705, 31678, 0, 7920, 0, 0, 2, 0, 0, 0, 28904077, 31703.386751, 31676.388124, 0.000000
2788, 3, 4.000604, 210007720, 1.000037, 31654, 31654, 31659, 0, 7914, 0, 0, 10, 0, 0, 0, 28968217, 31652.836381, 31657.836198, 0.000000
2788, 4, 5.000610, 210001426, 1.000007, 31646, 31646, 31649, 0, 7913, 0, 0, 2, 0, 0, 0, 29199533, 31645.785110, 31648.785090, 0.000000
2788, 5, 6.000870, 210054612, 1.000260, 31589, 31589, 31599, 0, 7899, 0, 0, 4, 0, 0, 0, 29835606, 31580.787191, 31590.784591, 0.000000
2788, 6, 7.000892, 210004596, 1.000022, 31632, 31632, 31631, 0, 7908, 0, 0, 3, 0, 0, 0, 29615705, 31631.307726, 31630.307748, 0.000000
2788, 7, 8.000899, 210001426, 1.000007, 31608, 31608, 31601, 0, 7900, 0, 0, 0, 0, 0, 0, 29509571, 31607.785368, 31600.785416, 0.000000
