ThreadID, cIDX, Time, cycles, deltaT, RX, OnRX, TX, SupTX, OnTX, Idle, OnIdle, Blocked, CacheMiss, CacheHit, CacheWB, CPUIdle, RX/s, TX/s, Sup/s
10717, 0, 0, 0, 0, 0, 0, 0, 0, 0, 0, 0, 0, 0, 0, 0, 0, 0, 0, 0
10717, 0, 1.000525, 210110331, 1.000525, 27228, 27228, 27228, 0, 6807, 0, 0, 0, 0, 0, 0, 29102895, 27213.702310, 27213.702310, 0.000000
10717, 1, 2.000805, 210058704, 1.000280, 27184, 27184, 27188, 0, 6797, 0, 0, 4, 0, 0, 0, 29187599, 27176.403031, 27180.401913, 0.000000
10717, 2, 3.000827, 210004671, 1.000022, 27147, 27147, 27142, 0, 6786, 0, 0, 4, 0, 0, 0, 29241590, 27146.396187, 27141.396298, 0.000000
10717, 3, 4.000832, 210000974, 1.000005, 27125, 27125, 27134, 0, 6783, 0, 0, 8, 0, 0, 0, 29382790, 27124.874192, 27133.874151, 0.000000
10717, 4, 5.000836, 210000981, 1.000005, 27140, 27140, 27135, 0, 6784, 0, 0, 5, 0, 0, 0, 29567346, 27139.873218, 27134.873241, 0.000000
10717, 5, 6.001019, 210038236, 1.000182, 27133, 27133, 27121, 0, 6780, 0, 0, 4, 0, 0, 0, 30157430, 27128.060626, 27116.062811, 0.000000
10717, 6, 7.001117, 210020661, 1.000098, 27125, 27125, 27124, 0, 6781, 0, 0, 0, 0, 0, 0, 29887123, 27122.331550, 27121.331648, 0.000000
10717, 7, 8.001149, 210006730, 1.000032, 27108, 27108, 27113, 0, 6779, 0, 0, 0, 0, 0, 0, 29731095, 27107.131281, 27112.131121, 0.000000
