ThreadID, cIDX, Time, cycles, deltaT, RX, OnRX, TX, SupTX, OnTX, Idle, OnIdle, Blocked, CacheMiss, CacheHit, CacheWB, CPUIdle, RX/s, TX/s, Sup/s
9836, 0, 0, 0, 0, 0, 0, 0, 0, 0, 0, 0, 0, 0, 0, 0, 0, 0, 0, 0
9836, 0, 1.000267, 210055993, 1.000267, 27238, 27238, 27236, 0, 6809, 0, 0, 0, 0, 0, 0, 28884790, 27230.739377, 27228.739910, 0.000000
9836, 1, 2.000432, 210034756, 1.000166, 27157, 27157, 27149, 0, 6788, 0, 0, 4, 0, 0, 0, 28937864, 27152.506131, 27144.507455, 0.000000
9836, 2, 3.000495, 210013296, 1.000063, 27156, 27156, 27166, 0, 6791, 0, 0, 10, 0, 0, 0, 29046850, 27154.280746, 27164.280113, 0.000000
9836, 3, 4.000557, 210012875, 1.000061, 27029, 27029, 27025, 0, 6756, 0, 0, 2, 0, 0, 0, 29308687, 27027.342966, 27023.343212, 0.000000
9836, 4, 5.000640, 210017412, 1.000083, 27094, 27094, 27096, 0, 6774, 0, 0, 5, 0, 0, 0, 29440726, 27091.753707, 27093.753541, 0.000000
9836, 5, 6.000673, 210007048, 1.000034, 27153, 27153, 27157, 0, 6790, 0, 0, 5, 0, 0, 0, 29789143, 27152.088724, 27156.088590, 0.000000
9836, 6, 7.000677, 210000831, 1.000004, 27005, 27005, 26998, 0, 6749, 0, 0, 0, 0, 0, 0, 29451470, 27004.893138, 26997.893165, 0.000000
9836, 7, 8.000684, 210001381, 1.000007, 27140, 27140, 27149, 0, 6787, 0, 0, 0, 0, 0, 0, 29456211, 27139.821523, 27148.821464, 0.000000
