ThreadID, cIDX, Time, cycles, deltaT, RX, OnRX, TX, SupTX, OnTX, Idle, OnIdle, Blocked, CacheMiss, CacheHit, CacheWB, CPUIdle, RX/s, TX/s, Sup/s
475, 0, 0, 0, 0, 0, 0, 0, 0, 0, 0, 0, 0, 0, 0, 0, 0, 0, 0, 0
475, 0, 1.000137, 210028831, 1.000137, 27279, 27279, 27280, 0, 6820, 0, 0, 0, 0, 0, 0, 26692738, 27275.255367, 27276.255230, 0.000000
475, 1, 2.000251, 210023907, 1.000114, 27113, 27113, 27116, 0, 6779, 0, 0, 1, 0, 0, 0, 26762250, 27109.913730, 27112.913388, 0.000000
475, 2, 3.000307, 210011717, 1.000056, 27109, 27109, 27104, 0, 6776, 0, 0, 0, 0, 0, 0, 26983559, 27107.487531, 27102.487810, 0.000000
475, 3, 4.000327, 210004157, 1.000020, 27167, 27167, 27168, 0, 6792, 0, 0, 0, 0, 0, 0, 26753802, 27166.462233, 27167.462214, 0.000000
475, 4, 5.000423, 210020146, 1.000096, 27153, 27153, 27144, 0, 6786, 0, 0, 0, 0, 0, 0, 27444807, 27150.395372, 27141.396235, 0.000000
475, 5, 6.000512, 210018779, 1.000089, 27026, 27026, 27028, 0, 6757, 0, 0, 1, 0, 0, 0, 27368933, 27023.583448, 27025.583269, 0.000000
475, 6, 7.000515, 210000583, 1.000003, 27084, 27084, 27092, 0, 6773, 0, 0, 1, 0, 0, 0, 27437377, 27083.924810, 27091.924788, 0.000000
475, 7, 8.000573, 210012196, 1.000058, 27140, 27140, 27142, 0, 6786, 0, 0, 0, 0, 0, 0, 27434142, 27138.423904, 27140.423788, 0.000000
