ThreadID, cIDX, Time, cycles, deltaT, RX, OnRX, TX, SupTX, OnTX, Idle, OnIdle, Blocked, CacheMiss, CacheHit, CacheWB, CPUIdle, RX/s, TX/s, Sup/s
11224, 0, 0, 0, 0, 0, 0, 0, 0, 0, 0, 0, 0, 0, 0, 0, 0, 0, 0, 0
11224, 0, 1.000025, 210005167, 1.000025, 27205, 27205, 27205, 0, 6802, 0, 0, 0, 0, 0, 0, 29105632, 27204.330644, 27204.330644, 0.000000
11224, 1, 2.000047, 210004724, 1.000022, 27123, 27123, 27115, 0, 6778, 0, 0, 9, 0, 0, 0, 29092917, 27122.389875, 27114.390055, 0.000000
11224, 2, 3.000066, 210003879, 1.000018, 27127, 27127, 27136, 0, 6784, 0, 0, 7, 0, 0, 0, 29219514, 27126.498935, 27135.498769, 0.000000
11224, 3, 4.000068, 210000508, 1.000002, 27155, 27155, 27158, 0, 6790, 0, 0, 2, 0, 0, 0, 29314791, 27154.934311, 27157.934304, 0.000000
11224, 4, 5.000073, 210000957, 1.000005, 27166, 27166, 27162, 0, 6790, 0, 0, 0, 0, 0, 0, 29635614, 27165.876201, 27161.876219, 0.000000
11224, 5, 6.000091, 210003863, 1.000018, 27009, 27009, 27008, 0, 6752, 0, 0, 9, 0, 0, 0, 29963212, 27008.503172, 27007.503191, 0.000000
11224, 6, 7.000241, 210031524, 1.000150, 27110, 27110, 27104, 0, 6776, 0, 0, 1, 0, 0, 0, 29812916, 27105.931013, 27099.931913, 0.000000
11224, 7, 8.000251, 210002126, 1.000010, 27119, 27119, 27128, 0, 6782, 0, 0, 0, 0, 0, 0, 29230313, 27118.725455, 27127.725364, 0.000000
