ThreadID, cIDX, Time, cycles, deltaT, RX, OnRX, TX, SupTX, OnTX, Idle, OnIdle, Blocked, CacheMiss, CacheHit, CacheWB, CPUIdle, RX/s, TX/s, Sup/s
1086, 0, 0, 0, 0, 0, 0, 0, 0, 0, 0, 0, 0, 0, 0, 0, 0, 0, 0, 0
1086, 0, 1.000003, 210000722, 1.000003, 27217, 27217, 27213, 0, 6804, 0, 0, 1, 0, 0, 0, 28351159, 27216.906426, 27212.906439, 0.000000
1086, 1, 2.000029, 210005268, 1.000025, 27111, 27111, 27107, 0, 6776, 0, 0, 6, 0, 0, 0, 28284223, 27110.319918, 27106.320019, 0.000000
1086, 2, 3.000090, 210012904, 1.000061, 27110, 27110, 27116, 0, 6779, 0, 0, 3, 0, 0, 0, 28486527, 27108.334257, 27114.333889, 0.000000
1086, 3, 4.000258, 210035287, 1.000168, 27157, 27157, 27156, 0, 6789, 0, 0, 4, 0, 0, 0, 28263642, 27152.437485, 27151.437653, 0.000000
1086, 4, 5.000305, 210009946, 1.000047, 27145, 27145, 27144, 0, 6786, 0, 0, 1, 0, 0, 0, 28714339, 27143.714422, 27142.714469, 0.000000
1086, 5, 6.000454, 210031202, 1.000149, 27066, 27066, 27060, 0, 6765, 0, 0, 2, 0, 0, 0, 28755969, 27061.979105, 27055.979997, 0.000000
1086, 6, 7.000638, 210038583, 1.000184, 27097, 27097, 27100, 0, 6775, 0, 0, 1, 0, 0, 0, 28764930, 27092.022421, 27095.021870, 0.000000
1086, 7, 8.000640, 210000484, 1.000002, 27184, 27184, 27189, 0, 6798, 0, 0, 0, 0, 0, 0, 29002358, 27183.937347, 27188.937336, 0.000000
