ThreadID, cIDX, Time, cycles, deltaT, RX, OnRX, TX, SupTX, OnTX, Idle, OnIdle, Blocked, CacheMiss, CacheHit, CacheWB, CPUIdle, RX/s, TX/s, Sup/s
11095, 0, 0, 0, 0, 0, 0, 0, 0, 0, 0, 0, 0, 0, 0, 0, 0, 0, 0, 0
11095, 0, 1.000031, 210006421, 1.000031, 30522, 30522, 30532, 0, 7915, 0, 0, 0, 0, 0, 0, 29135452, 30521.066782, 30531.066476, 0.000000
11095, 1, 2.000055, 210005185, 1.000025, 30572, 30572, 30557, 0, 7922, 0, 0, 0, 0, 0, 0, 29048600, 30571.245181, 30556.245552, 0.000000
11095, 2, 3.000059, 210000776, 1.000004, 30533, 30533, 30540, 0, 7920, 0, 0, 9, 0, 0, 0, 29173802, 30532.887174, 30539.887148, 0.000000
11095, 3, 4.000136, 210016189, 1.000077, 30563, 30563, 30549, 0, 7919, 0, 0, 6, 0, 0, 0, 29237520, 30560.644065, 30546.645145, 0.000000
11095, 4, 5.000199, 210013186, 1.000063, 30510, 30510, 30513, 0, 7913, 0, 0, 12, 0, 0, 0, 29593712, 30508.084383, 30511.084194, 0.000000
11095, 5, 6.000243, 210009215, 1.000044, 30409, 30409, 30420, 0, 7887, 0, 0, 7, 0, 0, 0, 29901365, 30407.665683, 30418.665200, 0.000000
11095, 6, 7.000323, 210016892, 1.000080, 30582, 30582, 30563, 0, 7923, 0, 0, 0, 0, 0, 0, 29814434, 30579.540240, 30560.541768, 0.000000
11095, 7, 8.000500, 210037073, 1.000177, 30468, 30468, 30474, 0, 7901, 0, 0, 0, 0, 0, 0, 29500186, 30462.622187, 30468.621128, 0.000000
