ThreadID, cIDX, Time, cycles, deltaT, RX, OnRX, TX, SupTX, OnTX, Idle, OnIdle, Blocked, CacheMiss, CacheHit, CacheWB, CPUIdle, RX/s, TX/s, Sup/s
2119, 0, 0, 0, 0, 0, 0, 0, 0, 0, 0, 0, 0, 0, 0, 0, 0, 0, 0, 0
2119, 0, 1.000003, 210000540, 1.000003, 31608, 31608, 31602, 0, 7901, 0, 0, 7, 655899, 182104211, 267686, 29067981, 31607.918722, 31601.918738, 0.000000
2119, 1, 2.000010, 210001602, 1.000008, 31659, 31659, 31651, 0, 7913, 0, 0, 8, 564995, 182145925, 227137, 28939592, 31658.758489, 31650.758550, 0.000000
2119, 2, 3.000032, 210004678, 1.000022, 31679, 31679, 31695, 0, 7923, 0, 0, 11, 538731, 182003797, 212550, 29292035, 31678.294328, 31694.293972, 0.000000
2119, 3, 4.000066, 210007142, 1.000034, 31735, 31735, 31736, 0, 7934, 0, 0, 8, 522219, 181925864, 203855, 29500947, 31733.920744, 31734.920710, 0.000000
2119, 4, 5.000067, 210000160, 1.000001, 31718, 31718, 31712, 0, 7928, 0, 0, 5, 517989, 181863481, 200840, 29713863, 31717.975834, 31711.975838, 0.000000
2119, 5, 6.000074, 210001484, 1.000007, 31535, 31535, 31536, 0, 7884, 0, 0, 4, 505948, 181579029, 196932, 30136048, 31534.777154, 31535.777147, 0.000000
2119, 6, 7.000353, 210058588, 1.000279, 31705, 31705, 31692, 0, 7923, 0, 0, 5, 507245, 181777010, 196458, 29878269, 31696.157074, 31683.160700, 0.000000
2119, 7, 8.000360, 210001418, 1.000007, 31630, 31630, 31656, 0, 7914, 0, 0, 4, 502561, 181911563, 193231, 29577909, 31629.786424, 31655.786248, 0.000000
