ThreadID, cIDX, Time, cycles, deltaT, RX, OnRX, TX, SupTX, OnTX, Idle, OnIdle, Blocked, CacheMiss, CacheHit, CacheWB, CPUIdle, RX/s, TX/s, Sup/s
8487, 0, 0, 0, 0, 0, 0, 0, 0, 0, 0, 0, 0, 0, 0, 0, 0, 0, 0, 0
8487, 0, 1.000007, 210001439, 1.000007, 31540, 31540, 31532, 0, 7883, 0, 0, 0, 0, 0, 0, 27692938, 31539.783877, 31531.783932, 0.000000
8487, 1, 2.000054, 210009949, 1.000047, 31660, 31660, 31672, 0, 7918, 0, 0, 7, 0, 0, 0, 27575930, 31658.500141, 31670.499572, 0.000000
8487, 2, 3.000253, 210041647, 1.000198, 31698, 31698, 31697, 0, 7925, 0, 0, 9, 0, 0, 0, 27805870, 31691.714929, 31690.715128, 0.000000
8487, 3, 4.000278, 210005395, 1.000026, 31610, 31610, 31615, 0, 7903, 0, 0, 7, 0, 0, 0, 27679911, 31609.187945, 31614.187816, 0.000000
8487, 4, 5.000498, 210046171, 1.000220, 31647, 31647, 31620, 0, 7905, 0, 0, 0, 0, 0, 0, 27886007, 31640.043560, 31613.049495, 0.000000
8487, 5, 6.000747, 210052274, 1.000249, 31671, 31671, 31676, 0, 7919, 0, 0, 0, 0, 0, 0, 28400798, 31663.118296, 31668.117052, 0.000000
8487, 6, 7.000906, 210033426, 1.000159, 31538, 31538, 31540, 0, 7885, 0, 0, 0, 0, 0, 0, 28331525, 31532.980850, 31534.980532, 0.000000
8487, 7, 8.000952, 210009659, 1.000046, 31673, 31673, 31696, 0, 7924, 0, 0, 1, 0, 0, 0, 28240315, 31671.543260, 31694.542202, 0.000000
