ThreadID, cIDX, Time, cycles, deltaT, RX, OnRX, TX, SupTX, OnTX, Idle, OnIdle, Blocked, CacheMiss, CacheHit, CacheWB, CPUIdle, RX/s, TX/s, Sup/s
11043, 0, 0, 0, 0, 0, 0, 0, 0, 0, 0, 0, 0, 0, 0, 0, 0, 0, 0, 0
11043, 0, 1.000033, 210006863, 1.000033, 31544, 31544, 31548, 0, 7887, 0, 0, 0, 0, 0, 0, 28244338, 31542.969146, 31546.969015, 0.000000
11043, 1, 2.000456, 210088894, 1.000423, 31672, 31672, 31680, 0, 7920, 0, 0, 4, 0, 0, 0, 28312702, 31658.598764, 31666.595379, 0.000000
11043, 2, 3.000558, 210021377, 1.000102, 31709, 31709, 31704, 0, 7926, 0, 0, 4, 0, 0, 0, 28387649, 31705.772503, 31700.773012, 0.000000
11043, 3, 4.000574, 210003342, 1.000016, 31693, 31693, 31691, 0, 7923, 0, 0, 10, 0, 0, 0, 28410143, 31692.495637, 31690.495668, 0.000000
11043, 4, 5.000591, 210003737, 1.000018, 31621, 31621, 31624, 0, 7906, 0, 0, 6, 0, 0, 0, 28788413, 31620.437307, 31623.437253, 0.000000
11043, 5, 6.000594, 210000529, 1.000003, 31595, 31595, 31599, 0, 7900, 0, 0, 4, 0, 0, 0, 29098882, 31594.920411, 31598.920401, 0.000000
11043, 6, 7.000604, 210002149, 1.000010, 31666, 31666, 31666, 0, 7916, 0, 0, 0, 0, 0, 0, 28878255, 31665.675955, 31665.675955, 0.000000
11043, 7, 8.000663, 210012359, 1.000059, 31569, 31569, 31568, 0, 7892, 0, 0, 0, 0, 0, 0, 28726495, 31567.142199, 31566.142257, 0.000000
