ThreadID, cIDX, Time, cycles, deltaT, RX, OnRX, TX, SupTX, OnTX, Idle, OnIdle, Blocked, CacheMiss, CacheHit, CacheWB, CPUIdle, RX/s, TX/s, Sup/s
9097, 0, 0, 0, 0, 0, 0, 0, 0, 0, 0, 0, 0, 0, 0, 0, 0, 0, 0, 0
9097, 0, 1.000178, 210037461, 1.000178, 27134, 27134, 27132, 0, 6783, 0, 0, 0, 661788, 182040161, 276753, 32192788, 27129.160545, 27127.160902, 0.000000
9097, 1, 2.000184, 210001153, 1.000005, 27158, 27158, 27163, 0, 6791, 0, 0, 7, 571674, 182103782, 232659, 32231893, 27157.850890, 27162.850863, 0.000000
9097, 2, 3.000201, 210003685, 1.000018, 27152, 27152, 27153, 0, 6788, 0, 0, 1, 551848, 182022646, 225533, 32388336, 27151.523555, 27152.523538, 0.000000
9097, 3, 4.000204, 210000455, 1.000002, 27077, 27077, 27065, 0, 6767, 0, 0, 1, 546699, 182060021, 222230, 32419856, 27076.941333, 27064.941359, 0.000000
9097, 4, 5.000244, 210008485, 1.000040, 27077, 27077, 27091, 0, 6772, 0, 0, 0, 539916, 181778938, 218055, 32894980, 27075.906004, 27089.905439, 0.000000
9097, 5, 6.000297, 210011062, 1.000053, 27163, 27163, 27152, 0, 6788, 0, 0, 0, 535632, 181729081, 216822, 32959441, 27161.569232, 27150.569811, 0.000000
9097, 6, 7.000563, 210055920, 1.000266, 27016, 27016, 27016, 0, 6754, 0, 0, 1, 532241, 181859793, 212986, 32778242, 27008.807940, 27008.807940, 0.000000
9097, 7, 8.000570, 210001577, 1.000008, 27127, 27127, 27140, 0, 6785, 0, 0, 1, 526214, 181792030, 210058, 32971262, 27126.796291, 27139.796193, 0.000000
