ThreadID, cIDX, Time, cycles, deltaT, RX, OnRX, TX, SupTX, OnTX, Idle, OnIdle, Blocked, CacheMiss, CacheHit, CacheWB, CPUIdle, RX/s, TX/s, Sup/s
1348, 0, 0, 0, 0, 0, 0, 0, 0, 0, 0, 0, 0, 0, 0, 0, 0, 0, 0, 0
1348, 0, 1.000039, 210008260, 1.000039, 31529, 31529, 31512, 0, 7878, 0, 0, 1, 664564, 182063236, 272520, 29087032, 31527.759908, 31510.760577, 0.000000
1348, 1, 2.000389, 210073525, 1.000350, 31673, 31673, 31708, 0, 7927, 0, 0, 4, 560425, 182081566, 222956, 29283714, 31661.914561, 31696.902311, 0.000000
1348, 2, 3.000549, 210033467, 1.000159, 31699, 31699, 31696, 0, 7924, 0, 0, 7, 530209, 182069545, 208754, 29270858, 31693.949041, 31690.949519, 0.000000
1348, 3, 4.000583, 210007128, 1.000034, 31715, 31715, 31712, 0, 7928, 0, 0, 8, 517788, 182067962, 201025, 29311927, 31713.923539, 31710.923641, 0.000000
1348, 4, 5.000664, 210016964, 1.000081, 31703, 31703, 31700, 0, 7925, 0, 0, 2, 515530, 181921935, 199855, 29528644, 31700.439208, 31697.439451, 0.000000
1348, 5, 6.000666, 210000550, 1.000003, 31588, 31588, 31586, 0, 7897, 0, 0, 0, 509132, 181756521, 196697, 29841872, 31587.917270, 31585.917275, 0.000000
1348, 6, 7.000670, 210000746, 1.000004, 31714, 31714, 31692, 0, 7923, 0, 0, 0, 512187, 181869927, 198035, 29726975, 31713.887340, 31691.887418, 0.000000
1348, 7, 8.000682, 210002603, 1.000012, 31682, 31682, 31686, 0, 7921, 0, 0, 0, 509666, 182005764, 196761, 29453459, 31681.607299, 31685.607249, 0.000000
