ThreadID, cIDX, Time, cycles, deltaT, RX, OnRX, TX, SupTX, OnTX, Idle, OnIdle, Blocked, CacheMiss, CacheHit, CacheWB, CPUIdle, RX/s, TX/s, Sup/s
10250, 0, 0, 0, 0, 0, 0, 0, 0, 0, 0, 0, 0, 0, 0, 0, 0, 0, 0, 0
10250, 0, 1.000008, 210001696, 1.000008, 27233, 27233, 27237, 0, 6810, 0, 0, 1, 658655, 182086013, 276034, 31707582, 27232.780063, 27236.780031, 0.000000
10250, 1, 2.000009, 210000286, 1.000001, 27193, 27193, 27187, 0, 6796, 0, 0, 7, 559981, 182107063, 228368, 31759915, 27192.962966, 27186.962974, 0.000000
10250, 2, 3.000014, 210001030, 1.000005, 27124, 27124, 27128, 0, 6782, 0, 0, 5, 546508, 182040646, 222575, 31930135, 27123.866964, 27127.866944, 0.000000
10250, 3, 4.000019, 210001019, 1.000005, 27078, 27078, 27082, 0, 6771, 0, 0, 8, 537222, 181972603, 217509, 32120226, 27077.868608, 27081.868588, 0.000000
10250, 4, 5.000052, 210006885, 1.000033, 27106, 27106, 27102, 0, 6775, 0, 0, 1, 533029, 181879428, 214721, 32265950, 27105.111340, 27101.111471, 0.000000
10250, 5, 6.000055, 210000561, 1.000003, 27211, 27211, 27216, 0, 6804, 0, 0, 6, 524078, 181676664, 211531, 32629085, 27210.927308, 27215.927295, 0.000000
10250, 6, 7.000158, 210021686, 1.000103, 27154, 27154, 27152, 0, 6788, 0, 0, 1, 519001, 181729987, 208182, 32532732, 27151.196186, 27149.196393, 0.000000
10250, 7, 8.000316, 210033288, 1.000159, 27060, 27060, 27052, 0, 6763, 0, 0, 0, 516269, 181906022, 207235, 32257253, 27055.711283, 27047.712551, 0.000000
