ThreadID, cIDX, Time, cycles, deltaT, RX, OnRX, TX, SupTX, OnTX, Idle, OnIdle, Blocked, CacheMiss, CacheHit, CacheWB, CPUIdle, RX/s, TX/s, Sup/s
3060, 0, 0, 0, 0, 0, 0, 0, 0, 0, 0, 0, 0, 0, 0, 0, 0, 0, 0, 0
3060, 0, 1.000079, 210016583, 1.000079, 31547, 31547, 31536, 0, 7884, 0, 0, 1, 0, 0, 0, 30856886, 31544.509035, 31533.509904, 0.000000
3060, 1, 2.000176, 210020348, 1.000097, 31666, 31666, 31669, 0, 7918, 0, 0, 5, 0, 0, 0, 30825617, 31662.932013, 31665.931722, 0.000000
3060, 2, 3.000318, 210029822, 1.000142, 31700, 31700, 31712, 0, 7928, 0, 0, 17, 0, 0, 0, 31042075, 31695.498937, 31707.497233, 0.000000
3060, 3, 4.000322, 210000947, 1.000005, 31671, 31671, 31681, 0, 7920, 0, 0, 11, 0, 0, 0, 30905608, 31670.857180, 31680.857134, 0.000000
3060, 4, 5.000338, 210003370, 1.000016, 31650, 31650, 31643, 0, 7911, 0, 0, 10, 0, 0, 0, 31193589, 31649.492101, 31642.492213, 0.000000
3060, 5, 6.000635, 210062247, 1.000296, 31599, 31599, 31575, 0, 7893, 0, 0, 1, 0, 0, 0, 31585449, 31589.636380, 31565.643492, 0.000000
3060, 6, 7.000834, 210041749, 1.000199, 31642, 31642, 31640, 0, 7910, 0, 0, 0, 0, 0, 0, 31555706, 31635.710670, 31633.711068, 0.000000
3060, 7, 8.001234, 210084023, 1.000400, 31631, 31631, 31636, 0, 7909, 0, 0, 1, 0, 0, 0, 31089108, 31618.349197, 31623.347198, 0.000000
