ThreadID, cIDX, Time, cycles, deltaT, RX, OnRX, TX, SupTX, OnTX, Idle, OnIdle, Blocked, CacheMiss, CacheHit, CacheWB, CPUIdle, RX/s, TX/s, Sup/s
11172, 0, 0, 0, 0, 0, 0, 0, 0, 0, 0, 0, 0, 0, 0, 0, 0, 0, 0, 0
11172, 0, 1.000055, 210011540, 1.000055, 31542, 31542, 31524, 0, 7881, 0, 0, 0, 0, 0, 0, 28288831, 31540.266787, 31522.267776, 0.000000
11172, 1, 2.000420, 210076659, 1.000365, 31672, 31672, 31700, 0, 7925, 0, 0, 7, 0, 0, 0, 28352162, 31660.442582, 31688.432364, 0.000000
11172, 2, 3.000494, 210015496, 1.000074, 31716, 31716, 31710, 0, 7928, 0, 0, 9, 0, 0, 0, 28381905, 31713.659834, 31707.660277, 0.000000
11172, 3, 4.000534, 210008340, 1.000040, 31684, 31684, 31687, 0, 7922, 0, 0, 8, 0, 0, 0, 28427782, 31682.741743, 31685.741623, 0.000000
11172, 4, 5.000536, 210000587, 1.000003, 31631, 31631, 31626, 0, 7906, 0, 0, 10, 0, 0, 0, 28685720, 31630.911584, 31625.911598, 0.000000
11172, 5, 6.000935, 210083655, 1.000398, 31599, 31599, 31574, 0, 7894, 0, 0, 0, 0, 0, 0, 29045119, 31586.417325, 31561.427280, 0.000000
11172, 6, 7.001298, 210076406, 1.000364, 31626, 31626, 31639, 0, 7909, 0, 0, 0, 0, 0, 0, 28983875, 31614.497441, 31627.492713, 0.000000
11172, 7, 8.001750, 210094918, 1.000452, 31639, 31639, 31632, 0, 7908, 0, 0, 0, 0, 0, 0, 28472122, 31624.705934, 31617.709097, 0.000000
