ThreadID, cIDX, Time, cycles, deltaT, RX, OnRX, TX, SupTX, OnTX, Idle, OnIdle, Blocked, CacheMiss, CacheHit, CacheWB, CPUIdle, RX/s, TX/s, Sup/s
9858, 0, 0, 0, 0, 0, 0, 0, 0, 0, 0, 0, 0, 0, 0, 0, 0, 0, 0, 0
9858, 0, 1.000013, 210002762, 1.000013, 31636, 31636, 31620, 0, 7905, 0, 0, 0, 656895, 182145580, 273809, 31496375, 31635.583917, 31619.584127, 0.000000
9858, 1, 2.000058, 210009517, 1.000045, 31684, 31684, 31688, 0, 7922, 0, 0, 7, 567674, 182141913, 232099, 31673144, 31682.564176, 31686.563995, 0.000000
9858, 2, 3.000077, 210003920, 1.000019, 31637, 31637, 31660, 0, 7915, 0, 0, 13, 553575, 182090495, 225461, 31803162, 31636.409454, 31659.409024, 0.000000
9858, 3, 4.000082, 210001093, 1.000005, 31727, 31727, 31719, 0, 7930, 0, 0, 0, 548248, 181992962, 223233, 32043888, 31726.834869, 31718.834911, 0.000000
9858, 4, 5.000196, 210023895, 1.000114, 31625, 31625, 31609, 0, 7902, 0, 0, 8, 539350, 181892031, 218746, 32247262, 31621.401936, 31605.403757, 0.000000
9858, 5, 6.000231, 210007395, 1.000035, 31609, 31609, 31628, 0, 7907, 0, 0, 8, 532074, 181701789, 215898, 32548037, 31607.886951, 31626.886282, 0.000000
9858, 6, 7.000517, 210059956, 1.000286, 31712, 31712, 31696, 0, 7924, 0, 0, 0, 532289, 181923393, 215733, 32179738, 31702.948657, 31686.953224, 0.000000
9858, 7, 8.000521, 210000874, 1.000004, 31662, 31662, 31684, 0, 7921, 0, 0, 0, 525627, 181940754, 212321, 32184787, 31661.868226, 31683.868135, 0.000000
