ThreadID, cIDX, Time, cycles, deltaT, RX, OnRX, TX, SupTX, OnTX, Idle, OnIdle, Blocked, CacheMiss, CacheHit, CacheWB, CPUIdle, RX/s, TX/s, Sup/s
10631, 0, 0, 0, 0, 0, 0, 0, 0, 0, 0, 0, 0, 0, 0, 0, 0, 0, 0, 0
10631, 0, 1.000014, 210002864, 1.000014, 30493, 30493, 30494, 0, 7907, 0, 0, 0, 652065, 182104563, 273056, 31645866, 30492.584139, 30493.584126, 0.000000
10631, 1, 2.000090, 210015952, 1.000076, 30495, 30495, 30488, 0, 7904, 0, 0, 7, 574380, 182115005, 236654, 31722390, 30492.683718, 30485.684249, 0.000000
10631, 2, 3.000713, 210130973, 1.000624, 30546, 30546, 30559, 0, 7923, 0, 0, 10, 557531, 182049533, 226913, 31977017, 30526.960916, 30539.952813, 0.000000
10631, 3, 4.000779, 210013904, 1.000066, 30613, 30613, 30612, 0, 7936, 0, 0, 7, 547823, 181973945, 221951, 31963321, 30610.973262, 30609.973328, 0.000000
10631, 4, 5.000835, 210011727, 1.000056, 30593, 30593, 30592, 0, 7932, 0, 0, 4, 540121, 181946187, 216527, 32064715, 30591.291695, 30590.291751, 0.000000
10631, 5, 6.000843, 210001676, 1.000008, 30454, 30454, 30450, 0, 7895, 0, 0, 5, 529407, 181589234, 210762, 32703352, 30453.756950, 30449.756982, 0.000000
10631, 6, 7.001180, 210070793, 1.000337, 30483, 30483, 30473, 0, 7900, 0, 0, 0, 524021, 181769122, 209933, 32541715, 30472.727353, 30462.730723, 0.000000
10631, 7, 8.001200, 210004029, 1.000019, 30574, 30574, 30596, 0, 7931, 0, 0, 0, 519765, 181872415, 206058, 32217379, 30573.413427, 30595.413005, 0.000000
