ThreadID, cIDX, Time, cycles, deltaT, RX, OnRX, TX, SupTX, OnTX, Idle, OnIdle, Blocked, CacheMiss, CacheHit, CacheWB, CPUIdle, RX/s, TX/s, Sup/s
1630, 0, 0, 0, 0, 0, 0, 0, 0, 0, 0, 0, 0, 0, 0, 0, 0, 0, 0, 0
1630, 0, 1.000020, 210004238, 1.000020, 27269, 27269, 27264, 0, 6816, 0, 0, 0, 0, 0, 0, 29213111, 27268.449697, 27263.449798, 0.000000
1630, 1, 2.000167, 210030914, 1.000147, 27144, 27144, 27153, 0, 6789, 0, 0, 4, 0, 0, 0, 29262965, 27140.004733, 27149.003408, 0.000000
1630, 2, 3.000247, 210016674, 1.000079, 27129, 27129, 27123, 0, 6780, 0, 0, 3, 0, 0, 0, 29209441, 27126.846128, 27120.846605, 0.000000
1630, 3, 4.000454, 210043551, 1.000207, 27175, 27175, 27184, 0, 6796, 0, 0, 3, 0, 0, 0, 29335831, 27169.365462, 27178.363596, 0.000000
1630, 4, 5.000463, 210001884, 1.000009, 27069, 27069, 27064, 0, 6766, 0, 0, 0, 0, 0, 0, 29552419, 27068.757155, 27063.757199, 0.000000
1630, 5, 6.000467, 210000778, 1.000004, 27083, 27083, 27083, 0, 6771, 0, 0, 1, 0, 0, 0, 29881532, 27082.899664, 27082.899664, 0.000000
1630, 6, 7.000492, 210005229, 1.000025, 27105, 27105, 27102, 0, 6776, 0, 0, 0, 0, 0, 0, 29542309, 27104.325102, 27101.325177, 0.000000
1630, 7, 8.000505, 210002768, 1.000013, 27078, 27078, 27080, 0, 6770, 0, 0, 0, 0, 0, 0, 29671384, 27077.643091, 27079.643065, 0.000000
