ThreadID, cIDX, Time, cycles, deltaT, RX, OnRX, TX, SupTX, OnTX, Idle, OnIdle, Blocked, CacheMiss, CacheHit, CacheWB, CPUIdle, RX/s, TX/s, Sup/s
2462, 0, 0, 0, 0, 0, 0, 0, 0, 0, 0, 0, 0, 0, 0, 0, 0, 0, 0, 0
2462, 0, 1.000009, 210001812, 1.000009, 27213, 27213, 27216, 0, 6804, 0, 0, 2, 0, 0, 0, 29648148, 27212.765193, 27215.765167, 0.000000
2462, 1, 2.000738, 210153273, 1.000730, 27180, 27180, 27180, 0, 6795, 0, 0, 0, 0, 0, 0, 29741226, 27160.176563, 27160.176563, 0.000000
2462, 2, 3.000742, 210000706, 1.000003, 27142, 27142, 27142, 0, 6786, 0, 0, 6, 0, 0, 0, 29770113, 27141.908751, 27141.908751, 0.000000
2462, 3, 4.000745, 210000739, 1.000004, 27146, 27146, 27143, 0, 6786, 0, 0, 5, 0, 0, 0, 29906691, 27145.904472, 27142.904483, 0.000000
2462, 4, 5.000752, 210001309, 1.000006, 27154, 27154, 27151, 0, 6787, 0, 0, 4, 0, 0, 0, 30128463, 27153.830741, 27150.830760, 0.000000
2462, 5, 6.000815, 210013392, 1.000064, 27063, 27063, 27068, 0, 6767, 0, 0, 3, 0, 0, 0, 30511825, 27061.274264, 27066.273945, 0.000000
2462, 6, 7.000834, 210003976, 1.000019, 27114, 27114, 27109, 0, 6778, 0, 0, 3, 0, 0, 0, 30518814, 27113.486651, 27108.486746, 0.000000
2462, 7, 8.000835, 210000241, 1.000001, 27118, 27118, 27124, 0, 6781, 0, 0, 3, 0, 0, 0, 30326564, 27117.968879, 27123.968872, 0.000000
