ThreadID, cIDX, Time, cycles, deltaT, RX, OnRX, TX, SupTX, OnTX, Idle, OnIdle, Blocked, CacheMiss, CacheHit, CacheWB, CPUIdle, RX/s, TX/s, Sup/s
1935, 0, 0, 0, 0, 0, 0, 0, 0, 0, 0, 0, 0, 0, 0, 0, 0, 0, 0, 0
1935, 0, 1.000011, 210002348, 1.000011, 26099, 26099, 26100, 0, 6810, 0, 0, 1, 640801, 182073730, 263095, 31736923, 26098.708192, 26099.708180, 0.000000
1935, 1, 2.000087, 210015945, 1.000076, 26049, 26049, 26048, 0, 6794, 0, 0, 3, 573537, 182170835, 230699, 31620695, 26047.022287, 26046.022363, 0.000000
1935, 2, 3.000088, 210000288, 1.000001, 26004, 26004, 26006, 0, 6785, 0, 0, 2, 561780, 182038945, 225079, 31849555, 26003.964337, 26005.964335, 0.000000
1935, 3, 4.000176, 210018366, 1.000087, 25991, 25991, 25993, 0, 6780, 0, 0, 2, 541608, 182008201, 214350, 31987946, 25988.727100, 25990.726925, 0.000000
1935, 4, 5.000184, 210001740, 1.000008, 25978, 25978, 25980, 0, 6779, 0, 0, 2, 525338, 181879965, 205642, 32253221, 25977.784755, 25979.784739, 0.000000
1935, 5, 6.000187, 210000488, 1.000002, 25991, 25991, 25992, 0, 6781, 0, 0, 4, 511845, 181669710, 200873, 32604444, 25990.939602, 25991.939600, 0.000000
1935, 6, 7.000197, 210002096, 1.000010, 25865, 25865, 25862, 0, 6743, 0, 0, 0, 512715, 181773258, 201531, 32429368, 25864.741845, 25861.741875, 0.000000
1935, 7, 8.000260, 210013229, 1.000063, 25986, 25986, 25987, 0, 6781, 0, 0, 0, 513502, 181871506, 201194, 32370315, 25984.363109, 25985.363046, 0.000000
