ThreadID, cIDX, Time, cycles, deltaT, RX, OnRX, TX, SupTX, OnTX, Idle, OnIdle, Blocked, CacheMiss, CacheHit, CacheWB, CPUIdle, RX/s, TX/s, Sup/s
8227, 0, 0, 0, 0, 0, 0, 0, 0, 0, 0, 0, 0, 0, 0, 0, 0, 0, 0, 0
8227, 0, 1.000380, 210079805, 1.000380, 31577, 31577, 31569, 0, 7893, 0, 0, 1, 0, 0, 0, 28259870, 31565.004547, 31557.007586, 0.000000
8227, 1, 2.000393, 210002793, 1.000013, 31734, 31734, 31732, 0, 7933, 0, 0, 7, 0, 0, 0, 28114477, 31733.577943, 31731.577970, 0.000000
8227, 2, 3.000394, 210000196, 1.000001, 31701, 31701, 31701, 0, 7925, 0, 0, 3, 0, 0, 0, 28052180, 31700.970412, 31700.970412, 0.000000
8227, 3, 4.000408, 210002920, 1.000014, 31592, 31592, 31591, 0, 7898, 0, 0, 4, 0, 0, 0, 28210262, 31591.560727, 31590.560741, 0.000000
8227, 4, 5.000894, 210101962, 1.000486, 31587, 31587, 31583, 0, 7895, 0, 0, 0, 0, 0, 0, 28555261, 31571.670901, 31567.672843, 0.000000
8227, 5, 6.000921, 210005671, 1.000027, 31707, 31707, 31736, 0, 7934, 0, 0, 3, 0, 0, 0, 28917309, 31706.143783, 31735.143000, 0.000000
8227, 6, 7.000928, 210001490, 1.000007, 31538, 31538, 31508, 0, 7877, 0, 0, 1, 0, 0, 0, 28625250, 31537.776232, 31507.776445, 0.000000
8227, 7, 8.000933, 210001026, 1.000005, 31578, 31578, 31598, 0, 7900, 0, 0, 3, 0, 0, 0, 28080888, 31577.845720, 31597.845622, 0.000000
