ThreadID, cIDX, Time, cycles, deltaT, RX, OnRX, TX, SupTX, OnTX, Idle, OnIdle, Blocked, CacheMiss, CacheHit, CacheWB, CPUIdle, RX/s, TX/s, Sup/s
1286, 0, 0, 0, 0, 0, 0, 0, 0, 0, 0, 0, 0, 0, 0, 0, 0, 0, 0, 0
1286, 0, 1.000014, 210002909, 1.000014, 31531, 31531, 31544, 0, 7886, 0, 0, 0, 676931, 182097535, 280389, 31655991, 31530.563227, 31543.563047, 0.000000
1286, 1, 2.000019, 210000990, 1.000005, 31724, 31724, 31704, 0, 7926, 0, 0, 0, 579392, 182079634, 234559, 31808982, 31723.850445, 31703.850539, 0.000000
1286, 2, 3.000098, 210016685, 1.000079, 31705, 31705, 31700, 0, 7925, 0, 0, 7, 540253, 182043171, 214949, 32008614, 31702.481162, 31697.481560, 0.000000
1286, 3, 4.000110, 210002597, 1.000012, 31581, 31581, 31596, 0, 7899, 0, 0, 8, 529111, 182009360, 209594, 31984599, 31580.609453, 31595.609268, 0.000000
1286, 4, 5.000125, 210003115, 1.000015, 31733, 31733, 31744, 0, 7936, 0, 0, 0, 523852, 181892275, 207563, 32268333, 31732.529301, 31743.529138, 0.000000
1286, 5, 6.000129, 210000876, 1.000004, 31616, 31616, 31604, 0, 7901, 0, 0, 0, 516277, 181754799, 203330, 32484077, 31615.868117, 31603.868167, 0.000000
1286, 6, 7.000514, 210080764, 1.000385, 31695, 31695, 31680, 0, 7920, 0, 0, 0, 515387, 181935800, 202897, 32311313, 31682.815091, 31667.820858, 0.000000
1286, 7, 8.000530, 210003319, 1.000016, 31641, 31641, 31668, 0, 7917, 0, 0, 0, 516104, 181917614, 203041, 32293276, 31640.499929, 31667.499503, 0.000000
