ThreadID, cIDX, Time, cycles, deltaT, RX, OnRX, TX, SupTX, OnTX, Idle, OnIdle, Blocked, CacheMiss, CacheHit, CacheWB, CPUIdle, RX/s, TX/s, Sup/s
1357, 0, 0, 0, 0, 0, 0, 0, 0, 0, 0, 0, 0, 0, 0, 0, 0, 0, 0, 0
1357, 0, 1.000020, 210004260, 1.000020, 27281, 27281, 27284, 0, 6821, 0, 0, 0, 664571, 182061486, 272519, 29083582, 27280.446597, 27283.446536, 0.000000
1357, 1, 2.000022, 210000308, 1.000001, 27148, 27148, 27148, 0, 6787, 0, 0, 6, 560368, 182062160, 222934, 29226049, 27147.960183, 27147.960183, 0.000000
1357, 2, 3.000028, 210001256, 1.000006, 27102, 27102, 27094, 0, 6774, 0, 0, 0, 530155, 182053452, 208742, 29255563, 27101.837905, 27093.837953, 0.000000
1357, 3, 4.000049, 210004435, 1.000021, 27180, 27180, 27186, 0, 6796, 0, 0, 6, 517765, 182058770, 201011, 29315321, 27179.425996, 27185.425870, 0.000000
1357, 4, 5.000138, 210018691, 1.000089, 27065, 27065, 27060, 0, 6765, 0, 0, 0, 515437, 181899306, 199809, 29549594, 27062.591301, 27057.591745, 0.000000
1357, 5, 6.000139, 210000247, 1.000001, 27073, 27073, 27080, 0, 6770, 0, 0, 5, 509110, 181746828, 196693, 29856988, 27072.968157, 27079.968149, 0.000000
1357, 6, 7.000174, 210007366, 1.000035, 27115, 27115, 27112, 0, 6778, 0, 0, 0, 512204, 181858769, 198043, 29753053, 27114.048942, 27111.049048, 0.000000
1357, 7, 8.000185, 210002192, 1.000010, 27075, 27075, 27080, 0, 6770, 0, 0, 0, 509658, 182005951, 196754, 29444674, 27074.717392, 27079.717339, 0.000000
