ThreadID, cIDX, Time, cycles, deltaT, RX, OnRX, TX, SupTX, OnTX, Idle, OnIdle, Blocked, CacheMiss, CacheHit, CacheWB, CPUIdle, RX/s, TX/s, Sup/s
1973, 0, 0, 0, 0, 0, 0, 0, 0, 0, 0, 0, 0, 0, 0, 0, 0, 0, 0, 0
1973, 0, 1.000254, 210053332, 1.000254, 31513, 31513, 31524, 0, 7881, 0, 0, 0, 0, 0, 0, 28414455, 31504.998930, 31515.996138, 0.000000
1973, 1, 2.000256, 210000369, 1.000002, 31654, 31654, 31648, 0, 7912, 0, 0, 0, 0, 0, 0, 28252545, 31653.944379, 31647.944390, 0.000000
1973, 2, 3.000268, 210002569, 1.000012, 31681, 31681, 31675, 0, 7919, 0, 0, 6, 0, 0, 0, 28448955, 31680.612441, 31674.612514, 0.000000
1973, 3, 4.000283, 210003227, 1.000015, 31720, 31720, 31701, 0, 7925, 0, 0, 1, 0, 0, 0, 28583555, 31719.512577, 31700.512869, 0.000000
1973, 4, 5.000303, 210004145, 1.000020, 31674, 31674, 31688, 0, 7922, 0, 0, 3, 0, 0, 0, 28716571, 31673.374828, 31687.374552, 0.000000
1973, 5, 6.000304, 210000222, 1.000001, 31601, 31601, 31603, 0, 7901, 0, 0, 3, 0, 0, 0, 29155199, 31600.966593, 31602.966591, 0.000000
1973, 6, 7.000308, 210000766, 1.000004, 31597, 31597, 31606, 0, 7902, 0, 0, 1, 0, 0, 0, 28961680, 31596.884747, 31605.884714, 0.000000
1973, 7, 8.000312, 210000902, 1.000004, 31712, 31712, 31695, 0, 7923, 0, 0, 0, 0, 0, 0, 28875506, 31711.863790, 31694.863863, 0.000000
