ThreadID, cIDX, Time, cycles, deltaT, RX, OnRX, TX, SupTX, OnTX, Idle, OnIdle, Blocked, CacheMiss, CacheHit, CacheWB, CPUIdle, RX/s, TX/s, Sup/s
8539, 0, 0, 0, 0, 0, 0, 0, 0, 0, 0, 0, 0, 0, 0, 0, 0, 0, 0, 0
8539, 0, 1.000004, 210000883, 1.000004, 27199, 27199, 27210, 0, 6803, 0, 0, 0, 0, 0, 0, 28543221, 27198.885635, 27209.885589, 0.000000
8539, 1, 2.000010, 210001217, 1.000006, 27124, 27124, 27118, 0, 6779, 0, 0, 3, 0, 0, 0, 28474221, 27123.842811, 27117.842846, 0.000000
8539, 2, 3.000015, 210001155, 1.000006, 27077, 27077, 27067, 0, 6767, 0, 0, 6, 0, 0, 0, 28697195, 27076.851077, 27066.851132, 0.000000
8539, 3, 4.000089, 210015531, 1.000074, 27206, 27206, 27213, 0, 6803, 0, 0, 7, 0, 0, 0, 28533480, 27203.988071, 27210.987553, 0.000000
8539, 4, 5.000198, 210022860, 1.000109, 27149, 27149, 27148, 0, 6787, 0, 0, 0, 0, 0, 0, 28829580, 27146.044959, 27145.045068, 0.000000
8539, 5, 6.000390, 210040355, 1.000192, 27095, 27095, 27088, 0, 6772, 0, 0, 0, 0, 0, 0, 29221591, 27089.794245, 27082.795589, 0.000000
8539, 6, 7.000540, 210031338, 1.000149, 27050, 27050, 27052, 0, 6763, 0, 0, 3, 0, 0, 0, 29080946, 27045.963969, 27047.963671, 0.000000
8539, 7, 8.000571, 210006588, 1.000031, 27246, 27246, 27248, 0, 6812, 0, 0, 0, 0, 0, 0, 29114317, 27245.145281, 27247.145218, 0.000000
