ThreadID, cIDX, Time, cycles, deltaT, RX, OnRX, TX, SupTX, OnTX, Idle, OnIdle, Blocked, CacheMiss, CacheHit, CacheWB, CPUIdle, RX/s, TX/s, Sup/s
8785, 0, 0, 0, 0, 0, 0, 0, 0, 0, 0, 0, 0, 0, 0, 0, 0, 0, 0, 0
8785, 0, 1.000023, 210004764, 1.000023, 31575, 31575, 31584, 0, 7896, 0, 0, 0, 0, 0, 0, 28488373, 31574.283715, 31583.283511, 0.000000
8785, 1, 2.000066, 210009189, 1.000044, 31713, 31713, 31716, 0, 7929, 0, 0, 1, 0, 0, 0, 28323053, 31711.612390, 31714.612259, 0.000000
8785, 2, 3.000086, 210004013, 1.000019, 31692, 31692, 31692, 0, 7923, 0, 0, 0, 0, 0, 0, 28411647, 31691.394393, 31691.394393, 0.000000
8785, 3, 4.000090, 210000860, 1.000004, 31728, 31728, 31700, 0, 7925, 0, 0, 0, 0, 0, 0, 28370323, 31727.870067, 31699.870181, 0.000000
8785, 4, 5.000304, 210044940, 1.000214, 31678, 31678, 31680, 0, 7920, 0, 0, 9, 0, 0, 0, 29164072, 31671.222358, 31673.221931, 0.000000
8785, 5, 6.000534, 210048371, 1.000230, 31590, 31590, 31596, 0, 7899, 0, 0, 0, 0, 0, 0, 29275639, 31582.725295, 31588.723914, 0.000000
8785, 6, 7.000618, 210017591, 1.000084, 31720, 31720, 31740, 0, 7935, 0, 0, 0, 0, 0, 0, 29287440, 31717.343144, 31737.341469, 0.000000
8785, 7, 8.000622, 210000853, 1.000004, 31670, 31670, 31660, 0, 7915, 0, 0, 0, 0, 0, 0, 28918464, 31669.871360, 31659.871401, 0.000000
