ThreadID, cIDX, Time, cycles, deltaT, RX, OnRX, TX, SupTX, OnTX, Idle, OnIdle, Blocked, CacheMiss, CacheHit, CacheWB, CPUIdle, RX/s, TX/s, Sup/s
2624, 0, 0, 0, 0, 0, 0, 0, 0, 0, 0, 0, 0, 0, 0, 0, 0, 0, 0, 0
2624, 0, 1.000020, 210004271, 1.000020, 30618, 30618, 30624, 0, 7940, 0, 0, 0, 649845, 182132250, 268612, 29002487, 30617.377301, 30623.377179, 0.000000
2624, 1, 2.000030, 210001992, 1.000009, 30593, 30593, 30589, 0, 7930, 0, 0, 0, 558772, 182190833, 226156, 28954647, 30592.709806, 30588.709844, 0.000000
2624, 2, 3.000227, 210041315, 1.000197, 30541, 30541, 30548, 0, 7922, 0, 0, 1, 537004, 182144308, 214804, 29119876, 30534.992604, 30541.991227, 0.000000
2624, 3, 4.000263, 210007599, 1.000036, 30438, 30438, 30432, 0, 7889, 0, 0, 4, 517304, 182030817, 204573, 29281277, 30436.898619, 30430.898836, 0.000000
2624, 4, 5.000265, 210000539, 1.000003, 30494, 30494, 30501, 0, 7906, 0, 0, 8, 510222, 181865307, 200927, 29629645, 30493.921732, 30500.921714, 0.000000
2624, 5, 6.000267, 210000452, 1.000002, 30541, 30541, 30527, 0, 7915, 0, 0, 1, 501988, 181606703, 197768, 30093361, 30540.934264, 30526.934294, 0.000000
2624, 6, 7.000278, 210002301, 1.000011, 30401, 30401, 30401, 0, 7884, 0, 0, 1, 498765, 181711266, 196100, 30034712, 30400.666896, 30400.666896, 0.000000
2624, 7, 8.000379, 210021074, 1.000100, 30481, 30481, 30472, 0, 7898, 0, 0, 0, 497728, 181882200, 193842, 29673518, 30477.941466, 30468.942369, 0.000000
