ThreadID, cIDX, Time, cycles, deltaT, RX, OnRX, TX, SupTX, OnTX, Idle, OnIdle, Blocked, CacheMiss, CacheHit, CacheWB, CPUIdle, RX/s, TX/s, Sup/s
2784, 0, 0, 0, 0, 0, 0, 0, 0, 0, 0, 0, 0, 0, 0, 0, 0, 0, 0, 0
2784, 0, 1.000010, 210002185, 1.000010, 30627, 30627, 30616, 0, 7937, 0, 0, 0, 0, 0, 0, 28912448, 30626.681337, 30615.681451, 0.000000
2784, 1, 2.000663, 210137018, 1.000652, 30545, 30545, 30565, 0, 7925, 0, 0, 10, 0, 0, 0, 28912722, 30525.083401, 30545.070360, 0.000000
2784, 2, 3.000673, 210002032, 1.000010, 30558, 30558, 30553, 0, 7922, 0, 0, 3, 0, 0, 0, 28884072, 30557.704318, 30552.704366, 0.000000
2784, 3, 4.000690, 210003642, 1.000017, 30540, 30540, 30523, 0, 7913, 0, 0, 6, 0, 0, 0, 28965527, 30539.470358, 30522.470653, 0.000000
2784, 4, 5.000692, 210000469, 1.000002, 30499, 30499, 30523, 0, 7913, 0, 0, 2, 0, 0, 0, 29199116, 30498.931886, 30522.931832, 0.000000
2784, 5, 6.000753, 210012863, 1.000061, 30479, 30479, 30476, 0, 7901, 0, 0, 3, 0, 0, 0, 29828724, 30477.133203, 30474.133387, 0.000000
2784, 6, 7.000850, 210020311, 1.000097, 30462, 30462, 30445, 0, 7894, 0, 0, 0, 0, 0, 0, 29620166, 30459.054029, 30442.055673, 0.000000
2784, 7, 8.000852, 210000352, 1.000002, 30500, 30500, 30500, 0, 7907, 0, 0, 0, 0, 0, 0, 29509015, 30499.948876, 30499.948876, 0.000000
