ThreadID, cIDX, Time, cycles, deltaT, RX, OnRX, TX, SupTX, OnTX, Idle, OnIdle, Blocked, CacheMiss, CacheHit, CacheWB, CPUIdle, RX/s, TX/s, Sup/s
8265, 0, 0, 0, 0, 0, 0, 0, 0, 0, 0, 0, 0, 0, 0, 0, 0, 0, 0, 0
8265, 0, 1.000014, 210003012, 1.000014, 27220, 27220, 27220, 0, 6805, 0, 0, 1, 653797, 182027384, 271107, 28986578, 27219.609593, 27219.609593, 0.000000
8265, 1, 2.000019, 210001035, 1.000005, 27124, 27124, 27124, 0, 6781, 0, 0, 0, 559714, 182140646, 221681, 28882897, 27123.866318, 27123.866318, 0.000000
8265, 2, 3.000033, 210002842, 1.000014, 27122, 27122, 27113, 0, 6779, 0, 0, 3, 541574, 182112362, 215455, 28922753, 27121.632954, 27112.633076, 0.000000
8265, 3, 4.000073, 210008409, 1.000040, 27163, 27163, 27179, 0, 6794, 0, 0, 3, 524126, 182093846, 206975, 28941797, 27161.912359, 27177.911719, 0.000000
8265, 4, 5.000105, 210006806, 1.000032, 27155, 27155, 27156, 0, 6789, 0, 0, 0, 513024, 181904627, 202744, 29365252, 27154.119948, 27155.119915, 0.000000
8265, 5, 6.000108, 210000675, 1.000003, 27014, 27014, 27005, 0, 6752, 0, 0, 0, 505164, 181706556, 198416, 29726272, 27013.913170, 27004.913198, 0.000000
8265, 6, 7.000141, 210006902, 1.000033, 27099, 27099, 27107, 0, 6776, 0, 0, 0, 502881, 181840477, 197060, 29391419, 27098.109375, 27106.109113, 0.000000
8265, 7, 8.000209, 210014120, 1.000067, 27135, 27135, 27121, 0, 6781, 0, 0, 0, 504678, 181975708, 198030, 28929603, 27133.175617, 27119.176558, 0.000000
