ThreadID, cIDX, Time, cycles, deltaT, RX, OnRX, TX, SupTX, OnTX, Idle, OnIdle, Blocked, CacheMiss, CacheHit, CacheWB, CPUIdle, RX/s, TX/s, Sup/s
11056, 0, 0, 0, 0, 0, 0, 0, 0, 0, 0, 0, 0, 0, 0, 0, 0, 0, 0, 0
11056, 0, 1.000002, 210000410, 1.000002, 31759, 31759, 31760, 0, 7940, 0, 0, 0, 0, 0, 0, 28313265, 31758.937994, 31759.937993, 0.000000
11056, 1, 2.000011, 210001940, 1.000009, 31683, 31683, 31672, 0, 7918, 0, 0, 7, 0, 0, 0, 28196734, 31682.707312, 31671.707414, 0.000000
11056, 2, 3.000034, 210004862, 1.000023, 31681, 31681, 31696, 0, 7924, 0, 0, 8, 0, 0, 0, 28379633, 31680.266526, 31695.266179, 0.000000
11056, 3, 4.000099, 210013556, 1.000065, 31634, 31634, 31636, 0, 7909, 0, 0, 7, 0, 0, 0, 28415096, 31631.958082, 31633.957953, 0.000000
11056, 4, 5.000281, 210038217, 1.000182, 31625, 31625, 31632, 0, 7908, 0, 0, 9, 0, 0, 0, 28815319, 31619.245749, 31626.244475, 0.000000
11056, 5, 6.000343, 210012957, 1.000062, 31631, 31631, 31612, 0, 7903, 0, 0, 0, 0, 0, 0, 29077148, 31629.048488, 31610.049660, 0.000000
11056, 6, 7.000348, 210001107, 1.000005, 31575, 31575, 31576, 0, 7894, 0, 0, 0, 0, 0, 0, 28932616, 31574.833556, 31575.833550, 0.000000
11056, 7, 8.000369, 210004454, 1.000021, 31638, 31638, 31626, 0, 7907, 0, 0, 0, 0, 0, 0, 28715757, 31637.328987, 31625.329242, 0.000000
