ThreadID, cIDX, Time, cycles, deltaT, RX, OnRX, TX, SupTX, OnTX, Idle, OnIdle, Blocked, CacheMiss, CacheHit, CacheWB, CPUIdle, RX/s, TX/s, Sup/s
9463, 0, 0, 0, 0, 0, 0, 0, 0, 0, 0, 0, 0, 0, 0, 0, 0, 0, 0, 0
9463, 0, 1.000033, 210006983, 1.000033, 30499, 30499, 30503, 0, 7908, 0, 0, 0, 0, 0, 0, 31004706, 30497.985869, 30501.985736, 0.000000
9463, 1, 2.000059, 210005485, 1.000026, 30601, 30601, 30591, 0, 7931, 0, 0, 6, 0, 0, 0, 30853584, 30600.200752, 30590.201013, 0.000000
9463, 2, 3.000087, 210005801, 1.000028, 30546, 30546, 30561, 0, 7922, 0, 0, 7, 0, 0, 0, 30961076, 30545.156226, 30560.155812, 0.000000
9463, 3, 4.000138, 210010644, 1.000051, 30455, 30455, 30441, 0, 7893, 0, 0, 9, 0, 0, 0, 30968955, 30453.456445, 30439.457154, 0.000000
9463, 4, 5.000139, 210000201, 1.000001, 30511, 30511, 30512, 0, 7913, 0, 0, 11, 0, 0, 0, 31133513, 30510.970797, 30511.970796, 0.000000
9463, 5, 6.000146, 210001536, 1.000007, 30586, 30586, 30582, 0, 7929, 0, 0, 5, 0, 0, 0, 31680796, 30585.776287, 30581.776316, 0.000000
9463, 6, 7.000163, 210003587, 1.000017, 30520, 30520, 30532, 0, 7913, 0, 0, 7, 0, 0, 0, 31374653, 30519.478698, 30531.478493, 0.000000
9463, 7, 8.000274, 210023219, 1.000111, 30435, 30435, 30436, 0, 7891, 0, 0, 0, 0, 0, 0, 31402476, 30431.635276, 30432.635165, 0.000000
