ThreadID, cIDX, Time, cycles, deltaT, RX, OnRX, TX, SupTX, OnTX, Idle, OnIdle, Blocked, CacheMiss, CacheHit, CacheWB, CPUIdle, RX/s, TX/s, Sup/s
137, 0, 0, 0, 0, 0, 0, 0, 0, 0, 0, 0, 0, 0, 0, 0, 0, 0, 0, 0
137, 0, 1.000210, 210044049, 1.000210, 27164, 27164, 27160, 0, 6790, 0, 0, 1, 697424, 183386499, 288418, 29406483, 27158.303352, 27154.304191, 0.000000
137, 1, 2.000315, 210022072, 1.000105, 27182, 27182, 27188, 0, 6797, 0, 0, 0, 612152, 183464411, 245345, 29436212, 27179.143343, 27185.142712, 0.000000
137, 2, 3.000318, 210000572, 1.000003, 27110, 27110, 27112, 0, 6778, 0, 0, 0, 595055, 183378508, 236198, 29604039, 27109.926158, 27111.926152, 0.000000
137, 3, 4.000401, 210017412, 1.000083, 27178, 27178, 27168, 0, 6792, 0, 0, 0, 580353, 183453184, 229508, 29500756, 27175.746742, 27165.747571, 0.000000
137, 4, 5.000429, 210005978, 1.000028, 27108, 27108, 27121, 0, 6781, 0, 0, 0, 570047, 183266036, 224108, 29748167, 27107.228348, 27120.227978, 0.000000
137, 5, 6.000457, 210005922, 1.000028, 27016, 27016, 27007, 0, 6751, 0, 0, 0, 564772, 183117942, 222755, 30037617, 27015.238170, 27006.238424, 0.000000
137, 6, 7.000462, 210001050, 1.000005, 27190, 27190, 27193, 0, 6799, 0, 0, 0, 565746, 183155958, 223033, 29925138, 27189.864051, 27192.864036, 0.000000
137, 7, 8.000475, 210002612, 1.000012, 27077, 27077, 27077, 0, 6769, 0, 0, 1, 564929, 183310827, 221944, 29563523, 27076.663218, 27076.663218, 0.000000
