ThreadID, cIDX, Time, cycles, deltaT, RX, OnRX, TX, SupTX, OnTX, Idle, OnIdle, Blocked, CacheMiss, CacheHit, CacheWB, CPUIdle, RX/s, TX/s, Sup/s
9725, 0, 0, 0, 0, 0, 0, 0, 0, 0, 0, 0, 0, 0, 0, 0, 0, 0, 0, 0
9725, 0, 1.000039, 210008229, 1.000039, 26151, 26151, 26163, 0, 6826, 0, 0, 1, 0, 0, 0, 30925584, 26149.975295, 26161.974824, 0.000000
9725, 1, 2.000561, 210109661, 1.000522, 26024, 26024, 26013, 0, 6785, 0, 0, 4, 0, 0, 0, 31002467, 26010.417484, 25999.423225, 0.000000
9725, 2, 3.000639, 210016362, 1.000078, 25992, 25992, 25986, 0, 6780, 0, 0, 6, 0, 0, 0, 31015148, 25989.975010, 25983.975477, 0.000000
9725, 3, 4.000683, 210009139, 1.000044, 26024, 26024, 26033, 0, 6792, 0, 0, 3, 0, 0, 0, 31108837, 26022.867510, 26031.867118, 0.000000
9725, 4, 5.000716, 210006884, 1.000033, 25945, 25945, 25945, 0, 6767, 0, 0, 5, 0, 0, 0, 31306894, 25944.149526, 25944.149526, 0.000000
9725, 5, 6.000792, 210016031, 1.000076, 25957, 25957, 25951, 0, 6769, 0, 0, 5, 0, 0, 0, 31689751, 25955.018643, 25949.019101, 0.000000
9725, 6, 7.000806, 210002882, 1.000014, 25962, 25962, 25967, 0, 6776, 0, 0, 0, 0, 0, 0, 31361213, 25961.643707, 25966.643639, 0.000000
9725, 7, 8.000826, 210004297, 1.000020, 25956, 25956, 25952, 0, 6771, 0, 0, 0, 0, 0, 0, 31283147, 25955.468902, 25951.468984, 0.000000
