ThreadID, cIDX, Time, cycles, deltaT, RX, OnRX, TX, SupTX, OnTX, Idle, OnIdle, Blocked, CacheMiss, CacheHit, CacheWB, CPUIdle, RX/s, TX/s, Sup/s
8423, 0, 0, 0, 0, 0, 0, 0, 0, 0, 0, 0, 0, 0, 0, 0, 0, 0, 0, 0
8423, 0, 1.000357, 210074911, 1.000357, 31567, 31567, 31566, 0, 7892, 0, 0, 6, 0, 0, 0, 28398899, 31555.743465, 31554.743822, 0.000000
8423, 1, 2.000394, 210007867, 1.000037, 31646, 31646, 31643, 0, 7911, 0, 0, 8, 0, 0, 0, 28217079, 31644.814525, 31641.814637, 0.000000
8423, 2, 3.000409, 210003172, 1.000015, 31688, 31688, 31683, 0, 7920, 0, 0, 4, 0, 0, 0, 28394167, 31687.521368, 31682.521443, 0.000000
8423, 3, 4.000420, 210002350, 1.000011, 31623, 31623, 31623, 0, 7906, 0, 0, 6, 0, 0, 0, 28332620, 31622.646128, 31622.646128, 0.000000
8423, 4, 5.000424, 210000788, 1.000004, 31633, 31633, 31634, 0, 7909, 0, 0, 1, 0, 0, 0, 28436293, 31632.881301, 31633.881298, 0.000000
8423, 5, 6.000592, 210035180, 1.000168, 31698, 31698, 31691, 0, 7922, 0, 0, 0, 0, 0, 0, 28992812, 31692.690720, 31685.691892, 0.000000
8423, 6, 7.001043, 210094827, 1.000452, 31500, 31500, 31496, 0, 7874, 0, 0, 2, 0, 0, 0, 29064543, 31485.782370, 31481.784175, 0.000000
8423, 7, 8.001047, 210000703, 1.000003, 31708, 31708, 31723, 0, 7931, 0, 0, 0, 0, 0, 0, 28671373, 31707.893854, 31722.893804, 0.000000
