ThreadID, cIDX, Time, cycles, deltaT, RX, OnRX, TX, SupTX, OnTX, Idle, OnIdle, Blocked, CacheMiss, CacheHit, CacheWB, CPUIdle, RX/s, TX/s, Sup/s
8914, 0, 0, 0, 0, 0, 0, 0, 0, 0, 0, 0, 0, 0, 0, 0, 0, 0, 0, 0
8914, 0, 1.000016, 210003318, 1.000016, 31582, 31582, 31592, 0, 7898, 0, 0, 0, 0, 0, 0, 28658939, 31581.501012, 31591.500854, 0.000000
8914, 1, 2.000031, 210003196, 1.000015, 31723, 31723, 31712, 0, 7928, 0, 0, 8, 0, 0, 0, 28494895, 31722.517213, 31711.517381, 0.000000
8914, 2, 3.000040, 210001954, 1.000009, 31688, 31688, 31700, 0, 7925, 0, 0, 9, 0, 0, 0, 28598334, 31687.705153, 31699.705042, 0.000000
8914, 3, 4.000516, 210099944, 1.000476, 31706, 31706, 31684, 0, 7921, 0, 0, 0, 0, 0, 0, 28453495, 31690.917538, 31668.928003, 0.000000
8914, 4, 5.000553, 210007697, 1.000037, 31645, 31645, 31672, 0, 7918, 0, 0, 0, 0, 0, 0, 29199322, 31643.840178, 31670.839188, 0.000000
8914, 5, 6.000559, 210001310, 1.000006, 31602, 31602, 31601, 0, 7901, 0, 0, 3, 0, 0, 0, 29217001, 31601.802865, 31600.802871, 0.000000
8914, 6, 7.000566, 210001488, 1.000007, 31718, 31718, 31704, 0, 7926, 0, 0, 0, 0, 0, 0, 29279494, 31717.775257, 31703.775356, 0.000000
8914, 7, 8.000578, 210002513, 1.000012, 31634, 31634, 31636, 0, 7909, 0, 0, 1, 0, 0, 0, 29208020, 31633.621451, 31635.621427, 0.000000
