ThreadID, cIDX, Time, cycles, deltaT, RX, OnRX, TX, SupTX, OnTX, Idle, OnIdle, Blocked, CacheMiss, CacheHit, CacheWB, CPUIdle, RX/s, TX/s, Sup/s
9014, 0, 0, 0, 0, 0, 0, 0, 0, 0, 0, 0, 0, 0, 0, 0, 0, 0, 0, 0
9014, 0, 1.000089, 210018706, 1.000089, 31529, 31529, 31516, 0, 7879, 0, 0, 0, 0, 0, 0, 27765157, 31526.191767, 31513.192925, 0.000000
9014, 1, 2.000103, 210002975, 1.000014, 31719, 31719, 31732, 0, 7933, 0, 0, 5, 0, 0, 0, 27667929, 31718.550654, 31731.550470, 0.000000
9014, 2, 3.000108, 210000982, 1.000005, 31711, 31711, 31700, 0, 7925, 0, 0, 6, 0, 0, 0, 27782952, 31710.851714, 31699.851765, 0.000000
9014, 3, 4.000134, 210005463, 1.000026, 31626, 31626, 31648, 0, 7912, 0, 0, 2, 0, 0, 0, 27695641, 31625.177294, 31647.176721, 0.000000
9014, 4, 5.000136, 210000352, 1.000002, 31604, 31604, 31604, 0, 7901, 0, 0, 0, 0, 0, 0, 28407256, 31603.947026, 31603.947026, 0.000000
9014, 5, 6.000155, 210004063, 1.000019, 31701, 31701, 31704, 0, 7926, 0, 0, 0, 0, 0, 0, 28477748, 31700.386673, 31703.386615, 0.000000
9014, 6, 7.000456, 210063242, 1.000301, 31630, 31630, 31600, 0, 7900, 0, 0, 0, 0, 0, 0, 28288817, 31620.477418, 31590.486450, 0.000000
9014, 7, 8.000459, 210000584, 1.000003, 31568, 31568, 31592, 0, 7898, 0, 0, 0, 0, 0, 0, 28411728, 31567.912211, 31591.912144, 0.000000
