ThreadID, cIDX, Time, cycles, deltaT, RX, OnRX, TX, SupTX, OnTX, Idle, OnIdle, Blocked, CacheMiss, CacheHit, CacheWB, CPUIdle, RX/s, TX/s, Sup/s
9815, 0, 0, 0, 0, 0, 0, 0, 0, 0, 0, 0, 0, 0, 0, 0, 0, 0, 0, 0
9815, 0, 1.000017, 210003604, 1.000017, 30480, 30480, 30467, 0, 7898, 0, 0, 0, 0, 0, 0, 29070030, 30479.476914, 30466.477137, 0.000000
9815, 1, 2.000048, 210006524, 1.000031, 30572, 30572, 30595, 0, 7933, 0, 0, 6, 0, 0, 0, 29037479, 30571.050259, 30594.049545, 0.000000
9815, 2, 3.000056, 210001650, 1.000008, 30577, 30577, 30573, 0, 7927, 0, 0, 5, 0, 0, 0, 29273130, 30576.759754, 30572.759785, 0.000000
9815, 3, 4.000076, 210004228, 1.000020, 30469, 30469, 30453, 0, 7895, 0, 0, 8, 0, 0, 0, 29394163, 30468.386570, 30452.386892, 0.000000
9815, 4, 5.000099, 210004877, 1.000023, 30570, 30570, 30565, 0, 7924, 0, 0, 10, 0, 0, 0, 29640673, 30569.290065, 30564.290181, 0.000000
9815, 5, 6.000242, 210029975, 1.000143, 30485, 30485, 30495, 0, 7906, 0, 0, 5, 0, 0, 0, 29911917, 30480.649250, 30490.647823, 0.000000
9815, 6, 7.000281, 210008122, 1.000039, 30551, 30551, 30569, 0, 7926, 0, 0, 8, 0, 0, 0, 29587101, 30549.818449, 30567.817753, 0.000000
9815, 7, 8.000341, 210012701, 1.000060, 30519, 30519, 30502, 0, 7907, 0, 0, 0, 0, 0, 0, 29459621, 30517.154293, 30500.155322, 0.000000
