ThreadID, cIDX, Time, cycles, deltaT, RX, OnRX, TX, SupTX, OnTX, Idle, OnIdle, Blocked, CacheMiss, CacheHit, CacheWB, CPUIdle, RX/s, TX/s, Sup/s
9258, 0, 0, 0, 0, 0, 0, 0, 0, 0, 0, 0, 0, 0, 0, 0, 0, 0, 0, 0
9258, 0, 1.000007, 210001382, 1.000007, 27152, 27152, 27152, 0, 6788, 0, 0, 0, 0, 0, 0, 28374212, 27151.821315, 27151.821315, 0.000000
9258, 1, 2.000015, 210001848, 1.000009, 27143, 27143, 27148, 0, 6787, 0, 0, 8, 0, 0, 0, 28132478, 27142.761144, 27147.761100, 0.000000
9258, 2, 3.000021, 210001195, 1.000006, 27147, 27147, 27144, 0, 6786, 0, 0, 11, 0, 0, 0, 28297242, 27146.845522, 27143.845539, 0.000000
9258, 3, 4.000093, 210015009, 1.000071, 27053, 27053, 27048, 0, 6762, 0, 0, 9, 0, 0, 0, 28293036, 27051.066622, 27046.066979, 0.000000
9258, 4, 5.000153, 210012716, 1.000061, 27110, 27110, 27109, 0, 6778, 0, 0, 3, 0, 0, 0, 28672176, 27108.358524, 27107.358585, 0.000000
9258, 5, 6.000175, 210004565, 1.000022, 27135, 27135, 27140, 0, 6785, 0, 0, 5, 0, 0, 0, 28648452, 27134.410150, 27139.410041, 0.000000
9258, 6, 7.000221, 210009725, 1.000046, 27020, 27020, 27015, 0, 6753, 0, 0, 3, 0, 0, 0, 29009963, 27018.748775, 27013.749006, 0.000000
9258, 7, 8.000222, 210000230, 1.000001, 27151, 27151, 27160, 0, 6790, 0, 0, 0, 0, 0, 0, 28691679, 27150.970263, 27159.970253, 0.000000
