ThreadID, cIDX, Time, cycles, deltaT, RX, OnRX, TX, SupTX, OnTX, Idle, OnIdle, Blocked, CacheMiss, CacheHit, CacheWB, CPUIdle, RX/s, TX/s, Sup/s
2660, 0, 0, 0, 0, 0, 0, 0, 0, 0, 0, 0, 0, 0, 0, 0, 0, 0, 0, 0
2660, 0, 1.000007, 210001426, 1.000007, 31537, 31537, 31524, 0, 7881, 0, 0, 1, 0, 0, 0, 28887007, 31536.785850, 31523.785938, 0.000000
2660, 1, 2.000023, 210003414, 1.000016, 31657, 31657, 31672, 0, 7918, 0, 0, 5, 0, 0, 0, 28770378, 31656.485356, 31671.485112, 0.000000
2660, 2, 3.000061, 210008040, 1.000038, 31699, 31699, 31684, 0, 7921, 0, 0, 4, 0, 0, 0, 28959862, 31697.786428, 31682.787002, 0.000000
2660, 3, 4.000349, 210060318, 1.000287, 31598, 31598, 31620, 0, 7905, 0, 0, 8, 0, 0, 0, 29219058, 31588.926758, 31610.920440, 0.000000
2660, 4, 5.000353, 210000967, 1.000005, 31702, 31702, 31700, 0, 7925, 0, 0, 0, 0, 0, 0, 29540444, 31701.854021, 31699.854030, 0.000000
2660, 5, 6.000421, 210014140, 1.000067, 31574, 31574, 31552, 0, 7888, 0, 0, 0, 0, 0, 0, 29960072, 31571.874160, 31549.875642, 0.000000
2660, 6, 7.000644, 210047035, 1.000224, 31598, 31598, 31596, 0, 7899, 0, 0, 1, 0, 0, 0, 29753319, 31590.924385, 31588.924833, 0.000000
2660, 7, 8.000711, 210013998, 1.000067, 31691, 31691, 31724, 0, 7931, 0, 0, 1, 0, 0, 0, 29563436, 31688.887709, 31721.885510, 0.000000
