ThreadID, cIDX, Time, cycles, deltaT, RX, OnRX, TX, SupTX, OnTX, Idle, OnIdle, Blocked, CacheMiss, CacheHit, CacheWB, CPUIdle, RX/s, TX/s, Sup/s
8470, 0, 0, 0, 0, 0, 0, 0, 0, 0, 0, 0, 0, 0, 0, 0, 0, 0, 0, 0
8470, 0, 1.000089, 210018766, 1.000089, 31526, 31526, 31516, 0, 7879, 0, 0, 0, 0, 0, 0, 29176004, 31523.183028, 31513.183922, 0.000000
8470, 1, 2.000182, 210019368, 1.000092, 31702, 31702, 31712, 0, 7928, 0, 0, 9, 0, 0, 0, 29138993, 31699.076439, 31709.075517, 0.000000
8470, 2, 3.000205, 210005010, 1.000024, 31704, 31704, 31708, 0, 7927, 0, 0, 4, 0, 0, 0, 29284468, 31703.243651, 31707.243556, 0.000000
8470, 3, 4.000241, 210007443, 1.000035, 31681, 31681, 31689, 0, 7923, 0, 0, 4, 0, 0, 0, 29186986, 31679.877175, 31687.876891, 0.000000
8470, 4, 5.000480, 210050200, 1.000239, 31600, 31600, 31567, 0, 7891, 0, 0, 0, 0, 0, 0, 29476609, 31592.447901, 31559.455787, 0.000000
8470, 5, 6.000491, 210002341, 1.000011, 31660, 31660, 31685, 0, 7922, 0, 0, 0, 0, 0, 0, 29825487, 31659.647070, 31684.646792, 0.000000
8470, 6, 7.000495, 210000856, 1.000004, 31578, 31578, 31575, 0, 7893, 0, 0, 0, 0, 0, 0, 29792619, 31577.871283, 31574.871295, 0.000000
8470, 7, 8.000499, 210000750, 1.000004, 31639, 31639, 31650, 0, 7913, 0, 0, 2, 0, 0, 0, 29613931, 31638.887004, 31649.886965, 0.000000
