ThreadID, cIDX, Time, cycles, deltaT, RX, OnRX, TX, SupTX, OnTX, Idle, OnIdle, Blocked, CacheMiss, CacheHit, CacheWB, CPUIdle, RX/s, TX/s, Sup/s
11103, 0, 0, 0, 0, 0, 0, 0, 0, 0, 0, 0, 0, 0, 0, 0, 0, 0, 0, 0
11103, 0, 1.000019, 210004000, 1.000019, 27151, 27151, 27156, 0, 6789, 0, 0, 0, 0, 0, 0, 29133921, 27150.482848, 27155.482753, 0.000000
11103, 1, 2.000028, 210001957, 1.000009, 27157, 27157, 27156, 0, 6789, 0, 0, 4, 0, 0, 0, 29048253, 27156.746925, 27155.746934, 0.000000
11103, 2, 3.000413, 210080771, 1.000385, 27157, 27157, 27152, 0, 6788, 0, 0, 7, 0, 0, 0, 29242894, 27146.558787, 27141.560710, 0.000000
11103, 3, 4.000441, 210005867, 1.000028, 27199, 27199, 27208, 0, 6802, 0, 0, 3, 0, 0, 0, 29224720, 27198.240133, 27207.239882, 0.000000
11103, 4, 5.000448, 210001413, 1.000007, 27129, 27129, 27116, 0, 6779, 0, 0, 9, 0, 0, 0, 29569647, 27128.817462, 27115.817549, 0.000000
11103, 5, 6.000475, 210005817, 1.000028, 27102, 27102, 27112, 0, 6778, 0, 0, 2, 0, 0, 0, 29879937, 27101.249295, 27111.249018, 0.000000
11103, 6, 7.000491, 210003319, 1.000016, 27092, 27092, 27084, 0, 6771, 0, 0, 0, 0, 0, 0, 29807008, 27091.571824, 27083.571951, 0.000000
11103, 7, 8.000503, 210002559, 1.000012, 27110, 27110, 27113, 0, 6779, 0, 0, 0, 0, 0, 0, 29498088, 27109.669649, 27112.669613, 0.000000
