ThreadID, cIDX, Time, cycles, deltaT, RX, OnRX, TX, SupTX, OnTX, Idle, OnIdle, Blocked, CacheMiss, CacheHit, CacheWB, CPUIdle, RX/s, TX/s, Sup/s
10766, 0, 0, 0, 0, 0, 0, 0, 0, 0, 0, 0, 0, 0, 0, 0, 0, 0, 0, 0
10766, 0, 1.000004, 210000943, 1.000004, 27209, 27209, 27208, 0, 6802, 0, 0, 0, 646112, 182119366, 270638, 31599760, 27208.877819, 27207.877824, 0.000000
10766, 1, 2.000667, 210139032, 1.000662, 27165, 27165, 27168, 0, 6792, 0, 0, 3, 557063, 182137459, 222689, 31792167, 27147.027117, 27150.025132, 0.000000
10766, 2, 3.000711, 210009231, 1.000044, 27156, 27156, 27160, 0, 6790, 0, 0, 2, 540714, 182095463, 215717, 31752961, 27154.806352, 27158.806176, 0.000000
10766, 3, 4.000733, 210004647, 1.000022, 27143, 27143, 27138, 0, 6785, 0, 0, 1, 529610, 182048407, 212291, 31915720, 27142.399377, 27137.399488, 0.000000
10766, 4, 5.000787, 210011508, 1.000055, 27166, 27166, 27154, 0, 6788, 0, 0, 5, 520516, 181941381, 206423, 32128683, 27164.511385, 27152.512042, 0.000000
10766, 5, 6.000868, 210016988, 1.000081, 27048, 27048, 27064, 0, 6766, 0, 0, 0, 517910, 181699120, 205748, 32618712, 27045.812123, 27061.810828, 0.000000
10766, 6, 7.000884, 210003319, 1.000016, 27119, 27119, 27117, 0, 6780, 0, 0, 0, 512722, 181767290, 203003, 32449379, 27118.571397, 27116.571429, 0.000000
10766, 7, 8.000918, 210007020, 1.000033, 27118, 27118, 27116, 0, 6779, 0, 0, 0, 513589, 181834887, 202918, 32308392, 27117.093514, 27115.093581, 0.000000
