ThreadID, cIDX, Time, cycles, deltaT, RX, OnRX, TX, SupTX, OnTX, Idle, OnIdle, Blocked, CacheMiss, CacheHit, CacheWB, CPUIdle, RX/s, TX/s, Sup/s
1347, 0, 0, 0, 0, 0, 0, 0, 0, 0, 0, 0, 0, 0, 0, 0, 0, 0, 0, 0
1347, 0, 1.000072, 210015188, 1.000072, 31545, 31545, 31528, 0, 7882, 0, 0, 1, 664584, 182064343, 272535, 29092630, 31542.718710, 31525.719940, 0.000000
1347, 1, 2.000267, 210040911, 1.000195, 31647, 31647, 31657, 0, 7915, 0, 0, 8, 560371, 182063961, 222937, 29264975, 31640.835913, 31650.833965, 0.000000
1347, 2, 3.000302, 210007347, 1.000035, 31659, 31659, 31663, 0, 7915, 0, 0, 4, 530196, 182067971, 208754, 29248284, 31657.892426, 31661.892286, 0.000000
1347, 3, 4.000313, 210002387, 1.000011, 31765, 31765, 31783, 0, 7946, 0, 0, 5, 517774, 182064819, 201011, 29307208, 31764.638942, 31782.638737, 0.000000
1347, 4, 5.000320, 210001294, 1.000006, 31640, 31640, 31633, 0, 7908, 0, 0, 1, 515459, 181896968, 199828, 29532503, 31639.805039, 31632.805082, 0.000000
1347, 5, 6.000348, 210005868, 1.000028, 31630, 31630, 31632, 0, 7908, 0, 0, 2, 509134, 181754789, 196700, 29853834, 31629.116192, 31631.116136, 0.000000
1347, 6, 7.000531, 210038507, 1.000183, 31669, 31669, 31648, 0, 7912, 0, 0, 0, 512273, 181891788, 198072, 29748141, 31663.194026, 31642.197876, 0.000000
1347, 7, 8.000585, 210011437, 1.000054, 31725, 31725, 31748, 0, 7937, 0, 0, 1, 509690, 182013582, 196768, 29453964, 31723.272290, 31746.271038, 0.000000
