ThreadID, cIDX, Time, cycles, deltaT, RX, OnRX, TX, SupTX, OnTX, Idle, OnIdle, Blocked, CacheMiss, CacheHit, CacheWB, CPUIdle, RX/s, TX/s, Sup/s
8633, 0, 0, 0, 0, 0, 0, 0, 0, 0, 0, 0, 0, 0, 0, 0, 0, 0, 0, 0
8633, 0, 1.000018, 210003862, 1.000018, 27176, 27176, 27169, 0, 6793, 0, 0, 0, 0, 0, 0, 27713731, 27175.500230, 27168.500358, 0.000000
8633, 1, 2.000021, 210000556, 1.000003, 27191, 27191, 27199, 0, 6799, 0, 0, 3, 0, 0, 0, 27594191, 27190.928009, 27198.927988, 0.000000
8633, 2, 3.000044, 210004870, 1.000023, 27071, 27071, 27073, 0, 6769, 0, 0, 0, 0, 0, 0, 27744675, 27070.372225, 27072.372179, 0.000000
8633, 3, 4.000063, 210003916, 1.000019, 27192, 27192, 27195, 0, 6798, 0, 0, 3, 0, 0, 0, 27612599, 27191.492943, 27194.492887, 0.000000
8633, 4, 5.000093, 210006379, 1.000030, 27057, 27057, 27048, 0, 6762, 0, 0, 5, 0, 0, 0, 28080022, 27056.178136, 27047.178410, 0.000000
8633, 5, 6.000097, 210000805, 1.000004, 27075, 27075, 27074, 0, 6769, 0, 0, 0, 0, 0, 0, 28271065, 27074.896213, 27073.896217, 0.000000
8633, 6, 7.000111, 210002878, 1.000014, 27145, 27145, 27143, 0, 6786, 0, 0, 3, 0, 0, 0, 28345483, 27144.627989, 27142.628017, 0.000000
8633, 7, 8.000119, 210001667, 1.000008, 27091, 27091, 27095, 0, 6773, 0, 0, 0, 0, 0, 0, 28460325, 27090.784951, 27094.784919, 0.000000
