ThreadID, cIDX, Time, cycles, deltaT, RX, OnRX, TX, SupTX, OnTX, Idle, OnIdle, Blocked, CacheMiss, CacheHit, CacheWB, CPUIdle, RX/s, TX/s, Sup/s
10628, 0, 0, 0, 0, 0, 0, 0, 0, 0, 0, 0, 0, 0, 0, 0, 0, 0, 0, 0
10628, 0, 1.000108, 210022627, 1.000108, 30473, 30473, 30464, 0, 7899, 0, 0, 0, 652069, 182109896, 273049, 31661581, 30469.716961, 30460.717930, 0.000000
10628, 1, 2.000802, 210145734, 1.000694, 30524, 30524, 30519, 0, 7913, 0, 0, 10, 574421, 182129714, 236671, 31844174, 30502.831906, 30497.835374, 0.000000
10628, 2, 3.000878, 210015972, 1.000076, 30497, 30497, 30506, 0, 7907, 0, 0, 2, 557533, 182052700, 226915, 31854160, 30494.680662, 30503.679977, 0.000000
10628, 3, 4.000884, 210001203, 1.000006, 30596, 30596, 30603, 0, 7934, 0, 0, 12, 547807, 181971041, 221942, 31951773, 30595.824730, 30602.824690, 0.000000
10628, 4, 5.000918, 210007328, 1.000035, 30553, 30553, 30539, 0, 7918, 0, 0, 0, 540130, 181941786, 216528, 32065762, 30551.933883, 30537.934372, 0.000000
10628, 5, 6.001220, 210063431, 1.000302, 30480, 30480, 30478, 0, 7902, 0, 0, 3, 529561, 181643802, 210829, 32710789, 30470.796223, 30468.796827, 0.000000
10628, 6, 7.001249, 210006019, 1.000029, 30486, 30486, 30502, 0, 7904, 0, 0, 0, 523859, 181711987, 209862, 32531309, 30485.126238, 30501.125780, 0.000000
10628, 7, 8.001494, 210051343, 1.000244, 30601, 30601, 30588, 0, 7933, 0, 0, 0, 519880, 181913194, 206102, 32226533, 30593.520176, 30580.523353, 0.000000
