ThreadID, cIDX, Time, cycles, deltaT, RX, OnRX, TX, SupTX, OnTX, Idle, OnIdle, Blocked, CacheMiss, CacheHit, CacheWB, CPUIdle, RX/s, TX/s, Sup/s
581, 0, 0, 0, 0, 0, 0, 0, 0, 0, 0, 0, 0, 0, 0, 0, 0, 0, 0, 0
581, 0, 1.000002, 210000517, 1.000002, 31548, 31548, 31549, 0, 7888, 0, 0, 0, 699238, 183319149, 286505, 26703795, 31547.922332, 31548.922330, 0.000000
581, 1, 2.000006, 210000809, 1.000004, 31723, 31723, 31708, 0, 7927, 0, 0, 2, 610355, 183408273, 244189, 26683179, 31722.877791, 31707.877849, 0.000000
581, 2, 3.000093, 210018145, 1.000086, 31678, 31678, 31671, 0, 7917, 0, 0, 2, 590058, 183349588, 234317, 26835980, 31675.263106, 31668.263711, 0.000000
581, 3, 4.000197, 210021832, 1.000104, 31582, 31582, 31580, 0, 7895, 0, 0, 0, 590328, 183455399, 234036, 26714385, 31578.717016, 31576.717224, 0.000000
581, 4, 5.000280, 210017575, 1.000084, 31633, 31633, 31668, 0, 7917, 0, 0, 0, 580081, 183095273, 230604, 27396779, 31630.352841, 31665.349912, 0.000000
581, 5, 6.000291, 210002302, 1.000011, 31705, 31705, 31693, 0, 7924, 0, 0, 0, 572007, 183000441, 225300, 27563603, 31704.652457, 31692.652588, 0.000000
581, 6, 7.000679, 210081348, 1.000387, 31654, 31654, 31639, 0, 7909, 0, 0, 0, 569389, 183112788, 223147, 27536161, 31641.742893, 31626.748701, 0.000000
581, 7, 8.000685, 210001325, 1.000006, 31577, 31577, 31584, 0, 7896, 0, 0, 0, 570269, 183081440, 224637, 27476764, 31576.800765, 31583.800721, 0.000000
