ThreadID, cIDX, Time, cycles, deltaT, RX, OnRX, TX, SupTX, OnTX, Idle, OnIdle, Blocked, CacheMiss, CacheHit, CacheWB, CPUIdle, RX/s, TX/s, Sup/s
1686, 0, 0, 0, 0, 0, 0, 0, 0, 0, 0, 0, 0, 0, 0, 0, 0, 0, 0, 0
1686, 0, 1.000179, 210037536, 1.000179, 31549, 31549, 31560, 0, 7890, 0, 0, 0, 0, 0, 0, 29865070, 31543.361849, 31554.359884, 0.000000
1686, 1, 2.000215, 210007598, 1.000036, 31706, 31706, 31690, 0, 7923, 0, 0, 4, 0, 0, 0, 29897859, 31704.852888, 31688.853467, 0.000000
1686, 2, 3.000235, 210004118, 1.000020, 31692, 31692, 31706, 0, 7926, 0, 0, 4, 0, 0, 0, 29926630, 31691.378547, 31705.378273, 0.000000
1686, 3, 4.000252, 210003769, 1.000018, 31692, 31692, 31692, 0, 7923, 0, 0, 1, 0, 0, 0, 30136650, 31691.431214, 31691.431214, 0.000000
1686, 4, 5.000326, 210015499, 1.000074, 31705, 31705, 31708, 0, 7927, 0, 0, 5, 0, 0, 0, 30359257, 31702.660193, 31705.659971, 0.000000
1686, 5, 6.000331, 210000947, 1.000005, 31533, 31533, 31528, 0, 7882, 0, 0, 5, 0, 0, 0, 30497385, 31532.857802, 31527.857824, 0.000000
1686, 6, 7.000334, 210000691, 1.000003, 31705, 31705, 31686, 0, 7922, 0, 0, 0, 0, 0, 0, 30452131, 31704.895676, 31685.895738, 0.000000
1686, 7, 8.000339, 210001112, 1.000005, 31663, 31663, 31670, 0, 7917, 0, 0, 0, 0, 0, 0, 30357598, 31662.832338, 31669.832301, 0.000000
