ThreadID, cIDX, Time, cycles, deltaT, RX, OnRX, TX, SupTX, OnTX, Idle, OnIdle, Blocked, CacheMiss, CacheHit, CacheWB, CPUIdle, RX/s, TX/s, Sup/s
10255, 0, 0, 0, 0, 0, 0, 0, 0, 0, 0, 0, 0, 0, 0, 0, 0, 0, 0, 0
10255, 0, 1.000214, 210044858, 1.000214, 26077, 26077, 26084, 0, 6805, 0, 0, 1, 658629, 182094306, 276044, 31747231, 26071.430894, 26078.429399, 0.000000
10255, 1, 2.000892, 210142492, 1.000679, 26055, 26055, 26042, 0, 6794, 0, 0, 4, 560047, 182137381, 228401, 31863803, 26037.332802, 26024.341617, 0.000000
10255, 2, 3.000938, 210009682, 1.000046, 26017, 26017, 26014, 0, 6786, 0, 0, 7, 546554, 182061769, 222576, 31924631, 26015.800548, 26012.800686, 0.000000
10255, 3, 4.001103, 210034634, 1.000165, 25999, 25999, 25997, 0, 6782, 0, 0, 6, 537349, 182016614, 217577, 32103526, 25994.712853, 25992.713183, 0.000000
10255, 4, 5.001138, 210007214, 1.000034, 25981, 25981, 25995, 0, 6782, 0, 0, 7, 533241, 181937868, 214807, 32207437, 25980.107521, 25994.107041, 0.000000
10255, 5, 6.001147, 210001915, 1.000009, 25993, 25993, 25990, 0, 6781, 0, 0, 2, 524129, 181702218, 211560, 32608323, 25992.762971, 25989.762998, 0.000000
10255, 6, 7.001241, 210019768, 1.000094, 25879, 25879, 25869, 0, 6745, 0, 0, 0, 519071, 181741122, 208205, 32523464, 25876.564153, 25866.565094, 0.000000
10255, 7, 8.001293, 210010890, 1.000052, 25973, 25973, 25988, 0, 6781, 0, 0, 0, 516185, 181886394, 207203, 32256053, 25971.653184, 25986.652406, 0.000000
