ThreadID, cIDX, Time, cycles, deltaT, RX, OnRX, TX, SupTX, OnTX, Idle, OnIdle, Blocked, CacheMiss, CacheHit, CacheWB, CPUIdle, RX/s, TX/s, Sup/s
940, 0, 0, 0, 0, 0, 0, 0, 0, 0, 0, 0, 0, 0, 0, 0, 0, 0, 0, 0
940, 0, 1.000075, 210015678, 1.000075, 27249, 27249, 27248, 0, 6812, 0, 0, 0, 0, 0, 0, 25867033, 27246.965819, 27245.965894, 0.000000
940, 1, 2.000204, 210027103, 1.000129, 27157, 27157, 27156, 0, 6789, 0, 0, 0, 0, 0, 0, 25844002, 27153.495518, 27152.495647, 0.000000
940, 2, 3.000207, 210000637, 1.000003, 27114, 27114, 27114, 0, 6779, 0, 0, 0, 0, 0, 0, 26150086, 27113.917754, 27113.917754, 0.000000
940, 3, 4.000226, 210003944, 1.000019, 27172, 27172, 27174, 0, 6793, 0, 0, 0, 0, 0, 0, 26098162, 27171.489694, 27173.489656, 0.000000
940, 4, 5.000254, 210006021, 1.000029, 27093, 27093, 27088, 0, 6772, 0, 0, 0, 0, 0, 0, 26432953, 27092.223227, 27087.223371, 0.000000
940, 5, 6.000307, 210011069, 1.000053, 27041, 27041, 27048, 0, 6762, 0, 0, 0, 0, 0, 0, 26530039, 27039.574757, 27046.574388, 0.000000
940, 6, 7.000314, 210001528, 1.000007, 27162, 27162, 27160, 0, 6790, 0, 0, 0, 0, 0, 0, 26643358, 27161.802366, 27159.802380, 0.000000
940, 7, 8.000355, 210008639, 1.000041, 27067, 27067, 27064, 0, 6766, 0, 0, 0, 0, 0, 0, 26638807, 27065.886561, 27062.886684, 0.000000
