ThreadID, cIDX, Time, cycles, deltaT, RX, OnRX, TX, SupTX, OnTX, Idle, OnIdle, Blocked, CacheMiss, CacheHit, CacheWB, CPUIdle, RX/s, TX/s, Sup/s
1932, 0, 0, 0, 0, 0, 0, 0, 0, 0, 0, 0, 0, 0, 0, 0, 0, 0, 0, 0
1932, 0, 1.000008, 210001606, 1.000008, 27220, 27220, 27212, 0, 6803, 0, 0, 0, 640844, 182071569, 263110, 31736563, 27219.791833, 27211.791895, 0.000000
1932, 1, 2.000047, 210008324, 1.000040, 27177, 27177, 27188, 0, 6797, 0, 0, 5, 573531, 182169455, 230697, 31614370, 27175.922798, 27186.922362, 0.000000
1932, 2, 3.000058, 210002187, 1.000010, 27127, 27127, 27124, 0, 6781, 0, 0, 6, 561770, 182035984, 225076, 31853214, 27126.717495, 27123.717526, 0.000000
1932, 3, 4.000125, 210014154, 1.000067, 27131, 27131, 27128, 0, 6782, 0, 0, 7, 541603, 182006100, 214349, 31984292, 27129.171494, 27126.171696, 0.000000
1932, 4, 5.000129, 210000857, 1.000004, 27124, 27124, 27128, 0, 6782, 0, 0, 1, 525337, 181877700, 205638, 32256697, 27123.889309, 27127.889292, 0.000000
1932, 5, 6.000166, 210007736, 1.000037, 27078, 27078, 27084, 0, 6771, 0, 0, 0, 511853, 181675368, 200881, 32607174, 27077.002535, 27083.002314, 0.000000
1932, 6, 7.000193, 210005571, 1.000027, 27097, 27097, 27088, 0, 6772, 0, 0, 0, 512722, 181775851, 201529, 32429914, 27096.281174, 27087.281413, 0.000000
1932, 7, 8.000203, 210002153, 1.000010, 27141, 27141, 27145, 0, 6787, 0, 0, 0, 513476, 181861965, 201188, 32368047, 27140.721743, 27144.721702, 0.000000
