ThreadID, cIDX, Time, cycles, deltaT, RX, OnRX, TX, SupTX, OnTX, Idle, OnIdle, Blocked, CacheMiss, CacheHit, CacheWB, CPUIdle, RX/s, TX/s, Sup/s
9355, 0, 0, 0, 0, 0, 0, 0, 0, 0, 0, 0, 0, 0, 0, 0, 0, 0, 0, 0
9355, 0, 1.000634, 210133182, 1.000634, 27234, 27234, 27225, 0, 6807, 0, 0, 4, 664005, 182030856, 275162, 31998313, 27216.739144, 27207.744848, 0.000000
9355, 1, 2.000655, 210004467, 1.000021, 27138, 27138, 27148, 0, 6787, 0, 0, 8, 573259, 182113678, 232280, 31707057, 27137.422748, 27147.422536, 0.000000
9355, 2, 3.000699, 210009152, 1.000044, 27117, 27117, 27108, 0, 6777, 0, 0, 7, 532811, 182075896, 214199, 31883038, 27115.818267, 27106.818659, 0.000000
9355, 3, 4.000725, 210005428, 1.000026, 27089, 27089, 27096, 0, 6774, 0, 0, 12, 515759, 182111711, 204176, 31806838, 27088.299832, 27095.299651, 0.000000
9355, 4, 5.000736, 210002376, 1.000011, 27100, 27100, 27098, 0, 6774, 0, 0, 6, 513998, 181992217, 205103, 31996899, 27099.693386, 27097.693409, 0.000000
9355, 5, 6.000747, 210002196, 1.000010, 27131, 27131, 27134, 0, 6784, 0, 0, 6, 510581, 181748797, 202135, 32461486, 27130.716290, 27133.716259, 0.000000
9355, 6, 7.000751, 210001010, 1.000005, 27021, 27021, 27022, 0, 6755, 0, 0, 0, 510520, 181855872, 201840, 32308368, 27020.870042, 27021.870038, 0.000000
9355, 7, 8.000832, 210016991, 1.000081, 27150, 27150, 27149, 0, 6787, 0, 0, 0, 507517, 181904137, 200257, 32337962, 27147.803484, 27146.803565, 0.000000
