ThreadID, cIDX, Time, cycles, deltaT, RX, OnRX, TX, SupTX, OnTX, Idle, OnIdle, Blocked, CacheMiss, CacheHit, CacheWB, CPUIdle, RX/s, TX/s, Sup/s
9208, 0, 0, 0, 0, 0, 0, 0, 0, 0, 0, 0, 0, 0, 0, 0, 0, 0, 0, 0
9208, 0, 1.000081, 210016987, 1.000081, 27085, 27085, 27084, 0, 6771, 0, 0, 0, 0, 0, 0, 30857539, 27082.809259, 27081.809340, 0.000000
9208, 1, 2.000093, 210002468, 1.000012, 27176, 27176, 27171, 0, 6793, 0, 0, 7, 0, 0, 0, 30810732, 27175.680621, 27170.680680, 0.000000
9208, 2, 3.000158, 210013634, 1.000065, 27147, 27147, 27161, 0, 6790, 0, 0, 5, 0, 0, 0, 30983466, 27145.237628, 27159.236719, 0.000000
9208, 3, 4.000177, 210004017, 1.000019, 27148, 27148, 27151, 0, 6788, 0, 0, 4, 0, 0, 0, 30806117, 27147.480707, 27150.480650, 0.000000
9208, 4, 5.000188, 210002345, 1.000011, 27117, 27117, 27103, 0, 6776, 0, 0, 0, 0, 0, 0, 31393406, 27116.697197, 27102.697353, 0.000000
9208, 5, 6.000202, 210003052, 1.000015, 27090, 27090, 27094, 0, 6773, 0, 0, 0, 0, 0, 0, 31279643, 27089.606298, 27093.606240, 0.000000
9208, 6, 7.000215, 210002684, 1.000013, 27093, 27093, 27089, 0, 6773, 0, 0, 0, 0, 0, 0, 31543975, 27092.653730, 27088.653781, 0.000000
9208, 7, 8.000222, 210001452, 1.000007, 27119, 27119, 27128, 0, 6782, 0, 0, 0, 0, 0, 0, 31146287, 27118.812493, 27127.812431, 0.000000
