ThreadID, cIDX, Time, cycles, deltaT, RX, OnRX, TX, SupTX, OnTX, Idle, OnIdle, Blocked, CacheMiss, CacheHit, CacheWB, CPUIdle, RX/s, TX/s, Sup/s
9080, 0, 0, 0, 0, 0, 0, 0, 0, 0, 0, 0, 0, 0, 0, 0, 0, 0, 0, 0
9080, 0, 1.000013, 210002768, 1.000013, 27085, 27085, 27093, 0, 6774, 0, 0, 0, 0, 0, 0, 30770756, 27084.642999, 27092.642893, 0.000000
9080, 1, 2.000140, 210026709, 1.000127, 27178, 27178, 27167, 0, 6791, 0, 0, 4, 0, 0, 0, 30735621, 27174.543786, 27163.545185, 0.000000
9080, 2, 3.000152, 210002523, 1.000012, 27151, 27151, 27160, 0, 6790, 0, 0, 3, 0, 0, 0, 30944082, 27150.673804, 27159.673696, 0.000000
9080, 3, 4.000318, 210034810, 1.000166, 27163, 27163, 27154, 0, 6789, 0, 0, 1, 0, 0, 0, 30992240, 27158.498156, 27149.499647, 0.000000
9080, 4, 5.000349, 210006537, 1.000031, 27066, 27066, 27078, 0, 6769, 0, 0, 0, 0, 0, 0, 31435159, 27065.157500, 27077.157127, 0.000000
9080, 5, 6.000384, 210007397, 1.000035, 27128, 27128, 27120, 0, 6780, 0, 0, 0, 0, 0, 0, 31515199, 27127.044482, 27119.044764, 0.000000
9080, 6, 7.000412, 210005694, 1.000027, 27097, 27097, 27100, 0, 6775, 0, 0, 0, 0, 0, 0, 31352376, 27096.265304, 27099.265223, 0.000000
9080, 7, 8.000419, 210001646, 1.000008, 27070, 27070, 27069, 0, 6768, 0, 0, 0, 0, 0, 0, 31491386, 27069.787824, 27068.787832, 0.000000
