ThreadID, cIDX, Time, cycles, deltaT, RX, OnRX, TX, SupTX, OnTX, Idle, OnIdle, Blocked, CacheMiss, CacheHit, CacheWB, CPUIdle, RX/s, TX/s, Sup/s
9062, 0, 0, 0, 0, 0, 0, 0, 0, 0, 0, 0, 0, 0, 0, 0, 0, 0, 0, 0
9062, 0, 1.000004, 210000767, 1.000004, 31522, 31522, 31526, 0, 7882, 0, 0, 0, 0, 0, 0, 28517134, 31521.884870, 31525.884855, 0.000000
9062, 1, 2.000007, 210000782, 1.000004, 31712, 31712, 31711, 0, 7928, 0, 0, 5, 0, 0, 0, 28372604, 31711.881911, 31710.881915, 0.000000
9062, 2, 3.000031, 210005034, 1.000024, 31730, 31730, 31735, 0, 7933, 0, 0, 5, 0, 0, 0, 28591231, 31729.239405, 31734.239285, 0.000000
9062, 3, 4.000229, 210041567, 1.000198, 31634, 31634, 31608, 0, 7902, 0, 0, 0, 0, 0, 0, 28658971, 31627.739665, 31601.744811, 0.000000
9062, 4, 5.000454, 210047285, 1.000225, 31616, 31616, 31620, 0, 7905, 0, 0, 0, 0, 0, 0, 29128120, 31608.882733, 31612.881833, 0.000000
9062, 5, 6.000469, 210003127, 1.000015, 31671, 31671, 31688, 0, 7922, 0, 0, 0, 0, 0, 0, 29173904, 31670.528411, 31687.528158, 0.000000
9062, 6, 7.000667, 210041507, 1.000198, 31658, 31658, 31640, 0, 7910, 0, 0, 0, 0, 0, 0, 29055323, 31651.743957, 31633.747514, 0.000000
9062, 7, 8.001017, 210073591, 1.000350, 31572, 31572, 31576, 0, 7894, 0, 0, 0, 0, 0, 0, 29250513, 31560.939995, 31564.938593, 0.000000
