ThreadID, cIDX, Time, cycles, deltaT, RX, OnRX, TX, SupTX, OnTX, Idle, OnIdle, Blocked, CacheMiss, CacheHit, CacheWB, CPUIdle, RX/s, TX/s, Sup/s
9526, 0, 0, 0, 0, 0, 0, 0, 0, 0, 0, 0, 0, 0, 0, 0, 0, 0, 0, 0
9526, 0, 1.000078, 210016304, 1.000078, 31586, 31586, 31580, 0, 7895, 0, 0, 0, 0, 0, 0, 28454168, 31583.547913, 31577.548379, 0.000000
9526, 1, 2.000551, 210099406, 1.000473, 31705, 31705, 31713, 0, 7929, 0, 0, 17, 0, 0, 0, 28204190, 31689.999162, 31697.995377, 0.000000
9526, 2, 3.000646, 210019917, 1.000095, 31708, 31708, 31715, 0, 7928, 0, 0, 5, 0, 0, 0, 28409477, 31704.993008, 31711.992344, 0.000000
9526, 3, 4.000673, 210005618, 1.000027, 31614, 31614, 31606, 0, 7902, 0, 0, 0, 0, 0, 0, 28367565, 31613.154273, 31605.154487, 0.000000
9526, 4, 5.000700, 210005836, 1.000028, 31694, 31694, 31691, 0, 7923, 0, 0, 9, 0, 0, 0, 28675234, 31693.119233, 31690.119316, 0.000000
9526, 5, 6.000707, 210001438, 1.000007, 31622, 31622, 31622, 0, 7905, 0, 0, 5, 0, 0, 0, 29154917, 31621.783466, 31621.783466, 0.000000
9526, 6, 7.000756, 210010161, 1.000048, 31692, 31692, 31693, 0, 7923, 0, 0, 0, 0, 0, 0, 28911498, 31690.466634, 31691.466586, 0.000000
9526, 7, 8.001001, 210051461, 1.000245, 31657, 31657, 31644, 0, 7911, 0, 0, 1, 0, 0, 0, 29009887, 31649.244277, 31636.247462, 0.000000
