ThreadID, cIDX, Time, cycles, deltaT, RX, OnRX, TX, SupTX, OnTX, Idle, OnIdle, Blocked, CacheMiss, CacheHit, CacheWB, CPUIdle, RX/s, TX/s, Sup/s
1642, 0, 0, 0, 0, 0, 0, 0, 0, 0, 0, 0, 0, 0, 0, 0, 0, 0, 0, 0
1642, 0, 1.000196, 210041129, 1.000196, 27167, 27167, 27161, 0, 6791, 0, 0, 1, 0, 0, 0, 29006213, 27161.680320, 27155.681495, 0.000000
1642, 1, 2.000220, 210005031, 1.000024, 27199, 27199, 27207, 0, 6801, 0, 0, 5, 0, 0, 0, 29094359, 27198.348405, 27206.348214, 0.000000
1642, 2, 3.000674, 210095456, 1.000455, 27173, 27173, 27168, 0, 6792, 0, 0, 4, 0, 0, 0, 29120784, 27160.654060, 27155.656332, 0.000000
1642, 3, 4.000683, 210001775, 1.000008, 27107, 27107, 27112, 0, 6778, 0, 0, 10, 0, 0, 0, 29256306, 27106.770883, 27111.770841, 0.000000
1642, 4, 5.000698, 210003176, 1.000015, 27106, 27106, 27104, 0, 6776, 0, 0, 4, 0, 0, 0, 29404672, 27105.590060, 27103.590090, 0.000000
1642, 5, 6.000766, 210014363, 1.000068, 27149, 27149, 27148, 0, 6787, 0, 0, 2, 0, 0, 0, 29676797, 27147.143265, 27146.143333, 0.000000
1642, 6, 7.000783, 210003595, 1.000017, 27087, 27087, 27092, 0, 6773, 0, 0, 0, 0, 0, 0, 29432499, 27086.536304, 27091.536219, 0.000000
1642, 7, 8.000954, 210035758, 1.000170, 27090, 27090, 27084, 0, 6771, 0, 0, 0, 0, 0, 0, 29530175, 27085.388003, 27079.389025, 0.000000
