ThreadID, cIDX, Time, cycles, deltaT, RX, OnRX, TX, SupTX, OnTX, Idle, OnIdle, Blocked, CacheMiss, CacheHit, CacheWB, CPUIdle, RX/s, TX/s, Sup/s
10594, 0, 0, 0, 0, 0, 0, 0, 0, 0, 0, 0, 0, 0, 0, 0, 0, 0, 0, 0
10594, 0, 1.000043, 210008955, 1.000043, 31599, 31599, 31596, 0, 7899, 0, 0, 0, 0, 0, 0, 28940643, 31597.652586, 31594.652714, 0.000000
10594, 1, 2.000066, 210004911, 1.000023, 31697, 31697, 31708, 0, 7927, 0, 0, 4, 0, 0, 0, 28994851, 31696.258760, 31707.258503, 0.000000
10594, 2, 3.000067, 210000210, 1.000001, 31697, 31697, 31690, 0, 7923, 0, 0, 4, 0, 0, 0, 29055491, 31696.968303, 31689.968310, 0.000000
10594, 3, 4.000069, 210000476, 1.000002, 31654, 31654, 31646, 0, 7911, 0, 0, 4, 0, 0, 0, 29347491, 31653.928251, 31645.928269, 0.000000
10594, 4, 5.000228, 210033397, 1.000159, 31647, 31647, 31640, 0, 7910, 0, 0, 8, 0, 0, 0, 29412849, 31641.967872, 31634.968985, 0.000000
10594, 5, 6.000304, 210015880, 1.000076, 31575, 31575, 31584, 0, 7896, 0, 0, 2, 0, 0, 0, 29980244, 31572.612509, 31581.611829, 0.000000
10594, 6, 7.000317, 210002794, 1.000013, 31621, 31621, 31632, 0, 7908, 0, 0, 2, 0, 0, 0, 29867084, 31620.579296, 31631.579149, 0.000000
10594, 7, 8.000825, 210106621, 1.000508, 31637, 31637, 31612, 0, 7903, 0, 0, 0, 0, 0, 0, 29520313, 31620.945444, 31595.958130, 0.000000
