ThreadID, cIDX, Time, cycles, deltaT, RX, OnRX, TX, SupTX, OnTX, Idle, OnIdle, Blocked, CacheMiss, CacheHit, CacheWB, CPUIdle, RX/s, TX/s, Sup/s
1605, 0, 0, 0, 0, 0, 0, 0, 0, 0, 0, 0, 0, 0, 0, 0, 0, 0, 0, 0
1605, 0, 1.000002, 210000437, 1.000002, 31537, 31537, 31532, 0, 7883, 0, 0, 0, 672736, 182069150, 272515, 29201203, 31536.934373, 31531.934384, 0.000000
1605, 1, 2.000004, 210000375, 1.000002, 31660, 31660, 31675, 0, 7919, 0, 0, 4, 583698, 182079357, 231602, 29237815, 31659.943464, 31674.943438, 0.000000
1605, 2, 3.000128, 210025989, 1.000124, 31699, 31699, 31675, 0, 7919, 0, 0, 0, 554510, 182084895, 221179, 29215869, 31695.077508, 31671.080478, 0.000000
1605, 3, 4.000129, 210000251, 1.000001, 31717, 31717, 31719, 0, 7930, 0, 0, 9, 537429, 181998954, 213898, 29385879, 31716.962091, 31718.962088, 0.000000
1605, 4, 5.000130, 210000255, 1.000001, 31720, 31720, 31723, 0, 7930, 0, 0, 11, 521617, 181905863, 204686, 29529439, 31719.961483, 31722.961479, 0.000000
1605, 5, 6.000615, 210101830, 1.000485, 31563, 31563, 31557, 0, 7890, 0, 0, 8, 505894, 181803454, 197302, 30010586, 31547.702369, 31541.705277, 0.000000
1605, 6, 7.001120, 210106075, 1.000505, 31708, 31708, 31702, 0, 7925, 0, 0, 0, 509481, 181988376, 198607, 29549627, 31691.991771, 31685.994800, 0.000000
1605, 7, 8.001225, 210022053, 1.000105, 31683, 31683, 31689, 0, 7922, 0, 0, 1, 506893, 181925254, 198296, 29717579, 31679.673182, 31685.672552, 0.000000
