ThreadID, cIDX, Time, cycles, deltaT, RX, OnRX, TX, SupTX, OnTX, Idle, OnIdle, Blocked, CacheMiss, CacheHit, CacheWB, CPUIdle, RX/s, TX/s, Sup/s
8210, 0, 0, 0, 0, 0, 0, 0, 0, 0, 0, 0, 0, 0, 0, 0, 0, 0, 0, 0
8210, 0, 1.000178, 210037418, 1.000178, 31648, 31648, 31664, 0, 7916, 0, 0, 0, 0, 0, 0, 29678128, 31642.361934, 31658.359083, 0.000000
8210, 1, 2.000400, 210046541, 1.000222, 31728, 31728, 31721, 0, 7931, 0, 0, 4, 0, 0, 0, 29638795, 31720.969878, 31713.971429, 0.000000
8210, 2, 3.000451, 210010792, 1.000051, 31685, 31685, 31683, 0, 7920, 0, 0, 2, 0, 0, 0, 29742108, 31683.371776, 31681.371879, 0.000000
8210, 3, 4.000460, 210001863, 1.000009, 31594, 31594, 31593, 0, 7899, 0, 0, 5, 0, 0, 0, 29618738, 31593.719719, 31592.719727, 0.000000
8210, 4, 5.000462, 210000473, 1.000002, 31579, 31579, 31575, 0, 7893, 0, 0, 0, 0, 0, 0, 30056309, 31578.928872, 31574.928881, 0.000000
8210, 5, 6.000845, 210080354, 1.000383, 31713, 31713, 31696, 0, 7924, 0, 0, 0, 0, 0, 0, 30409225, 31700.870039, 31683.876542, 0.000000
8210, 6, 7.000968, 210025915, 1.000123, 31565, 31565, 31556, 0, 7889, 0, 0, 1, 0, 0, 0, 30352248, 31561.105209, 31552.106320, 0.000000
8210, 7, 8.000974, 210001256, 1.000006, 31562, 31562, 31584, 0, 7896, 0, 0, 2, 0, 0, 0, 29796264, 31561.811230, 31583.811099, 0.000000
