ThreadID, cIDX, Time, cycles, deltaT, RX, OnRX, TX, SupTX, OnTX, Idle, OnIdle, Blocked, CacheMiss, CacheHit, CacheWB, CPUIdle, RX/s, TX/s, Sup/s
8545, 0, 0, 0, 0, 0, 0, 0, 0, 0, 0, 0, 0, 0, 0, 0, 0, 0, 0, 0
8545, 0, 1.000139, 210029291, 1.000139, 31620, 31620, 31612, 0, 7903, 0, 0, 1, 0, 0, 0, 28595298, 31615.590227, 31607.591343, 0.000000
8545, 1, 2.000344, 210042943, 1.000204, 31712, 31712, 31721, 0, 7931, 0, 0, 11, 0, 0, 0, 28553240, 31705.516524, 31714.514684, 0.000000
8545, 2, 3.000351, 210001474, 1.000007, 31706, 31706, 31710, 0, 7927, 0, 0, 6, 0, 0, 0, 28693629, 31705.777456, 31709.777428, 0.000000
8545, 3, 4.000374, 210004821, 1.000023, 31645, 31645, 31648, 0, 7912, 0, 0, 7, 0, 0, 0, 28567621, 31644.273538, 31647.273469, 0.000000
8545, 4, 5.000864, 210102979, 1.000490, 31729, 31729, 31705, 0, 7926, 0, 0, 0, 0, 0, 0, 28906858, 31713.448480, 31689.460243, 0.000000
8545, 5, 6.000894, 210006201, 1.000030, 31608, 31608, 31632, 0, 7908, 0, 0, 4, 0, 0, 0, 29139734, 31607.066688, 31631.065980, 0.000000
8545, 6, 7.000902, 210001741, 1.000008, 31693, 31693, 31680, 0, 7920, 0, 0, 0, 0, 0, 0, 29116045, 31692.737252, 31679.737360, 0.000000
8545, 7, 8.001249, 210072926, 1.000347, 31622, 31622, 31612, 0, 7903, 0, 0, 3, 0, 0, 0, 29197340, 31611.022546, 31601.026017, 0.000000
