ThreadID, cIDX, Time, cycles, deltaT, RX, OnRX, TX, SupTX, OnTX, Idle, OnIdle, Blocked, CacheMiss, CacheHit, CacheWB, CPUIdle, RX/s, TX/s, Sup/s
8985, 0, 0, 0, 0, 0, 0, 0, 0, 0, 0, 0, 0, 0, 0, 0, 0, 0, 0, 0
8985, 0, 1.000009, 210001901, 1.000009, 27120, 27120, 27124, 0, 6781, 0, 0, 0, 0, 0, 0, 29261352, 27119.754502, 27123.754465, 0.000000
8985, 1, 2.000055, 210009713, 1.000046, 27143, 27143, 27148, 0, 6787, 0, 0, 1, 0, 0, 0, 29160791, 27141.744630, 27146.744398, 0.000000
8985, 2, 3.000065, 210002124, 1.000010, 27140, 27140, 27129, 0, 6783, 0, 0, 3, 0, 0, 0, 29409592, 27139.725501, 27128.725612, 0.000000
8985, 3, 4.000071, 210001168, 1.000006, 27069, 27069, 27064, 0, 6766, 0, 0, 3, 0, 0, 0, 29251907, 27068.849446, 27063.849473, 0.000000
8985, 4, 5.000083, 210002600, 1.000012, 27109, 27109, 27116, 0, 6779, 0, 0, 1, 0, 0, 0, 29942586, 27108.664369, 27115.664282, 0.000000
8985, 5, 6.000087, 210000739, 1.000004, 27141, 27141, 27135, 0, 6783, 0, 0, 0, 0, 0, 0, 29902487, 27140.904490, 27134.904511, 0.000000
8985, 6, 7.000091, 210000893, 1.000004, 27008, 27008, 27015, 0, 6754, 0, 0, 0, 0, 0, 0, 29942243, 27007.885152, 27014.885122, 0.000000
8985, 7, 8.000274, 210038480, 1.000183, 27167, 27167, 27165, 0, 6791, 0, 0, 0, 0, 0, 0, 29907005, 27162.022883, 27160.023249, 0.000000
