ThreadID, cIDX, Time, cycles, deltaT, RX, OnRX, TX, SupTX, OnTX, Idle, OnIdle, Blocked, CacheMiss, CacheHit, CacheWB, CPUIdle, RX/s, TX/s, Sup/s
2804, 0, 0, 0, 0, 0, 0, 0, 0, 0, 0, 0, 0, 0, 0, 0, 0, 0, 0, 0
2804, 0, 1.000002, 210000494, 1.000002, 30426, 30426, 30428, 0, 7890, 0, 0, 0, 0, 0, 0, 30831499, 30425.928427, 30427.928422, 0.000000
2804, 1, 2.000067, 210013562, 1.000065, 30566, 30566, 30551, 0, 7920, 0, 0, 10, 0, 0, 0, 30665524, 30564.026146, 30549.027115, 0.000000
2804, 2, 3.000412, 210072390, 1.000345, 30556, 30556, 30568, 0, 7926, 0, 0, 9, 0, 0, 0, 30863138, 30545.470540, 30557.466405, 0.000000
2804, 3, 4.000441, 210006075, 1.000029, 30522, 30522, 30529, 0, 7916, 0, 0, 5, 0, 0, 0, 30868356, 30521.117068, 30528.116865, 0.000000
2804, 4, 5.000442, 210000198, 1.000001, 30509, 30509, 30509, 0, 7910, 0, 0, 4, 0, 0, 0, 31122689, 30508.971234, 30508.971234, 0.000000
2804, 5, 6.000911, 210098488, 1.000469, 30483, 30483, 30459, 0, 7897, 0, 0, 1, 0, 0, 0, 31696244, 30468.710465, 30444.721715, 0.000000
2804, 6, 7.001025, 210024134, 1.000115, 30497, 30497, 30512, 0, 7910, 0, 0, 0, 0, 0, 0, 31528176, 30493.495571, 30508.493848, 0.000000
2804, 7, 8.001234, 210043787, 1.000209, 30486, 30486, 30477, 0, 7900, 0, 0, 1, 0, 0, 0, 31391813, 30479.644704, 30470.646580, 0.000000
