ThreadID, cIDX, Time, cycles, deltaT, RX, OnRX, TX, SupTX, OnTX, Idle, OnIdle, Blocked, CacheMiss, CacheHit, CacheWB, CPUIdle, RX/s, TX/s, Sup/s
8436, 0, 0, 0, 0, 0, 0, 0, 0, 0, 0, 0, 0, 0, 0, 0, 0, 0, 0, 0
8436, 0, 1.000003, 210000597, 1.000003, 31547, 31547, 31537, 0, 7885, 0, 0, 1, 0, 0, 0, 30291671, 31546.910317, 31536.910345, 0.000000
8436, 1, 2.000004, 210000202, 1.000001, 31740, 31740, 31752, 0, 7938, 0, 0, 7, 0, 0, 0, 30213312, 31739.969469, 31751.969458, 0.000000
8436, 2, 3.000067, 210013230, 1.000063, 31704, 31704, 31711, 0, 7927, 0, 0, 8, 0, 0, 0, 30515372, 31702.002774, 31709.002333, 0.000000
8436, 3, 4.000068, 210000245, 1.000001, 31591, 31591, 31575, 0, 7894, 0, 0, 8, 0, 0, 0, 30322968, 31590.963144, 31574.963163, 0.000000
8436, 4, 5.000349, 210059098, 1.000281, 31605, 31605, 31593, 0, 7898, 0, 0, 5, 0, 0, 0, 30557777, 31596.108253, 31584.111629, 0.000000
8436, 5, 6.000352, 210000644, 1.000003, 31687, 31687, 31686, 0, 7922, 0, 0, 2, 0, 0, 0, 30908192, 31686.902827, 31685.902830, 0.000000
8436, 6, 7.000360, 210001572, 1.000007, 31564, 31564, 31590, 0, 7897, 0, 0, 5, 0, 0, 0, 30959771, 31563.763723, 31589.763528, 0.000000
8436, 7, 8.000364, 210000883, 1.000004, 31574, 31574, 31562, 0, 7891, 0, 0, 0, 0, 0, 0, 30710210, 31573.867239, 31561.867290, 0.000000
