ThreadID, cIDX, Time, cycles, deltaT, RX, OnRX, TX, SupTX, OnTX, Idle, OnIdle, Blocked, CacheMiss, CacheHit, CacheWB, CPUIdle, RX/s, TX/s, Sup/s
2236, 0, 0, 0, 0, 0, 0, 0, 0, 0, 0, 0, 0, 0, 0, 0, 0, 0, 0, 0
2236, 0, 1.000009, 210001958, 1.000009, 27207, 27207, 27212, 0, 6803, 0, 0, 5, 0, 0, 0, 28235626, 27206.746329, 27211.746283, 0.000000
2236, 1, 2.000724, 210150108, 1.000715, 27211, 27211, 27212, 0, 6803, 0, 0, 1, 0, 0, 0, 28197755, 27191.563470, 27192.562756, 0.000000
2236, 2, 3.000730, 210001218, 1.000006, 27135, 27135, 27128, 0, 6782, 0, 0, 1, 0, 0, 0, 28475903, 27134.842618, 27127.842659, 0.000000
2236, 3, 4.000738, 210001610, 1.000008, 27106, 27106, 27109, 0, 6778, 0, 0, 1, 0, 0, 0, 28679487, 27105.792189, 27108.792166, 0.000000
2236, 4, 5.000849, 210023359, 1.000111, 27106, 27106, 27099, 0, 6774, 0, 0, 4, 0, 0, 0, 28774780, 27102.985245, 27095.986023, 0.000000
2236, 5, 6.000852, 210000671, 1.000003, 27170, 27170, 27180, 0, 6795, 0, 0, 1, 0, 0, 0, 29189186, 27169.913186, 27179.913154, 0.000000
2236, 6, 7.000920, 210014379, 1.000068, 27130, 27130, 27124, 0, 6781, 0, 0, 0, 0, 0, 0, 28952186, 27128.142497, 27122.142908, 0.000000
2236, 7, 8.000945, 210005047, 1.000024, 27094, 27094, 27096, 0, 6774, 0, 0, 2, 0, 0, 0, 28677073, 27093.348857, 27095.348808, 0.000000
