ThreadID, cIDX, Time, cycles, deltaT, RX, OnRX, TX, SupTX, OnTX, Idle, OnIdle, Blocked, CacheMiss, CacheHit, CacheWB, CPUIdle, RX/s, TX/s, Sup/s
10034, 0, 0, 0, 0, 0, 0, 0, 0, 0, 0, 0, 0, 0, 0, 0, 0, 0, 0, 0
10034, 0, 1.000009, 210001956, 1.000009, 31676, 31676, 31668, 0, 7917, 0, 0, 0, 0, 0, 0, 28200730, 31675.704963, 31667.705038, 0.000000
10034, 1, 2.000016, 210001310, 1.000006, 31631, 31631, 31648, 0, 7912, 0, 0, 4, 0, 0, 0, 28243493, 31630.802684, 31647.802578, 0.000000
10034, 2, 3.000182, 210034878, 1.000166, 31637, 31637, 31624, 0, 7906, 0, 0, 6, 0, 0, 0, 28397971, 31631.746419, 31618.748578, 0.000000
10034, 3, 4.000211, 210006076, 1.000029, 31747, 31747, 31741, 0, 7936, 0, 0, 18, 0, 0, 0, 28515792, 31746.081480, 31740.081654, 0.000000
10034, 4, 5.000220, 210001946, 1.000009, 31626, 31626, 31627, 0, 7906, 0, 0, 8, 0, 0, 0, 28820907, 31625.706935, 31626.706926, 0.000000
10034, 5, 6.000224, 210000813, 1.000004, 31591, 31591, 31616, 0, 7904, 0, 0, 5, 0, 0, 0, 29110926, 31590.877698, 31615.877601, 0.000000
10034, 6, 7.000233, 210001986, 1.000009, 31700, 31700, 31669, 0, 7918, 0, 0, 0, 0, 0, 0, 28985790, 31699.700211, 31668.700505, 0.000000
10034, 7, 8.000240, 210001482, 1.000007, 31657, 31657, 31665, 0, 7916, 0, 0, 0, 0, 0, 0, 28873812, 31656.776594, 31664.776537, 0.000000
