ThreadID, cIDX, Time, cycles, deltaT, RX, OnRX, TX, SupTX, OnTX, Idle, OnIdle, Blocked, CacheMiss, CacheHit, CacheWB, CPUIdle, RX/s, TX/s, Sup/s
263, 0, 0, 0, 0, 0, 0, 0, 0, 0, 0, 0, 0, 0, 0, 0, 0, 0, 0, 0
263, 0, 1.000133, 210027830, 1.000133, 31543, 31543, 31544, 0, 7886, 0, 0, 0, 692118, 183271553, 289840, 29986000, 31538.820355, 31539.820223, 0.000000
263, 1, 2.000150, 210003622, 1.000017, 31678, 31678, 31692, 0, 7923, 0, 0, 0, 600118, 183357046, 241537, 29969408, 31677.453639, 31691.453398, 0.000000
263, 2, 3.000166, 210003354, 1.000016, 31705, 31705, 31692, 0, 7923, 0, 0, 0, 582990, 183270468, 236537, 30103304, 31704.493634, 31691.493842, 0.000000
263, 3, 4.000167, 210000243, 1.000001, 31612, 31612, 31600, 0, 7900, 0, 0, 0, 578273, 183329464, 234633, 30113845, 31611.963420, 31599.963434, 0.000000
263, 4, 5.000617, 210094597, 1.000450, 31629, 31629, 31624, 0, 7906, 0, 0, 0, 571346, 183233870, 232182, 30339378, 31614.758756, 31609.761007, 0.000000
263, 5, 6.000630, 210002715, 1.000013, 31675, 31675, 31697, 0, 7925, 0, 0, 3, 555251, 182960433, 222753, 30801209, 31674.590493, 31696.590208, 0.000000
263, 6, 7.000844, 210044873, 1.000214, 31544, 31544, 31527, 0, 7881, 0, 0, 0, 550393, 183010254, 219785, 30691088, 31537.261088, 31520.264720, 0.000000
263, 7, 8.001283, 210092149, 1.000439, 31660, 31660, 31660, 0, 7915, 0, 0, 1, 544742, 183111685, 216678, 30544525, 31646.113535, 31646.113535, 0.000000
