ThreadID, cIDX, Time, cycles, deltaT, RX, OnRX, TX, SupTX, OnTX, Idle, OnIdle, Blocked, CacheMiss, CacheHit, CacheWB, CPUIdle, RX/s, TX/s, Sup/s
377, 0, 0, 0, 0, 0, 0, 0, 0, 0, 0, 0, 0, 0, 0, 0, 0, 0, 0, 0
377, 0, 1.000002, 210000458, 1.000002, 26019, 26019, 26021, 0, 6789, 0, 0, 1, 0, 0, 0, 28637595, 26018.943254, 26020.943250, 0.000000
377, 1, 2.000005, 210000669, 1.000003, 26054, 26054, 26045, 0, 6794, 0, 0, 2, 0, 0, 0, 28663135, 26053.917000, 26044.917028, 0.000000
377, 2, 3.000099, 210019727, 1.000094, 25968, 25968, 25972, 0, 6775, 0, 0, 2, 0, 0, 0, 28923081, 25965.560845, 25969.560469, 0.000000
377, 3, 4.000136, 210007639, 1.000036, 26048, 26048, 26053, 0, 6797, 0, 0, 0, 0, 0, 0, 28629200, 26047.052507, 26052.052326, 0.000000
377, 4, 5.000197, 210012923, 1.000062, 25932, 25932, 25933, 0, 6764, 0, 0, 0, 0, 0, 0, 29205320, 25930.404292, 25931.404231, 0.000000
377, 5, 6.000215, 210003714, 1.000018, 25951, 25951, 25946, 0, 6768, 0, 0, 0, 0, 0, 0, 29279183, 25950.541046, 25945.541135, 0.000000
377, 6, 7.000217, 210000376, 1.000002, 26002, 26002, 26007, 0, 6786, 0, 0, 0, 0, 0, 0, 29442809, 26001.953444, 26006.953435, 0.000000
377, 7, 8.000226, 210002052, 1.000010, 25974, 25974, 25978, 0, 6777, 0, 0, 1, 0, 0, 0, 29072578, 25973.746199, 25977.746160, 0.000000
