ThreadID, cIDX, Time, cycles, deltaT, RX, OnRX, TX, SupTX, OnTX, Idle, OnIdle, Blocked, CacheMiss, CacheHit, CacheWB, CPUIdle, RX/s, TX/s, Sup/s
1242, 0, 0, 0, 0, 0, 0, 0, 0, 0, 0, 0, 0, 0, 0, 0, 0, 0, 0, 0
1242, 0, 1.000336, 210070610, 1.000336, 27148, 27148, 27141, 0, 6786, 0, 0, 2, 0, 0, 0, 29183898, 27138.874876, 27131.877229, 0.000000
1242, 1, 2.000405, 210014402, 1.000069, 27177, 27177, 27191, 0, 6797, 0, 0, 2, 0, 0, 0, 29170710, 27175.136303, 27189.135343, 0.000000
1242, 2, 3.000423, 210003859, 1.000018, 27145, 27145, 27136, 0, 6784, 0, 0, 0, 0, 0, 0, 29313308, 27144.501187, 27135.501353, 0.000000
1242, 3, 4.000479, 210011732, 1.000056, 27155, 27155, 27156, 0, 6789, 0, 0, 3, 0, 0, 0, 29198452, 27153.483025, 27154.482970, 0.000000
1242, 4, 5.000668, 210039739, 1.000189, 27070, 27070, 27064, 0, 6766, 0, 0, 3, 0, 0, 0, 29490269, 27064.878423, 27058.879558, 0.000000
1242, 5, 6.000672, 210000756, 1.000004, 27120, 27120, 27129, 0, 6783, 0, 0, 0, 0, 0, 0, 29689710, 27119.902368, 27128.902336, 0.000000
1242, 6, 7.000676, 210000895, 1.000004, 27090, 27090, 27086, 0, 6771, 0, 0, 0, 0, 0, 0, 29675393, 27089.884545, 27085.884563, 0.000000
1242, 7, 8.000800, 210025904, 1.000123, 27095, 27095, 27085, 0, 6771, 0, 0, 2, 0, 0, 0, 29598240, 27091.658179, 27081.659413, 0.000000
