ThreadID, cIDX, Time, cycles, deltaT, RX, OnRX, TX, SupTX, OnTX, Idle, OnIdle, Blocked, CacheMiss, CacheHit, CacheWB, CPUIdle, RX/s, TX/s, Sup/s
10872, 0, 0, 0, 0, 0, 0, 0, 0, 0, 0, 0, 0, 0, 0, 0, 0, 0, 0, 0
10872, 0, 1.000005, 210001046, 1.000005, 27141, 27141, 27135, 0, 6784, 0, 0, 0, 0, 0, 0, 30860765, 27140.864813, 27134.864843, 0.000000
10872, 1, 2.000046, 210008698, 1.000041, 27104, 27104, 27105, 0, 6776, 0, 0, 3, 0, 0, 0, 30887578, 27102.877425, 27103.877383, 0.000000
10872, 2, 3.000052, 210001150, 1.000005, 27150, 27150, 27157, 0, 6790, 0, 0, 5, 0, 0, 0, 30969565, 27149.851322, 27156.851284, 0.000000
10872, 3, 4.000067, 210003250, 1.000015, 27209, 27209, 27211, 0, 6802, 0, 0, 2, 0, 0, 0, 30874635, 27208.578915, 27210.578884, 0.000000
10872, 4, 5.000071, 210000796, 1.000004, 27165, 27165, 27163, 0, 6791, 0, 0, 4, 0, 0, 0, 31273025, 27164.897032, 27162.897040, 0.000000
10872, 5, 6.000111, 210008426, 1.000040, 27071, 27071, 27066, 0, 6767, 0, 0, 0, 0, 0, 0, 31727947, 27069.913852, 27064.914053, 0.000000
10872, 6, 7.000118, 210001413, 1.000007, 27078, 27078, 27080, 0, 6770, 0, 0, 2, 0, 0, 0, 31554944, 27077.817805, 27079.817792, 0.000000
10872, 7, 8.000125, 210001390, 1.000007, 27204, 27204, 27207, 0, 6801, 0, 0, 0, 0, 0, 0, 31437734, 27203.819937, 27206.819917, 0.000000
