ThreadID, cIDX, Time, cycles, deltaT, RX, OnRX, TX, SupTX, OnTX, Idle, OnIdle, Blocked, CacheMiss, CacheHit, CacheWB, CPUIdle, RX/s, TX/s, Sup/s
9224, 0, 0, 0, 0, 0, 0, 0, 0, 0, 0, 0, 0, 0, 0, 0, 0, 0, 0, 0
9224, 0, 1.000017, 210003518, 1.000017, 27086, 27086, 27084, 0, 6771, 0, 0, 2, 632048, 182062298, 263202, 31728110, 27085.546253, 27083.546286, 0.000000
9224, 1, 2.000044, 210005643, 1.000027, 27174, 27174, 27185, 0, 6797, 0, 0, 9, 556702, 182177964, 223315, 31609464, 27173.269815, 27184.269520, 0.000000
9224, 2, 3.000050, 210001289, 1.000006, 27156, 27156, 27141, 0, 6785, 0, 0, 14, 544565, 182076179, 217839, 31836397, 27155.833315, 27140.833407, 0.000000
9224, 3, 4.000062, 210002531, 1.000012, 27142, 27142, 27146, 0, 6786, 0, 0, 14, 530651, 182136179, 210386, 31690382, 27141.672878, 27145.672830, 0.000000
9224, 4, 5.000066, 210000800, 1.000004, 27115, 27115, 27128, 0, 6782, 0, 0, 9, 521091, 181889803, 206705, 32207532, 27114.896705, 27127.896656, 0.000000
9224, 5, 6.000128, 210013067, 1.000062, 27094, 27094, 27088, 0, 6772, 0, 0, 0, 521595, 181908678, 206544, 32120429, 27092.314213, 27086.314586, 0.000000
9224, 6, 7.000159, 210006527, 1.000031, 27088, 27088, 27092, 0, 6773, 0, 0, 1, 516995, 181814177, 202883, 32362688, 27087.158105, 27091.157981, 0.000000
9224, 7, 8.000188, 210006078, 1.000029, 27124, 27124, 27116, 0, 6779, 0, 0, 0, 520333, 181971349, 204570, 32072477, 27123.214977, 27115.215208, 0.000000
