ThreadID, cIDX, Time, cycles, deltaT, RX, OnRX, TX, SupTX, OnTX, Idle, OnIdle, Blocked, CacheMiss, CacheHit, CacheWB, CPUIdle, RX/s, TX/s, Sup/s
11001, 0, 0, 0, 0, 0, 0, 0, 0, 0, 0, 0, 0, 0, 0, 0, 0, 0, 0, 0
11001, 0, 1.000630, 210132342, 1.000630, 26065, 26065, 26065, 0, 6800, 0, 0, 0, 0, 0, 0, 30879657, 26048.584182, 26048.584182, 0.000000
11001, 1, 2.000728, 210020507, 1.000098, 25997, 25997, 25996, 0, 6783, 0, 0, 1, 0, 0, 0, 30845365, 25994.461579, 25993.461677, 0.000000
11001, 2, 3.000770, 210008781, 1.000042, 25996, 25996, 25996, 0, 6781, 0, 0, 7, 0, 0, 0, 30970572, 25994.913041, 25994.913041, 0.000000
11001, 3, 4.000791, 210004482, 1.000021, 26079, 26079, 26083, 0, 6802, 0, 0, 6, 0, 0, 0, 31016118, 26078.443412, 26082.443326, 0.000000
11001, 4, 5.000803, 210002610, 1.000012, 26053, 26053, 26052, 0, 6798, 0, 0, 2, 0, 0, 0, 31434201, 26052.676202, 26051.676215, 0.000000
11001, 5, 6.000843, 210008411, 1.000040, 25901, 25901, 25902, 0, 6756, 0, 0, 5, 0, 0, 0, 31810704, 25899.962645, 25900.962605, 0.000000
11001, 6, 7.000849, 210001080, 1.000005, 26036, 26036, 26037, 0, 6792, 0, 0, 0, 0, 0, 0, 31462691, 26035.866101, 26036.866096, 0.000000
11001, 7, 8.000857, 210001662, 1.000008, 26023, 26023, 26019, 0, 6785, 0, 0, 0, 0, 0, 0, 31385214, 26022.794048, 26018.794080, 0.000000
