ThreadID, cIDX, Time, cycles, deltaT, RX, OnRX, TX, SupTX, OnTX, Idle, OnIdle, Blocked, CacheMiss, CacheHit, CacheWB, CPUIdle, RX/s, TX/s, Sup/s
10447, 0, 0, 0, 0, 0, 0, 0, 0, 0, 0, 0, 0, 0, 0, 0, 0, 0, 0, 0
10447, 0, 1.000006, 210001357, 1.000006, 27163, 27163, 27172, 0, 6793, 0, 0, 1, 667901, 182135525, 277283, 28972941, 27162.824476, 27171.824418, 0.000000
10447, 1, 2.000009, 210000475, 1.000002, 27208, 27208, 27200, 0, 6800, 0, 0, 0, 570028, 182068306, 233215, 29194746, 27207.938458, 27199.938476, 0.000000
10447, 2, 3.000016, 210001525, 1.000007, 27136, 27136, 27125, 0, 6782, 0, 0, 6, 553492, 182057802, 227816, 29083925, 27135.802942, 27124.803022, 0.000000
10447, 3, 4.000061, 210009528, 1.000045, 27063, 27063, 27071, 0, 6767, 0, 0, 6, 535050, 181988455, 218099, 29328048, 27061.772169, 27069.771806, 0.000000
10447, 4, 5.000123, 210012972, 1.000062, 27109, 27109, 27105, 0, 6777, 0, 0, 9, 518572, 181914257, 209838, 29472807, 27107.325542, 27103.325789, 0.000000
10447, 5, 6.000176, 210011037, 1.000053, 27172, 27172, 27179, 0, 6794, 0, 0, 2, 503899, 181628323, 204034, 29974831, 27170.571992, 27177.571624, 0.000000
10447, 6, 7.000183, 210001494, 1.000007, 26948, 26948, 26949, 0, 6738, 0, 0, 2, 503391, 181679561, 202735, 29990723, 26947.808286, 26948.808278, 0.000000
10447, 7, 8.000186, 210000752, 1.000004, 27133, 27133, 27134, 0, 6783, 0, 0, 0, 500207, 181846618, 200621, 29698965, 27132.902838, 27133.902835, 0.000000
