ThreadID, cIDX, Time, cycles, deltaT, RX, OnRX, TX, SupTX, OnTX, Idle, OnIdle, Blocked, CacheMiss, CacheHit, CacheWB, CPUIdle, RX/s, TX/s, Sup/s
9050, 0, 0, 0, 0, 0, 0, 0, 0, 0, 0, 0, 0, 0, 0, 0, 0, 0, 0, 0
9050, 0, 1.000116, 210024306, 1.000116, 27178, 27178, 27180, 0, 6795, 0, 0, 0, 0, 0, 0, 28498940, 27174.854705, 27176.854473, 0.000000
9050, 1, 2.000117, 210000210, 1.000001, 27171, 27171, 27166, 0, 6792, 0, 0, 3, 0, 0, 0, 28406444, 27170.972829, 27165.972834, 0.000000
9050, 2, 3.000144, 210005829, 1.000028, 27112, 27112, 27126, 0, 6781, 0, 0, 5, 0, 0, 0, 28532644, 27111.247469, 27125.247081, 0.000000
9050, 3, 4.000226, 210017161, 1.000082, 27122, 27122, 27108, 0, 6777, 0, 0, 0, 0, 0, 0, 28549688, 27119.783797, 27105.784941, 0.000000
9050, 4, 5.000249, 210004770, 1.000023, 27094, 27094, 27094, 0, 6774, 0, 0, 1, 0, 0, 0, 29174511, 27093.384593, 27093.384593, 0.000000
9050, 5, 6.000262, 210002759, 1.000013, 27120, 27120, 27122, 0, 6780, 0, 0, 0, 0, 0, 0, 29125840, 27119.643700, 27121.643673, 0.000000
9050, 6, 7.000304, 210008750, 1.000042, 27026, 27026, 27024, 0, 6756, 0, 0, 0, 0, 0, 0, 29090096, 27024.873964, 27022.874047, 0.000000
9050, 7, 8.000339, 210007348, 1.000035, 27156, 27156, 27164, 0, 6791, 0, 0, 0, 0, 0, 0, 29196643, 27155.049832, 27163.049552, 0.000000
