ThreadID, cIDX, Time, cycles, deltaT, RX, OnRX, TX, SupTX, OnTX, Idle, OnIdle, Blocked, CacheMiss, CacheHit, CacheWB, CPUIdle, RX/s, TX/s, Sup/s
2865, 0, 0, 0, 0, 0, 0, 0, 0, 0, 0, 0, 0, 0, 0, 0, 0, 0, 0, 0
2865, 0, 1.000063, 210013262, 1.000063, 31708, 31708, 31700, 0, 7925, 0, 0, 0, 0, 0, 0, 28163893, 31705.997691, 31697.998196, 0.000000
2865, 1, 2.000132, 210014466, 1.000069, 31725, 31725, 31720, 0, 7930, 0, 0, 4, 0, 0, 0, 28055003, 31722.814751, 31717.815096, 0.000000
2865, 2, 3.000213, 210017080, 1.000081, 31687, 31687, 31697, 0, 7925, 0, 0, 9, 0, 0, 0, 28152702, 31684.423000, 31694.422187, 0.000000
2865, 3, 4.000243, 210006222, 1.000030, 31569, 31569, 31579, 0, 7894, 0, 0, 8, 0, 0, 0, 28295436, 31568.064683, 31578.064387, 0.000000
2865, 4, 5.000274, 210006432, 1.000031, 31596, 31596, 31600, 0, 7900, 0, 0, 8, 0, 0, 0, 28690872, 31595.032289, 31599.032167, 0.000000
2865, 5, 6.000409, 210028530, 1.000136, 31695, 31695, 31672, 0, 7918, 0, 0, 0, 0, 0, 0, 29175333, 31690.694593, 31667.697717, 0.000000
2865, 6, 7.000430, 210004322, 1.000021, 31529, 31529, 31552, 0, 7888, 0, 0, 0, 0, 0, 0, 28859301, 31528.351117, 31551.350643, 0.000000
2865, 7, 8.000442, 210002575, 1.000012, 31598, 31598, 31589, 0, 7898, 0, 0, 0, 0, 0, 0, 28875153, 31597.612553, 31588.612663, 0.000000
