ThreadID, cIDX, Time, cycles, deltaT, RX, OnRX, TX, SupTX, OnTX, Idle, OnIdle, Blocked, CacheMiss, CacheHit, CacheWB, CPUIdle, RX/s, TX/s, Sup/s
2858, 0, 0, 0, 0, 0, 0, 0, 0, 0, 0, 0, 0, 0, 0, 0, 0, 0, 0, 0
2858, 0, 1.000051, 210010810, 1.000051, 27207, 27207, 27208, 0, 6802, 0, 0, 0, 0, 0, 0, 28209629, 27205.599559, 27206.599508, 0.000000
2858, 1, 2.000194, 210029997, 1.000143, 27121, 27121, 27117, 0, 6780, 0, 0, 1, 0, 0, 0, 28055866, 27117.126512, 27113.127083, 0.000000
2858, 2, 3.000663, 210098474, 1.000469, 27126, 27126, 27127, 0, 6781, 0, 0, 3, 0, 0, 0, 28245660, 27113.285935, 27114.285466, 0.000000
2858, 3, 4.000667, 210000733, 1.000003, 27224, 27224, 27228, 0, 6807, 0, 0, 0, 0, 0, 0, 28212107, 27223.904976, 27227.904962, 0.000000
2858, 4, 5.000880, 210044796, 1.000213, 27172, 27172, 27164, 0, 6791, 0, 0, 0, 0, 0, 0, 28637263, 27166.205060, 27158.206767, 0.000000
2858, 5, 6.000921, 210008697, 1.000041, 27043, 27043, 27048, 0, 6762, 0, 0, 5, 0, 0, 0, 29183264, 27041.880080, 27046.879873, 0.000000
2858, 6, 7.000926, 210000878, 1.000004, 27187, 27187, 27188, 0, 6797, 0, 0, 0, 0, 0, 0, 28841589, 27186.886333, 27187.886329, 0.000000
2858, 7, 8.000945, 210004020, 1.000019, 27119, 27119, 27117, 0, 6780, 0, 0, 0, 0, 0, 0, 28871871, 27118.480875, 27116.480913, 0.000000
