ThreadID, cIDX, Time, cycles, deltaT, RX, OnRX, TX, SupTX, OnTX, Idle, OnIdle, Blocked, CacheMiss, CacheHit, CacheWB, CPUIdle, RX/s, TX/s, Sup/s
9861, 0, 0, 0, 0, 0, 0, 0, 0, 0, 0, 0, 0, 0, 0, 0, 0, 0, 0, 0
9861, 0, 1.000032, 210006687, 1.000032, 31547, 31547, 31552, 0, 7888, 0, 0, 0, 656919, 182147753, 273832, 31497489, 31545.995485, 31550.995326, 0.000000
9861, 1, 2.000463, 210090531, 1.000431, 31661, 31661, 31641, 0, 7911, 0, 0, 13, 567704, 182156148, 232114, 31745186, 31647.356824, 31627.365443, 0.000000
9861, 2, 3.000523, 210012715, 1.000061, 31699, 31699, 31708, 0, 7927, 0, 0, 10, 553596, 182100078, 225465, 31798507, 31697.080817, 31706.080272, 0.000000
9861, 3, 4.000531, 210001533, 1.000007, 31727, 31727, 31740, 0, 7935, 0, 0, 5, 548308, 182012736, 223246, 32028520, 31726.768395, 31739.768300, 0.000000
9861, 4, 5.000542, 210002412, 1.000011, 31716, 31716, 31717, 0, 7929, 0, 0, 12, 539332, 181890922, 218751, 32226289, 31715.635723, 31716.635712, 0.000000
9861, 5, 6.000545, 210000546, 1.000003, 31550, 31550, 31535, 0, 7884, 0, 0, 3, 532118, 181711370, 215911, 32527400, 31549.917970, 31534.918009, 0.000000
9861, 6, 7.000769, 210047065, 1.000224, 31718, 31718, 31707, 0, 7926, 0, 0, 1, 532264, 181913773, 215719, 32180121, 31710.892985, 31699.895450, 0.000000
9861, 7, 8.000775, 210001294, 1.000006, 31634, 31634, 31633, 0, 7909, 0, 0, 0, 525628, 181942221, 212333, 32180244, 31633.805076, 31632.805082, 0.000000
