ThreadID, cIDX, Time, cycles, deltaT, RX, OnRX, TX, SupTX, OnTX, Idle, OnIdle, Blocked, CacheMiss, CacheHit, CacheWB, CPUIdle, RX/s, TX/s, Sup/s
10257, 0, 0, 0, 0, 0, 0, 0, 0, 0, 0, 0, 0, 0, 0, 0, 0, 0, 0, 0
10257, 0, 1.000088, 210018512, 1.000088, 31635, 31635, 31624, 0, 7906, 0, 0, 1, 0, 0, 0, 29789987, 31632.211545, 31621.212515, 0.000000
10257, 1, 2.000768, 210142714, 1.000680, 31674, 31674, 31692, 0, 7923, 0, 0, 5, 0, 0, 0, 29942883, 31652.489270, 31670.477045, 0.000000
10257, 2, 3.000842, 210015697, 1.000075, 31703, 31703, 31689, 0, 7923, 0, 0, 11, 0, 0, 0, 29930424, 31700.630453, 31686.631500, 0.000000
10257, 3, 4.000996, 210032308, 1.000154, 31625, 31625, 31631, 0, 7907, 0, 0, 1, 0, 0, 0, 30062791, 31620.135317, 31626.134395, 0.000000
10257, 4, 5.001085, 210018553, 1.000088, 31688, 31688, 31692, 0, 7923, 0, 0, 2, 0, 0, 0, 30231330, 31685.200688, 31689.200335, 0.000000
10257, 5, 6.001109, 210005049, 1.000024, 31573, 31573, 31572, 0, 7893, 0, 0, 1, 0, 0, 0, 30609626, 31572.240913, 31571.240937, 0.000000
10257, 6, 7.001566, 210095945, 1.000457, 31608, 31608, 31592, 0, 7898, 0, 0, 0, 0, 0, 0, 30581222, 31593.565502, 31577.572808, 0.000000
10257, 7, 8.001569, 210000633, 1.000003, 31675, 31675, 31671, 0, 7918, 0, 0, 0, 0, 0, 0, 30380371, 31674.904523, 31670.904535, 0.000000
