ThreadID, cIDX, Time, cycles, deltaT, RX, OnRX, TX, SupTX, OnTX, Idle, OnIdle, Blocked, CacheMiss, CacheHit, CacheWB, CPUIdle, RX/s, TX/s, Sup/s
8725, 0, 0, 0, 0, 0, 0, 0, 0, 0, 0, 0, 0, 0, 0, 0, 0, 0, 0, 0
8725, 0, 1.000128, 210026864, 1.000128, 31516, 31516, 31494, 0, 7874, 0, 0, 0, 0, 0, 0, 29266310, 31511.968869, 31489.971683, 0.000000
8725, 1, 2.000165, 210007769, 1.000037, 31737, 31737, 31750, 0, 7937, 0, 0, 4, 0, 0, 0, 29239083, 31735.825926, 31748.825445, 0.000000
8725, 2, 3.000174, 210001875, 1.000009, 31702, 31702, 31692, 0, 7923, 0, 0, 2, 0, 0, 0, 29329835, 31701.716949, 31691.717038, 0.000000
8725, 3, 4.000179, 210001094, 1.000005, 31609, 31609, 31621, 0, 7906, 0, 0, 7, 0, 0, 0, 29295173, 31608.835333, 31620.835271, 0.000000
8725, 4, 5.000192, 210002793, 1.000013, 31621, 31621, 31611, 0, 7902, 0, 0, 2, 0, 0, 0, 29848899, 31620.579446, 31610.579579, 0.000000
8725, 5, 6.000201, 210001765, 1.000008, 31700, 31700, 31705, 0, 7927, 0, 0, 0, 0, 0, 0, 29878899, 31699.733571, 31704.733529, 0.000000
8725, 6, 7.000208, 210001553, 1.000007, 31580, 31580, 31603, 0, 7900, 0, 0, 1, 0, 0, 0, 29939784, 31579.766460, 31602.766290, 0.000000
8725, 7, 8.000648, 210092273, 1.000439, 31586, 31586, 31556, 0, 7889, 0, 0, 0, 0, 0, 0, 29821971, 31572.127358, 31542.140534, 0.000000
