ThreadID, cIDX, Time, cycles, deltaT, RX, OnRX, TX, SupTX, OnTX, Idle, OnIdle, Blocked, CacheMiss, CacheHit, CacheWB, CPUIdle, RX/s, TX/s, Sup/s
8740, 0, 0, 0, 0, 0, 0, 0, 0, 0, 0, 0, 0, 0, 0, 0, 0, 0, 0, 0
8740, 0, 1.000125, 210026232, 1.000125, 31588, 31588, 31600, 0, 7900, 0, 0, 0, 0, 0, 0, 27690372, 31584.054700, 31596.053202, 0.000000
8740, 1, 2.000164, 210008216, 1.000039, 31724, 31724, 31724, 0, 7931, 0, 0, 0, 0, 0, 0, 27633774, 31722.758885, 31722.758885, 0.000000
8740, 2, 3.000170, 210001178, 1.000006, 31685, 31685, 31659, 0, 7915, 0, 0, 4, 0, 0, 0, 27604323, 31684.822263, 31658.822409, 0.000000
8740, 3, 4.000351, 210038115, 1.000182, 31595, 31595, 31597, 0, 7899, 0, 0, 3, 0, 0, 0, 27633916, 31589.266548, 31591.266185, 0.000000
8740, 4, 5.000451, 210020977, 1.000100, 31594, 31594, 31588, 0, 7897, 0, 0, 0, 0, 0, 0, 28404628, 31590.844376, 31584.844975, 0.000000
8740, 5, 6.000647, 210041083, 1.000196, 31726, 31726, 31728, 0, 7932, 0, 0, 0, 0, 0, 0, 28403196, 31719.794551, 31721.794160, 0.000000
8740, 6, 7.000854, 210043644, 1.000208, 31660, 31660, 31664, 0, 7916, 0, 0, 0, 0, 0, 0, 28460704, 31653.421515, 31657.420683, 0.000000
8740, 7, 8.000869, 210003014, 1.000014, 31568, 31568, 31593, 0, 7899, 0, 0, 3, 0, 0, 0, 28246737, 31567.546931, 31592.546572, 0.000000
