ThreadID, cIDX, Time, cycles, deltaT, RX, OnRX, TX, SupTX, OnTX, Idle, OnIdle, Blocked, CacheMiss, CacheHit, CacheWB, CPUIdle, RX/s, TX/s, Sup/s
1022, 0, 0, 0, 0, 0, 0, 0, 0, 0, 0, 0, 0, 0, 0, 0, 0, 0, 0, 0
1022, 0, 1.000125, 210026147, 1.000125, 27238, 27238, 27236, 0, 6809, 0, 0, 0, 0, 0, 0, 29267489, 27234.609032, 27232.609281, 0.000000
1022, 1, 2.000142, 210003601, 1.000017, 27099, 27099, 27100, 0, 6775, 0, 0, 0, 0, 0, 0, 29180358, 27098.535325, 27099.535307, 0.000000
1022, 2, 3.000203, 210012887, 1.000061, 27072, 27072, 27068, 0, 6767, 0, 0, 0, 0, 0, 0, 29421948, 27070.338784, 27066.339029, 0.000000
1022, 3, 4.000286, 210017451, 1.000083, 27197, 27197, 27204, 0, 6801, 0, 0, 0, 0, 0, 0, 29335836, 27194.740117, 27201.739535, 0.000000
1022, 4, 5.000301, 210003024, 1.000014, 27143, 27143, 27136, 0, 6784, 0, 0, 0, 0, 0, 0, 29641161, 27142.609146, 27135.609247, 0.000000
1022, 5, 6.000342, 210008723, 1.000042, 27080, 27080, 27084, 0, 6771, 0, 0, 0, 0, 0, 0, 29815312, 27078.875195, 27082.875029, 0.000000
1022, 6, 7.000436, 210019751, 1.000094, 27065, 27065, 27064, 0, 6766, 0, 0, 0, 0, 0, 0, 29817616, 27062.454712, 27061.454806, 0.000000
1022, 7, 8.000440, 210000725, 1.000003, 27210, 27210, 27213, 0, 6804, 0, 0, 0, 0, 0, 0, 29930653, 27209.906061, 27212.906051, 0.000000
