ThreadID, cIDX, Time, cycles, deltaT, RX, OnRX, TX, SupTX, OnTX, Idle, OnIdle, Blocked, CacheMiss, CacheHit, CacheWB, CPUIdle, RX/s, TX/s, Sup/s
1274, 0, 0, 0, 0, 0, 0, 0, 0, 0, 0, 0, 0, 0, 0, 0, 0, 0, 0, 0
1274, 0, 1.000311, 210065369, 1.000311, 27148, 27148, 27146, 0, 6787, 0, 0, 1, 0, 0, 0, 30869242, 27139.551974, 27137.552597, 0.000000
1274, 1, 2.000380, 210014344, 1.000068, 27175, 27175, 27186, 0, 6796, 0, 0, 2, 0, 0, 0, 30909792, 27173.143945, 27184.143194, 0.000000
1274, 2, 3.000392, 210002706, 1.000013, 27146, 27146, 27136, 0, 6784, 0, 0, 0, 0, 0, 0, 31175178, 27145.650209, 27135.650338, 0.000000
1274, 3, 4.000774, 210080124, 1.000382, 27158, 27158, 27156, 0, 6789, 0, 0, 0, 0, 0, 0, 31188149, 27147.642011, 27145.642774, 0.000000
1274, 4, 5.000794, 210004276, 1.000020, 27076, 27076, 27085, 0, 6772, 0, 0, 0, 0, 0, 0, 31282333, 27075.448692, 27084.448509, 0.000000
1274, 5, 6.000854, 210012456, 1.000059, 27121, 27121, 27115, 0, 6778, 0, 0, 4, 0, 0, 0, 31579373, 27119.391433, 27113.391789, 0.000000
1274, 6, 7.000862, 210001783, 1.000008, 27095, 27095, 27103, 0, 6776, 0, 0, 0, 0, 0, 0, 31451370, 27094.769953, 27102.769885, 0.000000
1274, 7, 8.000864, 210000345, 1.000002, 27089, 27089, 27090, 0, 6773, 0, 0, 2, 0, 0, 0, 31501581, 27088.955497, 27089.955495, 0.000000
