ThreadID, cIDX, Time, cycles, deltaT, RX, OnRX, TX, SupTX, OnTX, Idle, OnIdle, Blocked, CacheMiss, CacheHit, CacheWB, CPUIdle, RX/s, TX/s, Sup/s
8315, 0, 0, 0, 0, 0, 0, 0, 0, 0, 0, 0, 0, 0, 0, 0, 0, 0, 0, 0
8315, 0, 1.000368, 210077209, 1.000368, 26124, 26124, 26128, 0, 6817, 0, 0, 3, 0, 0, 0, 31508772, 26114.398730, 26118.397260, 0.000000
8315, 1, 2.000379, 210002461, 1.000012, 25990, 25990, 25987, 0, 6780, 0, 0, 2, 0, 0, 0, 31234029, 25989.695426, 25986.695461, 0.000000
8315, 2, 3.000414, 210007356, 1.000035, 25970, 25970, 25969, 0, 6774, 0, 0, 2, 0, 0, 0, 31404215, 25969.090340, 25968.090375, 0.000000
8315, 3, 4.000426, 210002487, 1.000012, 26075, 26075, 26070, 0, 6799, 0, 0, 3, 0, 0, 0, 31490141, 26074.691201, 26069.691260, 0.000000
8315, 4, 5.000427, 210000185, 1.000001, 26042, 26042, 26050, 0, 6797, 0, 0, 0, 0, 0, 0, 31624474, 26041.977058, 26049.977051, 0.000000
8315, 5, 6.000430, 210000683, 1.000003, 25917, 25917, 25917, 0, 6760, 0, 0, 0, 0, 0, 0, 32083515, 25916.915708, 25916.915708, 0.000000
8315, 6, 7.000438, 210001610, 1.000008, 26040, 26040, 26042, 0, 6794, 0, 0, 3, 0, 0, 0, 31955326, 26039.800362, 26041.800346, 0.000000
8315, 7, 8.000456, 210003731, 1.000018, 26017, 26017, 26020, 0, 6785, 0, 0, 1, 0, 0, 0, 31781298, 26016.537773, 26019.537720, 0.000000
