ThreadID, cIDX, Time, cycles, deltaT, RX, OnRX, TX, SupTX, OnTX, Idle, OnIdle, Blocked, CacheMiss, CacheHit, CacheWB, CPUIdle, RX/s, TX/s, Sup/s
233, 0, 0, 0, 0, 0, 0, 0, 0, 0, 0, 0, 0, 0, 0, 0, 0, 0, 0, 0
233, 0, 1.000013, 210002640, 1.000013, 27162, 27162, 27161, 0, 6791, 0, 0, 0, 0, 0, 0, 26773261, 27161.658539, 27160.658552, 0.000000
233, 1, 2.000084, 210015072, 1.000072, 27170, 27170, 27168, 0, 6792, 0, 0, 3, 0, 0, 0, 26710099, 27168.050110, 27166.050254, 0.000000
233, 2, 3.000085, 210000194, 1.000001, 27085, 27085, 27095, 0, 6773, 0, 0, 3, 0, 0, 0, 26933293, 27084.974979, 27094.974969, 0.000000
233, 3, 4.000086, 210000239, 1.000001, 27198, 27198, 27185, 0, 6797, 0, 0, 1, 0, 0, 0, 26884477, 27197.969046, 27184.969061, 0.000000
233, 4, 5.000110, 210005047, 1.000024, 27083, 27083, 27091, 0, 6772, 0, 0, 0, 0, 0, 0, 27016207, 27082.349121, 27090.348929, 0.000000
233, 5, 6.000156, 210009660, 1.000046, 27039, 27039, 27032, 0, 6758, 0, 0, 0, 0, 0, 0, 27547133, 27037.756263, 27030.756585, 0.000000
233, 6, 7.000163, 210001331, 1.000006, 27165, 27165, 27168, 0, 6792, 0, 0, 1, 0, 0, 0, 27419976, 27164.827827, 27167.827808, 0.000000
233, 7, 8.000182, 210004047, 1.000019, 27103, 27103, 27112, 0, 6778, 0, 0, 0, 0, 0, 0, 27300428, 27102.477697, 27111.477523, 0.000000
