ThreadID, cIDX, Time, cycles, deltaT, RX, OnRX, TX, SupTX, OnTX, Idle, OnIdle, Blocked, CacheMiss, CacheHit, CacheWB, CPUIdle, RX/s, TX/s, Sup/s
10079, 0, 0, 0, 0, 0, 0, 0, 0, 0, 0, 0, 0, 0, 0, 0, 0, 0, 0, 0
10079, 0, 1.000383, 210080411, 1.000383, 27182, 27182, 27184, 0, 6796, 0, 0, 0, 0, 0, 0, 29123116, 27171.595737, 27173.594972, 0.000000
10079, 1, 2.000452, 210014411, 1.000069, 27130, 27130, 27124, 0, 6781, 0, 0, 4, 0, 0, 0, 29032629, 27128.138364, 27122.138776, 0.000000
10079, 2, 3.000462, 210002124, 1.000010, 27160, 27160, 27161, 0, 6791, 0, 0, 6, 0, 0, 0, 29329346, 27159.725299, 27160.725289, 0.000000
10079, 3, 4.000487, 210005358, 1.000026, 27195, 27195, 27199, 0, 6799, 0, 0, 1, 0, 0, 0, 29383985, 27194.306157, 27198.306055, 0.000000
10079, 4, 5.000489, 210000380, 1.000002, 27105, 27105, 27104, 0, 6776, 0, 0, 0, 0, 0, 0, 29610369, 27104.950953, 27103.950955, 0.000000
10079, 5, 6.000530, 210008552, 1.000041, 27048, 27048, 27048, 0, 6762, 0, 0, 2, 0, 0, 0, 30014387, 27046.898547, 27046.898547, 0.000000
10079, 6, 7.000531, 210000256, 1.000001, 27151, 27151, 27149, 0, 6788, 0, 0, 0, 0, 0, 0, 29799818, 27150.966902, 27148.966904, 0.000000
10079, 7, 8.000608, 210016126, 1.000077, 27067, 27067, 27071, 0, 6767, 0, 0, 0, 0, 0, 0, 29687581, 27064.921672, 27068.921365, 0.000000
