ThreadID, cIDX, Time, cycles, deltaT, RX, OnRX, TX, SupTX, OnTX, Idle, OnIdle, Blocked, CacheMiss, CacheHit, CacheWB, CPUIdle, RX/s, TX/s, Sup/s
1395, 0, 0, 0, 0, 0, 0, 0, 0, 0, 0, 0, 0, 0, 0, 0, 0, 0, 0, 0
1395, 0, 1.000370, 210077781, 1.000370, 31536, 31536, 31548, 0, 7887, 0, 0, 0, 0, 0, 0, 31111325, 31524.323841, 31536.319398, 0.000000
1395, 1, 2.000372, 210000359, 1.000002, 31687, 31687, 31673, 0, 7919, 0, 0, 6, 0, 0, 0, 30960796, 31686.945830, 31672.945854, 0.000000
1395, 2, 3.000403, 210006571, 1.000031, 31622, 31622, 31627, 0, 7906, 0, 0, 0, 0, 0, 0, 30973673, 31621.010564, 31626.010407, 0.000000
1395, 3, 4.000409, 210001217, 1.000006, 31775, 31775, 31772, 0, 7943, 0, 0, 3, 0, 0, 0, 30990825, 31774.815857, 31771.815875, 0.000000
1395, 4, 5.000416, 210001495, 1.000007, 31636, 31636, 31644, 0, 7911, 0, 0, 3, 0, 0, 0, 31313894, 31635.774783, 31643.774726, 0.000000
1395, 5, 6.000419, 210000623, 1.000003, 31614, 31614, 31614, 0, 7904, 0, 0, 0, 0, 0, 0, 31565579, 31613.906212, 31613.906212, 0.000000
1395, 6, 7.000425, 210001107, 1.000005, 31647, 31647, 31652, 0, 7913, 0, 0, 1, 0, 0, 0, 31384856, 31646.833176, 31651.833150, 0.000000
1395, 7, 8.000481, 210011775, 1.000056, 31750, 31750, 31722, 0, 7930, 0, 0, 0, 0, 0, 0, 31215214, 31748.219832, 31720.221402, 0.000000
