ThreadID, cIDX, Time, cycles, deltaT, RX, OnRX, TX, SupTX, OnTX, Idle, OnIdle, Blocked, CacheMiss, CacheHit, CacheWB, CPUIdle, RX/s, TX/s, Sup/s
2104, 0, 0, 0, 0, 0, 0, 0, 0, 0, 0, 0, 0, 0, 0, 0, 0, 0, 0, 0
2104, 0, 1.000015, 210003170, 1.000015, 27153, 27153, 27145, 0, 6787, 0, 0, 1, 0, 0, 0, 28276844, 27152.590125, 27144.590246, 0.000000
2104, 1, 2.000451, 210091584, 1.000436, 27147, 27147, 27151, 0, 6787, 0, 0, 7, 0, 0, 0, 28224766, 27135.165966, 27139.164223, 0.000000
2104, 2, 3.000511, 210012592, 1.000060, 27159, 27159, 27165, 0, 6792, 0, 0, 11, 0, 0, 0, 28437016, 27157.371592, 27163.371233, 0.000000
2104, 3, 4.000513, 210000420, 1.000002, 27147, 27147, 27137, 0, 6784, 0, 0, 2, 0, 0, 0, 28703778, 27146.945706, 27136.945726, 0.000000
2104, 4, 5.000538, 210005317, 1.000025, 27185, 27185, 27186, 0, 6796, 0, 0, 2, 0, 0, 0, 28832596, 27184.311719, 27185.311694, 0.000000
2104, 5, 6.000551, 210002723, 1.000013, 27038, 27038, 27049, 0, 6763, 0, 0, 1, 0, 0, 0, 29320811, 27037.649412, 27048.649269, 0.000000
2104, 6, 7.000556, 210000932, 1.000004, 27208, 27208, 27207, 0, 6801, 0, 0, 3, 0, 0, 0, 29042295, 27207.879249, 27206.879253, 0.000000
2104, 7, 8.000646, 210018885, 1.000090, 27108, 27108, 27108, 0, 6777, 0, 0, 4, 0, 0, 0, 28817040, 27105.562435, 27105.562435, 0.000000
