ThreadID, cIDX, Time, cycles, deltaT, RX, OnRX, TX, SupTX, OnTX, Idle, OnIdle, Blocked, CacheMiss, CacheHit, CacheWB, CPUIdle, RX/s, TX/s, Sup/s
1880, 0, 0, 0, 0, 0, 0, 0, 0, 0, 0, 0, 0, 0, 0, 0, 0, 0, 0, 0
1880, 0, 1.000016, 210003438, 1.000016, 27124, 27124, 27115, 0, 6779, 0, 0, 0, 0, 0, 0, 29100155, 27123.555949, 27114.556096, 0.000000
1880, 1, 2.000024, 210001504, 1.000007, 27127, 27127, 27139, 0, 6785, 0, 0, 7, 0, 0, 0, 29037714, 27126.805720, 27138.805634, 0.000000
1880, 2, 3.000031, 210001517, 1.000007, 27173, 27173, 27167, 0, 6792, 0, 0, 5, 0, 0, 0, 29264480, 27172.803709, 27166.803752, 0.000000
1880, 3, 4.000047, 210003408, 1.000016, 27128, 27128, 27131, 0, 6782, 0, 0, 10, 0, 0, 0, 29317552, 27127.559758, 27130.559710, 0.000000
1880, 4, 5.000055, 210001784, 1.000008, 27176, 27176, 27173, 0, 6794, 0, 0, 3, 0, 0, 0, 29581717, 27175.769135, 27172.769161, 0.000000
1880, 5, 6.000081, 210005376, 1.000026, 27081, 27081, 27084, 0, 6771, 0, 0, 0, 0, 0, 0, 30049260, 27080.306744, 27083.306667, 0.000000
1880, 6, 7.000095, 210003011, 1.000014, 27125, 27125, 27119, 0, 6779, 0, 0, 0, 0, 0, 0, 29907870, 27124.611085, 27118.611171, 0.000000
1880, 7, 8.000141, 210009672, 1.000046, 27161, 27161, 27164, 0, 6791, 0, 0, 0, 0, 0, 0, 29524443, 27159.749100, 27162.748961, 0.000000
