ThreadID, cIDX, Time, cycles, deltaT, RX, OnRX, TX, SupTX, OnTX, Idle, OnIdle, Blocked, CacheMiss, CacheHit, CacheWB, CPUIdle, RX/s, TX/s, Sup/s
9206, 0, 0, 0, 0, 0, 0, 0, 0, 0, 0, 0, 0, 0, 0, 0, 0, 0, 0, 0
9206, 0, 1.000017, 210003659, 1.000017, 31592, 31592, 31597, 0, 7900, 0, 0, 1, 0, 0, 0, 30850723, 31591.449557, 31596.449469, 0.000000
9206, 1, 2.000102, 210017733, 1.000084, 31725, 31725, 31731, 0, 7932, 0, 0, 3, 0, 0, 0, 30819329, 31722.321277, 31728.320770, 0.000000
9206, 2, 3.000109, 210001450, 1.000007, 31683, 31683, 31681, 0, 7921, 0, 0, 2, 0, 0, 0, 30978209, 31682.781238, 31680.781252, 0.000000
9206, 3, 4.000281, 210036136, 1.000172, 31580, 31580, 31583, 0, 7895, 0, 0, 2, 0, 0, 0, 30819450, 31574.566769, 31577.566253, 0.000000
9206, 4, 5.000286, 210001105, 1.000005, 31660, 31660, 31639, 0, 7910, 0, 0, 0, 0, 0, 0, 31385877, 31659.833409, 31638.833519, 0.000000
9206, 5, 6.000291, 210001005, 1.000005, 31716, 31716, 31723, 0, 7931, 0, 0, 0, 0, 0, 0, 31284472, 31715.848217, 31722.848184, 0.000000
9206, 6, 7.000304, 210002682, 1.000013, 31639, 31639, 31654, 0, 7913, 0, 0, 1, 0, 0, 0, 31541788, 31638.595930, 31653.595738, 0.000000
9206, 7, 8.000794, 210103067, 1.000491, 31589, 31589, 31564, 0, 7891, 0, 0, 0, 0, 0, 0, 31158900, 31573.503875, 31548.516139, 0.000000
