ThreadID, cIDX, Time, cycles, deltaT, RX, OnRX, TX, SupTX, OnTX, Idle, OnIdle, Blocked, CacheMiss, CacheHit, CacheWB, CPUIdle, RX/s, TX/s, Sup/s
3008, 0, 0, 0, 0, 0, 0, 0, 0, 0, 0, 0, 0, 0, 0, 0, 0, 0, 0, 0
3008, 0, 1.000003, 210000712, 1.000003, 30508, 30508, 30497, 0, 7906, 0, 0, 0, 663295, 182086325, 273132, 29161361, 30507.896564, 30496.896601, 0.000000
3008, 1, 2.000038, 210007303, 1.000035, 30577, 30577, 30573, 0, 7927, 0, 0, 4, 572616, 182212709, 228500, 28945449, 30575.936685, 30571.936825, 0.000000
3008, 2, 3.000043, 210001084, 1.000005, 30558, 30558, 30565, 0, 7926, 0, 0, 6, 553136, 182126625, 221871, 29013670, 30557.842263, 30564.842227, 0.000000
3008, 3, 4.000048, 210000899, 1.000004, 30573, 30573, 30572, 0, 7924, 0, 0, 6, 545061, 182139939, 217038, 29112694, 30572.869119, 30571.869123, 0.000000
3008, 4, 5.000056, 210001734, 1.000008, 30534, 30534, 30545, 0, 7920, 0, 0, 14, 537694, 181929394, 213401, 29515513, 30533.747878, 30544.747788, 0.000000
3008, 5, 6.000184, 210026959, 1.000128, 30477, 30477, 30466, 0, 7898, 0, 0, 7, 529453, 181770725, 209707, 29896842, 30473.087981, 30462.089393, 0.000000
3008, 6, 7.000203, 210003874, 1.000018, 30488, 30488, 30493, 0, 7907, 0, 0, 6, 520029, 181764724, 204353, 29837530, 30487.437579, 30492.437487, 0.000000
3008, 7, 8.000210, 210001591, 1.000008, 30496, 30496, 30502, 0, 7907, 0, 0, 0, 522342, 181995839, 206023, 29363206, 30495.768958, 30501.768913, 0.000000
