ThreadID, cIDX, Time, cycles, deltaT, RX, OnRX, TX, SupTX, OnTX, Idle, OnIdle, Blocked, CacheMiss, CacheHit, CacheWB, CPUIdle, RX/s, TX/s, Sup/s
94, 0, 0, 0, 0, 0, 0, 0, 0, 0, 0, 0, 0, 0, 0, 0, 0, 0, 0, 0
94, 0, 1.000030, 210006317, 1.000030, 27208, 27208, 27212, 0, 6803, 0, 0, 1, 0, 0, 0, 26643418, 27207.181582, 27211.181462, 0.000000
94, 1, 2.000059, 210006002, 1.000029, 27129, 27129, 27122, 0, 6781, 0, 0, 2, 0, 0, 0, 26570469, 27128.224650, 27121.224850, 0.000000
94, 2, 3.000129, 210014838, 1.000071, 27094, 27094, 27087, 0, 6772, 0, 0, 2, 0, 0, 0, 26769530, 27092.085751, 27085.086245, 0.000000
94, 3, 4.000131, 210000416, 1.000002, 27201, 27201, 27217, 0, 6804, 0, 0, 2, 0, 0, 0, 26721797, 27200.946116, 27216.946085, 0.000000
94, 4, 5.000136, 210001068, 1.000005, 27147, 27147, 27143, 0, 6786, 0, 0, 0, 0, 0, 0, 27059122, 27146.861939, 27142.861959, 0.000000
94, 5, 6.000195, 210012322, 1.000059, 27097, 27097, 27099, 0, 6774, 0, 0, 0, 0, 0, 0, 27258642, 27095.410145, 27097.410027, 0.000000
94, 6, 7.000205, 210001992, 1.000009, 27139, 27139, 27136, 0, 6784, 0, 0, 1, 0, 0, 0, 27164742, 27138.742570, 27135.742598, 0.000000
94, 7, 8.000206, 210000228, 1.000001, 27193, 27193, 27194, 0, 6799, 0, 0, 0, 0, 0, 0, 26831733, 27192.970476, 27193.970475, 0.000000
