ThreadID, cIDX, Time, cycles, deltaT, RX, OnRX, TX, SupTX, OnTX, Idle, OnIdle, Blocked, CacheMiss, CacheHit, CacheWB, CPUIdle, RX/s, TX/s, Sup/s
9562, 0, 0, 0, 0, 0, 0, 0, 0, 0, 0, 0, 0, 0, 0, 0, 0, 0, 0, 0
9562, 0, 1.000024, 210005001, 1.000024, 27165, 27165, 27164, 0, 6791, 0, 0, 0, 0, 0, 0, 29179405, 27164.353100, 27163.353124, 0.000000
9562, 1, 2.000033, 210001976, 1.000009, 27182, 27182, 27181, 0, 6796, 0, 0, 8, 0, 0, 0, 28895971, 27181.744233, 27180.744242, 0.000000
9562, 2, 3.000055, 210004506, 1.000021, 27139, 27139, 27139, 0, 6784, 0, 0, 4, 0, 0, 0, 29203303, 27138.417687, 27138.417687, 0.000000
9562, 3, 4.000078, 210004871, 1.000023, 27146, 27146, 27152, 0, 6788, 0, 0, 6, 0, 0, 0, 29220572, 27145.370357, 27151.370218, 0.000000
9562, 4, 5.000109, 210006640, 1.000032, 27068, 27068, 27064, 0, 6766, 0, 0, 6, 0, 0, 0, 29478716, 27067.144163, 27063.144289, 0.000000
9562, 5, 6.000116, 210001306, 1.000006, 27116, 27116, 27116, 0, 6779, 0, 0, 3, 0, 0, 0, 30021535, 27115.831365, 27115.831365, 0.000000
9562, 6, 7.000126, 210002089, 1.000010, 27084, 27084, 27080, 0, 6770, 0, 0, 10, 0, 0, 0, 29762921, 27083.730581, 27079.730621, 0.000000
9562, 7, 8.000128, 210000456, 1.000002, 27095, 27095, 27094, 0, 6774, 0, 0, 1, 0, 0, 0, 29783089, 27094.941165, 27093.941167, 0.000000
