ThreadID, cIDX, Time, cycles, deltaT, RX, OnRX, TX, SupTX, OnTX, Idle, OnIdle, Blocked, CacheMiss, CacheHit, CacheWB, CPUIdle, RX/s, TX/s, Sup/s
203, 0, 0, 0, 0, 0, 0, 0, 0, 0, 0, 0, 0, 0, 0, 0, 0, 0, 0, 0
203, 0, 1.000005, 210001139, 1.000005, 27182, 27182, 27170, 0, 6793, 0, 0, 0, 700243, 183263695, 293044, 26738377, 27181.852571, 27169.852636, 0.000000
203, 1, 2.000007, 210000362, 1.000002, 27124, 27124, 27143, 0, 6786, 0, 0, 2, 596916, 183371335, 240639, 26587414, 27123.953243, 27142.953211, 0.000000
203, 2, 3.000025, 210003838, 1.000018, 27093, 27093, 27089, 0, 6772, 0, 0, 1, 577865, 183310810, 234451, 26737016, 27092.504852, 27088.504925, 0.000000
203, 3, 4.000028, 210000543, 1.000003, 27206, 27206, 27201, 0, 6800, 0, 0, 0, 569326, 183336322, 230014, 26608167, 27205.929653, 27200.929666, 0.000000
203, 4, 5.000063, 210007363, 1.000035, 27141, 27141, 27141, 0, 6785, 0, 0, 0, 558909, 183181106, 224676, 26890166, 27140.048418, 27140.048418, 0.000000
203, 5, 6.000138, 210015776, 1.000075, 27099, 27099, 27100, 0, 6775, 0, 0, 0, 545223, 182981842, 217934, 27271698, 27096.964373, 27097.964298, 0.000000
203, 6, 7.000257, 210025029, 1.000119, 27048, 27048, 27048, 0, 6762, 0, 0, 1, 543477, 183049877, 216821, 27227893, 27044.776649, 27044.776649, 0.000000
203, 7, 8.000283, 210005333, 1.000025, 27238, 27238, 27240, 0, 6810, 0, 0, 2, 543999, 183102099, 218066, 27070345, 27237.308302, 27239.308251, 0.000000
