ThreadID, cIDX, Time, cycles, deltaT, RX, OnRX, TX, SupTX, OnTX, Idle, OnIdle, Blocked, CacheMiss, CacheHit, CacheWB, CPUIdle, RX/s, TX/s, Sup/s
10443, 0, 0, 0, 0, 0, 0, 0, 0, 0, 0, 0, 0, 0, 0, 0, 0, 0, 0, 0
10443, 0, 1.000010, 210002062, 1.000010, 27218, 27218, 27224, 0, 6806, 0, 0, 1, 667900, 182136431, 277275, 28973476, 27217.732748, 27223.732689, 0.000000
10443, 1, 2.000020, 210002092, 1.000010, 27198, 27198, 27197, 0, 6800, 0, 0, 4, 570036, 182069851, 233219, 29194690, 27197.729059, 27196.729069, 0.000000
10443, 2, 3.000034, 210003016, 1.000014, 27134, 27134, 27127, 0, 6781, 0, 0, 3, 553496, 182058951, 227815, 29084018, 27133.610310, 27126.610410, 0.000000
10443, 3, 4.000037, 210000693, 1.000003, 27081, 27081, 27082, 0, 6771, 0, 0, 3, 535029, 181980863, 218093, 29326842, 27080.910633, 27081.910630, 0.000000
10443, 4, 5.000125, 210018448, 1.000088, 27118, 27118, 27118, 0, 6779, 0, 0, 6, 518581, 181918828, 209840, 29473727, 27115.617958, 27115.617958, 0.000000
10443, 5, 6.000151, 210005301, 1.000025, 27189, 27189, 27192, 0, 6798, 0, 0, 4, 503885, 181623304, 204030, 29973830, 27188.313689, 27191.313614, 0.000000
10443, 6, 7.000176, 210005261, 1.000025, 27146, 27146, 27137, 0, 6785, 0, 0, 0, 503402, 181682951, 202739, 29991239, 27145.319945, 27136.320171, 0.000000
10443, 7, 8.000257, 210017173, 1.000082, 27083, 27083, 27095, 0, 6773, 0, 0, 0, 500244, 181860869, 200632, 29700071, 27080.785437, 27092.784455, 0.000000
