ThreadID, cIDX, Time, cycles, deltaT, RX, OnRX, TX, SupTX, OnTX, Idle, OnIdle, Blocked, CacheMiss, CacheHit, CacheWB, CPUIdle, RX/s, TX/s, Sup/s
9744, 0, 0, 0, 0, 0, 0, 0, 0, 0, 0, 0, 0, 0, 0, 0, 0, 0, 0, 0
9744, 0, 1.000432, 210090784, 1.000432, 31700, 31700, 31689, 0, 7923, 0, 0, 1, 0, 0, 0, 29951563, 31686.301861, 31675.306614, 0.000000
9744, 1, 2.000477, 210009378, 1.000045, 31632, 31632, 31644, 0, 7911, 0, 0, 11, 0, 0, 0, 29795011, 31630.587468, 31642.586932, 0.000000
9744, 2, 3.000511, 210007077, 1.000034, 31649, 31649, 31633, 0, 7908, 0, 0, 10, 0, 0, 0, 29883796, 31647.933465, 31631.934004, 0.000000
9744, 3, 4.000545, 210007160, 1.000034, 31689, 31689, 31687, 0, 7922, 0, 0, 3, 0, 0, 0, 30072074, 31687.919593, 31685.919661, 0.000000
9744, 4, 5.000619, 210015593, 1.000074, 31678, 31678, 31699, 0, 7924, 0, 0, 2, 0, 0, 0, 30327315, 31675.648008, 31696.646449, 0.000000
9744, 5, 6.000629, 210001995, 1.000009, 31590, 31590, 31584, 0, 7896, 0, 0, 6, 0, 0, 0, 30672262, 31589.699898, 31583.699955, 0.000000
9744, 6, 7.000631, 210000510, 1.000002, 31595, 31595, 31593, 0, 7899, 0, 0, 0, 0, 0, 0, 30436909, 31594.923269, 31592.923274, 0.000000
9744, 7, 8.000705, 210015460, 1.000074, 31743, 31743, 31735, 0, 7933, 0, 0, 0, 0, 0, 0, 30251579, 31740.663283, 31732.663872, 0.000000
