ThreadID, cIDX, Time, cycles, deltaT, RX, OnRX, TX, SupTX, OnTX, Idle, OnIdle, Blocked, CacheMiss, CacheHit, CacheWB, CPUIdle, RX/s, TX/s, Sup/s
1940, 0, 0, 0, 0, 0, 0, 0, 0, 0, 0, 0, 0, 0, 0, 0, 0, 0, 0, 0
1940, 0, 1.000446, 210093683, 1.000446, 31638, 31638, 31636, 0, 7909, 0, 0, 0, 0, 0, 0, 29946639, 31623.892280, 31621.893172, 0.000000
1940, 1, 2.000449, 210000650, 1.000003, 31640, 31640, 31640, 0, 7910, 0, 0, 0, 0, 0, 0, 29654264, 31639.902067, 31639.902067, 0.000000
1940, 2, 3.000475, 210005504, 1.000026, 31675, 31675, 31680, 0, 7920, 0, 0, 1, 0, 0, 0, 29907823, 31674.169835, 31679.169704, 0.000000
1940, 3, 4.000511, 210007474, 1.000036, 31696, 31696, 31696, 0, 7924, 0, 0, 3, 0, 0, 0, 30027899, 31694.871964, 31694.871964, 0.000000
1940, 4, 5.000518, 210001519, 1.000007, 31633, 31633, 31641, 0, 7911, 0, 0, 0, 0, 0, 0, 30293623, 31632.771190, 31640.771132, 0.000000
1940, 5, 6.000691, 210036326, 1.000173, 31619, 31619, 31599, 0, 7899, 0, 0, 0, 0, 0, 0, 30702284, 31613.531461, 31593.534920, 0.000000
1940, 6, 7.000973, 210059237, 1.000282, 31706, 31706, 31696, 0, 7924, 0, 0, 0, 0, 0, 0, 30566428, 31697.058863, 31687.061683, 0.000000
1940, 7, 8.001102, 210027101, 1.000129, 31641, 31641, 31664, 0, 7916, 0, 0, 0, 0, 0, 0, 30430461, 31636.917181, 31659.914213, 0.000000
