ThreadID, cIDX, Time, cycles, deltaT, RX, OnRX, TX, SupTX, OnTX, Idle, OnIdle, Blocked, CacheMiss, CacheHit, CacheWB, CPUIdle, RX/s, TX/s, Sup/s
9245, 0, 0, 0, 0, 0, 0, 0, 0, 0, 0, 0, 0, 0, 0, 0, 0, 0, 0, 0
9245, 0, 1.000034, 210007043, 1.000034, 27262, 27262, 27253, 0, 6814, 0, 0, 0, 0, 0, 0, 29826983, 27261.085715, 27252.086017, 0.000000
9245, 1, 2.000667, 210132970, 1.000633, 27118, 27118, 27122, 0, 6780, 0, 0, 10, 0, 0, 0, 29724582, 27100.840006, 27104.837475, 0.000000
9245, 2, 3.000742, 210015770, 1.000075, 27109, 27109, 27114, 0, 6779, 0, 0, 10, 0, 0, 0, 29893605, 27106.964396, 27111.964021, 0.000000
9245, 3, 4.000760, 210003732, 1.000018, 27163, 27163, 27154, 0, 6788, 0, 0, 9, 0, 0, 0, 29825220, 27162.517283, 27153.517443, 0.000000
9245, 4, 5.000762, 210000564, 1.000003, 27142, 27142, 27148, 0, 6787, 0, 0, 1, 0, 0, 0, 30288639, 27141.927105, 27147.927088, 0.000000
9245, 5, 6.000818, 210011665, 1.000056, 27052, 27052, 27061, 0, 6765, 0, 0, 8, 0, 0, 0, 30209981, 27050.497409, 27059.496909, 0.000000
9245, 6, 7.000824, 210001228, 1.000006, 27101, 27101, 27099, 0, 6775, 0, 0, 0, 0, 0, 0, 30428756, 27100.841525, 27098.841536, 0.000000
9245, 7, 8.000899, 210015840, 1.000075, 27126, 27126, 27113, 0, 6778, 0, 0, 0, 0, 0, 0, 30175866, 27123.954079, 27110.955059, 0.000000
