ThreadID, cIDX, Time, cycles, deltaT, RX, OnRX, TX, SupTX, OnTX, Idle, OnIdle, Blocked, CacheMiss, CacheHit, CacheWB, CPUIdle, RX/s, TX/s, Sup/s
1005, 0, 0, 0, 0, 0, 0, 0, 0, 0, 0, 0, 0, 0, 0, 0, 0, 0, 0, 0
1005, 0, 1.000083, 210017408, 1.000083, 27286, 27286, 27284, 0, 6821, 0, 0, 0, 0, 0, 0, 26753368, 27283.738308, 27281.738474, 0.000000
1005, 1, 2.000178, 210019968, 1.000095, 27136, 27136, 27136, 0, 6784, 0, 0, 0, 0, 0, 0, 26819574, 27133.419999, 27133.419999, 0.000000
1005, 2, 3.000181, 210000591, 1.000003, 27085, 27085, 27085, 0, 6772, 0, 0, 0, 0, 0, 0, 27062830, 27084.923775, 27084.923775, 0.000000
1005, 3, 4.000239, 210012326, 1.000059, 27168, 27168, 27171, 0, 6792, 0, 0, 0, 0, 0, 0, 26914174, 27166.405461, 27169.405285, 0.000000
1005, 4, 5.000264, 210005185, 1.000025, 27148, 27148, 27148, 0, 6787, 0, 0, 0, 0, 0, 0, 27294355, 27147.329720, 27147.329720, 0.000000
1005, 5, 6.000302, 210007904, 1.000038, 27033, 27033, 27024, 0, 6756, 0, 0, 0, 0, 0, 0, 27332174, 27031.982568, 27022.982906, 0.000000
1005, 6, 7.000377, 210015771, 1.000075, 27104, 27104, 27108, 0, 6777, 0, 0, 0, 0, 0, 0, 27500943, 27101.964642, 27105.964342, 0.000000
1005, 7, 8.000446, 210014412, 1.000069, 27111, 27111, 27108, 0, 6777, 0, 0, 0, 0, 0, 0, 27576872, 27109.139538, 27106.139744, 0.000000
