ThreadID, cIDX, Time, cycles, deltaT, RX, OnRX, TX, SupTX, OnTX, Idle, OnIdle, Blocked, CacheMiss, CacheHit, CacheWB, CPUIdle, RX/s, TX/s, Sup/s
2452, 0, 0, 0, 0, 0, 0, 0, 0, 0, 0, 0, 0, 0, 0, 0, 0, 0, 0, 0
2452, 0, 1.000005, 210000976, 1.000005, 31555, 31555, 31564, 0, 7891, 0, 0, 1, 0, 0, 0, 29650306, 31554.853345, 31563.853303, 0.000000
2452, 1, 2.000639, 210133251, 1.000635, 31637, 31637, 31641, 0, 7911, 0, 0, 1, 0, 0, 0, 29730753, 31616.938149, 31620.935613, 0.000000
2452, 2, 3.000987, 210073037, 1.000348, 31674, 31674, 31651, 0, 7912, 0, 0, 3, 0, 0, 0, 29785614, 31662.987764, 31639.995760, 0.000000
2452, 3, 4.001500, 210107688, 1.000513, 31699, 31699, 31692, 0, 7923, 0, 0, 5, 0, 0, 0, 29923026, 31682.753084, 31675.756672, 0.000000
2452, 4, 5.001513, 210002723, 1.000013, 31679, 31679, 31697, 0, 7925, 0, 0, 1, 0, 0, 0, 30123389, 31678.589234, 31696.589001, 0.000000
2452, 5, 6.001535, 210004704, 1.000022, 31594, 31594, 31607, 0, 7901, 0, 0, 2, 0, 0, 0, 30520034, 31593.292310, 31606.292019, 0.000000
2452, 6, 7.001542, 210001474, 1.000007, 31592, 31592, 31589, 0, 7898, 0, 0, 2, 0, 0, 0, 30513120, 31591.778256, 31588.778277, 0.000000
2452, 7, 8.001544, 210000315, 1.000001, 31743, 31743, 31729, 0, 7932, 0, 0, 0, 0, 0, 0, 30326248, 31742.952386, 31728.952407, 0.000000
