ThreadID, cIDX, Time, cycles, deltaT, RX, OnRX, TX, SupTX, OnTX, Idle, OnIdle, Blocked, CacheMiss, CacheHit, CacheWB, CPUIdle, RX/s, TX/s, Sup/s
9976, 0, 0, 0, 0, 0, 0, 0, 0, 0, 0, 0, 0, 0, 0, 0, 0, 0, 0, 0
9976, 0, 1.000001, 210000246, 1.000001, 27185, 27185, 27188, 0, 6797, 0, 0, 0, 0, 0, 0, 30695774, 27184.968155, 27187.968151, 0.000000
9976, 1, 2.000009, 210001746, 1.000008, 27158, 27158, 27164, 0, 6791, 0, 0, 5, 0, 0, 0, 30755555, 27157.774203, 27163.774153, 0.000000
9976, 2, 3.000054, 210009444, 1.000045, 27174, 27174, 27168, 0, 6792, 0, 0, 0, 0, 0, 0, 30971172, 27172.778001, 27166.778271, 0.000000
9976, 3, 4.000078, 210004911, 1.000023, 27073, 27073, 27069, 0, 6768, 0, 0, 4, 0, 0, 0, 31050530, 27072.366893, 27068.366987, 0.000000
9976, 4, 5.000109, 210006642, 1.000032, 27147, 27147, 27139, 0, 6784, 0, 0, 0, 0, 0, 0, 31353216, 27146.141406, 27138.141659, 0.000000
9976, 5, 6.000121, 210002453, 1.000012, 27144, 27144, 27152, 0, 6788, 0, 0, 2, 0, 0, 0, 31719708, 27143.682936, 27151.682842, 0.000000
9976, 6, 7.000124, 210000605, 1.000003, 27156, 27156, 27158, 0, 6790, 0, 0, 3, 0, 0, 0, 31445456, 27155.921765, 27157.921759, 0.000000
9976, 7, 8.000255, 210027422, 1.000131, 27125, 27125, 27118, 0, 6779, 0, 0, 0, 0, 0, 0, 31355960, 27121.458454, 27114.459368, 0.000000
