ThreadID, cIDX, Time, cycles, deltaT, RX, OnRX, TX, SupTX, OnTX, Idle, OnIdle, Blocked, CacheMiss, CacheHit, CacheWB, CPUIdle, RX/s, TX/s, Sup/s
9316, 0, 0, 0, 0, 0, 0, 0, 0, 0, 0, 0, 0, 0, 0, 0, 0, 0, 0, 0
9316, 0, 1.000160, 210033540, 1.000160, 31540, 31540, 31524, 0, 7881, 0, 0, 1, 0, 0, 0, 29202270, 31534.963416, 31518.965971, 0.000000
9316, 1, 2.000631, 210098922, 1.000471, 31690, 31690, 31687, 0, 7922, 0, 0, 11, 0, 0, 0, 29004300, 31675.079228, 31672.080640, 0.000000
9316, 2, 3.000729, 210020525, 1.000098, 31704, 31704, 31702, 0, 7926, 0, 0, 6, 0, 0, 0, 29163030, 31700.901614, 31698.901810, 0.000000
9316, 3, 4.000787, 210012371, 1.000059, 31649, 31649, 31657, 0, 7914, 0, 0, 12, 0, 0, 0, 28993859, 31647.135682, 31655.135211, 0.000000
9316, 4, 5.000791, 210000735, 1.000004, 31715, 31715, 31727, 0, 7932, 0, 0, 2, 0, 0, 0, 29237515, 31714.888998, 31726.888956, 0.000000
9316, 5, 6.001036, 210051418, 1.000245, 31617, 31617, 31600, 0, 7900, 0, 0, 3, 0, 0, 0, 29623226, 31609.260548, 31592.264709, 0.000000
9316, 6, 7.001041, 210001058, 1.000005, 31689, 31689, 31698, 0, 7924, 0, 0, 0, 0, 0, 0, 29643359, 31688.840349, 31697.840303, 0.000000
9316, 7, 8.001392, 210073808, 1.000351, 31634, 31634, 31620, 0, 7905, 0, 0, 0, 0, 0, 0, 29523826, 31622.885610, 31608.890529, 0.000000
