ThreadID, cIDX, Time, cycles, deltaT, RX, OnRX, TX, SupTX, OnTX, Idle, OnIdle, Blocked, CacheMiss, CacheHit, CacheWB, CPUIdle, RX/s, TX/s, Sup/s
10616, 0, 0, 0, 0, 0, 0, 0, 0, 0, 0, 0, 0, 0, 0, 0, 0, 0, 0, 0
10616, 0, 1.000018, 210003744, 1.000018, 27137, 27137, 27144, 0, 6786, 0, 0, 0, 0, 0, 0, 30865505, 27136.516195, 27143.516070, 0.000000
10616, 1, 2.000029, 210002309, 1.000011, 27127, 27127, 27121, 0, 6781, 0, 0, 0, 0, 0, 0, 30850983, 27126.701735, 27120.701801, 0.000000
10616, 2, 3.000078, 210010294, 1.000049, 27149, 27149, 27143, 0, 6785, 0, 0, 6, 0, 0, 0, 31048453, 27147.669247, 27141.669541, 0.000000
10616, 3, 4.000113, 210007284, 1.000035, 27213, 27213, 27224, 0, 6806, 0, 0, 5, 0, 0, 0, 31198054, 27212.056130, 27223.055749, 0.000000
10616, 4, 5.000124, 210002494, 1.000012, 27174, 27174, 27168, 0, 6792, 0, 0, 0, 0, 0, 0, 31287248, 27173.677280, 27167.677351, 0.000000
10616, 5, 6.000140, 210003172, 1.000015, 27028, 27028, 27024, 0, 6756, 0, 0, 2, 0, 0, 0, 31790891, 27027.591755, 27023.591815, 0.000000
10616, 6, 7.000153, 210002786, 1.000013, 27201, 27201, 27209, 0, 6803, 0, 0, 0, 0, 0, 0, 31671030, 27200.639138, 27208.639032, 0.000000
10616, 7, 8.000230, 210016302, 1.000078, 27109, 27109, 27104, 0, 6776, 0, 0, 0, 0, 0, 0, 31417151, 27106.895730, 27101.896119, 0.000000
