ThreadID, cIDX, Time, cycles, deltaT, RX, OnRX, TX, SupTX, OnTX, Idle, OnIdle, Blocked, CacheMiss, CacheHit, CacheWB, CPUIdle, RX/s, TX/s, Sup/s
1941, 0, 0, 0, 0, 0, 0, 0, 0, 0, 0, 0, 0, 0, 0, 0, 0, 0, 0, 0
1941, 0, 1.000003, 210000558, 1.000003, 31498, 31498, 31508, 0, 7877, 0, 0, 0, 0, 0, 0, 29881896, 31497.916306, 31507.916279, 0.000000
1941, 1, 2.000221, 210045787, 1.000218, 31672, 31672, 31664, 0, 7916, 0, 0, 3, 0, 0, 0, 29688826, 31665.095954, 31657.097697, 0.000000
1941, 2, 3.000266, 210009411, 1.000045, 31658, 31658, 31668, 0, 7917, 0, 0, 9, 0, 0, 0, 29910799, 31656.581333, 31666.580885, 0.000000
1941, 3, 4.000279, 210002758, 1.000013, 31738, 31738, 31725, 0, 7932, 0, 0, 6, 0, 0, 0, 30030426, 31737.583180, 31724.583350, 0.000000
1941, 4, 5.000286, 210001445, 1.000007, 31677, 31677, 31680, 0, 7920, 0, 0, 4, 0, 0, 0, 30302477, 31676.782034, 31679.782013, 0.000000
1941, 5, 6.000293, 210001573, 1.000007, 31594, 31594, 31595, 0, 7898, 0, 0, 2, 0, 0, 0, 30704939, 31593.763348, 31594.763340, 0.000000
1941, 6, 7.000422, 210027075, 1.000129, 31601, 31601, 31612, 0, 7903, 0, 0, 1, 0, 0, 0, 30563489, 31596.926253, 31607.924835, 0.000000
1941, 7, 8.000544, 210025653, 1.000122, 31729, 31729, 31728, 0, 7932, 0, 0, 0, 0, 0, 0, 30433852, 31725.124549, 31724.124672, 0.000000
