ThreadID, cIDX, Time, cycles, deltaT, RX, OnRX, TX, SupTX, OnTX, Idle, OnIdle, Blocked, CacheMiss, CacheHit, CacheWB, CPUIdle, RX/s, TX/s, Sup/s
2066, 0, 0, 0, 0, 0, 0, 0, 0, 0, 0, 0, 0, 0, 0, 0, 0, 0, 0, 0
2066, 0, 1.000002, 210000392, 1.000002, 31601, 31601, 31606, 0, 7902, 0, 0, 2, 0, 0, 0, 29705568, 31600.941012, 31605.941002, 0.000000
2066, 1, 2.000003, 210000236, 1.000001, 31648, 31648, 31657, 0, 7914, 0, 0, 6, 0, 0, 0, 29667639, 31647.964434, 31656.964424, 0.000000
2066, 2, 3.000089, 210018007, 1.000086, 31669, 31669, 31653, 0, 7913, 0, 0, 4, 0, 0, 0, 29968599, 31666.284691, 31650.286063, 0.000000
2066, 3, 4.000378, 210060807, 1.000290, 31641, 31641, 31644, 0, 7911, 0, 0, 10, 0, 0, 0, 30238074, 31631.840775, 31634.839906, 0.000000
2066, 4, 5.000382, 210000743, 1.000004, 31694, 31694, 31690, 0, 7923, 0, 0, 10, 0, 0, 0, 30252537, 31693.887864, 31689.887878, 0.000000
2066, 5, 6.000533, 210031814, 1.000151, 31582, 31582, 31586, 0, 7896, 0, 0, 10, 0, 0, 0, 30694753, 31577.216202, 31581.215596, 0.000000
2066, 6, 7.000548, 210003077, 1.000015, 31578, 31578, 31592, 0, 7898, 0, 0, 6, 0, 0, 0, 30474689, 31577.537314, 31591.537109, 0.000000
2066, 7, 8.000559, 210002296, 1.000011, 31749, 31749, 31721, 0, 7931, 0, 0, 6, 0, 0, 0, 30401401, 31748.652881, 31720.653188, 0.000000
