ThreadID, cIDX, Time, cycles, deltaT, RX, OnRX, TX, SupTX, OnTX, Idle, OnIdle, Blocked, CacheMiss, CacheHit, CacheWB, CPUIdle, RX/s, TX/s, Sup/s
8882, 0, 0, 0, 0, 0, 0, 0, 0, 0, 0, 0, 0, 0, 0, 0, 0, 0, 0, 0
8882, 0, 1.000033, 210006984, 1.000033, 31591, 31591, 31592, 0, 7898, 0, 0, 0, 0, 0, 0, 27825680, 31589.949409, 31590.949375, 0.000000
8882, 1, 2.000051, 210003733, 1.000018, 31713, 31713, 31724, 0, 7931, 0, 0, 8, 0, 0, 0, 27606997, 31712.436274, 31723.436078, 0.000000
8882, 2, 3.000082, 210006600, 1.000031, 31696, 31696, 31696, 0, 7924, 0, 0, 0, 0, 0, 0, 27658852, 31695.003871, 31695.003871, 0.000000
8882, 3, 4.000376, 210061663, 1.000294, 31701, 31701, 31672, 0, 7918, 0, 0, 0, 0, 0, 0, 27596524, 31691.694262, 31662.702775, 0.000000
8882, 4, 5.000972, 210125235, 1.000596, 31675, 31675, 31680, 0, 7920, 0, 0, 0, 0, 0, 0, 28338396, 31656.121646, 31661.118666, 0.000000
8882, 5, 6.001217, 210051369, 1.000245, 31611, 31611, 31608, 0, 7902, 0, 0, 0, 0, 0, 0, 28404155, 31603.269389, 31600.270122, 0.000000
8882, 6, 7.001533, 210066290, 1.000316, 31717, 31717, 31716, 0, 7929, 0, 0, 0, 0, 0, 0, 28458584, 31706.991160, 31705.991475, 0.000000
8882, 7, 8.001561, 210006033, 1.000029, 31614, 31614, 31640, 0, 7910, 0, 0, 0, 0, 0, 0, 28333883, 31613.091801, 31639.091054, 0.000000
