ThreadID, cIDX, Time, cycles, deltaT, RX, OnRX, TX, SupTX, OnTX, Idle, OnIdle, Blocked, CacheMiss, CacheHit, CacheWB, CPUIdle, RX/s, TX/s, Sup/s
10665, 0, 0, 0, 0, 0, 0, 0, 0, 0, 0, 0, 0, 0, 0, 0, 0, 0, 0, 0
10665, 0, 1.000036, 210007590, 1.000036, 27222, 27222, 27218, 0, 6805, 0, 0, 1, 0, 0, 0, 28243275, 27221.016155, 27217.016299, 0.000000
10665, 1, 2.000473, 210091765, 1.000437, 27143, 27143, 27150, 0, 6787, 0, 0, 4, 0, 0, 0, 28371562, 27131.144336, 27138.141278, 0.000000
10665, 2, 3.000716, 210050997, 1.000243, 27139, 27139, 27135, 0, 6784, 0, 0, 8, 0, 0, 0, 28510142, 27132.411088, 27128.412059, 0.000000
10665, 3, 4.000718, 210000458, 1.000002, 27137, 27137, 27137, 0, 6784, 0, 0, 6, 0, 0, 0, 28608860, 27136.940816, 27136.940816, 0.000000
10665, 4, 5.000809, 210019093, 1.000091, 27195, 27195, 27188, 0, 6797, 0, 0, 2, 0, 0, 0, 28738287, 27192.527681, 27185.528318, 0.000000
10665, 5, 6.000820, 210002211, 1.000011, 27041, 27041, 27053, 0, 6764, 0, 0, 4, 0, 0, 0, 29393284, 27040.715300, 27052.715174, 0.000000
10665, 6, 7.000822, 210000534, 1.000003, 27208, 27208, 27207, 0, 6801, 0, 0, 0, 0, 0, 0, 29139171, 27207.930814, 27206.930817, 0.000000
10665, 7, 8.000857, 210007367, 1.000035, 27110, 27110, 27104, 0, 6776, 0, 0, 0, 0, 0, 0, 28829298, 27109.048989, 27103.049199, 0.000000
