ThreadID, cIDX, Time, cycles, deltaT, RX, OnRX, TX, SupTX, OnTX, Idle, OnIdle, Blocked, CacheMiss, CacheHit, CacheWB, CPUIdle, RX/s, TX/s, Sup/s
10022, 0, 0, 0, 0, 0, 0, 0, 0, 0, 0, 0, 0, 0, 0, 0, 0, 0, 0, 0
10022, 0, 1.000047, 210009949, 1.000047, 31566, 31566, 31568, 0, 7892, 0, 0, 0, 0, 0, 0, 28251518, 31564.504594, 31566.504499, 0.000000
10022, 1, 2.000138, 210019066, 1.000091, 31691, 31691, 31704, 0, 7926, 0, 0, 5, 0, 0, 0, 28201688, 31688.123020, 31701.121840, 0.000000
10022, 2, 3.000234, 210020168, 1.000096, 31696, 31696, 31682, 0, 7921, 0, 0, 2, 0, 0, 0, 28434751, 31692.956269, 31678.957613, 0.000000
10022, 3, 4.000268, 210007191, 1.000034, 31700, 31700, 31710, 0, 7927, 0, 0, 6, 0, 0, 0, 28407027, 31698.914539, 31708.914196, 0.000000
10022, 4, 5.000320, 210010807, 1.000051, 31702, 31702, 31704, 0, 7926, 0, 0, 2, 0, 0, 0, 28805752, 31700.368639, 31702.368536, 0.000000
10022, 5, 6.000323, 210000702, 1.000003, 31530, 31530, 31532, 0, 7883, 0, 0, 1, 0, 0, 0, 29062800, 31529.894600, 31531.894593, 0.000000
10022, 6, 7.000335, 210002499, 1.000012, 31714, 31714, 31685, 0, 7922, 0, 0, 1, 0, 0, 0, 28979688, 31713.622608, 31684.622953, 0.000000
10022, 7, 8.000341, 210001194, 1.000006, 31656, 31656, 31677, 0, 7919, 0, 0, 0, 0, 0, 0, 28893495, 31655.820014, 31676.819895, 0.000000
