ThreadID, cIDX, Time, cycles, deltaT, RX, OnRX, TX, SupTX, OnTX, Idle, OnIdle, Blocked, CacheMiss, CacheHit, CacheWB, CPUIdle, RX/s, TX/s, Sup/s
1594, 0, 0, 0, 0, 0, 0, 0, 0, 0, 0, 0, 0, 0, 0, 0, 0, 0, 0, 0
1594, 0, 1.000273, 210057321, 1.000273, 27173, 27173, 27172, 0, 6793, 0, 0, 0, 0, 0, 0, 28441301, 27165.584960, 27164.585232, 0.000000
1594, 1, 2.000306, 210006859, 1.000033, 27196, 27196, 27196, 0, 6799, 0, 0, 0, 0, 0, 0, 28360260, 27195.111756, 27195.111756, 0.000000
1594, 2, 3.000511, 210043228, 1.000206, 27153, 27153, 27156, 0, 6789, 0, 0, 4, 0, 0, 0, 28407249, 27147.411770, 27150.411153, 0.000000
1594, 3, 4.000554, 210008999, 1.000043, 27130, 27130, 27128, 0, 6782, 0, 0, 10, 0, 0, 0, 28466402, 27128.837465, 27126.837550, 0.000000
1594, 4, 5.000591, 210007676, 1.000037, 27107, 27107, 27105, 0, 6777, 0, 0, 1, 0, 0, 0, 28769224, 27106.009211, 27104.009284, 0.000000
1594, 5, 6.000658, 210014144, 1.000067, 27135, 27135, 27139, 0, 6784, 0, 0, 0, 0, 0, 0, 29158000, 27133.172516, 27137.172247, 0.000000
1594, 6, 7.000683, 210005153, 1.000025, 27080, 27080, 27080, 0, 6770, 0, 0, 0, 0, 0, 0, 28669428, 27079.335525, 27079.335525, 0.000000
1594, 7, 8.000688, 210001092, 1.000005, 27108, 27108, 27107, 0, 6777, 0, 0, 0, 0, 0, 0, 28845933, 27107.859039, 27106.859044, 0.000000
