ThreadID, cIDX, Time, cycles, deltaT, RX, OnRX, TX, SupTX, OnTX, Idle, OnIdle, Blocked, CacheMiss, CacheHit, CacheWB, CPUIdle, RX/s, TX/s, Sup/s
10132, 0, 0, 0, 0, 0, 0, 0, 0, 0, 0, 0, 0, 0, 0, 0, 0, 0, 0, 0
10132, 0, 1.000027, 210005648, 1.000027, 31565, 31565, 31568, 0, 7892, 0, 0, 0, 0, 0, 0, 29661139, 31564.151075, 31567.150994, 0.000000
10132, 1, 2.000035, 210001777, 1.000008, 31654, 31654, 31643, 0, 7911, 0, 0, 11, 0, 0, 0, 29834498, 31653.732149, 31642.732242, 0.000000
10132, 2, 3.000198, 210034214, 1.000163, 31676, 31676, 31665, 0, 7916, 0, 0, 12, 0, 0, 0, 29995767, 31670.840066, 31659.841858, 0.000000
10132, 3, 4.000228, 210006185, 1.000029, 31702, 31702, 31726, 0, 7932, 0, 0, 12, 0, 0, 0, 30069252, 31701.066328, 31725.065621, 0.000000
10132, 4, 5.000245, 210003579, 1.000017, 31683, 31683, 31662, 0, 7915, 0, 0, 3, 0, 0, 0, 30275963, 31682.460040, 31661.460398, 0.000000
10132, 5, 6.000459, 210045031, 1.000214, 31580, 31580, 31572, 0, 7893, 0, 0, 10, 0, 0, 0, 30666769, 31573.229647, 31565.231362, 0.000000
10132, 6, 7.001113, 210137268, 1.000654, 31658, 31658, 31668, 0, 7917, 0, 0, 1, 0, 0, 0, 30554891, 31637.320040, 31647.313507, 0.000000
10132, 7, 8.001223, 210023203, 1.000110, 31682, 31682, 31708, 0, 7927, 0, 0, 0, 0, 0, 0, 30426987, 31678.499827, 31704.496955, 0.000000
