ThreadID, cIDX, Time, cycles, deltaT, RX, OnRX, TX, SupTX, OnTX, Idle, OnIdle, Blocked, CacheMiss, CacheHit, CacheWB, CPUIdle, RX/s, TX/s, Sup/s
8553, 0, 0, 0, 0, 0, 0, 0, 0, 0, 0, 0, 0, 0, 0, 0, 0, 0, 0, 0
8553, 0, 1.000013, 210002697, 1.000013, 27183, 27183, 27180, 0, 6795, 0, 0, 0, 0, 0, 0, 28573260, 27182.650897, 27179.650936, 0.000000
8553, 1, 2.000067, 210011472, 1.000055, 27167, 27167, 27172, 0, 6793, 0, 0, 4, 0, 0, 0, 28531486, 27165.515987, 27170.515714, 0.000000
8553, 2, 3.000245, 210037263, 1.000177, 27088, 27088, 27085, 0, 6772, 0, 0, 9, 0, 0, 0, 28728837, 27083.194281, 27080.194813, 0.000000
8553, 3, 4.000252, 210001540, 1.000007, 27196, 27196, 27194, 0, 6798, 0, 0, 7, 0, 0, 0, 28574018, 27195.800564, 27193.800579, 0.000000
8553, 4, 5.000307, 210011492, 1.000055, 27084, 27084, 27085, 0, 6771, 0, 0, 2, 0, 0, 0, 28895724, 27082.517941, 27083.517887, 0.000000
8553, 5, 6.000328, 210004467, 1.000021, 27040, 27040, 27032, 0, 6758, 0, 0, 0, 0, 0, 0, 29139891, 27039.424833, 27031.425003, 0.000000
8553, 6, 7.000413, 210017811, 1.000085, 27167, 27167, 27172, 0, 6793, 0, 0, 0, 0, 0, 0, 29115936, 27164.696046, 27169.695622, 0.000000
8553, 7, 8.000430, 210003553, 1.000017, 27100, 27100, 27104, 0, 6776, 0, 0, 0, 0, 0, 0, 29186436, 27099.541502, 27103.541434, 0.000000
