ThreadID, cIDX, Time, cycles, deltaT, RX, OnRX, TX, SupTX, OnTX, Idle, OnIdle, Blocked, CacheMiss, CacheHit, CacheWB, CPUIdle, RX/s, TX/s, Sup/s
27, 0, 0, 0, 0, 0, 0, 0, 0, 0, 0, 0, 0, 0, 0, 0, 0, 0, 0, 0
27, 0, 1.000227, 210047603, 1.000227, 27244, 27244, 27248, 0, 6812, 0, 0, 0, 0, 0, 0, 27615822, 27237.825704, 27241.824797, 0.000000
27, 1, 2.000472, 210051509, 1.000245, 27126, 27126, 27120, 0, 6780, 0, 0, 2, 0, 0, 0, 27549242, 27119.348140, 27113.349612, 0.000000
27, 2, 3.000481, 210001793, 1.000009, 27107, 27107, 27116, 0, 6779, 0, 0, 3, 0, 0, 0, 27659564, 27106.768560, 27115.768483, 0.000000
27, 3, 4.000486, 210001148, 1.000005, 27222, 27222, 27214, 0, 6804, 0, 0, 0, 0, 0, 0, 27773006, 27221.851187, 27213.851231, 0.000000
27, 4, 5.000518, 210006749, 1.000032, 27161, 27161, 27165, 0, 6791, 0, 0, 0, 0, 0, 0, 28051473, 27160.127125, 27164.126997, 0.000000
27, 5, 6.000520, 210000495, 1.000002, 27068, 27068, 27057, 0, 6764, 0, 0, 0, 0, 0, 0, 28378658, 27067.936197, 27056.936223, 0.000000
27, 6, 7.000527, 210001398, 1.000007, 27089, 27089, 27097, 0, 6775, 0, 0, 1, 0, 0, 0, 28099959, 27088.819666, 27096.819613, 0.000000
27, 7, 8.000547, 210004212, 1.000020, 27226, 27226, 27231, 0, 6807, 0, 0, 2, 0, 0, 0, 27789576, 27225.453935, 27230.453835, 0.000000
