ThreadID, cIDX, Time, cycles, deltaT, RX, OnRX, TX, SupTX, OnTX, Idle, OnIdle, Blocked, CacheMiss, CacheHit, CacheWB, CPUIdle, RX/s, TX/s, Sup/s
1051, 0, 0, 0, 0, 0, 0, 0, 0, 0, 0, 0, 0, 0, 0, 0, 0, 0, 0, 0
1051, 0, 1.000256, 210053717, 1.000256, 27212, 27212, 27212, 0, 6803, 0, 0, 1, 0, 0, 0, 29776650, 27205.041080, 27205.041080, 0.000000
1051, 1, 2.000320, 210013585, 1.000065, 27133, 27133, 27138, 0, 6785, 0, 0, 8, 0, 0, 0, 29771701, 27131.244867, 27136.244543, 0.000000
1051, 2, 3.000363, 210008865, 1.000042, 27121, 27121, 27112, 0, 6778, 0, 0, 7, 0, 0, 0, 29990105, 27119.855155, 27110.855535, 0.000000
1051, 3, 4.000433, 210014846, 1.000071, 27087, 27087, 27091, 0, 6773, 0, 0, 10, 0, 0, 0, 29809408, 27085.085213, 27089.084931, 0.000000
1051, 4, 5.000450, 210003559, 1.000017, 27095, 27095, 27095, 0, 6773, 0, 0, 0, 0, 0, 0, 30215827, 27094.540812, 27094.540812, 0.000000
1051, 5, 6.000489, 210008201, 1.000039, 27136, 27136, 27132, 0, 6783, 0, 0, 0, 0, 0, 0, 30335147, 27134.940316, 27130.940472, 0.000000
1051, 6, 7.000510, 210004225, 1.000020, 27021, 27021, 27020, 0, 6755, 0, 0, 0, 0, 0, 0, 30296101, 27020.456374, 27019.456394, 0.000000
1051, 7, 8.000591, 210017200, 1.000082, 27156, 27156, 27156, 0, 6789, 0, 0, 0, 0, 0, 0, 30463320, 27153.775976, 27153.775976, 0.000000
