ThreadID, cIDX, Time, cycles, deltaT, RX, OnRX, TX, SupTX, OnTX, Idle, OnIdle, Blocked, CacheMiss, CacheHit, CacheWB, CPUIdle, RX/s, TX/s, Sup/s
10484, 0, 0, 0, 0, 0, 0, 0, 0, 0, 0, 0, 0, 0, 0, 0, 0, 0, 0, 0
10484, 0, 1.000795, 210166922, 1.000795, 31582, 31582, 31583, 0, 7896, 0, 0, 5, 0, 0, 0, 30937104, 31556.916459, 31557.915665, 0.000000
10484, 1, 2.000867, 210015165, 1.000072, 31674, 31674, 31650, 0, 7913, 0, 0, 4, 0, 0, 0, 30899685, 31671.712850, 31647.714583, 0.000000
10484, 2, 3.000874, 210001495, 1.000007, 31609, 31609, 31617, 0, 7904, 0, 0, 9, 0, 0, 0, 30881842, 31608.774976, 31616.774919, 0.000000
10484, 3, 4.001011, 210028821, 1.000137, 31772, 31772, 31775, 0, 7944, 0, 0, 0, 0, 0, 0, 31067868, 31767.640118, 31770.639707, 0.000000
10484, 4, 5.001019, 210001627, 1.000008, 31615, 31615, 31632, 0, 7908, 0, 0, 5, 0, 0, 0, 31274295, 31614.755061, 31631.754929, 0.000000
10484, 5, 6.001352, 210069976, 1.000333, 31629, 31629, 31607, 0, 7901, 0, 0, 0, 0, 0, 0, 31899198, 31618.464125, 31596.471454, 0.000000
10484, 6, 7.001371, 210003914, 1.000019, 31666, 31666, 31692, 0, 7923, 0, 0, 0, 0, 0, 0, 31757694, 31665.409817, 31691.409332, 0.000000
10484, 7, 8.001680, 210064896, 1.000309, 31709, 31709, 31688, 0, 7922, 0, 0, 0, 0, 0, 0, 31495502, 31699.204040, 31678.210528, 0.000000
