ThreadID, cIDX, Time, cycles, deltaT, RX, OnRX, TX, SupTX, OnTX, Idle, OnIdle, Blocked, CacheMiss, CacheHit, CacheWB, CPUIdle, RX/s, TX/s, Sup/s
8819, 0, 0, 0, 0, 0, 0, 0, 0, 0, 0, 0, 0, 0, 0, 0, 0, 0, 0, 0
8819, 0, 1.000022, 210004522, 1.000022, 31545, 31545, 31552, 0, 7888, 0, 0, 0, 0, 0, 0, 30947847, 31544.320746, 31551.320595, 0.000000
8819, 1, 2.000051, 210006264, 1.000030, 31724, 31724, 31700, 0, 7925, 0, 0, 1, 0, 0, 0, 30639542, 31723.053747, 31699.054462, 0.000000
8819, 2, 3.000075, 210004985, 1.000024, 31704, 31704, 31705, 0, 7927, 0, 0, 5, 0, 0, 0, 30819113, 31703.247425, 31704.247402, 0.000000
8819, 3, 4.000134, 210012326, 1.000059, 31635, 31635, 31663, 0, 7915, 0, 0, 9, 0, 0, 0, 30848363, 31633.143285, 31661.141642, 0.000000
8819, 4, 5.000305, 210036031, 1.000172, 31719, 31719, 31692, 0, 7923, 0, 0, 0, 0, 0, 0, 31454702, 31713.558708, 31686.563340, 0.000000
8819, 5, 6.000308, 210000623, 1.000003, 31580, 31580, 31586, 0, 7897, 0, 0, 0, 0, 0, 0, 31600473, 31579.906313, 31585.906295, 0.000000
8819, 6, 7.000460, 210031923, 1.000152, 31639, 31639, 31634, 0, 7908, 0, 0, 0, 0, 0, 0, 31594816, 31634.191151, 31629.191911, 0.000000
8819, 7, 8.000477, 210003563, 1.000017, 31623, 31623, 31620, 0, 7905, 0, 0, 0, 0, 0, 0, 31436369, 31622.463472, 31619.463523, 0.000000
