ThreadID, cIDX, Time, cycles, deltaT, RX, OnRX, TX, SupTX, OnTX, Idle, OnIdle, Blocked, CacheMiss, CacheHit, CacheWB, CPUIdle, RX/s, TX/s, Sup/s
2947, 0, 0, 0, 0, 0, 0, 0, 0, 0, 0, 0, 0, 0, 0, 0, 0, 0, 0, 0
2947, 0, 1.000045, 210009512, 1.000045, 30491, 30491, 30490, 0, 7906, 0, 0, 1, 659065, 182104851, 273236, 31604054, 30489.618965, 30488.619011, 0.000000
2947, 1, 2.000151, 210022144, 1.000105, 30570, 30570, 30572, 0, 7925, 0, 0, 9, 566787, 182211744, 225329, 31591412, 30566.776806, 30568.776595, 0.000000
2947, 2, 3.000277, 210026548, 1.000126, 30574, 30574, 30560, 0, 7924, 0, 0, 16, 547193, 182163832, 217199, 31755621, 30570.135353, 30556.137122, 0.000000
2947, 3, 4.000288, 210002329, 1.000011, 30504, 30504, 30513, 0, 7910, 0, 0, 10, 542081, 182101323, 214778, 31825920, 30503.661700, 30512.661600, 0.000000
2947, 4, 5.000296, 210001597, 1.000008, 30464, 30464, 30456, 0, 7898, 0, 0, 10, 531626, 181912103, 208299, 32142322, 30463.768330, 30455.768391, 0.000000
2947, 5, 6.000299, 210000571, 1.000003, 30512, 30512, 30536, 0, 7917, 0, 0, 9, 526618, 181695680, 207019, 32561504, 30511.917037, 30535.916971, 0.000000
2947, 6, 7.000303, 210000938, 1.000004, 30434, 30434, 30430, 0, 7887, 0, 0, 0, 520863, 181791376, 202753, 32304601, 30433.864062, 30429.864080, 0.000000
2947, 7, 8.000324, 210004378, 1.000021, 30464, 30464, 30460, 0, 7897, 0, 0, 0, 517722, 181885622, 202504, 32248717, 30463.364911, 30459.364995, 0.000000
