ThreadID, cIDX, Time, cycles, deltaT, RX, OnRX, TX, SupTX, OnTX, Idle, OnIdle, Blocked, CacheMiss, CacheHit, CacheWB, CPUIdle, RX/s, TX/s, Sup/s
9415, 0, 0, 0, 0, 0, 0, 0, 0, 0, 0, 0, 0, 0, 0, 0, 0, 0, 0, 0
9415, 0, 1.000323, 210067872, 1.000323, 30479, 30479, 30491, 0, 7905, 0, 0, 0, 657662, 182024676, 275331, 29330156, 30469.152370, 30481.148493, 0.000000
9415, 1, 2.000642, 210066974, 1.000319, 30585, 30585, 30562, 0, 7924, 0, 0, 1, 575803, 182132399, 236829, 29116899, 30575.248825, 30552.256158, 0.000000
9415, 2, 3.000684, 210008883, 1.000042, 30567, 30567, 30568, 0, 7924, 0, 0, 4, 558495, 182074112, 229230, 29166798, 30565.707071, 30566.707028, 0.000000
9415, 3, 4.001241, 210116957, 1.000557, 30479, 30479, 30475, 0, 7901, 0, 0, 7, 544677, 182218373, 220823, 29095360, 30462.034533, 30458.036759, 0.000000
9415, 4, 5.001624, 210080437, 1.000383, 30533, 30533, 30533, 0, 7918, 0, 0, 1, 528676, 182073327, 214022, 29211533, 30521.309321, 30521.309321, 0.000000
9415, 5, 6.001723, 210020667, 1.000098, 30570, 30570, 30571, 0, 7926, 0, 0, 4, 513718, 181734284, 205664, 29897394, 30566.991771, 30567.991673, 0.000000
9415, 6, 7.001918, 210041095, 1.000196, 30529, 30529, 30533, 0, 7914, 0, 0, 1, 512505, 181877519, 203210, 29788538, 30523.026934, 30527.026152, 0.000000
9415, 7, 8.001926, 210001611, 1.000008, 30438, 30438, 30453, 0, 7895, 0, 0, 0, 513377, 181906655, 203782, 29654894, 30437.766499, 30452.766384, 0.000000
