ThreadID, cIDX, Time, cycles, deltaT, RX, OnRX, TX, SupTX, OnTX, Idle, OnIdle, Blocked, CacheMiss, CacheHit, CacheWB, CPUIdle, RX/s, TX/s, Sup/s
576, 0, 0, 0, 0, 0, 0, 0, 0, 0, 0, 0, 0, 0, 0, 0, 0, 0, 0, 0
576, 0, 1.000006, 210001170, 1.000006, 30522, 30522, 30514, 0, 7912, 0, 0, 0, 699250, 183318728, 286522, 26704164, 30521.829950, 30513.829994, 0.000000
576, 1, 2.000011, 210001213, 1.000006, 30518, 30518, 30528, 0, 7915, 0, 0, 2, 610356, 183408772, 244190, 26683205, 30517.823723, 30527.823665, 0.000000
576, 2, 3.000171, 210033610, 1.000160, 30524, 30524, 30511, 0, 7911, 0, 0, 0, 590102, 183362246, 234328, 26837354, 30519.115488, 30506.117569, 0.000000
576, 3, 4.000181, 210002058, 1.000010, 30620, 30620, 30640, 0, 7945, 0, 0, 1, 590274, 183439044, 234023, 26712635, 30619.699927, 30639.699731, 0.000000
576, 4, 5.000259, 210016428, 1.000078, 30516, 30516, 30517, 0, 7909, 0, 0, 0, 580070, 183094160, 230597, 27395707, 30513.612964, 30514.612885, 0.000000
576, 5, 6.000744, 210101699, 1.000484, 30512, 30512, 30487, 0, 7904, 0, 0, 0, 572273, 183085080, 225409, 27581369, 30497.230772, 30472.242873, 0.000000
576, 6, 7.000749, 210001051, 1.000005, 30531, 30531, 30552, 0, 7922, 0, 0, 1, 569176, 183045080, 223061, 27521641, 30530.847200, 30551.847095, 0.000000
576, 7, 8.001123, 210078628, 1.000374, 30617, 30617, 30596, 0, 7932, 0, 0, 1, 570475, 183148992, 224707, 27481939, 30605.540703, 30584.548562, 0.000000
