ThreadID, cIDX, Time, cycles, deltaT, RX, OnRX, TX, SupTX, OnTX, Idle, OnIdle, Blocked, CacheMiss, CacheHit, CacheWB, CPUIdle, RX/s, TX/s, Sup/s
1899, 0, 0, 0, 0, 0, 0, 0, 0, 0, 0, 0, 0, 0, 0, 0, 0, 0, 0, 0
1899, 0, 1.000191, 210040087, 1.000191, 27208, 27208, 27204, 0, 6801, 0, 0, 0, 0, 0, 0, 29058398, 27202.807243, 27198.808007, 0.000000
1899, 1, 2.000406, 210045113, 1.000215, 27199, 27199, 27208, 0, 6802, 0, 0, 6, 0, 0, 0, 28940163, 27193.158262, 27202.156329, 0.000000
1899, 2, 3.000564, 210033137, 1.000158, 27153, 27153, 27148, 0, 6787, 0, 0, 0, 0, 0, 0, 29211830, 27148.716062, 27143.716851, 0.000000
1899, 3, 4.000568, 210000839, 1.000004, 27106, 27106, 27104, 0, 6776, 0, 0, 0, 0, 0, 0, 29284609, 27105.891706, 27103.891713, 0.000000
1899, 4, 5.000595, 210005723, 1.000027, 27111, 27111, 27120, 0, 6780, 0, 0, 1, 0, 0, 0, 29465681, 27110.261181, 27119.260936, 0.000000
1899, 5, 6.000690, 210019951, 1.000095, 27151, 27151, 27144, 0, 6786, 0, 0, 0, 0, 0, 0, 29874472, 27148.420771, 27141.421436, 0.000000
1899, 6, 7.000732, 210008960, 1.000043, 27086, 27086, 27088, 0, 6772, 0, 0, 0, 0, 0, 0, 29750239, 27084.844380, 27086.844295, 0.000000
1899, 7, 8.000816, 210017486, 1.000083, 27098, 27098, 27088, 0, 6772, 0, 0, 0, 0, 0, 0, 29422501, 27095.743828, 27085.744660, 0.000000
