ThreadID, cIDX, Time, cycles, deltaT, RX, OnRX, TX, SupTX, OnTX, Idle, OnIdle, Blocked, CacheMiss, CacheHit, CacheWB, CPUIdle, RX/s, TX/s, Sup/s
789, 0, 0, 0, 0, 0, 0, 0, 0, 0, 0, 0, 0, 0, 0, 0, 0, 0, 0, 0
789, 0, 1.000022, 210004592, 1.000022, 31629, 31629, 31636, 0, 7909, 0, 0, 0, 0, 0, 0, 27562007, 31628.308394, 31635.308241, 0.000000
789, 1, 2.000026, 210000945, 1.000004, 31677, 31677, 31676, 0, 7919, 0, 0, 0, 0, 0, 0, 27672522, 31676.857454, 31675.857459, 0.000000
789, 2, 3.000083, 210011917, 1.000057, 31708, 31708, 31712, 0, 7928, 0, 0, 0, 0, 0, 0, 27813042, 31706.200749, 31710.200522, 0.000000
789, 3, 4.000087, 210000892, 1.000004, 31600, 31600, 31579, 0, 7895, 0, 0, 1, 0, 0, 0, 27758812, 31599.865776, 31578.865865, 0.000000
789, 4, 5.000108, 210004428, 1.000021, 31631, 31631, 31625, 0, 7906, 0, 0, 0, 0, 0, 0, 28099050, 31630.333052, 31624.333178, 0.000000
789, 5, 6.000264, 210032621, 1.000155, 31694, 31694, 31696, 0, 7924, 0, 0, 0, 0, 0, 0, 28424332, 31689.077479, 31691.077168, 0.000000
789, 6, 7.000492, 210048006, 1.000229, 31686, 31686, 31692, 0, 7923, 0, 0, 0, 0, 0, 0, 28283092, 31678.758236, 31684.756865, 0.000000
789, 7, 8.000531, 210008153, 1.000039, 31622, 31622, 31640, 0, 7910, 0, 0, 0, 0, 0, 0, 28113580, 31620.772361, 31638.771662, 0.000000
