ThreadID, cIDX, Time, cycles, deltaT, RX, OnRX, TX, SupTX, OnTX, Idle, OnIdle, Blocked, CacheMiss, CacheHit, CacheWB, CPUIdle, RX/s, TX/s, Sup/s
10084, 0, 0, 0, 0, 0, 0, 0, 0, 0, 0, 0, 0, 0, 0, 0, 0, 0, 0, 0
10084, 0, 1.000009, 210001991, 1.000009, 31540, 31540, 31545, 0, 7887, 0, 0, 0, 0, 0, 0, 28875175, 31539.700974, 31544.700926, 0.000000
10084, 1, 2.000012, 210000487, 1.000002, 31650, 31650, 31655, 0, 7913, 0, 0, 7, 0, 0, 0, 29083463, 31649.926602, 31654.926591, 0.000000
10084, 2, 3.000145, 210028073, 1.000134, 31670, 31670, 31652, 0, 7913, 0, 0, 0, 0, 0, 0, 29201765, 31665.766890, 31647.769296, 0.000000
10084, 3, 4.000197, 210010902, 1.000052, 31724, 31724, 31708, 0, 7927, 0, 0, 10, 0, 0, 0, 29357175, 31722.353157, 31706.353987, 0.000000
10084, 4, 5.000238, 210008447, 1.000040, 31659, 31659, 31692, 0, 7923, 0, 0, 12, 0, 0, 0, 29527906, 31657.726606, 31690.725278, 0.000000
10084, 5, 6.000240, 210000415, 1.000002, 31596, 31596, 31560, 0, 7890, 0, 0, 0, 0, 0, 0, 29858488, 31595.937560, 31559.937632, 0.000000
10084, 6, 7.000378, 210029140, 1.000139, 31635, 31635, 31648, 0, 7912, 0, 0, 6, 0, 0, 0, 29723583, 31630.610876, 31643.609073, 0.000000
10084, 7, 8.000384, 210001234, 1.000006, 31712, 31712, 31725, 0, 7932, 0, 0, 0, 0, 0, 0, 29557173, 31711.813655, 31724.813579, 0.000000
