ThreadID, cIDX, Time, cycles, deltaT, RX, OnRX, TX, SupTX, OnTX, Idle, OnIdle, Blocked, CacheMiss, CacheHit, CacheWB, CPUIdle, RX/s, TX/s, Sup/s
10441, 0, 0, 0, 0, 0, 0, 0, 0, 0, 0, 0, 0, 0, 0, 0, 0, 0, 0, 0
10441, 0, 1.000630, 210132383, 1.000630, 27176, 27176, 27172, 0, 6793, 0, 0, 1, 667813, 182147404, 277255, 29097938, 27158.879172, 27154.881692, 0.000000
10441, 1, 2.000701, 210014833, 1.000071, 27134, 27134, 27136, 0, 6784, 0, 0, 5, 570031, 182075211, 233211, 29205570, 27132.083570, 27134.083429, 0.000000
10441, 2, 3.000783, 210017254, 1.000082, 27165, 27165, 27168, 0, 6792, 0, 0, 4, 553542, 182071183, 227832, 29085857, 27162.768255, 27165.768009, 0.000000
10441, 3, 4.000808, 210005168, 1.000025, 27117, 27117, 27119, 0, 6780, 0, 0, 6, 535056, 181997451, 218105, 29317544, 27116.332680, 27118.332631, 0.000000
10441, 4, 5.000856, 210010105, 1.000048, 27193, 27193, 27185, 0, 6796, 0, 0, 1, 518749, 181972993, 209923, 29404101, 27191.691562, 27183.691947, 0.000000
10441, 5, 6.000885, 210006031, 1.000029, 27078, 27078, 27076, 0, 6769, 0, 0, 0, 503938, 181651493, 204024, 29950860, 27077.222368, 27075.222425, 0.000000
10441, 6, 7.000898, 210002731, 1.000013, 27129, 27129, 27124, 0, 6781, 0, 0, 0, 503474, 181691865, 202768, 29977223, 27128.647198, 27123.647263, 0.000000
10441, 7, 8.000959, 210012851, 1.000061, 27160, 27160, 27172, 0, 6793, 0, 0, 0, 500182, 181858338, 200606, 29699739, 27158.338039, 27170.337305, 0.000000
