ThreadID, cIDX, Time, cycles, deltaT, RX, OnRX, TX, SupTX, OnTX, Idle, OnIdle, Blocked, CacheMiss, CacheHit, CacheWB, CPUIdle, RX/s, TX/s, Sup/s
2550, 0, 0, 0, 0, 0, 0, 0, 0, 0, 0, 0, 0, 0, 0, 0, 0, 0, 0, 0
2550, 0, 1.000499, 210104805, 1.000499, 31577, 31577, 31588, 0, 7897, 0, 0, 0, 0, 0, 0, 30829126, 31561.248683, 31572.243195, 0.000000
2550, 1, 2.000698, 210041772, 1.000199, 31719, 31719, 31701, 0, 7926, 0, 0, 4, 0, 0, 0, 30815401, 31712.691893, 31694.695472, 0.000000
2550, 2, 3.000717, 210004066, 1.000019, 31661, 31661, 31679, 0, 7919, 0, 0, 9, 0, 0, 0, 30944513, 31660.386995, 31678.386646, 0.000000
2550, 3, 4.001002, 210059788, 1.000285, 31704, 31704, 31684, 0, 7921, 0, 0, 9, 0, 0, 0, 31077890, 31694.976289, 31674.981982, 0.000000
2550, 4, 5.001249, 210051782, 1.000247, 31675, 31675, 31676, 0, 7919, 0, 0, 4, 0, 0, 0, 31179374, 31667.191474, 31668.191227, 0.000000
2550, 5, 6.001251, 210000465, 1.000002, 31553, 31553, 31572, 0, 7893, 0, 0, 3, 0, 0, 0, 31774637, 31552.930133, 31571.930091, 0.000000
2550, 6, 7.001260, 210001820, 1.000009, 31693, 31693, 31673, 0, 7919, 0, 0, 6, 0, 0, 0, 31673135, 31692.725330, 31672.725503, 0.000000
2550, 7, 8.001276, 210003417, 1.000016, 31626, 31626, 31615, 0, 7903, 0, 0, 0, 0, 0, 0, 31313595, 31625.485408, 31614.485587, 0.000000
