ThreadID, cIDX, Time, cycles, deltaT, RX, OnRX, TX, SupTX, OnTX, Idle, OnIdle, Blocked, CacheMiss, CacheHit, CacheWB, CPUIdle, RX/s, TX/s, Sup/s
9673, 0, 0, 0, 0, 0, 0, 0, 0, 0, 0, 0, 0, 0, 0, 0, 0, 0, 0, 0
9673, 0, 1.000001, 210000189, 1.000001, 27151, 27151, 27156, 0, 6789, 0, 0, 0, 648880, 182049618, 267768, 29165957, 27150.975564, 27155.975560, 0.000000
9673, 1, 2.000167, 210034853, 1.000166, 27194, 27194, 27196, 0, 6799, 0, 0, 10, 564314, 182132981, 227388, 29098007, 27189.487451, 27191.487120, 0.000000
9673, 2, 3.000511, 210072370, 1.000345, 27169, 27169, 27153, 0, 6789, 0, 0, 1, 548737, 182099967, 220328, 29182590, 27159.640271, 27143.645783, 0.000000
9673, 3, 4.000581, 210014700, 1.000070, 27120, 27120, 27131, 0, 6782, 0, 0, 4, 540328, 182038082, 216816, 29291549, 27118.101733, 27129.100963, 0.000000
9673, 4, 5.000622, 210008446, 1.000040, 27104, 27104, 27104, 0, 6776, 0, 0, 2, 530864, 181934016, 211563, 29494493, 27102.909947, 27102.909947, 0.000000
9673, 5, 6.000681, 210012551, 1.000060, 27137, 27137, 27132, 0, 6783, 0, 0, 3, 524382, 181730867, 208405, 29877435, 27135.378209, 27130.378508, 0.000000
9673, 6, 7.000697, 210003271, 1.000016, 27089, 27089, 27094, 0, 6774, 0, 0, 0, 520939, 181874416, 204239, 29716527, 27088.578063, 27093.577985, 0.000000
9673, 7, 8.000708, 210002246, 1.000011, 27094, 27094, 27094, 0, 6773, 0, 0, 1, 519639, 181935600, 205154, 29632778, 27093.710226, 27093.710226, 0.000000
