ThreadID, cIDX, Time, cycles, deltaT, RX, OnRX, TX, SupTX, OnTX, Idle, OnIdle, Blocked, CacheMiss, CacheHit, CacheWB, CPUIdle, RX/s, TX/s, Sup/s
1233, 0, 0, 0, 0, 0, 0, 0, 0, 0, 0, 0, 0, 0, 0, 0, 0, 0, 0, 0
1233, 0, 1.000454, 210095389, 1.000454, 31703, 31703, 31712, 0, 7928, 0, 0, 1, 0, 0, 0, 29197824, 31688.605979, 31697.601893, 0.000000
1233, 1, 2.000460, 210001128, 1.000005, 31676, 31676, 31663, 0, 7916, 0, 0, 6, 0, 0, 0, 29160555, 31675.829856, 31662.829925, 0.000000
1233, 2, 3.000475, 210003142, 1.000015, 31660, 31660, 31661, 0, 7915, 0, 0, 0, 0, 0, 0, 29315918, 31659.526313, 31660.526298, 0.000000
1233, 3, 4.000502, 210005830, 1.000028, 31716, 31716, 31720, 0, 7930, 0, 0, 5, 0, 0, 0, 29194549, 31715.119528, 31719.119417, 0.000000
1233, 4, 5.000540, 210007857, 1.000037, 31603, 31603, 31592, 0, 7898, 0, 0, 0, 0, 0, 0, 29485206, 31601.817641, 31590.818052, 0.000000
1233, 5, 6.000595, 210011603, 1.000055, 31611, 31611, 31612, 0, 7903, 0, 0, 0, 0, 0, 0, 29689497, 31609.253513, 31610.253458, 0.000000
1233, 6, 7.000824, 210048003, 1.000229, 31735, 31735, 31728, 0, 7932, 0, 0, 0, 0, 0, 0, 29683404, 31727.747490, 31720.749090, 0.000000
1233, 7, 8.000826, 210000418, 1.000002, 31636, 31636, 31650, 0, 7913, 0, 0, 0, 0, 0, 0, 29593655, 31635.937029, 31649.937002, 0.000000
