ThreadID, cIDX, Time, cycles, deltaT, RX, OnRX, TX, SupTX, OnTX, Idle, OnIdle, Blocked, CacheMiss, CacheHit, CacheWB, CPUIdle, RX/s, TX/s, Sup/s
1654, 0, 0, 0, 0, 0, 0, 0, 0, 0, 0, 0, 0, 0, 0, 0, 0, 0, 0, 0
1654, 0, 1.000018, 210003789, 1.000018, 31570, 31570, 31572, 0, 7893, 0, 0, 0, 0, 0, 0, 30811628, 31569.430397, 31571.430361, 0.000000
1654, 1, 2.000164, 210030725, 1.000146, 31701, 31701, 31685, 0, 7922, 0, 0, 1, 0, 0, 0, 30952283, 31696.362520, 31680.364861, 0.000000
1654, 2, 3.000166, 210000342, 1.000002, 31686, 31686, 31711, 0, 7927, 0, 0, 6, 0, 0, 0, 30947477, 31685.948397, 31710.948356, 0.000000
1654, 3, 4.000177, 210002243, 1.000011, 31691, 31691, 31684, 0, 7921, 0, 0, 0, 0, 0, 0, 31184109, 31690.661514, 31683.661588, 0.000000
1654, 4, 5.000230, 210011261, 1.000054, 31695, 31695, 31708, 0, 7927, 0, 0, 0, 0, 0, 0, 31274766, 31693.300484, 31706.299787, 0.000000
1654, 5, 6.000240, 210002125, 1.000010, 31547, 31547, 31521, 0, 7881, 0, 0, 0, 0, 0, 0, 31596045, 31546.680778, 31520.681041, 0.000000
1654, 6, 7.000252, 210002461, 1.000012, 31707, 31707, 31699, 0, 7924, 0, 0, 3, 0, 0, 0, 31485564, 31706.628429, 31698.628522, 0.000000
1654, 7, 8.000295, 210008904, 1.000042, 31655, 31655, 31665, 0, 7917, 0, 0, 0, 0, 0, 0, 31415946, 31653.657885, 31663.657461, 0.000000
