ThreadID, cIDX, Time, cycles, deltaT, RX, OnRX, TX, SupTX, OnTX, Idle, OnIdle, Blocked, CacheMiss, CacheHit, CacheWB, CPUIdle, RX/s, TX/s, Sup/s
728, 0, 0, 0, 0, 0, 0, 0, 0, 0, 0, 0, 0, 0, 0, 0, 0, 0, 0, 0
728, 0, 1.000022, 210004635, 1.000022, 30454, 30454, 30455, 0, 7896, 0, 0, 0, 0, 0, 0, 26698834, 30453.327852, 30454.327829, 0.000000
728, 1, 2.000147, 210026189, 1.000125, 30563, 30563, 30554, 0, 7920, 0, 0, 0, 0, 0, 0, 26650963, 30559.188978, 30550.190100, 0.000000
728, 2, 3.000315, 210035248, 1.000168, 30563, 30563, 30570, 0, 7927, 0, 0, 0, 0, 0, 0, 26893921, 30557.870934, 30564.869759, 0.000000
728, 3, 4.000336, 210004387, 1.000021, 30560, 30560, 30557, 0, 7923, 0, 0, 0, 0, 0, 0, 26854150, 30559.361600, 30556.361663, 0.000000
728, 4, 5.000338, 210000470, 1.000002, 30453, 30453, 30465, 0, 7899, 0, 0, 0, 0, 0, 0, 27338560, 30452.931843, 30464.931817, 0.000000
728, 5, 6.000368, 210006284, 1.000030, 30529, 30529, 30512, 0, 7911, 0, 0, 0, 0, 0, 0, 27605765, 30528.086483, 30511.086992, 0.000000
728, 6, 7.000384, 210003465, 1.000017, 30473, 30473, 30492, 0, 7905, 0, 0, 2, 0, 0, 0, 27301310, 30472.497204, 30491.496890, 0.000000
728, 7, 8.000389, 210001117, 1.000005, 30471, 30471, 30453, 0, 7897, 0, 0, 0, 0, 0, 0, 27395053, 30470.837924, 30452.838020, 0.000000
