ThreadID, cIDX, Time, cycles, deltaT, RX, OnRX, TX, SupTX, OnTX, Idle, OnIdle, Blocked, CacheMiss, CacheHit, CacheWB, CPUIdle, RX/s, TX/s, Sup/s
11195, 0, 0, 0, 0, 0, 0, 0, 0, 0, 0, 0, 0, 0, 0, 0, 0, 0, 0, 0
11195, 0, 1.000012, 210002511, 1.000012, 27285, 27285, 27284, 0, 6821, 0, 0, 0, 0, 0, 0, 28246206, 27284.673753, 27283.673765, 0.000000
11195, 1, 2.000019, 210001493, 1.000007, 27133, 27133, 27138, 0, 6785, 0, 0, 3, 0, 0, 0, 28249919, 27132.807099, 27137.807063, 0.000000
11195, 2, 3.000064, 210009373, 1.000045, 27105, 27105, 27098, 0, 6774, 0, 0, 4, 0, 0, 0, 28375043, 27103.790267, 27096.790580, 0.000000
11195, 3, 4.000086, 210004650, 1.000022, 27156, 27156, 27160, 0, 6790, 0, 0, 6, 0, 0, 0, 28489596, 27155.398702, 27159.398613, 0.000000
11195, 4, 5.000109, 210004891, 1.000023, 27158, 27158, 27160, 0, 6790, 0, 0, 0, 0, 0, 0, 28758486, 27157.367492, 27159.367445, 0.000000
11195, 5, 6.000145, 210007534, 1.000036, 27070, 27070, 27064, 0, 6766, 0, 0, 4, 0, 0, 0, 29064076, 27069.028866, 27063.029082, 0.000000
11195, 6, 7.000153, 210001583, 1.000008, 27207, 27207, 27212, 0, 6803, 0, 0, 2, 0, 0, 0, 28941404, 27206.794913, 27211.794875, 0.000000
11195, 7, 8.000173, 210004303, 1.000020, 27078, 27078, 27073, 0, 6769, 0, 0, 0, 0, 0, 0, 28575226, 27077.445170, 27072.445273, 0.000000
