ThreadID, cIDX, Time, cycles, deltaT, RX, OnRX, TX, SupTX, OnTX, Idle, OnIdle, Blocked, CacheMiss, CacheHit, CacheWB, CPUIdle, RX/s, TX/s, Sup/s
625, 0, 0, 0, 0, 0, 0, 0, 0, 0, 0, 0, 0, 0, 0, 0, 0, 0, 0, 0
625, 0, 1.000025, 210005344, 1.000025, 30518, 30518, 30508, 0, 7910, 0, 0, 0, 0, 0, 0, 28649743, 30517.223409, 30507.223664, 0.000000
625, 1, 2.000126, 210021219, 1.000101, 30552, 30552, 30551, 0, 7921, 0, 0, 3, 0, 0, 0, 28650133, 30548.913251, 30547.913352, 0.000000
625, 2, 3.000146, 210004149, 1.000020, 30554, 30554, 30555, 0, 7922, 0, 0, 0, 0, 0, 0, 28861573, 30553.396352, 30554.396332, 0.000000
625, 3, 4.000262, 210024325, 1.000116, 30564, 30564, 30565, 0, 7922, 0, 0, 0, 0, 0, 0, 28636087, 30560.460080, 30561.459964, 0.000000
625, 4, 5.000657, 210082869, 1.000395, 30584, 30584, 30581, 0, 7930, 0, 0, 0, 0, 0, 0, 29267571, 30571.935877, 30568.937061, 0.000000
625, 5, 6.000995, 210071079, 1.000338, 30469, 30469, 30464, 0, 7897, 0, 0, 0, 0, 0, 0, 29451500, 30458.690603, 30453.692295, 0.000000
625, 6, 7.001005, 210002165, 1.000010, 30576, 30576, 30593, 0, 7931, 0, 0, 0, 0, 0, 0, 29286077, 30575.684779, 30592.684604, 0.000000
625, 7, 8.001017, 210002326, 1.000011, 30581, 30581, 30593, 0, 7930, 0, 0, 0, 0, 0, 0, 29322473, 30580.661283, 30592.661150, 0.000000
