ThreadID, cIDX, Time, cycles, deltaT, RX, OnRX, TX, SupTX, OnTX, Idle, OnIdle, Blocked, CacheMiss, CacheHit, CacheWB, CPUIdle, RX/s, TX/s, Sup/s
2982, 0, 0, 0, 0, 0, 0, 0, 0, 0, 0, 0, 0, 0, 0, 0, 0, 0, 0, 0
2982, 0, 1.000094, 210019650, 1.000094, 31540, 31540, 31534, 0, 7884, 0, 0, 1, 0, 0, 0, 28269057, 31537.049033, 31531.049595, 0.000000
2982, 1, 2.000270, 210037061, 1.000176, 31641, 31641, 31656, 0, 7914, 0, 0, 11, 0, 0, 0, 28127735, 31635.416951, 31650.414305, 0.000000
2982, 2, 3.000285, 210003239, 1.000015, 31677, 31677, 31679, 0, 7920, 0, 0, 7, 0, 0, 0, 28203304, 31676.511428, 31678.511397, 0.000000
2982, 3, 4.000372, 210018200, 1.000087, 31641, 31641, 31631, 0, 7907, 0, 0, 5, 0, 0, 0, 28328154, 31638.258018, 31628.258884, 0.000000
2982, 4, 5.000382, 210002008, 1.000010, 31639, 31639, 31632, 0, 7908, 0, 0, 7, 0, 0, 0, 28719268, 31638.697474, 31631.697541, 0.000000
2982, 5, 6.000383, 210000231, 1.000001, 31673, 31673, 31672, 0, 7918, 0, 0, 1, 0, 0, 0, 29059717, 31672.965160, 31671.965161, 0.000000
2982, 6, 7.000496, 210023709, 1.000113, 31533, 31533, 31524, 0, 7881, 0, 0, 1, 0, 0, 0, 28948510, 31529.440326, 31520.441342, 0.000000
2982, 7, 8.000606, 210023209, 1.000111, 31725, 31725, 31728, 0, 7932, 0, 0, 0, 0, 0, 0, 28695689, 31721.494171, 31724.493839, 0.000000
