ThreadID, cIDX, Time, cycles, deltaT, RX, OnRX, TX, SupTX, OnTX, Idle, OnIdle, Blocked, CacheMiss, CacheHit, CacheWB, CPUIdle, RX/s, TX/s, Sup/s
2564, 0, 0, 0, 0, 0, 0, 0, 0, 0, 0, 0, 0, 0, 0, 0, 0, 0, 0, 0
2564, 0, 1.000005, 210001142, 1.000005, 31543, 31543, 31548, 0, 7887, 0, 0, 1, 652795, 182130169, 270337, 31591077, 31542.828467, 31547.828440, 0.000000
2564, 1, 2.000017, 210002419, 1.000012, 31634, 31634, 31633, 0, 7909, 0, 0, 5, 566112, 182145810, 227754, 31652779, 31633.635611, 31632.635622, 0.000000
2564, 2, 3.000024, 210001526, 1.000007, 31657, 31657, 31663, 0, 7915, 0, 0, 8, 547719, 182085162, 218650, 31889466, 31656.769961, 31662.769917, 0.000000
2564, 3, 4.000113, 210018570, 1.000088, 31658, 31658, 31640, 0, 7910, 0, 0, 1, 531426, 182017424, 211354, 31887565, 31655.200776, 31637.202367, 0.000000
2564, 4, 5.000174, 210012846, 1.000061, 31696, 31696, 31688, 0, 7922, 0, 0, 7, 519390, 181906615, 203961, 32126387, 31694.061229, 31686.061718, 0.000000
2564, 5, 6.000243, 210014604, 1.000070, 31581, 31581, 31584, 0, 7896, 0, 0, 7, 512876, 181618085, 201859, 32727707, 31578.803920, 31581.803711, 0.000000
2564, 6, 7.000367, 210025916, 1.000123, 31576, 31576, 31571, 0, 7893, 0, 0, 2, 507636, 181707524, 199535, 32545312, 31572.103702, 31567.104319, 0.000000
2564, 7, 8.000619, 210053064, 1.000253, 31755, 31755, 31761, 0, 7940, 0, 0, 0, 506780, 181923985, 199332, 32187729, 31746.977992, 31752.976476, 0.000000
