ThreadID, cIDX, Time, cycles, deltaT, RX, OnRX, TX, SupTX, OnTX, Idle, OnIdle, Blocked, CacheMiss, CacheHit, CacheWB, CPUIdle, RX/s, TX/s, Sup/s
1765, 0, 0, 0, 0, 0, 0, 0, 0, 0, 0, 0, 0, 0, 0, 0, 0, 0, 0, 0
1765, 0, 1.000003, 210000709, 1.000003, 31547, 31547, 31542, 0, 7886, 0, 0, 0, 0, 0, 0, 28897823, 31546.893492, 31541.893509, 0.000000
1765, 1, 2.000029, 210005405, 1.000026, 31635, 31635, 31651, 0, 7913, 0, 0, 6, 0, 0, 0, 29003090, 31634.185796, 31650.185385, 0.000000
1765, 2, 3.000095, 210013906, 1.000066, 31682, 31682, 31655, 0, 7913, 0, 0, 3, 0, 0, 0, 29190923, 31679.902187, 31652.903975, 0.000000
1765, 3, 4.000110, 210003117, 1.000015, 31738, 31738, 31760, 0, 7940, 0, 0, 9, 0, 0, 0, 29326619, 31737.528924, 31759.528598, 0.000000
1765, 4, 5.000134, 210005069, 1.000024, 31720, 31720, 31700, 0, 7925, 0, 0, 0, 0, 0, 0, 29553147, 31719.234358, 31699.234841, 0.000000
1765, 5, 6.000230, 210020055, 1.000096, 31583, 31583, 31612, 0, 7903, 0, 0, 8, 0, 0, 0, 29905686, 31579.984112, 31608.981342, 0.000000
1765, 6, 7.000466, 210049699, 1.000237, 31648, 31648, 31616, 0, 7904, 0, 0, 0, 0, 0, 0, 29706127, 31640.511896, 31608.519468, 0.000000
1765, 7, 8.000558, 210019178, 1.000091, 31715, 31715, 31716, 0, 7929, 0, 0, 0, 0, 0, 0, 29515778, 31712.103930, 31713.103839, 0.000000
