ThreadID, cIDX, Time, cycles, deltaT, RX, OnRX, TX, SupTX, OnTX, Idle, OnIdle, Blocked, CacheMiss, CacheHit, CacheWB, CPUIdle, RX/s, TX/s, Sup/s
1668, 0, 0, 0, 0, 0, 0, 0, 0, 0, 0, 0, 0, 0, 0, 0, 0, 0, 0, 0
1668, 0, 1.000004, 210000935, 1.000004, 31504, 31504, 31504, 0, 7876, 0, 0, 0, 661787, 182081816, 270134, 31709194, 31503.859733, 31503.859733, 0.000000
1668, 1, 2.000153, 210031189, 1.000149, 31686, 31686, 31669, 0, 7918, 0, 0, 1, 575250, 182099621, 229348, 31884409, 31681.294724, 31664.297249, 0.000000
1668, 2, 3.000181, 210005981, 1.000028, 31629, 31629, 31646, 0, 7911, 0, 0, 9, 553347, 182068339, 221172, 31852806, 31628.099202, 31645.098717, 0.000000
1668, 3, 4.000196, 210002951, 1.000014, 31761, 31761, 31762, 0, 7941, 0, 0, 4, 535894, 181990587, 212267, 32018012, 31760.553689, 31761.553675, 0.000000
1668, 4, 5.000203, 210001498, 1.000007, 31640, 31640, 31636, 0, 7909, 0, 0, 11, 520979, 181873454, 203707, 32193920, 31639.774303, 31635.774331, 0.000000
1668, 5, 6.000644, 210092629, 1.000441, 31633, 31633, 31623, 0, 7905, 0, 0, 2, 514482, 181814562, 202015, 32459471, 31619.053137, 31609.057546, 0.000000
1668, 6, 7.001012, 210077349, 1.000368, 31651, 31651, 31648, 0, 7912, 0, 0, 0, 518245, 181877426, 202959, 32432543, 31639.346325, 31636.347429, 0.000000
1668, 7, 8.001207, 210040848, 1.000195, 31741, 31741, 31744, 0, 7936, 0, 0, 0, 515508, 181918851, 202035, 32208793, 31734.827123, 31737.826539, 0.000000
