ThreadID, cIDX, Time, cycles, deltaT, RX, OnRX, TX, SupTX, OnTX, Idle, OnIdle, Blocked, CacheMiss, CacheHit, CacheWB, CPUIdle, RX/s, TX/s, Sup/s
8198, 0, 0, 0, 0, 0, 0, 0, 0, 0, 0, 0, 0, 0, 0, 0, 0, 0, 0, 0
8198, 0, 1.000108, 210022731, 1.000108, 31530, 31530, 31520, 0, 7880, 0, 0, 0, 662429, 182134246, 271510, 31630522, 31526.587472, 31516.588554, 0.000000
8198, 1, 2.000402, 210061601, 1.000293, 31647, 31647, 31649, 0, 7913, 0, 0, 5, 581551, 182228509, 232815, 31607307, 31637.719452, 31639.718865, 0.000000
8198, 2, 3.000416, 210002925, 1.000014, 31682, 31682, 31691, 0, 7922, 0, 0, 2, 569101, 182191482, 228462, 31746193, 31681.558721, 31690.558596, 0.000000
8198, 3, 4.000433, 210003609, 1.000017, 31622, 31622, 31625, 0, 7907, 0, 0, 3, 551875, 182224950, 220094, 31559757, 31621.456563, 31624.456511, 0.000000
8198, 4, 5.000930, 210104482, 1.000498, 31670, 31670, 31647, 0, 7911, 0, 0, 0, 532277, 182098576, 209651, 32000433, 31654.250955, 31631.262393, 0.000000
8198, 5, 6.001031, 210021233, 1.000101, 31671, 31671, 31676, 0, 7919, 0, 0, 0, 526372, 181831313, 207567, 32315407, 31667.798084, 31672.797579, 0.000000
8198, 6, 7.001054, 210004746, 1.000023, 31509, 31509, 31528, 0, 7882, 0, 0, 0, 525830, 181895841, 207499, 32310404, 31508.287913, 31527.287483, 0.000000
8198, 7, 8.001228, 210036581, 1.000174, 31724, 31724, 31704, 0, 7926, 0, 0, 2, 526962, 182165971, 208045, 31762275, 31718.474793, 31698.478276, 0.000000
