ThreadID, cIDX, Time, cycles, deltaT, RX, OnRX, TX, SupTX, OnTX, Idle, OnIdle, Blocked, CacheMiss, CacheHit, CacheWB, CPUIdle, RX/s, TX/s, Sup/s
1961, 0, 0, 0, 0, 0, 0, 0, 0, 0, 0, 0, 0, 0, 0, 0, 0, 0, 0, 0
1961, 0, 1.000021, 210004416, 1.000021, 27180, 27180, 27188, 0, 6797, 0, 0, 0, 0, 0, 0, 28382707, 27179.428455, 27187.428287, 0.000000
1961, 1, 2.000033, 210002565, 1.000012, 27159, 27159, 27148, 0, 6787, 0, 0, 0, 0, 0, 0, 28236939, 27158.668276, 27147.668411, 0.000000
1961, 2, 3.000080, 210009723, 1.000046, 27154, 27154, 27160, 0, 6790, 0, 0, 0, 0, 0, 0, 28449533, 27152.742828, 27158.742550, 0.000000
1961, 3, 4.000103, 210004883, 1.000023, 27102, 27102, 27096, 0, 6774, 0, 0, 0, 0, 0, 0, 28560858, 27101.369829, 27095.369968, 0.000000
1961, 4, 5.000104, 210000204, 1.000001, 27147, 27147, 27152, 0, 6788, 0, 0, 1, 0, 0, 0, 28821819, 27146.973629, 27151.973624, 0.000000
1961, 5, 6.000118, 210002889, 1.000014, 27113, 27113, 27112, 0, 6778, 0, 0, 4, 0, 0, 0, 29161234, 27112.627008, 27111.627021, 0.000000
1961, 6, 7.000143, 210005339, 1.000025, 27160, 27160, 27164, 0, 6791, 0, 0, 1, 0, 0, 0, 28986069, 27159.309507, 27163.309405, 0.000000
1961, 7, 8.000160, 210003520, 1.000017, 27144, 27144, 27139, 0, 6785, 0, 0, 0, 0, 0, 0, 28905678, 27143.545022, 27138.545106, 0.000000
