ThreadID, cIDX, Time, cycles, deltaT, RX, OnRX, TX, SupTX, OnTX, Idle, OnIdle, Blocked, CacheMiss, CacheHit, CacheWB, CPUIdle, RX/s, TX/s, Sup/s
11226, 0, 0, 0, 0, 0, 0, 0, 0, 0, 0, 0, 0, 0, 0, 0, 0, 0, 0, 0
11226, 0, 1.000010, 210002155, 1.000010, 27236, 27236, 27240, 0, 6810, 0, 0, 0, 0, 0, 0, 29104536, 27235.720510, 27239.720469, 0.000000
11226, 1, 2.000015, 210001022, 1.000005, 27118, 27118, 27123, 0, 6781, 0, 0, 6, 0, 0, 0, 29091629, 27117.868026, 27122.868002, 0.000000
11226, 2, 3.000106, 210019004, 1.000090, 27110, 27110, 27094, 0, 6774, 0, 0, 0, 0, 0, 0, 29226003, 27107.546896, 27091.548344, 0.000000
11226, 3, 4.000270, 210034582, 1.000165, 27213, 27213, 27223, 0, 6805, 0, 0, 9, 0, 0, 0, 29337633, 27208.519405, 27218.517758, 0.000000
11226, 4, 5.000274, 210000779, 1.000004, 27176, 27176, 27180, 0, 6795, 0, 0, 6, 0, 0, 0, 29623553, 27175.899190, 27179.899176, 0.000000
11226, 5, 6.000528, 210053349, 1.000254, 27042, 27042, 27036, 0, 6759, 0, 0, 5, 0, 0, 0, 29968960, 27035.131918, 27029.133442, 0.000000
11226, 6, 7.000630, 210021407, 1.000102, 27172, 27172, 27176, 0, 6794, 0, 0, 0, 0, 0, 0, 29796754, 27169.230420, 27173.230013, 0.000000
11226, 7, 8.000743, 210023638, 1.000113, 27135, 27135, 27124, 0, 6781, 0, 0, 0, 0, 0, 0, 29238161, 27131.945976, 27120.947215, 0.000000
