ThreadID, cIDX, Time, cycles, deltaT, RX, OnRX, TX, SupTX, OnTX, Idle, OnIdle, Blocked, CacheMiss, CacheHit, CacheWB, CPUIdle, RX/s, TX/s, Sup/s
11191, 0, 0, 0, 0, 0, 0, 0, 0, 0, 0, 0, 0, 0, 0, 0, 0, 0, 0, 0
11191, 0, 1.000058, 210012170, 1.000058, 30507, 30507, 30501, 0, 7907, 0, 0, 0, 0, 0, 0, 28253309, 30505.232149, 30499.232497, 0.000000
11191, 1, 2.000469, 210086342, 1.000411, 30546, 30546, 30554, 0, 7921, 0, 0, 7, 0, 0, 0, 28325096, 30533.446101, 30541.442813, 0.000000
11191, 2, 3.000480, 210002225, 1.000011, 30519, 30519, 30522, 0, 7915, 0, 0, 10, 0, 0, 0, 28368091, 30518.676647, 30521.676616, 0.000000
11191, 3, 4.000496, 210003461, 1.000016, 30569, 30569, 30561, 0, 7923, 0, 0, 6, 0, 0, 0, 28470037, 30568.496202, 30560.496334, 0.000000
11191, 4, 5.000774, 210058381, 1.000278, 30547, 30547, 30536, 0, 7918, 0, 0, 2, 0, 0, 0, 28731817, 30538.510149, 30527.513206, 0.000000
11191, 5, 6.000779, 210001108, 1.000005, 30425, 30425, 30432, 0, 7891, 0, 0, 0, 0, 0, 0, 29059494, 30424.839473, 30431.839436, 0.000000
11191, 6, 7.000782, 210000474, 1.000002, 30564, 30564, 30574, 0, 7926, 0, 0, 0, 0, 0, 0, 28932554, 30563.931013, 30573.930990, 0.000000
11191, 7, 8.000788, 210001259, 1.000006, 30473, 30473, 30463, 0, 7898, 0, 0, 0, 0, 0, 0, 28577415, 30472.817308, 30462.817368, 0.000000
