ThreadID, cIDX, Time, cycles, deltaT, RX, OnRX, TX, SupTX, OnTX, Idle, OnIdle, Blocked, CacheMiss, CacheHit, CacheWB, CPUIdle, RX/s, TX/s, Sup/s
1119, 0, 0, 0, 0, 0, 0, 0, 0, 0, 0, 0, 0, 0, 0, 0, 0, 0, 0, 0
1119, 0, 1.000215, 210045167, 1.000215, 27238, 27238, 27240, 0, 6810, 0, 0, 1, 0, 0, 0, 29168396, 27232.142885, 27234.142455, 0.000000
1119, 1, 2.000333, 210024679, 1.000118, 27103, 27103, 27093, 0, 6774, 0, 0, 2, 0, 0, 0, 29230447, 27099.815256, 27089.816431, 0.000000
1119, 2, 3.000353, 210004306, 1.000021, 27096, 27096, 27108, 0, 6777, 0, 0, 6, 0, 0, 0, 29337460, 27095.444414, 27107.444168, 0.000000
1119, 3, 4.000356, 210000640, 1.000003, 27214, 27214, 27207, 0, 6801, 0, 0, 5, 0, 0, 0, 29110078, 27213.917062, 27206.917084, 0.000000
1119, 4, 5.000415, 210012440, 1.000059, 27159, 27159, 27160, 0, 6790, 0, 0, 1, 0, 0, 0, 29608035, 27157.391248, 27158.391189, 0.000000
1119, 5, 6.000485, 210014652, 1.000070, 27061, 27061, 27060, 0, 6765, 0, 0, 1, 0, 0, 0, 29679878, 27059.112047, 27058.112117, 0.000000
1119, 6, 7.000536, 210010709, 1.000051, 27107, 27107, 27112, 0, 6778, 0, 0, 1, 0, 0, 0, 29694647, 27105.617743, 27110.617488, 0.000000
1119, 7, 8.000545, 210001774, 1.000008, 27195, 27195, 27196, 0, 6799, 0, 0, 0, 0, 0, 0, 29737536, 27194.770269, 27195.770260, 0.000000
