ThreadID, cIDX, Time, cycles, deltaT, RX, OnRX, TX, SupTX, OnTX, Idle, OnIdle, Blocked, CacheMiss, CacheHit, CacheWB, CPUIdle, RX/s, TX/s, Sup/s
10552, 0, 0, 0, 0, 0, 0, 0, 0, 0, 0, 0, 0, 0, 0, 0, 0, 0, 0, 0
10552, 0, 1.000027, 210005652, 1.000027, 27129, 27129, 27126, 0, 6782, 0, 0, 0, 0, 0, 0, 28320076, 27128.269862, 27125.269943, 0.000000
10552, 1, 2.000045, 210003764, 1.000018, 27148, 27148, 27146, 0, 6786, 0, 0, 2, 0, 0, 0, 28378336, 27147.513413, 27145.513449, 0.000000
10552, 2, 3.000049, 210000934, 1.000004, 27150, 27150, 27156, 0, 6789, 0, 0, 5, 0, 0, 0, 28251870, 27149.879248, 27155.879221, 0.000000
10552, 3, 4.000100, 210010641, 1.000051, 27183, 27183, 27184, 0, 6796, 0, 0, 5, 0, 0, 0, 28626387, 27181.622668, 27182.622618, 0.000000
10552, 4, 5.000518, 210087808, 1.000418, 27184, 27184, 27180, 0, 6795, 0, 0, 0, 0, 0, 0, 28894487, 27172.638214, 27168.639886, 0.000000
10552, 5, 6.000522, 210000785, 1.000004, 27024, 27024, 27017, 0, 6755, 0, 0, 2, 0, 0, 0, 29315354, 27023.898982, 27016.899008, 0.000000
10552, 6, 7.000618, 210020176, 1.000096, 27201, 27201, 27203, 0, 6800, 0, 0, 0, 0, 0, 0, 29170480, 27198.386883, 27200.386690, 0.000000
10552, 7, 8.000627, 210001873, 1.000009, 27135, 27135, 27132, 0, 6783, 0, 0, 0, 0, 0, 0, 28904277, 27134.757984, 27131.758011, 0.000000
