ThreadID, cIDX, Time, cycles, deltaT, RX, OnRX, TX, SupTX, OnTX, Idle, OnIdle, Blocked, CacheMiss, CacheHit, CacheWB, CPUIdle, RX/s, TX/s, Sup/s
2384, 0, 0, 0, 0, 0, 0, 0, 0, 0, 0, 0, 0, 0, 0, 0, 0, 0, 0, 0
2384, 0, 1.000018, 210003761, 1.000018, 30548, 30548, 30544, 0, 7920, 0, 0, 1, 0, 0, 0, 28868461, 30547.452910, 30543.452981, 0.000000
2384, 1, 2.000493, 210099705, 1.000475, 30587, 30587, 30600, 0, 7932, 0, 0, 6, 0, 0, 0, 29006628, 30572.484621, 30585.478452, 0.000000
2384, 2, 3.000526, 210006976, 1.000033, 30570, 30570, 30560, 0, 7925, 0, 0, 1, 0, 0, 0, 29326561, 30568.984527, 30558.984860, 0.000000
2384, 3, 4.000582, 210011799, 1.000056, 30450, 30450, 30450, 0, 7894, 0, 0, 4, 0, 0, 0, 29263422, 30448.289241, 30448.289241, 0.000000
2384, 4, 5.000601, 210004009, 1.000019, 30463, 30463, 30464, 0, 7896, 0, 0, 4, 0, 0, 0, 29408161, 30462.418458, 30463.418439, 0.000000
2384, 5, 6.000607, 210001271, 1.000006, 30574, 30574, 30570, 0, 7926, 0, 0, 1, 0, 0, 0, 29935364, 30573.814956, 30569.814980, 0.000000
2384, 6, 7.000609, 210000393, 1.000002, 30355, 30355, 30349, 0, 7870, 0, 0, 1, 0, 0, 0, 29889061, 30354.943193, 30348.943204, 0.000000
2384, 7, 8.000615, 210001286, 1.000006, 30502, 30502, 30527, 0, 7914, 0, 0, 4, 0, 0, 0, 29706365, 30501.813213, 30526.813060, 0.000000
