ThreadID, cIDX, Time, cycles, deltaT, RX, OnRX, TX, SupTX, OnTX, Idle, OnIdle, Blocked, CacheMiss, CacheHit, CacheWB, CPUIdle, RX/s, TX/s, Sup/s
2786, 0, 0, 0, 0, 0, 0, 0, 0, 0, 0, 0, 0, 0, 0, 0, 0, 0, 0, 0
2786, 0, 1.000042, 210008886, 1.000042, 31632, 31632, 31636, 0, 7909, 0, 0, 0, 0, 0, 0, 28916268, 31630.661571, 31634.661402, 0.000000
2786, 1, 2.000728, 210144053, 1.000686, 31732, 31732, 31732, 0, 7933, 0, 0, 3, 0, 0, 0, 28912687, 31710.247827, 31710.247827, 0.000000
2786, 2, 3.000769, 210008567, 1.000041, 31709, 31709, 31714, 0, 7929, 0, 0, 4, 0, 0, 0, 28880720, 31707.706477, 31712.706273, 0.000000
2786, 3, 4.000810, 210008519, 1.000041, 31596, 31596, 31578, 0, 7894, 0, 0, 5, 0, 0, 0, 28967920, 31594.718308, 31576.719038, 0.000000
2786, 4, 5.000877, 210014185, 1.000068, 31591, 31591, 31616, 0, 7904, 0, 0, 3, 0, 0, 0, 29200598, 31588.866247, 31613.864559, 0.000000
2786, 5, 6.001106, 210048097, 1.000229, 31710, 31710, 31680, 0, 7920, 0, 0, 3, 0, 0, 0, 29835494, 31702.739016, 31672.745885, 0.000000
2786, 6, 7.001455, 210073142, 1.000348, 31526, 31526, 31528, 0, 7882, 0, 0, 0, 0, 0, 0, 29626301, 31515.023467, 31517.022771, 0.000000
2786, 7, 8.001460, 210001128, 1.000005, 31599, 31599, 31609, 0, 7903, 0, 0, 0, 0, 0, 0, 29506464, 31598.830269, 31608.830215, 0.000000
