ThreadID, cIDX, Time, cycles, deltaT, RX, OnRX, TX, SupTX, OnTX, Idle, OnIdle, Blocked, CacheMiss, CacheHit, CacheWB, CPUIdle, RX/s, TX/s, Sup/s
10888, 0, 0, 0, 0, 0, 0, 0, 0, 0, 0, 0, 0, 0, 0, 0, 0, 0, 0, 0
10888, 0, 1.000013, 210002771, 1.000013, 27135, 27135, 27140, 0, 6785, 0, 0, 0, 656001, 182123039, 271227, 31659778, 27134.641952, 27139.641886, 0.000000
10888, 1, 2.000027, 210002981, 1.000014, 27103, 27103, 27104, 0, 6776, 0, 0, 0, 576464, 182102550, 232672, 31693342, 27102.615272, 27103.615258, 0.000000
10888, 2, 3.000592, 210118504, 1.000564, 27153, 27153, 27145, 0, 6787, 0, 0, 4, 565109, 182079306, 227753, 31886754, 27137.686075, 27129.690586, 0.000000
10888, 3, 4.000598, 210001405, 1.000007, 27212, 27212, 27211, 0, 6802, 0, 0, 13, 562165, 182098408, 228319, 31776060, 27211.817940, 27210.817947, 0.000000
10888, 4, 5.000600, 210000404, 1.000002, 27168, 27168, 27178, 0, 6795, 0, 0, 6, 549026, 181909644, 220608, 32075040, 27167.947734, 27177.947715, 0.000000
10888, 5, 6.000682, 210017068, 1.000081, 27076, 27076, 27062, 0, 6765, 0, 0, 0, 538952, 181662865, 215219, 32633954, 27073.799545, 27059.800682, 0.000000
10888, 6, 7.000724, 210008910, 1.000042, 27076, 27076, 27080, 0, 6770, 0, 0, 0, 534230, 181777921, 214125, 32444150, 27074.851253, 27078.851083, 0.000000
10888, 7, 8.000824, 210020917, 1.000100, 27204, 27204, 27208, 0, 6802, 0, 0, 0, 526750, 181864360, 209645, 32254032, 27201.290622, 27205.290224, 0.000000
