ThreadID, cIDX, Time, cycles, deltaT, RX, OnRX, TX, SupTX, OnTX, Idle, OnIdle, Blocked, CacheMiss, CacheHit, CacheWB, CPUIdle, RX/s, TX/s, Sup/s
9887, 0, 0, 0, 0, 0, 0, 0, 0, 0, 0, 0, 0, 0, 0, 0, 0, 0, 0, 0
9887, 0, 1.000022, 210004643, 1.000022, 27191, 27191, 27188, 0, 6797, 0, 0, 0, 0, 0, 0, 29650775, 27190.398833, 27187.398900, 0.000000
9887, 1, 2.000478, 210095697, 1.000456, 27149, 27149, 27156, 0, 6789, 0, 0, 10, 0, 0, 0, 29869089, 27136.633836, 27143.630648, 0.000000
9887, 2, 3.000497, 210004079, 1.000019, 27171, 27171, 27154, 0, 6789, 0, 0, 8, 0, 0, 0, 29897667, 27170.472246, 27153.472576, 0.000000
9887, 3, 4.000506, 210001875, 1.000009, 27195, 27195, 27208, 0, 6802, 0, 0, 14, 0, 0, 0, 30056339, 27194.757190, 27207.757074, 0.000000
9887, 4, 5.000559, 210011084, 1.000053, 27089, 27089, 27094, 0, 6773, 0, 0, 4, 0, 0, 0, 30323204, 27087.570292, 27092.570028, 0.000000
9887, 5, 6.000581, 210004661, 1.000022, 27034, 27034, 27031, 0, 6758, 0, 0, 5, 0, 0, 0, 30617579, 27033.399987, 27030.400054, 0.000000
9887, 6, 7.000592, 210002377, 1.000011, 27150, 27150, 27149, 0, 6787, 0, 0, 1, 0, 0, 0, 30252763, 27149.692691, 27148.692703, 0.000000
9887, 7, 8.000610, 210003771, 1.000018, 27078, 27078, 27076, 0, 6769, 0, 0, 0, 0, 0, 0, 30240225, 27077.513765, 27075.513801, 0.000000
