ThreadID, cIDX, Time, cycles, deltaT, RX, OnRX, TX, SupTX, OnTX, Idle, OnIdle, Blocked, CacheMiss, CacheHit, CacheWB, CPUIdle, RX/s, TX/s, Sup/s
9191, 0, 0, 0, 0, 0, 0, 0, 0, 0, 0, 0, 0, 0, 0, 0, 0, 0, 0, 0
9191, 0, 1.000036, 210007467, 1.000036, 30453, 30453, 30449, 0, 7895, 0, 0, 2, 0, 0, 0, 28900999, 30451.917217, 30447.917359, 0.000000
9191, 1, 2.000082, 210009821, 1.000047, 30601, 30601, 30594, 0, 7931, 0, 0, 6, 0, 0, 0, 28881480, 30599.568960, 30592.569288, 0.000000
9191, 2, 3.000177, 210019974, 1.000095, 30582, 30582, 30592, 0, 7931, 0, 0, 4, 0, 0, 0, 29080079, 30579.091492, 30589.090541, 0.000000
9191, 3, 4.000284, 210022423, 1.000107, 30496, 30496, 30507, 0, 7909, 0, 0, 6, 0, 0, 0, 28937177, 30492.744101, 30503.742927, 0.000000
9191, 4, 5.000314, 210006237, 1.000030, 30499, 30499, 30495, 0, 7908, 0, 0, 0, 0, 0, 0, 29498277, 30498.094207, 30494.094325, 0.000000
9191, 5, 6.000332, 210003723, 1.000018, 30541, 30541, 30539, 0, 7918, 0, 0, 0, 0, 0, 0, 29422314, 30540.458561, 30538.458597, 0.000000
9191, 6, 7.000499, 210035108, 1.000167, 30467, 30467, 30451, 0, 7893, 0, 0, 0, 0, 0, 0, 29648383, 30461.907349, 30445.910024, 0.000000
9191, 7, 8.000505, 210001358, 1.000006, 30448, 30448, 30452, 0, 7895, 0, 0, 0, 0, 0, 0, 29363028, 30447.803104, 30451.803078, 0.000000
