ThreadID, cIDX, Time, cycles, deltaT, RX, OnRX, TX, SupTX, OnTX, Idle, OnIdle, Blocked, CacheMiss, CacheHit, CacheWB, CPUIdle, RX/s, TX/s, Sup/s
8894, 0, 0, 0, 0, 0, 0, 0, 0, 0, 0, 0, 0, 0, 0, 0, 0, 0, 0, 0
8894, 0, 1.000019, 210004028, 1.000019, 27264, 27264, 27268, 0, 6817, 0, 0, 0, 0, 0, 0, 27824849, 27263.477061, 27267.476984, 0.000000
8894, 1, 2.000025, 210001196, 1.000006, 27102, 27102, 27100, 0, 6775, 0, 0, 2, 0, 0, 0, 27607509, 27101.845649, 27099.845660, 0.000000
8894, 2, 3.000051, 210005451, 1.000026, 27117, 27117, 27109, 0, 6778, 0, 0, 3, 0, 0, 0, 27658223, 27116.296138, 27108.296346, 0.000000
8894, 3, 4.000099, 210010142, 1.000048, 27213, 27213, 27223, 0, 6805, 0, 0, 9, 0, 0, 0, 27591736, 27211.685805, 27221.685322, 0.000000
8894, 4, 5.000113, 210002861, 1.000014, 27103, 27103, 27104, 0, 6776, 0, 0, 1, 0, 0, 0, 28319021, 27102.630759, 27103.630745, 0.000000
8894, 5, 6.000155, 210008886, 1.000042, 27084, 27084, 27084, 0, 6771, 0, 0, 0, 0, 0, 0, 28398505, 27082.854008, 27082.854008, 0.000000
8894, 6, 7.000171, 210003382, 1.000016, 27202, 27202, 27206, 0, 6802, 0, 0, 0, 0, 0, 0, 28451408, 27201.561925, 27205.561861, 0.000000
8894, 7, 8.000255, 210017571, 1.000084, 27102, 27102, 27086, 0, 6771, 0, 0, 0, 0, 0, 0, 28337290, 27099.732527, 27083.733865, 0.000000
