ThreadID, cIDX, Time, cycles, deltaT, RX, OnRX, TX, SupTX, OnTX, Idle, OnIdle, Blocked, CacheMiss, CacheHit, CacheWB, CPUIdle, RX/s, TX/s, Sup/s
1948, 0, 0, 0, 0, 0, 0, 0, 0, 0, 0, 0, 0, 0, 0, 0, 0, 0, 0, 0
1948, 0, 1.000230, 210048295, 1.000230, 27221, 27221, 27228, 0, 6807, 0, 0, 0, 0, 0, 0, 29915520, 27214.741257, 27221.739648, 0.000000
1948, 1, 2.000455, 210047338, 1.000225, 27186, 27186, 27176, 0, 6794, 0, 0, 0, 0, 0, 0, 29686774, 27179.873139, 27169.875393, 0.000000
1948, 2, 3.000520, 210013616, 1.000065, 27121, 27121, 27120, 0, 6780, 0, 0, 0, 0, 0, 0, 29912068, 27119.241640, 27118.241705, 0.000000
1948, 3, 4.000523, 210000650, 1.000003, 27136, 27136, 27144, 0, 6786, 0, 0, 4, 0, 0, 0, 30024684, 27135.916008, 27143.915983, 0.000000
1948, 4, 5.000551, 210005810, 1.000028, 27122, 27122, 27125, 0, 6782, 0, 0, 2, 0, 0, 0, 30293994, 27121.249645, 27124.249562, 0.000000
1948, 5, 6.000553, 210000479, 1.000002, 27086, 27086, 27086, 0, 6771, 0, 0, 1, 0, 0, 0, 30696849, 27085.938218, 27085.938218, 0.000000
1948, 6, 7.000561, 210001680, 1.000008, 27094, 27094, 27085, 0, 6771, 0, 0, 0, 0, 0, 0, 30558501, 27093.783250, 27084.783322, 0.000000
1948, 7, 8.000722, 210033691, 1.000160, 27144, 27144, 27144, 0, 6786, 0, 0, 0, 0, 0, 0, 30430807, 27139.645896, 27139.645896, 0.000000
