ThreadID, cIDX, Time, cycles, deltaT, RX, OnRX, TX, SupTX, OnTX, Idle, OnIdle, Blocked, CacheMiss, CacheHit, CacheWB, CPUIdle, RX/s, TX/s, Sup/s
8678, 0, 0, 0, 0, 0, 0, 0, 0, 0, 0, 0, 0, 0, 0, 0, 0, 0, 0, 0
8678, 0, 1.000129, 210027178, 1.000129, 31524, 31524, 31540, 0, 7885, 0, 0, 1, 0, 0, 0, 28408459, 31519.920722, 31535.918651, 0.000000
8678, 1, 2.000162, 210006829, 1.000033, 31676, 31676, 31652, 0, 7913, 0, 0, 0, 0, 0, 0, 28374512, 31674.969960, 31650.970741, 0.000000
8678, 2, 3.000251, 210018755, 1.000089, 31698, 31698, 31697, 0, 7925, 0, 0, 9, 0, 0, 0, 28464193, 31695.169320, 31694.169409, 0.000000
8678, 3, 4.000268, 210003474, 1.000017, 31691, 31691, 31690, 0, 7922, 0, 0, 5, 0, 0, 0, 28323478, 31690.475749, 31689.475766, 0.000000
8678, 4, 5.000568, 210063120, 1.000301, 31652, 31652, 31649, 0, 7912, 0, 0, 2, 0, 0, 0, 28921322, 31642.489172, 31639.490073, 0.000000
8678, 5, 6.000571, 210000458, 1.000002, 31626, 31626, 31638, 0, 7910, 0, 0, 0, 0, 0, 0, 29081133, 31625.931025, 31637.930999, 0.000000
8678, 6, 7.000574, 210000645, 1.000003, 31591, 31591, 31583, 0, 7896, 0, 0, 0, 0, 0, 0, 29087812, 31590.902971, 31582.902995, 0.000000
8678, 7, 8.000629, 210011596, 1.000055, 31652, 31652, 31675, 0, 7918, 0, 0, 3, 0, 0, 0, 29066687, 31650.252303, 31673.251033, 0.000000
