ThreadID, cIDX, Time, cycles, deltaT, RX, OnRX, TX, SupTX, OnTX, Idle, OnIdle, Blocked, CacheMiss, CacheHit, CacheWB, CPUIdle, RX/s, TX/s, Sup/s
1419, 0, 0, 0, 0, 0, 0, 0, 0, 0, 0, 0, 0, 0, 0, 0, 0, 0, 0, 0
1419, 0, 1.000264, 210055428, 1.000264, 26052, 26052, 26054, 0, 6798, 0, 0, 1, 665378, 182053741, 270070, 31876784, 26045.125575, 26047.125047, 0.000000
1419, 1, 2.000268, 210000920, 1.000004, 26057, 26057, 26052, 0, 6796, 0, 0, 3, 568087, 182088909, 226003, 31826159, 26056.885846, 26051.885868, 0.000000
1419, 2, 3.000282, 210002959, 1.000014, 26007, 26007, 26014, 0, 6787, 0, 0, 9, 531971, 182061780, 210419, 31843732, 26006.633554, 26013.633456, 0.000000
1419, 3, 4.000285, 210000480, 1.000002, 26004, 26004, 26004, 0, 6785, 0, 0, 6, 521551, 182044154, 206040, 31807683, 26003.940562, 26003.940562, 0.000000
1419, 4, 5.000388, 210021702, 1.000103, 25931, 25931, 25932, 0, 6764, 0, 0, 1, 515873, 181844236, 202377, 32287921, 25928.320493, 25929.320390, 0.000000
1419, 5, 6.000418, 210006365, 1.000030, 26018, 26018, 26014, 0, 6785, 0, 0, 0, 510967, 181743509, 200273, 32460609, 26017.211431, 26013.211552, 0.000000
1419, 6, 7.000457, 210008182, 1.000039, 25922, 25922, 25925, 0, 6763, 0, 0, 0, 511152, 181869079, 199233, 32312204, 25920.990069, 25923.989952, 0.000000
1419, 7, 8.000490, 210006923, 1.000033, 25996, 25996, 25992, 0, 6782, 0, 0, 0, 510155, 181973435, 199217, 32038319, 25995.143027, 25991.143159, 0.000000
