ThreadID, cIDX, Time, cycles, deltaT, RX, OnRX, TX, SupTX, OnTX, Idle, OnIdle, Blocked, CacheMiss, CacheHit, CacheWB, CPUIdle, RX/s, TX/s, Sup/s
2928, 0, 0, 0, 0, 0, 0, 0, 0, 0, 0, 0, 0, 0, 0, 0, 0, 0, 0, 0
2928, 0, 1.000008, 210001611, 1.000008, 30540, 30540, 30536, 0, 7916, 0, 0, 0, 0, 0, 0, 30824067, 30539.765716, 30535.765747, 0.000000
2928, 1, 2.000028, 210004263, 1.000020, 30568, 30568, 30570, 0, 7927, 0, 0, 5, 0, 0, 0, 30705566, 30567.379482, 30569.379442, 0.000000
2928, 2, 3.000038, 210002006, 1.000010, 30567, 30567, 30579, 0, 7928, 0, 0, 7, 0, 0, 0, 30891458, 30566.708015, 30578.707901, 0.000000
2928, 3, 4.000268, 210048479, 1.000231, 30518, 30518, 30518, 0, 7911, 0, 0, 1, 0, 0, 0, 31041401, 30510.956473, 30510.956473, 0.000000
2928, 4, 5.000300, 210006626, 1.000032, 30582, 30582, 30573, 0, 7927, 0, 0, 1, 0, 0, 0, 31326720, 30581.035096, 30572.035379, 0.000000
2928, 5, 6.000307, 210001523, 1.000007, 30437, 30437, 30432, 0, 7890, 0, 0, 1, 0, 0, 0, 31741441, 30436.779261, 30431.779297, 0.000000
2928, 6, 7.000335, 210005806, 1.000028, 30500, 30500, 30514, 0, 7911, 0, 0, 0, 0, 0, 0, 31451558, 30499.156771, 30513.156384, 0.000000
2928, 7, 8.000371, 210007638, 1.000036, 30499, 30499, 30488, 0, 7904, 0, 0, 0, 0, 0, 0, 31345962, 30497.890748, 30486.891148, 0.000000
