ThreadID, cIDX, Time, cycles, deltaT, RX, OnRX, TX, SupTX, OnTX, Idle, OnIdle, Blocked, CacheMiss, CacheHit, CacheWB, CPUIdle, RX/s, TX/s, Sup/s
2126, 0, 0, 0, 0, 0, 0, 0, 0, 0, 0, 0, 0, 0, 0, 0, 0, 0, 0, 0
2126, 0, 1.000417, 210087648, 1.000417, 27270, 27270, 27276, 0, 6819, 0, 0, 6, 655797, 182111550, 267643, 29154985, 27258.623030, 27264.620526, 0.000000
2126, 1, 2.000517, 210021009, 1.000100, 27197, 27197, 27191, 0, 6798, 0, 0, 7, 565012, 182152804, 227141, 28954470, 27194.279407, 27188.280007, 0.000000
2126, 2, 3.000525, 210001640, 1.000008, 27111, 27111, 27103, 0, 6776, 0, 0, 8, 538736, 182005200, 212556, 29286663, 27110.788278, 27102.788340, 0.000000
2126, 3, 4.000637, 210023372, 1.000111, 27069, 27069, 27074, 0, 6768, 0, 0, 5, 522313, 181964759, 203889, 29483421, 27065.987684, 27070.987128, 0.000000
2126, 4, 5.000640, 210000785, 1.000004, 27104, 27104, 27110, 0, 6778, 0, 0, 7, 518096, 181896863, 200884, 29674495, 27103.898683, 27109.898661, 0.000000
2126, 5, 6.000652, 210002365, 1.000011, 27160, 27160, 27159, 0, 6790, 0, 0, 3, 506035, 181597398, 196958, 30122430, 27159.694130, 27158.694141, 0.000000
2126, 6, 7.000745, 210019655, 1.000094, 26986, 26986, 26983, 0, 6745, 0, 0, 2, 507134, 181747783, 196416, 29861551, 26983.474475, 26980.474756, 0.000000
2126, 7, 8.000766, 210004444, 1.000021, 27113, 27113, 27112, 0, 6778, 0, 0, 7, 502551, 181913434, 193221, 29581301, 27112.426249, 27111.426271, 0.000000
