ThreadID, cIDX, Time, cycles, deltaT, RX, OnRX, TX, SupTX, OnTX, Idle, OnIdle, Blocked, CacheMiss, CacheHit, CacheWB, CPUIdle, RX/s, TX/s, Sup/s
2296, 0, 0, 0, 0, 0, 0, 0, 0, 0, 0, 0, 0, 0, 0, 0, 0, 0, 0, 0
2296, 0, 1.000006, 210001318, 1.000006, 27119, 27119, 27120, 0, 6780, 0, 0, 2, 0, 0, 0, 30808314, 27118.829797, 27119.829791, 0.000000
2296, 1, 2.000016, 210002018, 1.000010, 27127, 27127, 27126, 0, 6782, 0, 0, 2, 0, 0, 0, 30638461, 27126.739325, 27125.739335, 0.000000
2296, 2, 3.000020, 210000956, 1.000005, 27153, 27153, 27149, 0, 6787, 0, 0, 5, 0, 0, 0, 31100146, 27152.876390, 27148.876408, 0.000000
2296, 3, 4.000393, 210078285, 1.000373, 27206, 27206, 27213, 0, 6803, 0, 0, 12, 0, 0, 0, 31350158, 27195.861771, 27202.859163, 0.000000
2296, 4, 5.000396, 210000686, 1.000003, 27183, 27183, 27178, 0, 6795, 0, 0, 3, 0, 0, 0, 31291625, 27182.911202, 27177.911219, 0.000000
2296, 5, 6.000429, 210006743, 1.000032, 27031, 27031, 27038, 0, 6759, 0, 0, 9, 0, 0, 0, 31753900, 27030.132075, 27037.131851, 0.000000
2296, 6, 7.000478, 210010302, 1.000049, 27206, 27206, 27200, 0, 6800, 0, 0, 0, 0, 0, 0, 31554857, 27204.665417, 27198.665711, 0.000000
2296, 7, 8.000583, 210022130, 1.000105, 27114, 27114, 27108, 0, 6777, 0, 0, 4, 0, 0, 0, 31352463, 27111.143002, 27105.143634, 0.000000
