ThreadID, cIDX, Time, cycles, deltaT, RX, OnRX, TX, SupTX, OnTX, Idle, OnIdle, Blocked, CacheMiss, CacheHit, CacheWB, CPUIdle, RX/s, TX/s, Sup/s
10755, 0, 0, 0, 0, 0, 0, 0, 0, 0, 0, 0, 0, 0, 0, 0, 0, 0, 0, 0
10755, 0, 1.000017, 210003540, 1.000017, 31553, 31553, 31556, 0, 7889, 0, 0, 0, 646178, 182121437, 270670, 31601650, 31552.468116, 31555.468065, 0.000000
10755, 1, 2.000597, 210121875, 1.000580, 31674, 31674, 31684, 0, 7921, 0, 0, 3, 557055, 182134748, 222685, 31776811, 31655.628430, 31665.622630, 0.000000
10755, 2, 3.000617, 210004153, 1.000020, 31697, 31697, 31688, 0, 7922, 0, 0, 1, 540698, 182085928, 215714, 31756858, 31696.373166, 31687.373344, 0.000000
10755, 3, 4.000640, 210004764, 1.000023, 31616, 31616, 31611, 0, 7903, 0, 0, 6, 529586, 182040867, 212276, 31924713, 31615.282785, 31610.282898, 0.000000
10755, 4, 5.001052, 210086637, 1.000413, 31712, 31712, 31697, 0, 7924, 0, 0, 2, 520683, 182007065, 206482, 32140984, 31698.922383, 31683.928569, 0.000000
10755, 5, 6.001053, 210000243, 1.000001, 31563, 31563, 31576, 0, 7894, 0, 0, 0, 517876, 181683675, 205751, 32613287, 31562.963477, 31575.963462, 0.000000
10755, 6, 7.001093, 210008248, 1.000039, 31600, 31600, 31596, 0, 7899, 0, 0, 0, 512729, 181772357, 203001, 32452357, 31598.758921, 31594.759078, 0.000000
10755, 7, 8.001111, 210003818, 1.000018, 31670, 31670, 31688, 0, 7922, 0, 0, 0, 513598, 181831953, 202924, 32311814, 31669.424220, 31687.423892, 0.000000
