ThreadID, cIDX, Time, cycles, deltaT, RX, OnRX, TX, SupTX, OnTX, Idle, OnIdle, Blocked, CacheMiss, CacheHit, CacheWB, CPUIdle, RX/s, TX/s, Sup/s
8312, 0, 0, 0, 0, 0, 0, 0, 0, 0, 0, 0, 0, 0, 0, 0, 0, 0, 0, 0
8312, 0, 1.000522, 210109575, 1.000522, 27134, 27134, 27132, 0, 6783, 0, 0, 1, 0, 0, 0, 31516320, 27119.849250, 27117.850293, 0.000000
8312, 1, 2.000682, 210033599, 1.000160, 27185, 27185, 27184, 0, 6796, 0, 0, 0, 0, 0, 0, 31238296, 27180.651225, 27179.651385, 0.000000
8312, 2, 3.000835, 210032153, 1.000153, 27092, 27092, 27084, 0, 6771, 0, 0, 2, 0, 0, 0, 31406796, 27087.852592, 27079.853816, 0.000000
8312, 3, 4.000837, 210000423, 1.000002, 27206, 27206, 27214, 0, 6804, 0, 0, 0, 0, 0, 0, 31485648, 27205.945199, 27213.945183, 0.000000
8312, 4, 5.000867, 210006382, 1.000030, 27083, 27083, 27079, 0, 6770, 0, 0, 0, 0, 0, 0, 31625273, 27082.176960, 27078.177081, 0.000000
8312, 5, 6.000914, 210009847, 1.000047, 27050, 27050, 27055, 0, 6763, 0, 0, 2, 0, 0, 0, 32088270, 27048.731672, 27053.731438, 0.000000
8312, 6, 7.000916, 210000480, 1.000002, 27153, 27153, 27158, 0, 6790, 0, 0, 0, 0, 0, 0, 31951977, 27152.937936, 27157.937925, 0.000000
8312, 7, 8.000954, 210007932, 1.000038, 27114, 27114, 27111, 0, 6778, 0, 0, 4, 0, 0, 0, 31789781, 27112.975904, 27109.976017, 0.000000
