ThreadID, cIDX, Time, cycles, deltaT, RX, OnRX, TX, SupTX, OnTX, Idle, OnIdle, Blocked, CacheMiss, CacheHit, CacheWB, CPUIdle, RX/s, TX/s, Sup/s
189, 0, 0, 0, 0, 0, 0, 0, 0, 0, 0, 0, 0, 0, 0, 0, 0, 0, 0, 0
189, 0, 1.000003, 210000685, 1.000003, 27305, 27305, 27308, 0, 6827, 0, 0, 0, 0, 0, 0, 25950348, 27304.910934, 27307.910924, 0.000000
189, 1, 2.000028, 210005293, 1.000025, 27115, 27115, 27108, 0, 6777, 0, 0, 0, 0, 0, 0, 25853209, 27114.316590, 27107.316767, 0.000000
189, 2, 3.000034, 210001146, 1.000005, 27100, 27100, 27112, 0, 6778, 0, 0, 3, 0, 0, 0, 25989295, 27099.852112, 27111.852047, 0.000000
189, 3, 4.000038, 210000809, 1.000004, 27170, 27170, 27164, 0, 6791, 0, 0, 1, 0, 0, 0, 25878555, 27169.895331, 27163.895354, 0.000000
189, 4, 5.000042, 210000826, 1.000004, 27132, 27132, 27130, 0, 6783, 0, 0, 0, 0, 0, 0, 26184327, 27131.893281, 27129.893289, 0.000000
189, 5, 6.000064, 210004612, 1.000022, 27087, 27087, 27082, 0, 6770, 0, 0, 0, 0, 0, 0, 26493881, 27086.405131, 27081.405241, 0.000000
189, 6, 7.000124, 210012736, 1.000061, 27207, 27207, 27212, 0, 6803, 0, 0, 0, 0, 0, 0, 26357314, 27205.350060, 27210.349757, 0.000000
189, 7, 8.000221, 210020292, 1.000097, 27077, 27077, 27076, 0, 6769, 0, 0, 0, 0, 0, 0, 26130698, 27074.383841, 27073.383938, 0.000000
