ThreadID, cIDX, Time, cycles, deltaT, RX, OnRX, TX, SupTX, OnTX, Idle, OnIdle, Blocked, CacheMiss, CacheHit, CacheWB, CPUIdle, RX/s, TX/s, Sup/s
1909, 0, 0, 0, 0, 0, 0, 0, 0, 0, 0, 0, 0, 0, 0, 0, 0, 0, 0, 0
1909, 0, 1.000003, 210000722, 1.000003, 31502, 31502, 31484, 0, 7871, 0, 0, 0, 0, 0, 0, 30883786, 31501.891693, 31483.891755, 0.000000
1909, 1, 2.000005, 210000330, 1.000002, 31671, 31671, 31681, 0, 7921, 0, 0, 5, 0, 0, 0, 30811832, 31670.950231, 31680.950216, 0.000000
1909, 2, 3.000010, 210001152, 1.000005, 31635, 31635, 31629, 0, 7907, 0, 0, 9, 0, 0, 0, 31051068, 31634.826460, 31628.826493, 0.000000
1909, 3, 4.000019, 210001690, 1.000008, 31760, 31760, 31782, 0, 7945, 0, 0, 13, 0, 0, 0, 31165732, 31759.744410, 31781.744233, 0.000000
1909, 4, 5.000084, 210013710, 1.000065, 31686, 31686, 31664, 0, 7916, 0, 0, 0, 0, 0, 0, 31439158, 31683.931492, 31661.932928, 0.000000
1909, 5, 6.000245, 210033766, 1.000161, 31583, 31583, 31580, 0, 7895, 0, 0, 4, 0, 0, 0, 31758884, 31577.922571, 31574.923053, 0.000000
1909, 6, 7.000278, 210006987, 1.000033, 31600, 31600, 31628, 0, 7907, 0, 0, 1, 0, 0, 0, 31551287, 31598.948658, 31626.947726, 0.000000
1909, 7, 8.000281, 210000696, 1.000003, 31747, 31747, 31731, 0, 7933, 0, 0, 0, 0, 0, 0, 31410529, 31746.894782, 31730.894835, 0.000000
