ThreadID, cIDX, Time, cycles, deltaT, RX, OnRX, TX, SupTX, OnTX, Idle, OnIdle, Blocked, CacheMiss, CacheHit, CacheWB, CPUIdle, RX/s, TX/s, Sup/s
2915, 0, 0, 0, 0, 0, 0, 0, 0, 0, 0, 0, 0, 0, 0, 0, 0, 0, 0, 0
2915, 0, 1.000433, 210090835, 1.000433, 31612, 31612, 31620, 0, 7905, 0, 0, 0, 0, 0, 0, 29031944, 31598.332217, 31606.328758, 0.000000
2915, 1, 2.000506, 210015451, 1.000074, 31692, 31692, 31680, 0, 7920, 0, 0, 0, 0, 0, 0, 28777364, 31689.668395, 31677.669278, 0.000000
2915, 2, 3.000609, 210021704, 1.000103, 31710, 31710, 31720, 0, 7930, 0, 0, 9, 0, 0, 0, 29000122, 31706.723035, 31716.722001, 0.000000
2915, 3, 4.000629, 210004015, 1.000019, 31667, 31667, 31672, 0, 7918, 0, 0, 11, 0, 0, 0, 29087548, 31666.394569, 31671.394473, 0.000000
2915, 4, 5.000713, 210017742, 1.000084, 31579, 31579, 31580, 0, 7895, 0, 0, 4, 0, 0, 0, 29410159, 31576.332251, 31577.332167, 0.000000
2915, 5, 6.000941, 210047872, 1.000228, 31656, 31656, 31648, 0, 7912, 0, 0, 0, 0, 0, 0, 29881972, 31648.785283, 31640.787106, 0.000000
2915, 6, 7.000999, 210012132, 1.000058, 31605, 31605, 31588, 0, 7897, 0, 0, 1, 0, 0, 0, 29537782, 31603.174239, 31586.175222, 0.000000
2915, 7, 8.001003, 210000976, 1.000005, 31609, 31609, 31626, 0, 7907, 0, 0, 0, 0, 0, 0, 29510395, 31608.853094, 31625.853015, 0.000000
