ThreadID, cIDX, Time, cycles, deltaT, RX, OnRX, TX, SupTX, OnTX, Idle, OnIdle, Blocked, CacheMiss, CacheHit, CacheWB, CPUIdle, RX/s, TX/s, Sup/s
1317, 0, 0, 0, 0, 0, 0, 0, 0, 0, 0, 0, 0, 0, 0, 0, 0, 0, 0, 0
1317, 0, 1.000416, 210087418, 1.000416, 31568, 31568, 31576, 0, 7894, 0, 0, 0, 0, 0, 0, 28266191, 31554.864461, 31562.861132, 0.000000
1317, 1, 2.000421, 210001070, 1.000005, 31698, 31698, 31687, 0, 7922, 0, 0, 6, 0, 0, 0, 28342304, 31697.838492, 31686.838548, 0.000000
1317, 2, 3.000424, 210000608, 1.000003, 31689, 31689, 31688, 0, 7922, 0, 0, 8, 0, 0, 0, 28403167, 31688.908253, 31687.908256, 0.000000
1317, 3, 4.000425, 210000227, 1.000001, 31669, 31669, 31674, 0, 7919, 0, 0, 6, 0, 0, 0, 28542899, 31668.965767, 31673.965762, 0.000000
1317, 4, 5.000486, 210012839, 1.000061, 31686, 31686, 31679, 0, 7919, 0, 0, 3, 0, 0, 0, 28670116, 31684.062897, 31677.063325, 0.000000
1317, 5, 6.000987, 210105020, 1.000500, 31596, 31596, 31584, 0, 7896, 0, 0, 5, 0, 0, 0, 28995466, 31580.206889, 31568.212887, 0.000000
1317, 6, 7.001001, 210002946, 1.000014, 31713, 31713, 31733, 0, 7934, 0, 0, 0, 0, 0, 0, 28830452, 31712.555118, 31732.554838, 0.000000
1317, 7, 8.001004, 210000661, 1.000003, 31629, 31629, 31633, 0, 7908, 0, 0, 1, 0, 0, 0, 28680965, 31628.900444, 31632.900432, 0.000000
