ThreadID, cIDX, Time, cycles, deltaT, RX, OnRX, TX, SupTX, OnTX, Idle, OnIdle, Blocked, CacheMiss, CacheHit, CacheWB, CPUIdle, RX/s, TX/s, Sup/s
2444, 0, 0, 0, 0, 0, 0, 0, 0, 0, 0, 0, 0, 0, 0, 0, 0, 0, 0, 0
2444, 0, 1.000041, 210008657, 1.000041, 27241, 27241, 27240, 0, 6810, 0, 0, 2, 644880, 182147109, 268129, 31600104, 27239.877068, 27238.877110, 0.000000
2444, 1, 2.000743, 210147366, 1.000702, 27184, 27184, 27184, 0, 6796, 0, 0, 4, 572409, 182199941, 232272, 31655879, 27164.937199, 27164.937199, 0.000000
2444, 2, 3.000822, 210016698, 1.000080, 27143, 27143, 27144, 0, 6786, 0, 0, 1, 547373, 182135636, 220028, 31718738, 27140.841915, 27141.841836, 0.000000
2444, 3, 4.000824, 210000286, 1.000001, 27097, 27097, 27097, 0, 6775, 0, 0, 5, 535368, 182047480, 212896, 31811148, 27096.963097, 27096.963097, 0.000000
2444, 4, 5.000839, 210003282, 1.000016, 27124, 27124, 27124, 0, 6781, 0, 0, 3, 527206, 181952180, 208471, 32028245, 27123.576097, 27123.576097, 0.000000
2444, 5, 6.000851, 210002494, 1.000012, 27202, 27202, 27204, 0, 6801, 0, 0, 3, 520076, 181718666, 205318, 32423811, 27201.676948, 27203.676924, 0.000000
2444, 6, 7.000869, 210003751, 1.000018, 27155, 27155, 27155, 0, 6788, 0, 0, 2, 512851, 181737932, 201220, 32399631, 27154.514969, 27154.514969, 0.000000
2444, 7, 8.000939, 210014735, 1.000070, 27083, 27083, 27088, 0, 6772, 0, 0, 4, 515501, 181865184, 203030, 32332699, 27081.099809, 27086.099459, 0.000000
