ThreadID, cIDX, Time, cycles, deltaT, RX, OnRX, TX, SupTX, OnTX, Idle, OnIdle, Blocked, CacheMiss, CacheHit, CacheWB, CPUIdle, RX/s, TX/s, Sup/s
2658, 0, 0, 0, 0, 0, 0, 0, 0, 0, 0, 0, 0, 0, 0, 0, 0, 0, 0, 0
2658, 0, 1.000524, 210109986, 1.000524, 31653, 31653, 31656, 0, 7914, 0, 0, 0, 0, 0, 0, 28983183, 31636.430645, 31639.429075, 0.000000
2658, 1, 2.000527, 210000607, 1.000003, 31686, 31686, 31680, 0, 7920, 0, 0, 8, 0, 0, 0, 28766060, 31685.908413, 31679.908430, 0.000000
2658, 2, 3.000741, 210045085, 1.000215, 31707, 31707, 31720, 0, 7930, 0, 0, 8, 0, 0, 0, 28976269, 31700.194270, 31713.191480, 0.000000
2658, 3, 4.000768, 210005696, 1.000027, 31674, 31674, 31667, 0, 7917, 0, 0, 0, 0, 0, 0, 29155803, 31673.140904, 31666.141094, 0.000000
2658, 4, 5.001083, 210066001, 1.000314, 31596, 31596, 31577, 0, 7894, 0, 0, 11, 0, 0, 0, 29531598, 31586.072798, 31567.078768, 0.000000
2658, 5, 6.001089, 210001294, 1.000006, 31634, 31634, 31645, 0, 7912, 0, 0, 3, 0, 0, 0, 29953243, 31633.805076, 31644.805008, 0.000000
2658, 6, 7.001093, 210000860, 1.000004, 31600, 31600, 31618, 0, 7904, 0, 0, 0, 0, 0, 0, 29735482, 31599.870591, 31617.870517, 0.000000
2658, 7, 8.001317, 210047109, 1.000224, 31631, 31631, 31605, 0, 7901, 0, 0, 0, 0, 0, 0, 29564717, 31623.905854, 31597.911686, 0.000000
