ThreadID, cIDX, Time, cycles, deltaT, RX, OnRX, TX, SupTX, OnTX, Idle, OnIdle, Blocked, CacheMiss, CacheHit, CacheWB, CPUIdle, RX/s, TX/s, Sup/s
9646, 0, 0, 0, 0, 0, 0, 0, 0, 0, 0, 0, 0, 0, 0, 0, 0, 0, 0, 0
9646, 0, 1.000012, 210002558, 1.000012, 27229, 27229, 27224, 0, 6806, 0, 0, 1, 0, 0, 0, 28347701, 27228.668329, 27223.668390, 0.000000
9646, 1, 2.000030, 210003736, 1.000018, 27146, 27146, 27148, 0, 6787, 0, 0, 8, 0, 0, 0, 28102274, 27145.517068, 27147.517033, 0.000000
9646, 2, 3.000054, 210005114, 1.000024, 27159, 27159, 27159, 0, 6790, 0, 0, 6, 0, 0, 0, 28266071, 27158.338630, 27158.338630, 0.000000
9646, 3, 4.000065, 210002328, 1.000011, 27183, 27183, 27189, 0, 6797, 0, 0, 11, 0, 0, 0, 28438081, 27182.698660, 27188.698594, 0.000000
9646, 4, 5.000075, 210001967, 1.000009, 27085, 27085, 27080, 0, 6770, 0, 0, 4, 0, 0, 0, 28688986, 27084.746306, 27079.746353, 0.000000
9646, 5, 6.000138, 210013242, 1.000063, 27040, 27040, 27036, 0, 6759, 0, 0, 0, 0, 0, 0, 29050513, 27038.295042, 27034.295295, 0.000000
9646, 6, 7.000182, 210009261, 1.000044, 27149, 27149, 27156, 0, 6789, 0, 0, 14, 0, 0, 0, 28780872, 27147.802782, 27154.802473, 0.000000
9646, 7, 8.000207, 210005333, 1.000025, 27064, 27064, 27068, 0, 6767, 0, 0, 0, 0, 0, 0, 28842188, 27063.312721, 27067.312619, 0.000000
