ThreadID, cIDX, Time, cycles, deltaT, RX, OnRX, TX, SupTX, OnTX, Idle, OnIdle, Blocked, CacheMiss, CacheHit, CacheWB, CPUIdle, RX/s, TX/s, Sup/s
9932, 0, 0, 0, 0, 0, 0, 0, 0, 0, 0, 0, 0, 0, 0, 0, 0, 0, 0, 0
9932, 0, 1.000023, 210004929, 1.000023, 27238, 27238, 27236, 0, 6809, 0, 0, 0, 653181, 182139767, 270596, 29002486, 27237.360700, 27235.360747, 0.000000
9932, 1, 2.000032, 210001872, 1.000009, 27189, 27189, 27192, 0, 6798, 0, 0, 8, 564271, 182153889, 231895, 29050192, 27188.757632, 27191.757605, 0.000000
9932, 2, 3.000045, 210002708, 1.000013, 27130, 27130, 27131, 0, 6783, 0, 0, 1, 541170, 182090338, 219083, 29119086, 27129.650157, 27130.650144, 0.000000
9932, 3, 4.000049, 210000739, 1.000004, 27071, 27071, 27069, 0, 6767, 0, 0, 3, 525379, 182034650, 211005, 29228640, 27070.904736, 27068.904743, 0.000000
9932, 4, 5.000131, 210017331, 1.000083, 27075, 27075, 27076, 0, 6769, 0, 0, 0, 517014, 181901369, 206089, 29625953, 27072.765723, 27073.765641, 0.000000
9932, 5, 6.000143, 210002428, 1.000012, 27162, 27162, 27161, 0, 6791, 0, 0, 7, 508176, 181693940, 202449, 29912627, 27161.685959, 27160.685971, 0.000000
9932, 6, 7.000167, 210005069, 1.000024, 27010, 27010, 27004, 0, 6751, 0, 0, 5, 510667, 181836535, 202135, 29748275, 27009.348046, 27003.348191, 0.000000
9932, 7, 8.000270, 210021552, 1.000103, 27102, 27102, 27107, 0, 6776, 0, 0, 0, 511013, 181966489, 203229, 29507798, 27099.218846, 27104.218333, 0.000000
