ThreadID, cIDX, Time, cycles, deltaT, RX, OnRX, TX, SupTX, OnTX, Idle, OnIdle, Blocked, CacheMiss, CacheHit, CacheWB, CPUIdle, RX/s, TX/s, Sup/s
10039, 0, 0, 0, 0, 0, 0, 0, 0, 0, 0, 0, 0, 0, 0, 0, 0, 0, 0, 0
10039, 0, 1.000005, 210001032, 1.000005, 30517, 30517, 30518, 0, 7912, 0, 0, 0, 0, 0, 0, 28201357, 30516.850031, 30517.850027, 0.000000
10039, 1, 2.000018, 210002790, 1.000013, 30508, 30508, 30519, 0, 7913, 0, 0, 8, 0, 0, 0, 28243742, 30507.594685, 30518.594539, 0.000000
10039, 2, 3.000025, 210001395, 1.000007, 30577, 30577, 30563, 0, 7925, 0, 0, 3, 0, 0, 0, 28379365, 30576.796883, 30562.796976, 0.000000
10039, 3, 4.000032, 210001458, 1.000007, 30520, 30520, 30523, 0, 7912, 0, 0, 9, 0, 0, 0, 28521442, 30519.788105, 30522.788085, 0.000000
10039, 4, 5.000040, 210001655, 1.000008, 30568, 30568, 30572, 0, 7926, 0, 0, 12, 0, 0, 0, 28826026, 30567.759097, 30571.759065, 0.000000
10039, 5, 6.000075, 210007448, 1.000035, 30464, 30464, 30453, 0, 7895, 0, 0, 0, 0, 0, 0, 29109480, 30462.919582, 30451.919972, 0.000000
10039, 6, 7.000078, 210000657, 1.000003, 30572, 30572, 30571, 0, 7927, 0, 0, 0, 0, 0, 0, 28992086, 30571.904354, 30570.904357, 0.000000
10039, 7, 8.000085, 210001449, 1.000007, 30513, 30513, 30522, 0, 7912, 0, 0, 0, 0, 0, 0, 28874526, 30512.789462, 30521.789400, 0.000000
