ThreadID, cIDX, Time, cycles, deltaT, RX, OnRX, TX, SupTX, OnTX, Idle, OnIdle, Blocked, CacheMiss, CacheHit, CacheWB, CPUIdle, RX/s, TX/s, Sup/s
9764, 0, 0, 0, 0, 0, 0, 0, 0, 0, 0, 0, 0, 0, 0, 0, 0, 0, 0, 0
9764, 0, 1.000098, 210020516, 1.000098, 31545, 31545, 31536, 0, 7884, 0, 0, 0, 0, 0, 0, 28401833, 31541.918505, 31532.919384, 0.000000
9764, 1, 2.000460, 210076114, 1.000362, 31679, 31679, 31686, 0, 7922, 0, 0, 10, 0, 0, 0, 28218398, 31667.522182, 31674.519646, 0.000000
9764, 2, 3.000496, 210007536, 1.000036, 31688, 31688, 31687, 0, 7922, 0, 0, 11, 0, 0, 0, 28413622, 31686.862894, 31685.862930, 0.000000
9764, 3, 4.000535, 210008230, 1.000039, 31721, 31721, 31718, 0, 7929, 0, 0, 11, 0, 0, 0, 28606678, 31719.756888, 31716.757005, 0.000000
9764, 4, 5.000819, 210059502, 1.000283, 31718, 31718, 31709, 0, 7927, 0, 0, 1, 0, 0, 0, 28816802, 31709.015477, 31700.018026, 0.000000
9764, 5, 6.001253, 210091282, 1.000435, 31593, 31593, 31585, 0, 7897, 0, 0, 10, 0, 0, 0, 29107473, 31579.273242, 31571.276718, 0.000000
9764, 6, 7.001426, 210036245, 1.000173, 31685, 31685, 31695, 0, 7923, 0, 0, 0, 0, 0, 0, 28843074, 31679.532264, 31689.530538, 0.000000
9764, 7, 8.001649, 210046949, 1.000224, 31730, 31730, 31728, 0, 7932, 0, 0, 1, 0, 0, 0, 28659769, 31722.907815, 31720.908262, 0.000000
