ThreadID, cIDX, Time, cycles, deltaT, RX, OnRX, TX, SupTX, OnTX, Idle, OnIdle, Blocked, CacheMiss, CacheHit, CacheWB, CPUIdle, RX/s, TX/s, Sup/s
534, 0, 0, 0, 0, 0, 0, 0, 0, 0, 0, 0, 0, 0, 0, 0, 0, 0, 0, 0
534, 0, 1.000007, 210001557, 1.000007, 31549, 31549, 31557, 0, 7890, 0, 0, 0, 0, 0, 0, 27563861, 31548.766088, 31556.766029, 0.000000
534, 1, 2.000152, 210030302, 1.000144, 31719, 31719, 31695, 0, 7923, 0, 0, 3, 0, 0, 0, 27584847, 31714.423760, 31690.427222, 0.000000
534, 2, 3.000247, 210020054, 1.000095, 31687, 31687, 31708, 0, 7927, 0, 0, 0, 0, 0, 0, 27639788, 31683.974331, 31704.972326, 0.000000
534, 3, 4.000252, 210000932, 1.000004, 31672, 31672, 31664, 0, 7916, 0, 0, 0, 0, 0, 0, 27659050, 31671.859437, 31663.859473, 0.000000
534, 4, 5.000265, 210002759, 1.000013, 31634, 31634, 31625, 0, 7907, 0, 0, 0, 0, 0, 0, 28255776, 31633.584395, 31624.584513, 0.000000
534, 5, 6.000286, 210004427, 1.000021, 31649, 31649, 31652, 0, 7913, 0, 0, 0, 0, 0, 0, 28331974, 31648.332823, 31651.332760, 0.000000
534, 6, 7.000311, 210005187, 1.000025, 31561, 31561, 31583, 0, 7895, 0, 0, 1, 0, 0, 0, 28261967, 31560.220463, 31582.219919, 0.000000
534, 7, 8.000321, 210002134, 1.000010, 31621, 31621, 31597, 0, 7900, 0, 0, 1, 0, 0, 0, 28327335, 31620.678674, 31596.678918, 0.000000
