ThreadID, cIDX, Time, cycles, deltaT, RX, OnRX, TX, SupTX, OnTX, Idle, OnIdle, Blocked, CacheMiss, CacheHit, CacheWB, CPUIdle, RX/s, TX/s, Sup/s
2286, 0, 0, 0, 0, 0, 0, 0, 0, 0, 0, 0, 0, 0, 0, 0, 0, 0, 0, 0
2286, 0, 1.000715, 210150201, 1.000715, 27283, 27283, 27284, 0, 6821, 0, 0, 4, 0, 0, 0, 29036294, 27263.499976, 27264.499262, 0.000000
2286, 1, 2.000756, 210008658, 1.000041, 27165, 27165, 27164, 0, 6791, 0, 0, 4, 0, 0, 0, 28706309, 27163.880072, 27162.880113, 0.000000
2286, 2, 3.000761, 210001043, 1.000005, 27116, 27116, 27126, 0, 6782, 0, 0, 2, 0, 0, 0, 29200986, 27115.865325, 27125.865275, 0.000000
2286, 3, 4.000843, 210017167, 1.000082, 27156, 27156, 27142, 0, 6785, 0, 0, 5, 0, 0, 0, 29344776, 27153.780243, 27139.781387, 0.000000
2286, 4, 5.000852, 210001924, 1.000009, 27089, 27089, 27092, 0, 6773, 0, 0, 3, 0, 0, 0, 29401772, 27088.751815, 27091.751788, 0.000000
2286, 5, 6.000854, 210000433, 1.000002, 27110, 27110, 27111, 0, 6778, 0, 0, 3, 0, 0, 0, 29875490, 27109.944102, 27110.944100, 0.000000
2286, 6, 7.000888, 210007020, 1.000033, 27065, 27065, 27065, 0, 6766, 0, 0, 2, 0, 0, 0, 29685877, 27064.095286, 27064.095286, 0.000000
2286, 7, 8.000926, 210008047, 1.000038, 27111, 27111, 27112, 0, 6778, 0, 0, 5, 0, 0, 0, 29451701, 27109.961172, 27110.961134, 0.000000
