ThreadID, cIDX, Time, cycles, deltaT, RX, OnRX, TX, SupTX, OnTX, Idle, OnIdle, Blocked, CacheMiss, CacheHit, CacheWB, CPUIdle, RX/s, TX/s, Sup/s
10474, 0, 0, 0, 0, 0, 0, 0, 0, 0, 0, 0, 0, 0, 0, 0, 0, 0, 0, 0
10474, 0, 1.000022, 210004644, 1.000022, 27263, 27263, 27268, 0, 6817, 0, 0, 0, 0, 0, 0, 28886685, 27262.397112, 27267.397001, 0.000000
10474, 1, 2.000023, 210000211, 1.000001, 27132, 27132, 27128, 0, 6782, 0, 0, 6, 0, 0, 0, 29025791, 27131.972739, 27127.972743, 0.000000
10474, 2, 3.000077, 210011345, 1.000054, 27149, 27149, 27140, 0, 6785, 0, 0, 4, 0, 0, 0, 29050743, 27147.533387, 27138.533873, 0.000000
10474, 3, 4.000433, 210074693, 1.000356, 27102, 27102, 27108, 0, 6777, 0, 0, 5, 0, 0, 0, 29320464, 27092.363762, 27098.361629, 0.000000
10474, 4, 5.000534, 210021298, 1.000101, 27145, 27145, 27145, 0, 6787, 0, 0, 7, 0, 0, 0, 29428138, 27142.247259, 27142.247259, 0.000000
10474, 5, 6.000574, 210008405, 1.000040, 27153, 27153, 27149, 0, 6787, 0, 0, 1, 0, 0, 0, 29964571, 27151.913277, 27147.913437, 0.000000
10474, 6, 7.000614, 210008309, 1.000040, 27159, 27159, 27174, 0, 6793, 0, 0, 0, 0, 0, 0, 29819986, 27157.925451, 27172.924858, 0.000000
10474, 7, 8.000677, 210013169, 1.000063, 27133, 27133, 27124, 0, 6781, 0, 0, 0, 0, 0, 0, 29614611, 27131.298609, 27122.299174, 0.000000
