ThreadID, cIDX, Time, cycles, deltaT, RX, OnRX, TX, SupTX, OnTX, Idle, OnIdle, Blocked, CacheMiss, CacheHit, CacheWB, CPUIdle, RX/s, TX/s, Sup/s
10418, 0, 0, 0, 0, 0, 0, 0, 0, 0, 0, 0, 0, 0, 0, 0, 0, 0, 0, 0
10418, 0, 1.000002, 210000388, 1.000002, 31565, 31565, 31571, 0, 7893, 0, 0, 1, 0, 0, 0, 28070719, 31564.941680, 31570.941669, 0.000000
10418, 1, 2.000087, 210017947, 1.000085, 31670, 31670, 31657, 0, 7914, 0, 0, 6, 0, 0, 0, 28426216, 31667.293653, 31654.294764, 0.000000
10418, 2, 3.000759, 210140997, 1.000671, 31673, 31673, 31689, 0, 7923, 0, 0, 11, 0, 0, 0, 28449488, 31651.748564, 31667.737828, 0.000000
10418, 3, 4.000814, 210011551, 1.000055, 31638, 31638, 31621, 0, 7905, 0, 0, 10, 0, 0, 0, 28495794, 31636.259855, 31619.260790, 0.000000
10418, 4, 5.000948, 210028175, 1.000134, 31705, 31705, 31700, 0, 7925, 0, 0, 6, 0, 0, 0, 28568380, 31700.746816, 31695.747487, 0.000000
10418, 5, 6.000952, 210000956, 1.000005, 31564, 31564, 31556, 0, 7889, 0, 0, 0, 0, 0, 0, 29150341, 31563.856309, 31555.856346, 0.000000
10418, 6, 7.001173, 210046365, 1.000221, 31603, 31603, 31606, 0, 7901, 0, 0, 0, 0, 0, 0, 29154095, 31596.024049, 31599.023387, 0.000000
10418, 7, 8.001181, 210001657, 1.000008, 31720, 31720, 31740, 0, 7935, 0, 0, 0, 0, 0, 0, 28793100, 31719.749716, 31739.749558, 0.000000
