ThreadID, cIDX, Time, cycles, deltaT, RX, OnRX, TX, SupTX, OnTX, Idle, OnIdle, Blocked, CacheMiss, CacheHit, CacheWB, CPUIdle, RX/s, TX/s, Sup/s
10234, 0, 0, 0, 0, 0, 0, 0, 0, 0, 0, 0, 0, 0, 0, 0, 0, 0, 0, 0
10234, 0, 1.000005, 210001110, 1.000005, 27224, 27224, 27228, 0, 6807, 0, 0, 0, 0, 0, 0, 30910623, 27223.856102, 27227.856081, 0.000000
10234, 1, 2.000205, 210041843, 1.000199, 27196, 27196, 27200, 0, 6800, 0, 0, 1, 0, 0, 0, 30978121, 27190.582212, 27194.581415, 0.000000
10234, 2, 3.000235, 210006496, 1.000031, 27131, 27131, 27126, 0, 6782, 0, 0, 11, 0, 0, 0, 31158688, 27130.160774, 27125.160928, 0.000000
10234, 3, 4.000242, 210001349, 1.000006, 27076, 27076, 27071, 0, 6768, 0, 0, 10, 0, 0, 0, 31258043, 27075.826070, 27070.826102, 0.000000
10234, 4, 5.000261, 210003960, 1.000019, 27111, 27111, 27109, 0, 6777, 0, 0, 8, 0, 0, 0, 31463922, 27110.488774, 27108.488811, 0.000000
10234, 5, 6.000262, 210000298, 1.000001, 27206, 27206, 27215, 0, 6804, 0, 0, 6, 0, 0, 0, 31849374, 27205.961393, 27214.961381, 0.000000
10234, 6, 7.000272, 210002033, 1.000010, 27153, 27153, 27151, 0, 6787, 0, 0, 1, 0, 0, 0, 31695519, 27152.737136, 27150.737155, 0.000000
10234, 7, 8.000315, 210009006, 1.000043, 27051, 27051, 27052, 0, 6763, 0, 0, 0, 0, 0, 0, 31353578, 27049.839948, 27050.839905, 0.000000
