ThreadID, cIDX, Time, cycles, deltaT, RX, OnRX, TX, SupTX, OnTX, Idle, OnIdle, Blocked, CacheMiss, CacheHit, CacheWB, CPUIdle, RX/s, TX/s, Sup/s
8597, 0, 0, 0, 0, 0, 0, 0, 0, 0, 0, 0, 0, 0, 0, 0, 0, 0, 0, 0
8597, 0, 1.000131, 210027459, 1.000131, 31557, 31557, 31541, 0, 7886, 0, 0, 1, 0, 0, 0, 29374880, 31552.874236, 31536.876328, 0.000000
8597, 1, 2.000296, 210034733, 1.000165, 31702, 31702, 31716, 0, 7929, 0, 0, 9, 0, 0, 0, 29341017, 31696.757507, 31710.755192, 0.000000
8597, 2, 3.000306, 210002145, 1.000010, 31706, 31706, 31702, 0, 7925, 0, 0, 6, 0, 0, 0, 29442010, 31705.676149, 31701.676190, 0.000000
8597, 3, 4.000357, 210010696, 1.000051, 31650, 31650, 31643, 0, 7911, 0, 0, 5, 0, 0, 0, 29260628, 31648.388042, 31641.388399, 0.000000
8597, 4, 5.000872, 210107987, 1.000514, 31651, 31651, 31650, 0, 7912, 0, 0, 0, 0, 0, 0, 29779489, 31634.732667, 31633.733181, 0.000000
8597, 5, 6.000875, 210000769, 1.000004, 31647, 31647, 31655, 0, 7914, 0, 0, 0, 0, 0, 0, 29973637, 31646.884112, 31654.884083, 0.000000
8597, 6, 7.000896, 210004387, 1.000021, 31561, 31561, 31577, 0, 7894, 0, 0, 0, 0, 0, 0, 30022831, 31560.340689, 31576.340355, 0.000000
8597, 7, 8.001007, 210023314, 1.000111, 31627, 31627, 31604, 0, 7901, 0, 0, 0, 0, 0, 0, 30025416, 31623.489190, 31600.491744, 0.000000
