ThreadID, cIDX, Time, cycles, deltaT, RX, OnRX, TX, SupTX, OnTX, Idle, OnIdle, Blocked, CacheMiss, CacheHit, CacheWB, CPUIdle, RX/s, TX/s, Sup/s
624, 0, 0, 0, 0, 0, 0, 0, 0, 0, 0, 0, 0, 0, 0, 0, 0, 0, 0, 0
624, 0, 1.000084, 210017547, 1.000084, 30521, 30521, 30518, 0, 7912, 0, 0, 0, 0, 0, 0, 28655476, 30518.449966, 30515.450216, 0.000000
624, 1, 2.000139, 210011739, 1.000056, 30551, 30551, 30562, 0, 7925, 0, 0, 0, 0, 0, 0, 28645335, 30549.292295, 30560.291680, 0.000000
624, 2, 3.000326, 210039207, 1.000187, 30498, 30498, 30477, 0, 7902, 0, 0, 1, 0, 0, 0, 28869582, 30492.307086, 30471.311006, 0.000000
624, 3, 4.000361, 210007268, 1.000035, 30627, 30627, 30632, 0, 7942, 0, 0, 0, 0, 0, 0, 28629148, 30625.940051, 30630.939878, 0.000000
624, 4, 5.000367, 210001229, 1.000006, 30509, 30509, 30517, 0, 7910, 0, 0, 1, 0, 0, 0, 29257504, 30508.821451, 30516.821404, 0.000000
624, 5, 6.000379, 210002603, 1.000012, 30486, 30486, 30488, 0, 7905, 0, 0, 0, 0, 0, 0, 29429553, 30485.622123, 30487.622099, 0.000000
624, 6, 7.000388, 210001988, 1.000009, 30517, 30517, 30522, 0, 7914, 0, 0, 0, 0, 0, 0, 29300796, 30516.711108, 30521.711061, 0.000000
624, 7, 8.000392, 210000653, 1.000003, 30616, 30616, 30601, 0, 7933, 0, 0, 0, 0, 0, 0, 29312258, 30615.904799, 30600.904846, 0.000000
