ThreadID, cIDX, Time, cycles, deltaT, RX, OnRX, TX, SupTX, OnTX, Idle, OnIdle, Blocked, CacheMiss, CacheHit, CacheWB, CPUIdle, RX/s, TX/s, Sup/s
8621, 0, 0, 0, 0, 0, 0, 0, 0, 0, 0, 0, 0, 0, 0, 0, 0, 0, 0, 0
8621, 0, 1.000025, 210005166, 1.000025, 27274, 27274, 27276, 0, 6819, 0, 0, 1, 0, 0, 0, 27689465, 27273.329076, 27275.329027, 0.000000
8621, 1, 2.000263, 210050101, 1.000239, 27126, 27126, 27129, 0, 6783, 0, 0, 10, 0, 0, 0, 27642417, 27119.529926, 27122.529210, 0.000000
8621, 2, 3.000271, 210001690, 1.000008, 27095, 27095, 27091, 0, 6772, 0, 0, 1, 0, 0, 0, 27753106, 27094.781952, 27090.781984, 0.000000
8621, 3, 4.000316, 210009339, 1.000044, 27208, 27208, 27208, 0, 6802, 0, 0, 2, 0, 0, 0, 27625593, 27206.790075, 27206.790075, 0.000000
8621, 4, 5.000427, 210023463, 1.000112, 27122, 27122, 27116, 0, 6779, 0, 0, 0, 0, 0, 0, 28068205, 27118.970036, 27112.970707, 0.000000
8621, 5, 6.000442, 210003034, 1.000014, 27082, 27082, 27084, 0, 6771, 0, 0, 0, 0, 0, 0, 28283701, 27081.608735, 27083.608706, 0.000000
8621, 6, 7.000512, 210014653, 1.000070, 27209, 27209, 27204, 0, 6801, 0, 0, 0, 0, 0, 0, 28369864, 27207.101592, 27202.101941, 0.000000
8621, 7, 8.000604, 210019438, 1.000093, 27093, 27093, 27100, 0, 6775, 0, 0, 2, 0, 0, 0, 28459076, 27090.492452, 27097.491805, 0.000000
