ThreadID, cIDX, Time, cycles, deltaT, RX, OnRX, TX, SupTX, OnTX, Idle, OnIdle, Blocked, CacheMiss, CacheHit, CacheWB, CPUIdle, RX/s, TX/s, Sup/s
9623, 0, 0, 0, 0, 0, 0, 0, 0, 0, 0, 0, 0, 0, 0, 0, 0, 0, 0, 0
9623, 0, 1.000027, 210005751, 1.000027, 30571, 30571, 30577, 0, 7927, 0, 0, 0, 0, 0, 0, 29776136, 30570.162814, 30576.162650, 0.000000
9623, 1, 2.000034, 210001295, 1.000006, 30560, 30560, 30542, 0, 7919, 0, 0, 5, 0, 0, 0, 29727162, 30559.811548, 30541.811659, 0.000000
9623, 2, 3.000049, 210003330, 1.000016, 30575, 30575, 30587, 0, 7929, 0, 0, 10, 0, 0, 0, 29837482, 30574.515176, 30586.514985, 0.000000
9623, 3, 4.000063, 210002889, 1.000014, 30440, 30440, 30438, 0, 7892, 0, 0, 10, 0, 0, 0, 30009554, 30439.581238, 30437.581266, 0.000000
9623, 4, 5.000081, 210003680, 1.000018, 30522, 30522, 30532, 0, 7917, 0, 0, 6, 0, 0, 0, 30273995, 30521.465148, 30531.464972, 0.000000
9623, 5, 6.000087, 210001325, 1.000006, 30562, 30562, 30554, 0, 7921, 0, 0, 4, 0, 0, 0, 30614579, 30561.807170, 30553.807220, 0.000000
9623, 6, 7.000304, 210045655, 1.000217, 30567, 30567, 30554, 0, 7920, 0, 0, 4, 0, 0, 0, 30375717, 30560.356033, 30547.358859, 0.000000
9623, 7, 8.000346, 210008641, 1.000041, 30494, 30494, 30509, 0, 7910, 0, 0, 0, 0, 0, 0, 30408266, 30492.745296, 30507.744679, 0.000000
