ThreadID, cIDX, Time, cycles, deltaT, RX, OnRX, TX, SupTX, OnTX, Idle, OnIdle, Blocked, CacheMiss, CacheHit, CacheWB, CPUIdle, RX/s, TX/s, Sup/s
776, 0, 0, 0, 0, 0, 0, 0, 0, 0, 0, 0, 0, 0, 0, 0, 0, 0, 0, 0
776, 0, 1.000067, 210014168, 1.000067, 30453, 30453, 30440, 0, 7892, 0, 0, 0, 687141, 183287889, 287755, 30012258, 30450.945576, 30437.946453, 0.000000
776, 1, 2.000144, 210016145, 1.000077, 30547, 30547, 30574, 0, 7925, 0, 0, 0, 610965, 183327540, 249782, 30085997, 30544.651698, 30571.649622, 0.000000
776, 2, 3.000171, 210005578, 1.000027, 30572, 30572, 30546, 0, 7921, 0, 0, 0, 586912, 183224391, 239494, 30281589, 30571.187971, 30545.188662, 0.000000
776, 3, 4.000198, 210005585, 1.000027, 30555, 30555, 30559, 0, 7924, 0, 0, 0, 577949, 183288185, 233275, 30158404, 30554.187404, 30558.187298, 0.000000
776, 4, 5.000236, 210008033, 1.000038, 30473, 30473, 30478, 0, 7902, 0, 0, 0, 567965, 183073677, 229907, 30527314, 30471.834380, 30476.834189, 0.000000
776, 5, 6.000239, 210000739, 1.000004, 30525, 30525, 30520, 0, 7914, 0, 0, 0, 561760, 182926052, 226454, 30791297, 30524.892581, 30519.892599, 0.000000
776, 6, 7.000247, 210001581, 1.000008, 30480, 30480, 30478, 0, 7901, 0, 0, 0, 557775, 183021497, 223405, 30663008, 30479.770531, 30477.770546, 0.000000
776, 7, 8.000273, 210005482, 1.000026, 30469, 30469, 30480, 0, 7903, 0, 0, 0, 556512, 183134426, 222687, 30510916, 30468.204635, 30479.204348, 0.000000
