ThreadID, cIDX, Time, cycles, deltaT, RX, OnRX, TX, SupTX, OnTX, Idle, OnIdle, Blocked, CacheMiss, CacheHit, CacheWB, CPUIdle, RX/s, TX/s, Sup/s
9503, 0, 0, 0, 0, 0, 0, 0, 0, 0, 0, 0, 0, 0, 0, 0, 0, 0, 0, 0
9503, 0, 1.000536, 210112637, 1.000536, 27204, 27204, 27208, 0, 6802, 0, 0, 0, 0, 0, 0, 29939281, 27189.416503, 27193.414359, 0.000000
9503, 1, 2.000574, 210007968, 1.000038, 27109, 27109, 27103, 0, 6776, 0, 0, 3, 0, 0, 0, 29758899, 27107.971446, 27101.971674, 0.000000
9503, 2, 3.000654, 210016712, 1.000080, 27097, 27097, 27106, 0, 6777, 0, 0, 9, 0, 0, 0, 29975321, 27094.843767, 27103.843050, 0.000000
9503, 3, 4.000701, 210009930, 1.000047, 27208, 27208, 27203, 0, 6800, 0, 0, 8, 0, 0, 0, 29917037, 27206.713511, 27201.713748, 0.000000
9503, 4, 5.000710, 210001783, 1.000008, 27149, 27149, 27160, 0, 6790, 0, 0, 7, 0, 0, 0, 30178801, 27148.769494, 27159.769401, 0.000000
9503, 5, 6.000715, 210001047, 1.000005, 27069, 27069, 27056, 0, 6764, 0, 0, 5, 0, 0, 0, 30584848, 27068.865042, 27055.865107, 0.000000
9503, 6, 7.000779, 210013483, 1.000064, 27097, 27097, 27092, 0, 6773, 0, 0, 0, 0, 0, 0, 30366111, 27095.260355, 27090.260676, 0.000000
9503, 7, 8.000822, 210009025, 1.000043, 27191, 27191, 27200, 0, 6800, 0, 0, 0, 0, 0, 0, 30352342, 27189.831485, 27198.831098, 0.000000
