ThreadID, cIDX, Time, cycles, deltaT, RX, OnRX, TX, SupTX, OnTX, Idle, OnIdle, Blocked, CacheMiss, CacheHit, CacheWB, CPUIdle, RX/s, TX/s, Sup/s
1013, 0, 0, 0, 0, 0, 0, 0, 0, 0, 0, 0, 0, 0, 0, 0, 0, 0, 0, 0
1013, 0, 1.000181, 210037928, 1.000181, 31513, 31513, 31502, 0, 7876, 0, 0, 0, 0, 0, 0, 29274167, 31507.309480, 31496.311466, 0.000000
1013, 1, 2.000186, 210001176, 1.000006, 31718, 31718, 31730, 0, 7932, 0, 0, 0, 0, 0, 0, 29180799, 31717.822380, 31729.822313, 0.000000
1013, 2, 3.000192, 210001209, 1.000006, 31706, 31706, 31703, 0, 7926, 0, 0, 0, 0, 0, 0, 29414222, 31705.817465, 31702.817482, 0.000000
1013, 3, 4.000198, 210001274, 1.000006, 31617, 31617, 31626, 0, 7907, 0, 0, 0, 0, 0, 0, 29328450, 31616.808191, 31625.808137, 0.000000
1013, 4, 5.000344, 210030552, 1.000145, 31718, 31718, 31703, 0, 7925, 0, 0, 0, 0, 0, 0, 29650276, 31713.386155, 31698.388337, 0.000000
1013, 5, 6.000349, 210001172, 1.000006, 31602, 31602, 31614, 0, 7904, 0, 0, 1, 0, 0, 0, 29815748, 31601.823632, 31613.823565, 0.000000
1013, 6, 7.000356, 210001389, 1.000007, 31667, 31667, 31675, 0, 7919, 0, 0, 0, 0, 0, 0, 29811696, 31666.790547, 31674.790494, 0.000000
1013, 7, 8.000381, 210005298, 1.000025, 31646, 31646, 31648, 0, 7912, 0, 0, 0, 0, 0, 0, 29933065, 31645.201637, 31647.201586, 0.000000
