ThreadID, cIDX, Time, cycles, deltaT, RX, OnRX, TX, SupTX, OnTX, Idle, OnIdle, Blocked, CacheMiss, CacheHit, CacheWB, CPUIdle, RX/s, TX/s, Sup/s
8632, 0, 0, 0, 0, 0, 0, 0, 0, 0, 0, 0, 0, 0, 0, 0, 0, 0, 0, 0
8632, 0, 1.000006, 210001161, 1.000006, 27094, 27094, 27099, 0, 6775, 0, 0, 0, 0, 0, 0, 27712968, 27093.850210, 27098.850182, 0.000000
8632, 1, 2.000120, 210024119, 1.000115, 27132, 27132, 27125, 0, 6781, 0, 0, 5, 0, 0, 0, 27608715, 27128.884183, 27121.884987, 0.000000
8632, 2, 3.000266, 210030678, 1.000146, 27134, 27134, 27129, 0, 6783, 0, 0, 8, 0, 0, 0, 27759181, 27130.036689, 27125.037420, 0.000000
8632, 3, 4.000280, 210002742, 1.000013, 27108, 27108, 27108, 0, 6777, 0, 0, 6, 0, 0, 0, 27599954, 27107.646052, 27107.646052, 0.000000
8632, 4, 5.000283, 210000814, 1.000004, 27095, 27095, 27103, 0, 6775, 0, 0, 0, 0, 0, 0, 28075446, 27094.894975, 27102.894944, 0.000000
8632, 5, 6.000292, 210001842, 1.000009, 27152, 27152, 27160, 0, 6790, 0, 0, 0, 0, 0, 0, 28265431, 27151.761840, 27159.761770, 0.000000
8632, 6, 7.000298, 210001249, 1.000006, 26998, 26998, 26995, 0, 6749, 0, 0, 1, 0, 0, 0, 28341652, 26997.839427, 26994.839445, 0.000000
8632, 7, 8.000301, 210000578, 1.000003, 27166, 27166, 27165, 0, 6791, 0, 0, 0, 0, 0, 0, 28467824, 27165.925229, 27164.925232, 0.000000
