ThreadID, cIDX, Time, cycles, deltaT, RX, OnRX, TX, SupTX, OnTX, Idle, OnIdle, Blocked, CacheMiss, CacheHit, CacheWB, CPUIdle, RX/s, TX/s, Sup/s
2610, 0, 0, 0, 0, 0, 0, 0, 0, 0, 0, 0, 0, 0, 0, 0, 0, 0, 0, 0
2610, 0, 1.000007, 210001461, 1.000007, 31633, 31633, 31644, 0, 7911, 0, 0, 0, 0, 0, 0, 28195044, 31632.779926, 31643.779850, 0.000000
2610, 1, 2.000106, 210020753, 1.000099, 31685, 31685, 31665, 0, 7917, 0, 0, 2, 0, 0, 0, 28209113, 31681.869077, 31661.871053, 0.000000
2610, 2, 3.000381, 210057797, 1.000275, 31689, 31689, 31703, 0, 7925, 0, 0, 8, 0, 0, 0, 28317547, 31680.280832, 31694.276980, 0.000000
2610, 3, 4.000395, 210002879, 1.000014, 31683, 31683, 31669, 0, 7918, 0, 0, 8, 0, 0, 0, 28464475, 31682.565647, 31668.565839, 0.000000
2610, 4, 5.000706, 210065426, 1.000312, 31620, 31620, 31615, 0, 7903, 0, 0, 7, 0, 0, 0, 28771115, 31610.151782, 31605.153339, 0.000000
2610, 5, 6.000718, 210002540, 1.000012, 31601, 31601, 31600, 0, 7900, 0, 0, 1, 0, 0, 0, 29307646, 31600.617783, 31599.617795, 0.000000
2610, 6, 7.001237, 210108910, 1.000519, 31651, 31651, 31648, 0, 7912, 0, 0, 1, 0, 0, 0, 29188769, 31634.593697, 31631.595252, 0.000000
2610, 7, 8.001881, 210135169, 1.000644, 31629, 31629, 31628, 0, 7907, 0, 0, 1, 0, 0, 0, 28869477, 31608.654713, 31607.655356, 0.000000
