ThreadID, cIDX, Time, cycles, deltaT, RX, OnRX, TX, SupTX, OnTX, Idle, OnIdle, Blocked, CacheMiss, CacheHit, CacheWB, CPUIdle, RX/s, TX/s, Sup/s
2017, 0, 0, 0, 0, 0, 0, 0, 0, 0, 0, 0, 0, 0, 0, 0, 0, 0, 0, 0
2017, 0, 1.000043, 210009019, 1.000043, 31659, 31659, 31652, 0, 7913, 0, 0, 0, 0, 0, 0, 28953496, 31657.640380, 31650.640680, 0.000000
2017, 1, 2.000087, 210009183, 1.000044, 31696, 31696, 31704, 0, 7926, 0, 0, 2, 0, 0, 0, 28958341, 31694.614040, 31702.613690, 0.000000
2017, 2, 3.000212, 210026381, 1.000126, 31689, 31689, 31704, 0, 7926, 0, 0, 0, 0, 0, 0, 29253563, 31685.019607, 31700.017723, 0.000000
2017, 3, 4.000266, 210011239, 1.000054, 31663, 31663, 31644, 0, 7911, 0, 0, 0, 0, 0, 0, 29322848, 31661.305517, 31642.306534, 0.000000
2017, 4, 5.000276, 210002144, 1.000010, 31643, 31643, 31645, 0, 7912, 0, 0, 7, 0, 0, 0, 29374516, 31642.676943, 31644.676923, 0.000000
2017, 5, 6.000282, 210001307, 1.000006, 31566, 31566, 31564, 0, 7891, 0, 0, 3, 0, 0, 0, 29834706, 31565.803540, 31563.803553, 0.000000
2017, 6, 7.000292, 210002051, 1.000010, 31619, 31619, 31635, 0, 7908, 0, 0, 1, 0, 0, 0, 29752852, 31618.691191, 31634.691035, 0.000000
2017, 7, 8.000294, 210000423, 1.000002, 31626, 31626, 31612, 0, 7903, 0, 0, 0, 0, 0, 0, 29543662, 31625.936296, 31611.936325, 0.000000
