ThreadID, cIDX, Time, cycles, deltaT, RX, OnRX, TX, SupTX, OnTX, Idle, OnIdle, Blocked, CacheMiss, CacheHit, CacheWB, CPUIdle, RX/s, TX/s, Sup/s
1607, 0, 0, 0, 0, 0, 0, 0, 0, 0, 0, 0, 0, 0, 0, 0, 0, 0, 0, 0
1607, 0, 1.000062, 210012971, 1.000062, 31578, 31578, 31564, 0, 7891, 0, 0, 0, 672743, 182075431, 272520, 29208925, 31576.049653, 31562.050517, 0.000000
1607, 1, 2.000172, 210023097, 1.000110, 31681, 31681, 31705, 0, 7927, 0, 0, 6, 583713, 182081490, 231606, 29259673, 31677.515926, 31701.513286, 0.000000
1607, 2, 3.000239, 210014224, 1.000068, 31703, 31703, 31699, 0, 7924, 0, 0, 9, 554513, 182086170, 221190, 29202422, 31700.852796, 31696.853066, 0.000000
1607, 3, 4.000241, 210000277, 1.000001, 31648, 31648, 31649, 0, 7913, 0, 0, 10, 537425, 182000521, 213886, 29382788, 31647.958255, 31648.958254, 0.000000
1607, 4, 5.000247, 210001311, 1.000006, 31704, 31704, 31705, 0, 7926, 0, 0, 8, 521633, 181911177, 204695, 29524491, 31703.802078, 31704.802071, 0.000000
1607, 5, 6.000327, 210016758, 1.000080, 31594, 31594, 31594, 0, 7898, 0, 0, 1, 505696, 181737147, 197229, 29992318, 31591.479000, 31591.479000, 0.000000
1607, 6, 7.000333, 210001220, 1.000006, 31671, 31671, 31654, 0, 7914, 0, 0, 0, 509263, 181894260, 198526, 29540965, 31670.816008, 31653.816106, 0.000000
1607, 7, 8.000340, 210001489, 1.000007, 31670, 31670, 31687, 0, 7922, 0, 0, 2, 506808, 181907699, 198262, 29712997, 31669.775446, 31686.775326, 0.000000
