ThreadID, cIDX, Time, cycles, deltaT, RX, OnRX, TX, SupTX, OnTX, Idle, OnIdle, Blocked, CacheMiss, CacheHit, CacheWB, CPUIdle, RX/s, TX/s, Sup/s
11046, 0, 0, 0, 0, 0, 0, 0, 0, 0, 0, 0, 0, 0, 0, 0, 0, 0, 0, 0
11046, 0, 1.000033, 210006834, 1.000033, 31582, 31582, 31588, 0, 7897, 0, 0, 0, 0, 0, 0, 28244577, 31580.972265, 31586.972070, 0.000000
11046, 1, 2.000115, 210017228, 1.000082, 31711, 31711, 31709, 0, 7928, 0, 0, 1, 0, 0, 0, 28245078, 31708.398703, 31706.398867, 0.000000
11046, 2, 3.000384, 210056656, 1.000270, 31638, 31638, 31620, 0, 7905, 0, 0, 8, 0, 0, 0, 28424345, 31629.466671, 31611.471526, 0.000000
11046, 3, 4.000472, 210018400, 1.000088, 31713, 31713, 31723, 0, 7930, 0, 0, 6, 0, 0, 0, 28434300, 31710.221581, 31720.220704, 0.000000
11046, 4, 5.000480, 210001615, 1.000008, 31613, 31613, 31629, 0, 7908, 0, 0, 7, 0, 0, 0, 28793120, 31612.756883, 31628.756760, 0.000000
11046, 5, 6.000516, 210007688, 1.000037, 31625, 31625, 31611, 0, 7902, 0, 0, 1, 0, 0, 0, 29098217, 31623.842266, 31609.842779, 0.000000
11046, 6, 7.000631, 210024042, 1.000114, 31652, 31652, 31640, 0, 7910, 0, 0, 0, 0, 0, 0, 28880540, 31648.376713, 31636.378087, 0.000000
11046, 7, 8.000640, 210002010, 1.000010, 31635, 31635, 31644, 0, 7911, 0, 0, 0, 0, 0, 0, 28726068, 31634.697211, 31643.697125, 0.000000
