ThreadID, cIDX, Time, cycles, deltaT, RX, OnRX, TX, SupTX, OnTX, Idle, OnIdle, Blocked, CacheMiss, CacheHit, CacheWB, CPUIdle, RX/s, TX/s, Sup/s
10709, 0, 0, 0, 0, 0, 0, 0, 0, 0, 0, 0, 0, 0, 0, 0, 0, 0, 0, 0
10709, 0, 1.000004, 210000848, 1.000004, 31566, 31566, 31553, 0, 7889, 0, 0, 0, 0, 0, 0, 29004002, 31565.872534, 31552.872586, 0.000000
10709, 1, 2.000019, 210003161, 1.000015, 31680, 31680, 31692, 0, 7923, 0, 0, 5, 0, 0, 0, 29144804, 31679.523148, 31691.522967, 0.000000
10709, 2, 3.000051, 210006636, 1.000032, 31629, 31629, 31635, 0, 7908, 0, 0, 8, 0, 0, 0, 29249982, 31628.000555, 31634.000366, 0.000000
10709, 3, 4.000111, 210012638, 1.000060, 31714, 31714, 31724, 0, 7931, 0, 0, 7, 0, 0, 0, 29407020, 31712.091536, 31722.090934, 0.000000
10709, 4, 5.000205, 210019804, 1.000094, 31666, 31666, 31644, 0, 7911, 0, 0, 0, 0, 0, 0, 29621019, 31663.014027, 31641.016102, 0.000000
10709, 5, 6.000239, 210007089, 1.000034, 31575, 31575, 31565, 0, 7892, 0, 0, 7, 0, 0, 0, 30182280, 31573.934154, 31563.934492, 0.000000
10709, 6, 7.000246, 210001556, 1.000007, 31677, 31677, 31680, 0, 7920, 0, 0, 3, 0, 0, 0, 29889334, 31676.765290, 31679.765268, 0.000000
10709, 7, 8.000395, 210031159, 1.000148, 31657, 31657, 31683, 0, 7920, 0, 0, 0, 0, 0, 0, 29732556, 31652.303552, 31678.299695, 0.000000
