ThreadID, cIDX, Time, cycles, deltaT, RX, OnRX, TX, SupTX, OnTX, Idle, OnIdle, Blocked, CacheMiss, CacheHit, CacheWB, CPUIdle, RX/s, TX/s, Sup/s
748, 0, 0, 0, 0, 0, 0, 0, 0, 0, 0, 0, 0, 0, 0, 0, 0, 0, 0, 0
748, 0, 1.000065, 210013641, 1.000065, 27291, 27291, 27288, 0, 6822, 0, 0, 0, 0, 0, 0, 26803954, 27289.227370, 27286.227565, 0.000000
748, 1, 2.000123, 210012237, 1.000058, 27124, 27124, 27124, 0, 6781, 0, 0, 0, 0, 0, 0, 26719447, 27122.419538, 27122.419538, 0.000000
748, 2, 3.000137, 210002923, 1.000014, 27092, 27092, 27097, 0, 6775, 0, 0, 0, 0, 0, 0, 27031348, 27091.622910, 27096.622841, 0.000000
748, 3, 4.000214, 210016128, 1.000077, 27169, 27169, 27160, 0, 6790, 0, 0, 0, 0, 0, 0, 27008207, 27166.913581, 27157.914272, 0.000000
748, 4, 5.000234, 210004144, 1.000020, 27146, 27146, 27155, 0, 6788, 0, 0, 0, 0, 0, 0, 27412046, 27145.464330, 27154.464152, 0.000000
748, 5, 6.000238, 210000816, 1.000004, 27030, 27030, 27033, 0, 6759, 0, 0, 1, 0, 0, 0, 27626909, 27029.894970, 27032.894958, 0.000000
748, 6, 7.000384, 210030735, 1.000146, 27095, 27095, 27079, 0, 6769, 0, 0, 0, 0, 0, 0, 27437789, 27091.035034, 27075.037375, 0.000000
748, 7, 8.000473, 210018627, 1.000089, 27129, 27129, 27136, 0, 6784, 0, 0, 0, 0, 0, 0, 27393193, 27126.593871, 27133.593250, 0.000000
