ThreadID, cIDX, Time, cycles, deltaT, RX, OnRX, TX, SupTX, OnTX, Idle, OnIdle, Blocked, CacheMiss, CacheHit, CacheWB, CPUIdle, RX/s, TX/s, Sup/s
11020, 0, 0, 0, 0, 0, 0, 0, 0, 0, 0, 0, 0, 0, 0, 0, 0, 0, 0, 0
11020, 0, 1.000021, 210004432, 1.000021, 27269, 27269, 27272, 0, 6818, 0, 0, 0, 669615, 182096344, 281470, 31606391, 27268.424506, 27271.424443, 0.000000
11020, 1, 2.000045, 210004918, 1.000023, 27098, 27098, 27099, 0, 6775, 0, 0, 4, 588222, 182142165, 242326, 31689613, 27097.365406, 27098.365382, 0.000000
11020, 2, 3.000069, 210005145, 1.000025, 27130, 27130, 27129, 0, 6782, 0, 0, 4, 558887, 182080218, 229385, 31871919, 27129.335331, 27128.335356, 0.000000
11020, 3, 4.000074, 210001124, 1.000005, 27171, 27171, 27168, 0, 6792, 0, 0, 6, 535278, 182030124, 219371, 31953359, 27170.854571, 27167.854587, 0.000000
11020, 4, 5.000120, 210009559, 1.000046, 27154, 27154, 27160, 0, 6790, 0, 0, 7, 518418, 181852843, 210608, 32288509, 27152.764032, 27158.763759, 0.000000
11020, 5, 6.000267, 210030878, 1.000147, 27115, 27115, 27104, 0, 6776, 0, 0, 5, 513199, 181690303, 207427, 32583876, 27111.013648, 27100.015265, 0.000000
11020, 6, 7.000293, 210005426, 1.000026, 27138, 27138, 27148, 0, 6787, 0, 0, 6, 513851, 181803810, 208638, 32254905, 27137.298824, 27147.298566, 0.000000
11020, 7, 8.000304, 210002285, 1.000011, 27179, 27179, 27171, 0, 6793, 0, 0, 0, 513665, 181879690, 207686, 32279407, 27178.704270, 27170.704357, 0.000000
