ThreadID, cIDX, Time, cycles, deltaT, RX, OnRX, TX, SupTX, OnTX, Idle, OnIdle, Blocked, CacheMiss, CacheHit, CacheWB, CPUIdle, RX/s, TX/s, Sup/s
1160, 0, 0, 0, 0, 0, 0, 0, 0, 0, 0, 0, 0, 0, 0, 0, 0, 0, 0, 0
1160, 0, 1.000017, 210003546, 1.000017, 27080, 27080, 27076, 0, 6769, 0, 0, 1, 658903, 182056818, 274831, 31716033, 27079.542743, 27075.542810, 0.000000
1160, 1, 2.000021, 210000805, 1.000004, 27196, 27196, 27204, 0, 6801, 0, 0, 0, 576751, 182114469, 234279, 31719923, 27195.895749, 27203.895718, 0.000000
1160, 2, 3.000035, 210002942, 1.000014, 27193, 27193, 27192, 0, 6798, 0, 0, 0, 554241, 182010490, 223086, 31849822, 27192.619044, 27191.619058, 0.000000
1160, 3, 4.000040, 210001055, 1.000005, 27102, 27102, 27097, 0, 6775, 0, 0, 0, 534741, 182101724, 212786, 31691655, 27101.863845, 27096.863871, 0.000000
1160, 4, 5.000057, 210003720, 1.000018, 27076, 27076, 27075, 0, 6768, 0, 0, 0, 525923, 181930071, 208296, 32142098, 27075.520376, 27074.520394, 0.000000
1160, 5, 6.000105, 210009902, 1.000047, 27157, 27157, 27152, 0, 6788, 0, 0, 4, 521418, 181819965, 205132, 32270487, 27155.719543, 27150.719779, 0.000000
1160, 6, 7.000107, 210000489, 1.000002, 27103, 27103, 27110, 0, 6778, 0, 0, 0, 518681, 181879436, 203780, 32200328, 27102.936889, 27109.936873, 0.000000
1160, 7, 8.000123, 210003402, 1.000016, 27056, 27056, 27066, 0, 6766, 0, 0, 0, 516191, 181917733, 202698, 32177208, 27055.561700, 27065.561538, 0.000000
