ThreadID, cIDX, Time, cycles, deltaT, RX, OnRX, TX, SupTX, OnTX, Idle, OnIdle, Blocked, CacheMiss, CacheHit, CacheWB, CPUIdle, RX/s, TX/s, Sup/s
840, 0, 0, 0, 0, 0, 0, 0, 0, 0, 0, 0, 0, 0, 0, 0, 0, 0, 0, 0
840, 0, 1.000008, 210001606, 1.000008, 30437, 30437, 30447, 0, 7894, 0, 0, 0, 697143, 183391879, 286026, 26657022, 30436.767231, 30446.767155, 0.000000
840, 1, 2.000052, 210009280, 1.000044, 30542, 30542, 30536, 0, 7915, 0, 0, 0, 606572, 183410640, 242991, 26716216, 30540.650394, 30534.650659, 0.000000
840, 2, 3.000133, 210017106, 1.000081, 30572, 30572, 30557, 0, 7924, 0, 0, 0, 577079, 183320867, 228729, 26984303, 30569.509895, 30554.511117, 0.000000
840, 3, 4.000193, 210012483, 1.000059, 30556, 30556, 30581, 0, 7929, 0, 0, 1, 566395, 183406515, 223487, 26791466, 30554.183772, 30579.182286, 0.000000
840, 4, 5.000210, 210003714, 1.000018, 30499, 30499, 30485, 0, 7904, 0, 0, 0, 559594, 183187707, 220311, 27245158, 30498.460613, 30484.460861, 0.000000
840, 5, 6.000383, 210036322, 1.000173, 30520, 30520, 30514, 0, 7912, 0, 0, 0, 552931, 183076005, 216926, 27548804, 30514.722116, 30508.723153, 0.000000
840, 6, 7.000398, 210003104, 1.000015, 30460, 30460, 30479, 0, 7901, 0, 0, 1, 549380, 183064158, 214537, 27498554, 30459.549779, 30478.549498, 0.000000
840, 7, 8.000481, 210017332, 1.000083, 30503, 30503, 30474, 0, 7903, 0, 0, 0, 548862, 183193061, 214006, 27276189, 30500.482693, 30471.485087, 0.000000
