ThreadID, cIDX, Time, cycles, deltaT, RX, OnRX, TX, SupTX, OnTX, Idle, OnIdle, Blocked, CacheMiss, CacheHit, CacheWB, CPUIdle, RX/s, TX/s, Sup/s
1784, 0, 0, 0, 0, 0, 0, 0, 0, 0, 0, 0, 0, 0, 0, 0, 0, 0, 0, 0
1784, 0, 1.000009, 210001859, 1.000009, 27113, 27113, 27104, 0, 6776, 0, 0, 0, 0, 0, 0, 30849082, 27112.759988, 27103.760067, 0.000000
1784, 1, 2.000010, 210000319, 1.000002, 27166, 27166, 27184, 0, 6796, 0, 0, 2, 0, 0, 0, 30930950, 27165.958734, 27183.958706, 0.000000
1784, 2, 3.000017, 210001464, 1.000007, 27172, 27172, 27175, 0, 6794, 0, 0, 0, 0, 0, 0, 31074523, 27171.810574, 27174.810553, 0.000000
1784, 3, 4.000048, 210006514, 1.000031, 27075, 27075, 27057, 0, 6764, 0, 0, 0, 0, 0, 0, 31235139, 27074.160185, 27056.160744, 0.000000
1784, 4, 5.000146, 210020566, 1.000098, 27199, 27199, 27196, 0, 6799, 0, 0, 1, 0, 0, 0, 31381767, 27196.336572, 27193.336866, 0.000000
1784, 5, 6.000160, 210002838, 1.000014, 27089, 27089, 27096, 0, 6774, 0, 0, 9, 0, 0, 0, 31802642, 27088.633916, 27095.633822, 0.000000
1784, 6, 7.000182, 210004638, 1.000022, 27143, 27143, 27141, 0, 6786, 0, 0, 0, 0, 0, 0, 31610669, 27142.400541, 27140.400585, 0.000000
1784, 7, 8.000192, 210002127, 1.000010, 27149, 27149, 27155, 0, 6788, 0, 0, 1, 0, 0, 0, 31392742, 27148.725022, 27154.724961, 0.000000
