ThreadID, cIDX, Time, cycles, deltaT, RX, OnRX, TX, SupTX, OnTX, Idle, OnIdle, Blocked, CacheMiss, CacheHit, CacheWB, CPUIdle, RX/s, TX/s, Sup/s
8795, 0, 0, 0, 0, 0, 0, 0, 0, 0, 0, 0, 0, 0, 0, 0, 0, 0, 0, 0
8795, 0, 1.000027, 210005590, 1.000027, 27284, 27284, 27292, 0, 6823, 0, 0, 0, 0, 0, 0, 28488943, 27283.273745, 27291.273532, 0.000000
8795, 1, 2.000032, 210001042, 1.000005, 27114, 27114, 27108, 0, 6777, 0, 0, 0, 0, 0, 0, 28317785, 27113.865464, 27107.865493, 0.000000
8795, 2, 3.000038, 210001301, 1.000006, 27102, 27102, 27099, 0, 6775, 0, 0, 7, 0, 0, 0, 28414165, 27101.832098, 27098.832116, 0.000000
8795, 3, 4.000065, 210005679, 1.000027, 27164, 27164, 27161, 0, 6790, 0, 0, 4, 0, 0, 0, 28371933, 27163.265428, 27160.265509, 0.000000
8795, 4, 5.000086, 210004449, 1.000021, 27146, 27146, 27152, 0, 6788, 0, 0, 4, 0, 0, 0, 29158446, 27145.424905, 27151.424778, 0.000000
8795, 5, 6.000106, 210004282, 1.000020, 27031, 27031, 27028, 0, 6757, 0, 0, 0, 0, 0, 0, 29268160, 27030.448836, 27027.448897, 0.000000
8795, 6, 7.000159, 210011095, 1.000053, 27088, 27088, 27096, 0, 6774, 0, 0, 0, 0, 0, 0, 29288477, 27086.568926, 27094.568504, 0.000000
8795, 7, 8.000182, 210004718, 1.000022, 27138, 27138, 27130, 0, 6783, 0, 0, 0, 0, 0, 0, 28917228, 27137.390313, 27129.390493, 0.000000
