ThreadID, cIDX, Time, cycles, deltaT, RX, OnRX, TX, SupTX, OnTX, Idle, OnIdle, Blocked, CacheMiss, CacheHit, CacheWB, CPUIdle, RX/s, TX/s, Sup/s
1260, 0, 0, 0, 0, 0, 0, 0, 0, 0, 0, 0, 0, 0, 0, 0, 0, 0, 0, 0
1260, 0, 1.000019, 210003953, 1.000019, 27240, 27240, 27232, 0, 6808, 0, 0, 0, 0, 0, 0, 28884776, 27239.487249, 27231.487400, 0.000000
1260, 1, 2.000037, 210003891, 1.000019, 27158, 27158, 27160, 0, 6790, 0, 0, 3, 0, 0, 0, 29032288, 27157.496810, 27159.496773, 0.000000
1260, 2, 3.000298, 210054804, 1.000261, 27111, 27111, 27128, 0, 6782, 0, 0, 4, 0, 0, 0, 29315739, 27103.926650, 27120.922214, 0.000000
1260, 3, 4.000389, 210019134, 1.000091, 27099, 27099, 27088, 0, 6772, 0, 0, 0, 0, 0, 0, 29169833, 27096.531119, 27085.532121, 0.000000
1260, 4, 5.000465, 210015841, 1.000075, 27097, 27097, 27092, 0, 6773, 0, 0, 0, 0, 0, 0, 29369468, 27094.956137, 27089.956514, 0.000000
1260, 5, 6.000536, 210014842, 1.000071, 27126, 27126, 27128, 0, 6782, 0, 0, 0, 0, 0, 0, 29633805, 27124.082973, 27126.082832, 0.000000
1260, 6, 7.000556, 210004271, 1.000020, 27022, 27022, 27028, 0, 6757, 0, 0, 0, 0, 0, 0, 29533748, 27021.450435, 27027.450313, 0.000000
1260, 7, 8.000571, 210003257, 1.000016, 27143, 27143, 27140, 0, 6785, 0, 0, 0, 0, 0, 0, 29572074, 27142.579032, 27139.579078, 0.000000
