ThreadID, cIDX, Time, cycles, deltaT, RX, OnRX, TX, SupTX, OnTX, Idle, OnIdle, Blocked, CacheMiss, CacheHit, CacheWB, CPUIdle, RX/s, TX/s, Sup/s
9325, 0, 0, 0, 0, 0, 0, 0, 0, 0, 0, 0, 0, 0, 0, 0, 0, 0, 0, 0
9325, 0, 1.000025, 210005182, 1.000025, 27270, 27270, 27272, 0, 6818, 0, 0, 1, 0, 0, 0, 29182406, 27269.327097, 27271.327048, 0.000000
9325, 1, 2.000034, 210001962, 1.000009, 27146, 27146, 27145, 0, 6787, 0, 0, 6, 0, 0, 0, 28919273, 27145.746381, 27144.746391, 0.000000
9325, 2, 3.000075, 210008598, 1.000041, 27088, 27088, 27087, 0, 6771, 0, 0, 7, 0, 0, 0, 29157529, 27086.890985, 27085.891026, 0.000000
9325, 3, 4.000087, 210002464, 1.000012, 27166, 27166, 27167, 0, 6792, 0, 0, 6, 0, 0, 0, 29007776, 27165.681256, 27166.681244, 0.000000
9325, 4, 5.000131, 210009256, 1.000044, 27148, 27148, 27149, 0, 6787, 0, 0, 7, 0, 0, 0, 29279983, 27146.803472, 27147.803428, 0.000000
9325, 5, 6.000142, 210002368, 1.000011, 27034, 27034, 27028, 0, 6757, 0, 0, 6, 0, 0, 0, 29626885, 27033.695163, 27027.695231, 0.000000
9325, 6, 7.000226, 210017642, 1.000084, 27106, 27106, 27109, 0, 6778, 0, 0, 7, 0, 0, 0, 29665162, 27103.723029, 27106.722777, 0.000000
9325, 7, 8.000227, 210000247, 1.000001, 27097, 27097, 27099, 0, 6774, 0, 0, 0, 0, 0, 0, 29514067, 27096.968129, 27098.968126, 0.000000
