ThreadID, cIDX, Time, cycles, deltaT, RX, OnRX, TX, SupTX, OnTX, Idle, OnIdle, Blocked, CacheMiss, CacheHit, CacheWB, CPUIdle, RX/s, TX/s, Sup/s
1413, 0, 0, 0, 0, 0, 0, 0, 0, 0, 0, 0, 0, 0, 0, 0, 0, 0, 0, 0
1413, 0, 1.000012, 210002536, 1.000012, 31529, 31529, 31528, 0, 7882, 0, 0, 1, 665433, 182049518, 270084, 31822216, 31528.619254, 31527.619266, 0.000000
1413, 1, 2.000270, 210054138, 1.000258, 31695, 31695, 31700, 0, 7925, 0, 0, 5, 568089, 182091516, 226002, 31878157, 31686.831135, 31691.829846, 0.000000
1413, 2, 3.000291, 210004409, 1.000021, 31703, 31703, 31698, 0, 7925, 0, 0, 5, 531972, 182061681, 210421, 31845336, 31702.334402, 31697.334507, 0.000000
1413, 3, 4.000346, 210011502, 1.000055, 31689, 31689, 31694, 0, 7923, 0, 0, 2, 521568, 182051073, 206050, 31812637, 31687.264443, 31692.264169, 0.000000
1413, 4, 5.000428, 210017216, 1.000082, 31702, 31702, 31700, 0, 7925, 0, 0, 0, 515871, 181841708, 202373, 32285795, 31699.401253, 31697.401417, 0.000000
1413, 5, 6.000860, 210090696, 1.000432, 31558, 31558, 31540, 0, 7885, 0, 0, 1, 511133, 181813249, 200341, 32483708, 31544.376434, 31526.384205, 0.000000
1413, 6, 7.001365, 210106237, 1.000506, 31720, 31720, 31716, 0, 7929, 0, 0, 0, 511419, 181958004, 199333, 32316676, 31703.961268, 31699.963290, 0.000000
1413, 7, 8.001374, 210001705, 1.000008, 31663, 31663, 31673, 0, 7919, 0, 0, 1, 510151, 181969023, 199212, 32038736, 31662.742929, 31672.742847, 0.000000
