ThreadID, cIDX, Time, cycles, deltaT, RX, OnRX, TX, SupTX, OnTX, Idle, OnIdle, Blocked, CacheMiss, CacheHit, CacheWB, CPUIdle, RX/s, TX/s, Sup/s
2931, 0, 0, 0, 0, 0, 0, 0, 0, 0, 0, 0, 0, 0, 0, 0, 0, 0, 0, 0
2931, 0, 1.000105, 210021985, 1.000105, 30493, 30493, 30492, 0, 7906, 0, 0, 0, 0, 0, 0, 30839819, 30489.808007, 30488.808112, 0.000000
2931, 1, 2.000190, 210017863, 1.000085, 30553, 30553, 30554, 0, 7920, 0, 0, 7, 0, 0, 0, 30719443, 30550.401325, 30551.401240, 0.000000
2931, 2, 3.000331, 210029742, 1.000142, 30570, 30570, 30583, 0, 7930, 0, 0, 7, 0, 0, 0, 30913744, 30565.671028, 30578.669187, 0.000000
2931, 3, 4.000359, 210005856, 1.000028, 30536, 30536, 30526, 0, 7915, 0, 0, 0, 0, 0, 0, 31003241, 30535.148506, 30525.148784, 0.000000
2931, 4, 5.000389, 210006278, 1.000030, 30445, 30445, 30450, 0, 7895, 0, 0, 4, 0, 0, 0, 31322230, 30444.089867, 30449.089717, 0.000000
2931, 5, 6.000454, 210013592, 1.000065, 30515, 30515, 30514, 0, 7912, 0, 0, 1, 0, 0, 0, 31739157, 30513.025081, 30512.025145, 0.000000
2931, 6, 7.000527, 210015293, 1.000073, 30475, 30475, 30452, 0, 7894, 0, 0, 0, 0, 0, 0, 31448774, 30472.780856, 30449.782531, 0.000000
2931, 7, 8.000531, 210000885, 1.000004, 30473, 30473, 30507, 0, 7911, 0, 0, 0, 0, 0, 0, 31344542, 30472.871579, 30506.871435, 0.000000
