ThreadID, cIDX, Time, cycles, deltaT, RX, OnRX, TX, SupTX, OnTX, Idle, OnIdle, Blocked, CacheMiss, CacheHit, CacheWB, CPUIdle, RX/s, TX/s, Sup/s
938, 0, 0, 0, 0, 0, 0, 0, 0, 0, 0, 0, 0, 0, 0, 0, 0, 0, 0, 0
938, 0, 1.000015, 210003200, 1.000015, 27130, 27130, 27128, 0, 6782, 0, 0, 0, 0, 0, 0, 25862034, 27129.586597, 27127.586627, 0.000000
938, 1, 2.000028, 210002585, 1.000012, 27149, 27149, 27148, 0, 6787, 0, 0, 0, 0, 0, 0, 25839436, 27148.665813, 27147.665825, 0.000000
938, 2, 3.000039, 210002437, 1.000012, 27145, 27145, 27149, 0, 6788, 0, 0, 0, 0, 0, 0, 26149208, 27144.684992, 27148.684946, 0.000000
938, 3, 4.000049, 210002026, 1.000010, 27057, 27057, 27056, 0, 6764, 0, 0, 0, 0, 0, 0, 26102762, 27056.738967, 27055.738977, 0.000000
938, 4, 5.000050, 210000301, 1.000001, 27107, 27107, 27113, 0, 6778, 0, 0, 0, 0, 0, 0, 26427799, 27106.961147, 27112.961138, 0.000000
938, 5, 6.000074, 210005050, 1.000024, 27134, 27134, 27134, 0, 6783, 0, 0, 0, 0, 0, 0, 26528116, 27133.347508, 27133.347508, 0.000000
938, 6, 7.000105, 210006400, 1.000030, 27023, 27023, 27012, 0, 6753, 0, 0, 1, 0, 0, 0, 26654318, 27022.176467, 27011.176802, 0.000000
938, 7, 8.000147, 210008855, 1.000042, 27154, 27154, 27160, 0, 6790, 0, 0, 0, 0, 0, 0, 26632248, 27152.855055, 27158.854802, 0.000000
