ThreadID, cIDX, Time, cycles, deltaT, RX, OnRX, TX, SupTX, OnTX, Idle, OnIdle, Blocked, CacheMiss, CacheHit, CacheWB, CPUIdle, RX/s, TX/s, Sup/s
10900, 0, 0, 0, 0, 0, 0, 0, 0, 0, 0, 0, 0, 0, 0, 0, 0, 0, 0, 0
10900, 0, 1.000037, 210007715, 1.000037, 31515, 31515, 31504, 0, 7876, 0, 0, 0, 0, 0, 0, 29741604, 31513.842241, 31502.842646, 0.000000
10900, 1, 2.000069, 210006848, 1.000033, 31652, 31652, 31648, 0, 7912, 0, 0, 6, 0, 0, 0, 29759761, 31650.967877, 31646.968007, 0.000000
10900, 2, 3.000092, 210004813, 1.000023, 31656, 31656, 31688, 0, 7922, 0, 0, 3, 0, 0, 0, 29895233, 31655.274491, 31687.273758, 0.000000
10900, 3, 4.000205, 210023678, 1.000113, 31650, 31650, 31624, 0, 7906, 0, 0, 0, 0, 0, 0, 29902839, 31646.431789, 31620.434721, 0.000000
10900, 4, 5.000296, 210019052, 1.000091, 31699, 31699, 31700, 0, 7925, 0, 0, 6, 0, 0, 0, 30269587, 31696.124407, 31697.124316, 0.000000
10900, 5, 6.000522, 210047577, 1.000227, 31581, 31581, 31568, 0, 7892, 0, 0, 6, 0, 0, 0, 30705916, 31573.846719, 31560.849664, 0.000000
10900, 6, 7.000609, 210018212, 1.000087, 31580, 31580, 31596, 0, 7899, 0, 0, 0, 0, 0, 0, 30530824, 31577.261500, 31593.260112, 0.000000
10900, 7, 8.000664, 210011450, 1.000055, 31737, 31737, 31748, 0, 7937, 0, 0, 0, 0, 0, 0, 30376089, 31735.269672, 31746.269072, 0.000000
