ThreadID, cIDX, Time, cycles, deltaT, RX, OnRX, TX, SupTX, OnTX, Idle, OnIdle, Blocked, CacheMiss, CacheHit, CacheWB, CPUIdle, RX/s, TX/s, Sup/s
10592, 0, 0, 0, 0, 0, 0, 0, 0, 0, 0, 0, 0, 0, 0, 0, 0, 0, 0, 0
10592, 0, 1.000015, 210003132, 1.000015, 31687, 31687, 31684, 0, 7921, 0, 0, 1, 0, 0, 0, 28938172, 31686.527418, 31683.527463, 0.000000
10592, 1, 2.000079, 210013425, 1.000064, 31733, 31733, 31740, 0, 7935, 0, 0, 3, 0, 0, 0, 28998970, 31730.971484, 31737.971037, 0.000000
10592, 2, 3.000724, 210135549, 1.000645, 31707, 31707, 31708, 0, 7927, 0, 0, 7, 0, 0, 0, 29182260, 31686.547239, 31687.546594, 0.000000
10592, 3, 4.000729, 210000902, 1.000004, 31576, 31576, 31581, 0, 7896, 0, 0, 4, 0, 0, 0, 29331966, 31575.864374, 31580.864353, 0.000000
10592, 4, 5.000757, 210005902, 1.000028, 31609, 31609, 31611, 0, 7902, 0, 0, 5, 0, 0, 0, 29358385, 31608.111662, 31610.111605, 0.000000
10592, 5, 6.000760, 210000760, 1.000004, 31698, 31698, 31682, 0, 7921, 0, 0, 0, 0, 0, 0, 29946032, 31697.885284, 31681.885342, 0.000000
10592, 6, 7.000874, 210023852, 1.000114, 31495, 31495, 31502, 0, 7875, 0, 0, 0, 0, 0, 0, 29858520, 31491.423174, 31498.422379, 0.000000
10592, 7, 8.000928, 210011342, 1.000054, 31619, 31619, 31612, 0, 7903, 0, 0, 0, 0, 0, 0, 29508997, 31617.292365, 31610.292743, 0.000000
