ThreadID, cIDX, Time, cycles, deltaT, RX, OnRX, TX, SupTX, OnTX, Idle, OnIdle, Blocked, CacheMiss, CacheHit, CacheWB, CPUIdle, RX/s, TX/s, Sup/s
2043, 0, 0, 0, 0, 0, 0, 0, 0, 0, 0, 0, 0, 0, 0, 0, 0, 0, 0, 0
2043, 0, 1.000085, 210017835, 1.000085, 27191, 27191, 27186, 0, 6797, 0, 0, 2, 0, 0, 0, 30889941, 27188.690903, 27183.691328, 0.000000
2043, 1, 2.000096, 210002411, 1.000011, 27184, 27184, 27186, 0, 6796, 0, 0, 9, 0, 0, 0, 30793118, 27183.687905, 27185.687882, 0.000000
2043, 2, 3.000144, 210010011, 1.000048, 27171, 27171, 27180, 0, 6795, 0, 0, 7, 0, 0, 0, 31096972, 27169.704781, 27178.704352, 0.000000
2043, 3, 4.000263, 210024881, 1.000118, 27083, 27083, 27080, 0, 6770, 0, 0, 2, 0, 0, 0, 31252931, 27079.791561, 27076.791916, 0.000000
2043, 4, 5.000300, 210007797, 1.000037, 27096, 27096, 27100, 0, 6775, 0, 0, 0, 0, 0, 0, 31297372, 27094.994002, 27098.993853, 0.000000
2043, 5, 6.000333, 210006956, 1.000033, 27178, 27178, 27173, 0, 6794, 0, 0, 0, 0, 0, 0, 31757219, 27177.099791, 27172.099957, 0.000000
2043, 6, 7.000336, 210000630, 1.000003, 27148, 27148, 27149, 0, 6787, 0, 0, 1, 0, 0, 0, 31596267, 27147.918556, 27148.918553, 0.000000
2043, 7, 8.000422, 210018082, 1.000086, 27074, 27074, 27074, 0, 6768, 0, 0, 0, 0, 0, 0, 31400053, 27071.669000, 27071.669000, 0.000000
