ThreadID, cIDX, Time, cycles, deltaT, RX, OnRX, TX, SupTX, OnTX, Idle, OnIdle, Blocked, CacheMiss, CacheHit, CacheWB, CPUIdle, RX/s, TX/s, Sup/s
2044, 0, 0, 0, 0, 0, 0, 0, 0, 0, 0, 0, 0, 0, 0, 0, 0, 0, 0, 0
2044, 0, 1.000215, 210045098, 1.000215, 27244, 27244, 27252, 0, 6813, 0, 0, 0, 0, 0, 0, 30906421, 27238.150542, 27246.148825, 0.000000
2044, 1, 2.000521, 210064313, 1.000306, 27191, 27191, 27192, 0, 6798, 0, 0, 0, 0, 0, 0, 30836242, 27182.675241, 27183.674935, 0.000000
2044, 2, 3.000526, 210001017, 1.000005, 27110, 27110, 27103, 0, 6776, 0, 0, 4, 0, 0, 0, 31087579, 27109.868711, 27102.868745, 0.000000
2044, 3, 4.000574, 210010198, 1.000049, 27164, 27164, 27165, 0, 6791, 0, 0, 0, 0, 0, 0, 31240843, 27162.680928, 27163.680880, 0.000000
2044, 4, 5.000647, 210015168, 1.000072, 27100, 27100, 27104, 0, 6776, 0, 0, 2, 0, 0, 0, 31276945, 27098.042747, 27102.042458, 0.000000
2044, 5, 6.000741, 210019724, 1.000094, 27117, 27117, 27108, 0, 6777, 0, 0, 1, 0, 0, 0, 31755296, 27114.453307, 27105.454152, 0.000000
2044, 6, 7.000778, 210007837, 1.000037, 27083, 27083, 27092, 0, 6773, 0, 0, 0, 0, 0, 0, 31592206, 27081.989326, 27090.988990, 0.000000
2044, 7, 8.000784, 210001243, 1.000006, 27137, 27137, 27131, 0, 6783, 0, 0, 0, 0, 0, 0, 31408120, 27136.839376, 27130.839411, 0.000000
