ThreadID, cIDX, Time, cycles, deltaT, RX, OnRX, TX, SupTX, OnTX, Idle, OnIdle, Blocked, CacheMiss, CacheHit, CacheWB, CPUIdle, RX/s, TX/s, Sup/s
2970, 0, 0, 0, 0, 0, 0, 0, 0, 0, 0, 0, 0, 0, 0, 0, 0, 0, 0, 0
2970, 0, 1.000739, 210155275, 1.000739, 27224, 27224, 27224, 0, 6806, 0, 0, 0, 0, 0, 0, 29817746, 27203.885318, 27203.885318, 0.000000
2970, 1, 2.000754, 210003100, 1.000015, 27128, 27128, 27121, 0, 6781, 0, 0, 0, 0, 0, 0, 29676110, 27127.599545, 27120.599648, 0.000000
2970, 2, 3.000772, 210003840, 1.000018, 27127, 27127, 27139, 0, 6784, 0, 0, 4, 0, 0, 0, 29797139, 27126.503972, 27138.503753, 0.000000
2970, 3, 4.000775, 210000636, 1.000003, 27223, 27223, 27228, 0, 6807, 0, 0, 1, 0, 0, 0, 29888402, 27222.917553, 27227.917538, 0.000000
2970, 4, 5.000781, 210001228, 1.000006, 27162, 27162, 27152, 0, 6788, 0, 0, 8, 0, 0, 0, 30227092, 27161.841168, 27151.841226, 0.000000
2970, 5, 6.000805, 210004933, 1.000023, 27067, 27067, 27064, 0, 6766, 0, 0, 6, 0, 0, 0, 30623738, 27066.364198, 27063.364269, 0.000000
2970, 6, 7.000815, 210002111, 1.000010, 27088, 27088, 27092, 0, 6773, 0, 0, 0, 0, 0, 0, 30407788, 27087.727704, 27091.727664, 0.000000
2970, 7, 8.000825, 210002156, 1.000010, 27224, 27224, 27221, 0, 6806, 0, 0, 1, 0, 0, 0, 30336295, 27223.720503, 27220.720534, 0.000000
