ThreadID, cIDX, Time, cycles, deltaT, RX, OnRX, TX, SupTX, OnTX, Idle, OnIdle, Blocked, CacheMiss, CacheHit, CacheWB, CPUIdle, RX/s, TX/s, Sup/s
10206, 0, 0, 0, 0, 0, 0, 0, 0, 0, 0, 0, 0, 0, 0, 0, 0, 0, 0, 0
10206, 0, 1.000010, 210002110, 1.000010, 27205, 27205, 27205, 0, 6802, 0, 0, 0, 0, 0, 0, 29054090, 27204.726657, 27204.726657, 0.000000
10206, 1, 2.000057, 210009900, 1.000047, 27194, 27194, 27191, 0, 6797, 0, 0, 7, 0, 0, 0, 29144196, 27192.718058, 27189.718199, 0.000000
10206, 2, 3.000095, 210007940, 1.000038, 27138, 27138, 27148, 0, 6787, 0, 0, 7, 0, 0, 0, 29283080, 27136.973964, 27146.973586, 0.000000
10206, 3, 4.000097, 210000464, 1.000002, 27050, 27050, 27044, 0, 6761, 0, 0, 0, 0, 0, 0, 29284284, 27049.940233, 27043.940246, 0.000000
10206, 4, 5.000132, 210007274, 1.000035, 27108, 27108, 27112, 0, 6778, 0, 0, 7, 0, 0, 0, 29576771, 27107.061063, 27111.060924, 0.000000
10206, 5, 6.000135, 210000625, 1.000003, 27157, 27157, 27154, 0, 6789, 0, 0, 5, 0, 0, 0, 29962273, 27156.919176, 27153.919185, 0.000000
10206, 6, 7.000151, 210003300, 1.000016, 26940, 26940, 26936, 0, 6734, 0, 0, 3, 0, 0, 0, 29978831, 26939.576664, 26935.576727, 0.000000
10206, 7, 8.000166, 210003252, 1.000015, 27153, 27153, 27158, 0, 6789, 0, 0, 0, 0, 0, 0, 29575638, 27152.579523, 27157.579445, 0.000000
