ThreadID, cIDX, Time, cycles, deltaT, RX, OnRX, TX, SupTX, OnTX, Idle, OnIdle, Blocked, CacheMiss, CacheHit, CacheWB, CPUIdle, RX/s, TX/s, Sup/s
10282, 0, 0, 0, 0, 0, 0, 0, 0, 0, 0, 0, 0, 0, 0, 0, 0, 0, 0, 0
10282, 0, 1.000804, 210168891, 1.000804, 27242, 27242, 27233, 0, 6809, 0, 0, 7, 0, 0, 0, 28458281, 27220.108422, 27211.115655, 0.000000
10282, 1, 2.000863, 210012321, 1.000059, 27192, 27192, 27197, 0, 6799, 0, 0, 8, 0, 0, 0, 28311263, 27190.404700, 27195.404407, 0.000000
10282, 2, 3.000893, 210006296, 1.000030, 27130, 27130, 27129, 0, 6782, 0, 0, 9, 0, 0, 0, 28304902, 27129.186641, 27128.186671, 0.000000
10282, 3, 4.001205, 210065437, 1.000312, 27089, 27089, 27082, 0, 6771, 0, 0, 4, 0, 0, 0, 28468716, 27080.561568, 27073.563749, 0.000000
10282, 4, 5.001207, 210000604, 1.000003, 27108, 27108, 27121, 0, 6780, 0, 0, 5, 0, 0, 0, 28714629, 27107.922032, 27120.921995, 0.000000
10282, 5, 6.001230, 210004650, 1.000022, 27219, 27219, 27219, 0, 6805, 0, 0, 4, 0, 0, 0, 29076601, 27218.397307, 27218.397307, 0.000000
10282, 6, 7.001301, 210015092, 1.000072, 27163, 27163, 27159, 0, 6789, 0, 0, 0, 0, 0, 0, 29151090, 27161.048026, 27157.048313, 0.000000
10282, 7, 8.001363, 210012871, 1.000061, 27061, 27061, 27064, 0, 6766, 0, 0, 0, 0, 0, 0, 28854902, 27059.341520, 27062.341336, 0.000000
