ThreadID, cIDX, Time, cycles, deltaT, RX, OnRX, TX, SupTX, OnTX, Idle, OnIdle, Blocked, CacheMiss, CacheHit, CacheWB, CPUIdle, RX/s, TX/s, Sup/s
975, 0, 0, 0, 0, 0, 0, 0, 0, 0, 0, 0, 0, 0, 0, 0, 0, 0, 0, 0
975, 0, 1.000002, 210000512, 1.000002, 27273, 27273, 27264, 0, 6816, 0, 0, 0, 695979, 183241641, 288981, 26598990, 27272.933506, 27263.933528, 0.000000
975, 1, 2.000032, 210006239, 1.000030, 27095, 27095, 27108, 0, 6777, 0, 0, 0, 624226, 183339487, 251852, 26640260, 27094.195044, 27107.194658, 0.000000
975, 2, 3.000059, 210005728, 1.000027, 27100, 27100, 27092, 0, 6773, 0, 0, 0, 606435, 183212175, 245513, 26955655, 27099.260835, 27091.261054, 0.000000
975, 3, 4.000106, 210009709, 1.000046, 27238, 27238, 27244, 0, 6811, 0, 0, 0, 594260, 183270660, 238495, 26820236, 27236.740755, 27242.740477, 0.000000
975, 4, 5.000127, 210004525, 1.000022, 27108, 27108, 27100, 0, 6775, 0, 0, 0, 580872, 183070026, 233759, 27213511, 27107.415900, 27099.416072, 0.000000
975, 5, 6.000142, 210003134, 1.000015, 27058, 27058, 27061, 0, 6766, 0, 0, 0, 567023, 183007213, 228509, 27292906, 27057.596198, 27060.596153, 0.000000
975, 6, 7.000268, 210026430, 1.000126, 27209, 27209, 27207, 0, 6801, 0, 0, 0, 555089, 183042626, 221383, 27402959, 27205.575984, 27203.576236, 0.000000
975, 7, 8.000283, 210003056, 1.000015, 27107, 27107, 27107, 0, 6777, 0, 0, 0, 552320, 182997526, 218543, 27445921, 27106.605534, 27106.605534, 0.000000
