ThreadID, cIDX, Time, cycles, deltaT, RX, OnRX, TX, SupTX, OnTX, Idle, OnIdle, Blocked, CacheMiss, CacheHit, CacheWB, CPUIdle, RX/s, TX/s, Sup/s
2489, 0, 0, 0, 0, 0, 0, 0, 0, 0, 0, 0, 0, 0, 0, 0, 0, 0, 0, 0
2489, 0, 1.000770, 210161663, 1.000770, 27148, 27148, 27148, 0, 6787, 0, 0, 0, 0, 0, 0, 28319716, 27127.116900, 27127.116900, 0.000000
2489, 1, 2.000779, 210001950, 1.000009, 27150, 27150, 27148, 0, 6787, 0, 0, 0, 0, 0, 0, 28020808, 27149.747895, 27147.747914, 0.000000
2489, 2, 3.000782, 210000558, 1.000003, 27146, 27146, 27148, 0, 6787, 0, 0, 2, 0, 0, 0, 28263027, 27145.927869, 27147.927864, 0.000000
2489, 3, 4.000799, 210003684, 1.000018, 27192, 27192, 27192, 0, 6798, 0, 0, 3, 0, 0, 0, 28398466, 27191.522983, 27191.522983, 0.000000
2489, 4, 5.000808, 210001878, 1.000009, 27183, 27183, 27178, 0, 6795, 0, 0, 2, 0, 0, 0, 28643216, 27182.756908, 27177.756953, 0.000000
2489, 5, 6.000895, 210018140, 1.000086, 27024, 27024, 27026, 0, 6756, 0, 0, 0, 0, 0, 0, 29166199, 27021.665843, 27023.665670, 0.000000
2489, 6, 7.000898, 210000615, 1.000003, 27198, 27198, 27194, 0, 6799, 0, 0, 0, 0, 0, 0, 29128178, 27197.920349, 27193.920361, 0.000000
2489, 7, 8.000902, 210000896, 1.000004, 27134, 27134, 27138, 0, 6784, 0, 0, 2, 0, 0, 0, 28809348, 27133.884229, 27137.884212, 0.000000
