ThreadID, cIDX, Time, cycles, deltaT, RX, OnRX, TX, SupTX, OnTX, Idle, OnIdle, Blocked, CacheMiss, CacheHit, CacheWB, CPUIdle, RX/s, TX/s, Sup/s
9776, 0, 0, 0, 0, 0, 0, 0, 0, 0, 0, 0, 0, 0, 0, 0, 0, 0, 0, 0
9776, 0, 1.000028, 210005841, 1.000028, 31678, 31678, 31668, 0, 7917, 0, 0, 0, 0, 0, 0, 28356158, 31677.118924, 31667.119202, 0.000000
9776, 1, 2.000030, 210000492, 1.000002, 31630, 31630, 31636, 0, 7909, 0, 0, 9, 0, 0, 0, 28139119, 31629.925896, 31635.925882, 0.000000
9776, 2, 3.000157, 210026689, 1.000127, 31654, 31654, 31640, 0, 7910, 0, 0, 14, 0, 0, 0, 28439430, 31649.977589, 31635.979368, 0.000000
9776, 3, 4.000423, 210055711, 1.000265, 31691, 31691, 31693, 0, 7924, 0, 0, 11, 0, 0, 0, 28645961, 31682.594909, 31684.594379, 0.000000
9776, 4, 5.000428, 210001104, 1.000005, 31679, 31679, 31697, 0, 7924, 0, 0, 8, 0, 0, 0, 28798726, 31678.833460, 31696.833365, 0.000000
9776, 5, 6.000479, 210010856, 1.000052, 31598, 31598, 31598, 0, 7899, 0, 0, 5, 0, 0, 0, 29118303, 31596.366618, 31596.366618, 0.000000
9776, 6, 7.000535, 210011652, 1.000055, 31575, 31575, 31560, 0, 7890, 0, 0, 0, 0, 0, 0, 28823706, 31573.248136, 31558.248968, 0.000000
9776, 7, 8.000571, 210007537, 1.000036, 31735, 31735, 31748, 0, 7937, 0, 0, 0, 0, 0, 0, 28681885, 31733.861057, 31746.860590, 0.000000
