ThreadID, cIDX, Time, cycles, deltaT, RX, OnRX, TX, SupTX, OnTX, Idle, OnIdle, Blocked, CacheMiss, CacheHit, CacheWB, CPUIdle, RX/s, TX/s, Sup/s
248, 0, 0, 0, 0, 0, 0, 0, 0, 0, 0, 0, 0, 0, 0, 0, 0, 0, 0, 0
248, 0, 1.000144, 210030230, 1.000144, 30471, 30471, 30484, 0, 7903, 0, 0, 0, 0, 0, 0, 29179199, 30466.614258, 30479.612387, 0.000000
248, 1, 2.000177, 210007002, 1.000033, 30533, 30533, 30524, 0, 7913, 0, 0, 0, 0, 0, 0, 29124411, 30531.981976, 30522.982277, 0.000000
248, 2, 3.000194, 210003465, 1.000017, 30524, 30524, 30520, 0, 7915, 0, 0, 2, 0, 0, 0, 29312993, 30523.496362, 30519.496428, 0.000000
248, 3, 4.000280, 210018078, 1.000086, 30534, 30534, 30542, 0, 7918, 0, 0, 1, 0, 0, 0, 29277230, 30531.371685, 30539.370996, 0.000000
248, 4, 5.000615, 210070302, 1.000335, 30502, 30502, 30481, 0, 7903, 0, 0, 0, 0, 0, 0, 29502063, 30491.792219, 30470.799247, 0.000000
248, 5, 6.000622, 210001459, 1.000007, 30524, 30524, 30540, 0, 7919, 0, 0, 0, 0, 0, 0, 29958283, 30523.787932, 30539.787821, 0.000000
248, 6, 7.000887, 210055801, 1.000266, 30421, 30421, 30406, 0, 7883, 0, 0, 1, 0, 0, 0, 29815883, 30412.918708, 30397.922693, 0.000000
248, 7, 8.000900, 210002651, 1.000013, 30550, 30550, 30572, 0, 7926, 0, 0, 1, 0, 0, 0, 29662996, 30549.614347, 30571.614070, 0.000000
