ThreadID, cIDX, Time, cycles, deltaT, RX, OnRX, TX, SupTX, OnTX, Idle, OnIdle, Blocked, CacheMiss, CacheHit, CacheWB, CPUIdle, RX/s, TX/s, Sup/s
605, 0, 0, 0, 0, 0, 0, 0, 0, 0, 0, 0, 0, 0, 0, 0, 0, 0, 0, 0
605, 0, 1.000002, 210000505, 1.000002, 27281, 27281, 27282, 0, 6821, 0, 0, 0, 0, 0, 0, 26677013, 27280.934396, 27281.934393, 0.000000
605, 1, 2.000047, 210009311, 1.000044, 27085, 27085, 27082, 0, 6770, 0, 0, 0, 0, 0, 0, 26684568, 27083.799156, 27080.799289, 0.000000
605, 2, 3.000052, 210001104, 1.000005, 27072, 27072, 27080, 0, 6770, 0, 0, 1, 0, 0, 0, 26826805, 27071.857679, 27079.857637, 0.000000
605, 3, 4.000142, 210018965, 1.000090, 27214, 27214, 27208, 0, 6802, 0, 0, 0, 0, 0, 0, 26701059, 27211.542539, 27205.543080, 0.000000
605, 4, 5.000151, 210001892, 1.000009, 27157, 27157, 27164, 0, 6791, 0, 0, 1, 0, 0, 0, 27426890, 27156.755331, 27163.755268, 0.000000
605, 5, 6.000173, 210004575, 1.000022, 27079, 27079, 27072, 0, 6768, 0, 0, 0, 0, 0, 0, 27547925, 27078.410077, 27071.410230, 0.000000
605, 6, 7.000179, 210001208, 1.000006, 27100, 27100, 27103, 0, 6776, 0, 0, 0, 0, 0, 0, 27533729, 27099.844111, 27102.844094, 0.000000
605, 7, 8.000307, 210026832, 1.000128, 27206, 27206, 27201, 0, 6800, 0, 0, 1, 0, 0, 0, 27434058, 27202.524295, 27197.524933, 0.000000
