ThreadID, cIDX, Time, cycles, deltaT, RX, OnRX, TX, SupTX, OnTX, Idle, OnIdle, Blocked, CacheMiss, CacheHit, CacheWB, CPUIdle, RX/s, TX/s, Sup/s
8235, 0, 0, 0, 0, 0, 0, 0, 0, 0, 0, 0, 0, 0, 0, 0, 0, 0, 0, 0
8235, 0, 1.000019, 210003930, 1.000019, 27248, 27248, 27256, 0, 6814, 0, 0, 0, 0, 0, 0, 28190827, 27247.490083, 27255.489933, 0.000000
8235, 1, 2.000042, 210004796, 1.000023, 27123, 27123, 27112, 0, 6778, 0, 0, 0, 0, 0, 0, 28120286, 27122.380576, 27111.380828, 0.000000
8235, 2, 3.000380, 210071023, 1.000338, 27097, 27097, 27100, 0, 6775, 0, 0, 0, 0, 0, 0, 28116440, 27087.838764, 27090.837750, 0.000000
8235, 3, 4.000399, 210004140, 1.000020, 27219, 27219, 27220, 0, 6805, 0, 0, 4, 0, 0, 0, 28210531, 27218.463407, 27219.463388, 0.000000
8235, 4, 5.000451, 210010783, 1.000051, 27164, 27164, 27165, 0, 6792, 0, 0, 0, 0, 0, 0, 28542184, 27162.605265, 27163.605214, 0.000000
8235, 5, 6.000472, 210004381, 1.000021, 27052, 27052, 27044, 0, 6761, 0, 0, 0, 0, 0, 0, 28916322, 27051.435656, 27043.435822, 0.000000
8235, 6, 7.000498, 210005546, 1.000026, 27192, 27192, 27203, 0, 6800, 0, 0, 3, 0, 0, 0, 28625505, 27191.281891, 27202.281601, 0.000000
8235, 7, 8.000511, 210002704, 1.000013, 27107, 27107, 27108, 0, 6777, 0, 0, 0, 0, 0, 0, 28080632, 27106.650970, 27107.650957, 0.000000
