ThreadID, cIDX, Time, cycles, deltaT, RX, OnRX, TX, SupTX, OnTX, Idle, OnIdle, Blocked, CacheMiss, CacheHit, CacheWB, CPUIdle, RX/s, TX/s, Sup/s
9904, 0, 0, 0, 0, 0, 0, 0, 0, 0, 0, 0, 0, 0, 0, 0, 0, 0, 0, 0
9904, 0, 1.000029, 210006031, 1.000029, 31645, 31645, 31632, 0, 7908, 0, 0, 0, 0, 0, 0, 28092488, 31644.091212, 31631.091585, 0.000000
9904, 1, 2.000170, 210029748, 1.000142, 31658, 31658, 31680, 0, 7920, 0, 0, 6, 0, 0, 0, 28247352, 31653.516053, 31675.512937, 0.000000
9904, 2, 3.000429, 210054383, 1.000259, 31685, 31685, 31665, 0, 7917, 0, 0, 8, 0, 0, 0, 28323161, 31676.796766, 31656.801944, 0.000000
9904, 3, 4.000436, 210001417, 1.000007, 31627, 31627, 31642, 0, 7910, 0, 0, 12, 0, 0, 0, 28389593, 31626.786594, 31641.786493, 0.000000
9904, 4, 5.000443, 210001498, 1.000007, 31699, 31699, 31695, 0, 7924, 0, 0, 4, 0, 0, 0, 28693992, 31698.773882, 31694.773911, 0.000000
9904, 5, 6.000488, 210009392, 1.000045, 31556, 31556, 31554, 0, 7888, 0, 0, 2, 0, 0, 0, 29118456, 31554.588759, 31552.588848, 0.000000
9904, 6, 7.000492, 210000905, 1.000004, 31593, 31593, 31583, 0, 7896, 0, 0, 0, 0, 0, 0, 28887891, 31592.863850, 31582.863893, 0.000000
9904, 7, 8.000531, 210008105, 1.000039, 31723, 31723, 31745, 0, 7936, 0, 0, 0, 0, 0, 0, 28742372, 31721.775691, 31743.774841, 0.000000
