ThreadID, cIDX, Time, cycles, deltaT, RX, OnRX, TX, SupTX, OnTX, Idle, OnIdle, Blocked, CacheMiss, CacheHit, CacheWB, CPUIdle, RX/s, TX/s, Sup/s
2700, 0, 0, 0, 0, 0, 0, 0, 0, 0, 0, 0, 0, 0, 0, 0, 0, 0, 0, 0
2700, 0, 1.000505, 210105975, 1.000505, 27270, 27270, 27272, 0, 6818, 0, 0, 0, 653381, 182115716, 268748, 31704487, 27256.245330, 27258.244322, 0.000000
2700, 1, 2.000594, 210018850, 1.000090, 27110, 27110, 27106, 0, 6777, 0, 0, 4, 562698, 182204408, 225225, 31521309, 27107.566773, 27103.567132, 0.000000
2700, 2, 3.000599, 210000981, 1.000005, 27129, 27129, 27135, 0, 6784, 0, 0, 7, 540338, 182173628, 214646, 31651600, 27128.873269, 27134.873241, 0.000000
2700, 3, 4.000621, 210004600, 1.000022, 27167, 27167, 27169, 0, 6792, 0, 0, 9, 532302, 182079651, 209283, 31861688, 27166.404926, 27168.404883, 0.000000
2700, 4, 5.000700, 210016520, 1.000079, 27158, 27158, 27150, 0, 6787, 0, 0, 6, 527259, 181884062, 207748, 32240692, 27155.863739, 27147.864368, 0.000000
2700, 5, 6.000711, 210002323, 1.000011, 27111, 27111, 27116, 0, 6779, 0, 0, 0, 525789, 181650150, 206815, 32679932, 27110.700104, 27115.700049, 0.000000
2700, 6, 7.000766, 210011601, 1.000055, 27145, 27145, 27136, 0, 6784, 0, 0, 0, 523847, 181758087, 206788, 32486703, 27143.500515, 27134.501013, 0.000000
2700, 7, 8.000777, 210002411, 1.000011, 27175, 27175, 27181, 0, 6796, 0, 0, 1, 524936, 181871334, 207428, 32249474, 27174.688009, 27180.687940, 0.000000
