ThreadID, cIDX, Time, cycles, deltaT, RX, OnRX, TX, SupTX, OnTX, Idle, OnIdle, Blocked, CacheMiss, CacheHit, CacheWB, CPUIdle, RX/s, TX/s, Sup/s
10152, 0, 0, 0, 0, 0, 0, 0, 0, 0, 0, 0, 0, 0, 0, 0, 0, 0, 0, 0
10152, 0, 1.000004, 210000934, 1.000004, 27133, 27133, 27130, 0, 6783, 0, 0, 0, 0, 0, 0, 28208398, 27132.879323, 27129.879337, 0.000000
10152, 1, 2.000023, 210003829, 1.000018, 27147, 27147, 27142, 0, 6785, 0, 0, 8, 0, 0, 0, 28221709, 27146.505029, 27141.505120, 0.000000
10152, 2, 3.000068, 210009513, 1.000045, 27172, 27172, 27176, 0, 6794, 0, 0, 10, 0, 0, 0, 28406002, 27170.769164, 27174.768983, 0.000000
10152, 3, 4.000069, 210000175, 1.000001, 27086, 27086, 27097, 0, 6775, 0, 0, 6, 0, 0, 0, 28518132, 27085.977428, 27096.977419, 0.000000
10152, 4, 5.000091, 210004691, 1.000022, 27202, 27202, 27196, 0, 6799, 0, 0, 0, 0, 0, 0, 28759525, 27201.392373, 27195.392507, 0.000000
10152, 5, 6.000112, 210004331, 1.000021, 27075, 27075, 27083, 0, 6770, 0, 0, 8, 0, 0, 0, 29118868, 27074.441622, 27082.441457, 0.000000
10152, 6, 7.000120, 210001723, 1.000008, 27141, 27141, 27140, 0, 6785, 0, 0, 0, 0, 0, 0, 29042761, 27140.777316, 27139.777325, 0.000000
10152, 7, 8.000144, 210005029, 1.000024, 27152, 27152, 27132, 0, 6783, 0, 0, 0, 0, 0, 0, 28851549, 27151.349790, 27131.350269, 0.000000
