ThreadID, cIDX, Time, cycles, deltaT, RX, OnRX, TX, SupTX, OnTX, Idle, OnIdle, Blocked, CacheMiss, CacheHit, CacheWB, CPUIdle, RX/s, TX/s, Sup/s
2007, 0, 0, 0, 0, 0, 0, 0, 0, 0, 0, 0, 0, 0, 0, 0, 0, 0, 0, 0
2007, 0, 1.000025, 210005215, 1.000025, 31583, 31583, 31564, 0, 7891, 0, 0, 0, 0, 0, 0, 29112821, 31582.215708, 31563.216180, 0.000000
2007, 1, 2.000036, 210002401, 1.000011, 31676, 31676, 31700, 0, 7925, 0, 0, 7, 0, 0, 0, 29070155, 31675.637842, 31699.637567, 0.000000
2007, 2, 3.000059, 210004734, 1.000023, 31685, 31685, 31677, 0, 7920, 0, 0, 0, 0, 0, 0, 29342268, 31684.285746, 31676.285926, 0.000000
2007, 3, 4.000065, 210001333, 1.000006, 31732, 31732, 31726, 0, 7931, 0, 0, 7, 0, 0, 0, 29445434, 31731.798579, 31725.798617, 0.000000
2007, 4, 5.000069, 210000847, 1.000004, 31694, 31694, 31701, 0, 7925, 0, 0, 10, 0, 0, 0, 29506152, 31693.872168, 31700.872140, 0.000000
2007, 5, 6.000113, 210009110, 1.000043, 31542, 31542, 31540, 0, 7885, 0, 0, 6, 0, 0, 0, 29946156, 31540.631737, 31538.631824, 0.000000
2007, 6, 7.000139, 210005642, 1.000027, 31722, 31722, 31717, 0, 7930, 0, 0, 3, 0, 0, 0, 29820274, 31721.147758, 31716.147893, 0.000000
2007, 7, 8.000209, 210014693, 1.000070, 31625, 31625, 31615, 0, 7903, 0, 0, 1, 0, 0, 0, 29699018, 31622.787459, 31612.788159, 0.000000
