ThreadID, cIDX, Time, cycles, deltaT, RX, OnRX, TX, SupTX, OnTX, Idle, OnIdle, Blocked, CacheMiss, CacheHit, CacheWB, CPUIdle, RX/s, TX/s, Sup/s
10695, 0, 0, 0, 0, 0, 0, 0, 0, 0, 0, 0, 0, 0, 0, 0, 0, 0, 0, 0
10695, 0, 1.000052, 210010966, 1.000052, 30461, 30461, 30448, 0, 7895, 0, 0, 1, 662778, 182125338, 272117, 29021960, 30459.409439, 30446.410117, 0.000000
10695, 1, 2.000783, 210153505, 1.000731, 30518, 30518, 30519, 0, 7913, 0, 0, 9, 565948, 182137242, 227496, 29243004, 30495.708363, 30496.707633, 0.000000
10695, 2, 3.000804, 210004347, 1.000021, 30525, 30525, 30532, 0, 7915, 0, 0, 9, 544242, 182054893, 216565, 29252587, 30524.368146, 30531.368001, 0.000000
10695, 3, 4.001121, 210066514, 1.000317, 30644, 30644, 30642, 0, 7944, 0, 0, 7, 529097, 182038236, 209831, 29427187, 30634.297097, 30632.297730, 0.000000
10695, 4, 5.001568, 210093843, 1.000447, 30582, 30582, 30570, 0, 7926, 0, 0, 4, 517721, 182003012, 203065, 29583837, 30568.339882, 30556.345242, 0.000000
10695, 5, 6.001602, 210007307, 1.000035, 30460, 30460, 30478, 0, 7902, 0, 0, 3, 508487, 181601864, 198131, 30153083, 30458.940174, 30476.939548, 0.000000
10695, 6, 7.001608, 210001261, 1.000006, 30446, 30446, 30452, 0, 7895, 0, 0, 0, 507528, 181731203, 199048, 29908107, 30445.817180, 30451.817144, 0.000000
10695, 7, 8.001688, 210016701, 1.000080, 30605, 30605, 30593, 0, 7931, 0, 0, 0, 505704, 181870257, 197652, 29744038, 30602.566222, 30590.567176, 0.000000
