ThreadID, cIDX, Time, cycles, deltaT, RX, OnRX, TX, SupTX, OnTX, Idle, OnIdle, Blocked, CacheMiss, CacheHit, CacheWB, CPUIdle, RX/s, TX/s, Sup/s
1131, 0, 0, 0, 0, 0, 0, 0, 0, 0, 0, 0, 0, 0, 0, 0, 0, 0, 0, 0
1131, 0, 1.000052, 210010957, 1.000052, 27196, 27196, 27188, 0, 6797, 0, 0, 1, 0, 0, 0, 29026538, 27194.581090, 27186.581508, 0.000000
1131, 1, 2.000334, 210059086, 1.000281, 27126, 27126, 27129, 0, 6783, 0, 0, 10, 0, 0, 0, 29059399, 27118.369924, 27121.369080, 0.000000
1131, 2, 3.000411, 210016175, 1.000077, 27137, 27137, 27140, 0, 6785, 0, 0, 3, 0, 0, 0, 29252760, 27134.909966, 27137.909735, 0.000000
1131, 3, 4.000513, 210021499, 1.000102, 27075, 27075, 27071, 0, 6767, 0, 0, 4, 0, 0, 0, 29042764, 27072.228448, 27068.228858, 0.000000
1131, 4, 5.000606, 210019526, 1.000093, 27097, 27097, 27100, 0, 6775, 0, 0, 3, 0, 0, 0, 29433487, 27094.480729, 27097.480450, 0.000000
1131, 5, 6.000639, 210006957, 1.000033, 27159, 27159, 27160, 0, 6790, 0, 0, 0, 0, 0, 0, 29512690, 27158.100291, 27159.100258, 0.000000
1131, 6, 7.000648, 210001961, 1.000009, 26974, 26974, 26973, 0, 6744, 0, 0, 0, 0, 0, 0, 29494756, 26973.748117, 26972.748126, 0.000000
1131, 7, 8.000693, 210009326, 1.000044, 27187, 27187, 27187, 0, 6796, 0, 0, 0, 0, 0, 0, 29537853, 27185.792692, 27185.792692, 0.000000
