ThreadID, cIDX, Time, cycles, deltaT, RX, OnRX, TX, SupTX, OnTX, Idle, OnIdle, Blocked, CacheMiss, CacheHit, CacheWB, CPUIdle, RX/s, TX/s, Sup/s
10402, 0, 0, 0, 0, 0, 0, 0, 0, 0, 0, 0, 0, 0, 0, 0, 0, 0, 0, 0
10402, 0, 1.000051, 210010717, 1.000051, 31575, 31575, 31561, 0, 7891, 0, 0, 1, 0, 0, 0, 28086307, 31573.388705, 31559.389419, 0.000000
10402, 1, 2.000885, 210175163, 1.000834, 31662, 31662, 31672, 0, 7918, 0, 0, 9, 0, 0, 0, 28562964, 31635.612434, 31645.604100, 0.000000
10402, 2, 3.000886, 210000253, 1.000001, 31672, 31672, 31661, 0, 7915, 0, 0, 9, 0, 0, 0, 28305229, 31671.961843, 31660.961856, 0.000000
10402, 3, 4.000897, 210002171, 1.000010, 31638, 31638, 31646, 0, 7911, 0, 0, 5, 0, 0, 0, 28457435, 31637.672927, 31645.672844, 0.000000
10402, 4, 5.001142, 210051413, 1.000245, 31708, 31708, 31704, 0, 7926, 0, 0, 6, 0, 0, 0, 28547242, 31700.239027, 31696.240006, 0.000000
10402, 5, 6.001469, 210068743, 1.000327, 31581, 31581, 31572, 0, 7893, 0, 0, 2, 0, 0, 0, 29027990, 31570.665418, 31561.668363, 0.000000
10402, 6, 7.001632, 210034310, 1.000163, 31596, 31596, 31604, 0, 7901, 0, 0, 0, 0, 0, 0, 29175345, 31590.838659, 31598.837352, 0.000000
10402, 7, 8.001686, 210011207, 1.000053, 31731, 31731, 31744, 0, 7936, 0, 0, 0, 0, 0, 0, 28837169, 31729.306713, 31742.306019, 0.000000
