ThreadID, cIDX, Time, cycles, deltaT, RX, OnRX, TX, SupTX, OnTX, Idle, OnIdle, Blocked, CacheMiss, CacheHit, CacheWB, CPUIdle, RX/s, TX/s, Sup/s
10711, 0, 0, 0, 0, 0, 0, 0, 0, 0, 0, 0, 0, 0, 0, 0, 0, 0, 0, 0
10711, 0, 1.000467, 210098109, 1.000467, 30455, 30455, 30467, 0, 7900, 0, 0, 0, 0, 0, 0, 29093946, 30440.778503, 30452.772900, 0.000000
10711, 1, 2.000589, 210025594, 1.000122, 30528, 30528, 30518, 0, 7912, 0, 0, 0, 0, 0, 0, 29162183, 30524.279817, 30514.281036, 0.000000
10711, 2, 3.000705, 210024247, 1.000115, 30512, 30512, 30507, 0, 7909, 0, 0, 10, 0, 0, 0, 29259507, 30508.477433, 30503.478010, 0.000000
10711, 3, 4.000784, 210016669, 1.000079, 30647, 30647, 30639, 0, 7944, 0, 0, 12, 0, 0, 0, 29398735, 30644.567551, 30636.568186, 0.000000
10711, 4, 5.001095, 210065284, 1.000311, 30569, 30569, 30565, 0, 7925, 0, 0, 3, 0, 0, 0, 29572794, 30559.499779, 30555.501022, 0.000000
10711, 5, 6.001105, 210002211, 1.000011, 30455, 30455, 30474, 0, 7900, 0, 0, 0, 0, 0, 0, 30153933, 30454.679356, 30473.679156, 0.000000
10711, 6, 7.001132, 210005643, 1.000027, 30446, 30446, 30444, 0, 7893, 0, 0, 0, 0, 0, 0, 29886068, 30445.181894, 30443.181948, 0.000000
10711, 7, 8.001298, 210034839, 1.000166, 30614, 30614, 30600, 0, 7933, 0, 0, 0, 0, 0, 0, 29733154, 30608.921980, 30594.924302, 0.000000
