ThreadID, cIDX, Time, cycles, deltaT, RX, OnRX, TX, SupTX, OnTX, Idle, OnIdle, Blocked, CacheMiss, CacheHit, CacheWB, CPUIdle, RX/s, TX/s, Sup/s
986, 0, 0, 0, 0, 0, 0, 0, 0, 0, 0, 0, 0, 0, 0, 0, 0, 0, 0, 0
986, 0, 1.000006, 210001214, 1.000006, 27131, 27131, 27127, 0, 6782, 0, 0, 0, 0, 0, 0, 26661419, 27130.843158, 27126.843181, 0.000000
986, 1, 2.000045, 210008225, 1.000039, 27155, 27155, 27157, 0, 6789, 0, 0, 0, 0, 0, 0, 26622546, 27153.936471, 27155.936392, 0.000000
986, 2, 3.000159, 210023934, 1.000114, 27159, 27159, 27152, 0, 6788, 0, 0, 0, 0, 0, 0, 26934602, 27155.905003, 27148.905800, 0.000000
986, 3, 4.000171, 210002593, 1.000012, 27054, 27054, 27065, 0, 6767, 0, 0, 0, 0, 0, 0, 26834960, 27053.665952, 27064.665816, 0.000000
986, 4, 5.000174, 210000591, 1.000003, 27098, 27098, 27096, 0, 6774, 0, 0, 0, 0, 0, 0, 27230595, 27097.923739, 27095.923744, 0.000000
986, 5, 6.000178, 210000851, 1.000004, 27140, 27140, 27135, 0, 6783, 0, 0, 0, 0, 0, 0, 27236945, 27139.890019, 27134.890039, 0.000000
986, 6, 7.000188, 210002013, 1.000010, 27010, 27010, 27021, 0, 6756, 0, 0, 0, 0, 0, 0, 27335926, 27009.741092, 27020.740987, 0.000000
986, 7, 8.000190, 210000527, 1.000003, 27149, 27149, 27143, 0, 6785, 0, 0, 0, 0, 0, 0, 27427235, 27148.931869, 27142.931884, 0.000000
