ThreadID, cIDX, Time, cycles, deltaT, RX, OnRX, TX, SupTX, OnTX, Idle, OnIdle, Blocked, CacheMiss, CacheHit, CacheWB, CPUIdle, RX/s, TX/s, Sup/s
9548, 0, 0, 0, 0, 0, 0, 0, 0, 0, 0, 0, 0, 0, 0, 0, 0, 0, 0, 0
9548, 0, 1.000020, 210004192, 1.000020, 27254, 27254, 27254, 0, 6814, 0, 0, 0, 654806, 182035054, 273186, 29232648, 27253.455969, 27253.455969, 0.000000
9548, 1, 2.000058, 210007996, 1.000038, 27176, 27176, 27178, 0, 6794, 0, 0, 3, 577357, 182191367, 238030, 28930643, 27174.965281, 27176.965205, 0.000000
9548, 2, 3.000094, 210007626, 1.000036, 27098, 27098, 27100, 0, 6775, 0, 0, 8, 566123, 182068394, 233360, 29259001, 27097.015991, 27099.015919, 0.000000
9548, 3, 4.000097, 210000513, 1.000002, 27109, 27109, 27107, 0, 6777, 0, 0, 8, 561870, 182032542, 230354, 29173690, 27108.933777, 27106.933782, 0.000000
9548, 4, 5.000115, 210003868, 1.000018, 27097, 27097, 27093, 0, 6773, 0, 0, 3, 547002, 181906105, 223158, 29487958, 27096.500908, 27092.500982, 0.000000
9548, 5, 6.000294, 210037566, 1.000179, 27118, 27118, 27116, 0, 6779, 0, 0, 5, 533620, 181693923, 216167, 30019688, 27113.149845, 27111.150203, 0.000000
9548, 6, 7.000313, 210004020, 1.000019, 27010, 27010, 27016, 0, 6754, 0, 0, 9, 524470, 181840381, 210578, 29679745, 27009.482961, 27015.482846, 0.000000
9548, 7, 8.000337, 210004888, 1.000023, 27150, 27150, 27146, 0, 6787, 0, 0, 0, 528089, 181844304, 212005, 29783164, 27149.368066, 27145.368159, 0.000000
