ThreadID, cIDX, Time, cycles, deltaT, RX, OnRX, TX, SupTX, OnTX, Idle, OnIdle, Blocked, CacheMiss, CacheHit, CacheWB, CPUIdle, RX/s, TX/s, Sup/s
11232, 0, 0, 0, 0, 0, 0, 0, 0, 0, 0, 0, 0, 0, 0, 0, 0, 0, 0, 0
11232, 0, 1.000044, 210009171, 1.000044, 31654, 31654, 31652, 0, 7913, 0, 0, 0, 0, 0, 0, 28995737, 31652.617685, 31650.617772, 0.000000
11232, 1, 2.000072, 210006031, 1.000029, 31703, 31703, 31693, 0, 7924, 0, 0, 7, 0, 0, 0, 28879464, 31702.089546, 31692.089833, 0.000000
11232, 2, 3.000092, 210004143, 1.000020, 31708, 31708, 31716, 0, 7929, 0, 0, 10, 0, 0, 0, 29006682, 31707.374459, 31715.374301, 0.000000
11232, 3, 4.000093, 210000274, 1.000001, 31647, 31647, 31644, 0, 7911, 0, 0, 12, 0, 0, 0, 29082726, 31646.958708, 31643.958712, 0.000000
11232, 4, 5.000173, 210016681, 1.000079, 31693, 31693, 31715, 0, 7928, 0, 0, 11, 0, 0, 0, 29519201, 31690.482719, 31712.480972, 0.000000
11232, 5, 6.000461, 210060612, 1.000289, 31585, 31585, 31560, 0, 7890, 0, 0, 0, 0, 0, 0, 29837097, 31575.886297, 31550.893511, 0.000000
11232, 6, 7.000466, 210000883, 1.000004, 31622, 31622, 31628, 0, 7907, 0, 0, 0, 0, 0, 0, 29592126, 31621.867038, 31627.867012, 0.000000
11232, 7, 8.000580, 210023938, 1.000114, 31616, 31616, 31628, 0, 7907, 0, 0, 0, 0, 0, 0, 29164678, 31612.396488, 31624.395120, 0.000000
