ThreadID, cIDX, Time, cycles, deltaT, RX, OnRX, TX, SupTX, OnTX, Idle, OnIdle, Blocked, CacheMiss, CacheHit, CacheWB, CPUIdle, RX/s, TX/s, Sup/s
10495, 0, 0, 0, 0, 0, 0, 0, 0, 0, 0, 0, 0, 0, 0, 0, 0, 0, 0, 0
10495, 0, 1.000765, 210160551, 1.000765, 27168, 27168, 27165, 0, 6792, 0, 0, 2, 0, 0, 0, 30933297, 27147.245155, 27144.247447, 0.000000
10495, 1, 2.000867, 210021495, 1.000102, 27191, 27191, 27189, 0, 6797, 0, 0, 6, 0, 0, 0, 30902946, 27188.217092, 27186.217296, 0.000000
10495, 2, 3.000879, 210002616, 1.000012, 27161, 27161, 27171, 0, 6793, 0, 0, 7, 0, 0, 0, 30881853, 27160.661656, 27170.661531, 0.000000
10495, 3, 4.000883, 210000751, 1.000004, 27057, 27057, 27046, 0, 6761, 0, 0, 4, 0, 0, 0, 31067101, 27056.903239, 27045.903279, 0.000000
10495, 4, 5.001037, 210032280, 1.000154, 27126, 27126, 27123, 0, 6781, 0, 0, 2, 0, 0, 0, 31275204, 27121.830987, 27118.831448, 0.000000
10495, 5, 6.001051, 210002929, 1.000014, 27164, 27164, 27173, 0, 6793, 0, 0, 0, 0, 0, 0, 31891299, 27163.621132, 27172.621007, 0.000000
10495, 6, 7.001057, 210001266, 1.000006, 26955, 26955, 26957, 0, 6739, 0, 0, 0, 0, 0, 0, 31749369, 26954.837501, 26956.837489, 0.000000
10495, 7, 8.001071, 210002933, 1.000014, 27128, 27128, 27136, 0, 6784, 0, 0, 0, 0, 0, 0, 31488678, 27127.621118, 27135.621006, 0.000000
