ThreadID, cIDX, Time, cycles, deltaT, RX, OnRX, TX, SupTX, OnTX, Idle, OnIdle, Blocked, CacheMiss, CacheHit, CacheWB, CPUIdle, RX/s, TX/s, Sup/s
465, 0, 0, 0, 0, 0, 0, 0, 0, 0, 0, 0, 0, 0, 0, 0, 0, 0, 0, 0
465, 0, 1.000006, 210001258, 1.000006, 31597, 31597, 31592, 0, 7898, 0, 0, 0, 0, 0, 0, 26674811, 31596.810720, 31591.810750, 0.000000
465, 1, 2.000025, 210003996, 1.000019, 31716, 31716, 31712, 0, 7928, 0, 0, 3, 0, 0, 0, 26765522, 31715.396501, 31711.396577, 0.000000
465, 2, 3.000041, 210003346, 1.000016, 31690, 31690, 31693, 0, 7924, 0, 0, 5, 0, 0, 0, 26981113, 31689.495081, 31692.495033, 0.000000
465, 3, 4.000129, 210018438, 1.000088, 31720, 31720, 31723, 0, 7930, 0, 0, 3, 0, 0, 0, 26767797, 31717.215229, 31720.214965, 0.000000
465, 4, 5.000165, 210007555, 1.000036, 31663, 31663, 31680, 0, 7920, 0, 0, 0, 0, 0, 0, 27443449, 31661.860927, 31678.860315, 0.000000
465, 5, 6.000173, 210001751, 1.000008, 31593, 31593, 31581, 0, 7896, 0, 0, 0, 0, 0, 0, 27369176, 31592.736577, 31580.736677, 0.000000
465, 6, 7.000229, 210011769, 1.000056, 31723, 31723, 31727, 0, 7931, 0, 0, 0, 0, 0, 0, 27437195, 31721.222252, 31725.222028, 0.000000
465, 7, 8.000283, 210011395, 1.000054, 31662, 31662, 31668, 0, 7917, 0, 0, 1, 0, 0, 0, 27433100, 31660.282053, 31666.281727, 0.000000
