ThreadID, cIDX, Time, cycles, deltaT, RX, OnRX, TX, SupTX, OnTX, Idle, OnIdle, Blocked, CacheMiss, CacheHit, CacheWB, CPUIdle, RX/s, TX/s, Sup/s
8610, 0, 0, 0, 0, 0, 0, 0, 0, 0, 0, 0, 0, 0, 0, 0, 0, 0, 0, 0
8610, 0, 1.000172, 210036073, 1.000172, 31571, 31571, 31584, 0, 7896, 0, 0, 1, 0, 0, 0, 27707088, 31565.577785, 31578.575553, 0.000000
8610, 1, 2.000304, 210027773, 1.000132, 31721, 31721, 31690, 0, 7923, 0, 0, 4, 0, 0, 0, 27627316, 31716.805377, 31685.809476, 0.000000
8610, 2, 3.000305, 210000199, 1.000001, 31693, 31693, 31701, 0, 7925, 0, 0, 10, 0, 0, 0, 27751822, 31692.969967, 31700.969960, 0.000000
8610, 3, 4.000317, 210002554, 1.000012, 31660, 31660, 31681, 0, 7920, 0, 0, 6, 0, 0, 0, 27625409, 31659.614959, 31680.614703, 0.000000
8610, 4, 5.000322, 210001077, 1.000005, 31717, 31717, 31701, 0, 7926, 0, 0, 0, 0, 0, 0, 28064161, 31716.837338, 31700.837420, 0.000000
8610, 5, 6.000328, 210001292, 1.000006, 31574, 31574, 31579, 0, 7894, 0, 0, 0, 0, 0, 0, 28284905, 31573.805746, 31578.805715, 0.000000
8610, 6, 7.000342, 210002918, 1.000014, 31646, 31646, 31644, 0, 7911, 0, 0, 0, 0, 0, 0, 28368488, 31645.560277, 31643.560305, 0.000000
8610, 7, 8.000398, 210011665, 1.000056, 31623, 31623, 31612, 0, 7903, 0, 0, 0, 0, 0, 0, 28457727, 31621.243515, 31610.244126, 0.000000
