ThreadID, cIDX, Time, cycles, deltaT, RX, OnRX, TX, SupTX, OnTX, Idle, OnIdle, Blocked, CacheMiss, CacheHit, CacheWB, CPUIdle, RX/s, TX/s, Sup/s
10038, 0, 0, 0, 0, 0, 0, 0, 0, 0, 0, 0, 0, 0, 0, 0, 0, 0, 0, 0
10038, 0, 1.000005, 210001096, 1.000005, 31562, 31562, 31563, 0, 7891, 0, 0, 0, 0, 0, 0, 28201211, 31561.835277, 31562.835272, 0.000000
10038, 1, 2.000110, 210022006, 1.000105, 31694, 31694, 31681, 0, 7920, 0, 0, 11, 0, 0, 0, 28253846, 31690.679119, 31677.680481, 0.000000
10038, 2, 3.000113, 210000706, 1.000003, 31690, 31690, 31688, 0, 7922, 0, 0, 11, 0, 0, 0, 28376131, 31689.893462, 31687.893468, 0.000000
10038, 3, 4.000131, 210003697, 1.000018, 31705, 31705, 31720, 0, 7930, 0, 0, 11, 0, 0, 0, 28517980, 31704.441851, 31719.441587, 0.000000
10038, 4, 5.000192, 210012877, 1.000061, 31703, 31703, 31696, 0, 7924, 0, 0, 6, 0, 0, 0, 28829138, 31701.056121, 31694.056551, 0.000000
10038, 5, 6.000217, 210005161, 1.000025, 31531, 31531, 31532, 0, 7883, 0, 0, 2, 0, 0, 0, 29111938, 31530.225107, 31531.225083, 0.000000
10038, 6, 7.000223, 210001265, 1.000006, 31707, 31707, 31725, 0, 7932, 0, 0, 1, 0, 0, 0, 28985869, 31706.809004, 31724.808896, 0.000000
10038, 7, 8.000670, 210093827, 1.000447, 31674, 31674, 31647, 0, 7911, 0, 0, 0, 0, 0, 0, 28884776, 31659.854528, 31632.866586, 0.000000
