ThreadID, cIDX, Time, cycles, deltaT, RX, OnRX, TX, SupTX, OnTX, Idle, OnIdle, Blocked, CacheMiss, CacheHit, CacheWB, CPUIdle, RX/s, TX/s, Sup/s
2031, 0, 0, 0, 0, 0, 0, 0, 0, 0, 0, 0, 0, 0, 0, 0, 0, 0, 0, 0
2031, 0, 1.000003, 210000731, 1.000003, 27207, 27207, 27211, 0, 6803, 0, 0, 0, 0, 0, 0, 28949796, 27206.905294, 27210.905280, 0.000000
2031, 1, 2.000006, 210000581, 1.000003, 27208, 27208, 27207, 0, 6802, 0, 0, 5, 0, 0, 0, 28954045, 27207.924725, 27206.924728, 0.000000
2031, 2, 3.000042, 210007485, 1.000036, 27144, 27144, 27135, 0, 6784, 0, 0, 1, 0, 0, 0, 29241669, 27143.032545, 27134.032866, 0.000000
2031, 3, 4.000057, 210003252, 1.000015, 27059, 27059, 27063, 0, 6765, 0, 0, 6, 0, 0, 0, 29323419, 27058.580979, 27062.580917, 0.000000
2031, 4, 5.000060, 210000450, 1.000002, 27128, 27128, 27130, 0, 6783, 0, 0, 0, 0, 0, 0, 29380850, 27127.941869, 27129.941864, 0.000000
2031, 5, 6.000251, 210040309, 1.000192, 27154, 27154, 27150, 0, 6787, 0, 0, 0, 0, 0, 0, 29846580, 27148.788855, 27144.789622, 0.000000
2031, 6, 7.000296, 210009444, 1.000045, 26945, 26945, 26952, 0, 6738, 0, 0, 1, 0, 0, 0, 29753563, 26943.788299, 26950.787985, 0.000000
2031, 7, 8.000309, 210002721, 1.000013, 27137, 27137, 27133, 0, 6784, 0, 0, 0, 0, 0, 0, 29543635, 27136.648387, 27132.648438, 0.000000
