ThreadID, cIDX, Time, cycles, deltaT, RX, OnRX, TX, SupTX, OnTX, Idle, OnIdle, Blocked, CacheMiss, CacheHit, CacheWB, CPUIdle, RX/s, TX/s, Sup/s
1423, 0, 0, 0, 0, 0, 0, 0, 0, 0, 0, 0, 0, 0, 0, 0, 0, 0, 0, 0
1423, 0, 1.000292, 210061294, 1.000292, 27199, 27199, 27200, 0, 6800, 0, 0, 0, 665334, 182054640, 270049, 31881739, 27191.063576, 27192.063284, 0.000000
1423, 1, 2.000326, 210007167, 1.000034, 27143, 27143, 27140, 0, 6785, 0, 0, 0, 568095, 182095319, 226003, 31825769, 27142.073680, 27139.073782, 0.000000
1423, 2, 3.000489, 210034310, 1.000163, 27134, 27134, 27136, 0, 6784, 0, 0, 3, 532051, 182076790, 210451, 31863885, 27129.567545, 27131.567219, 0.000000
1423, 3, 4.000534, 210009271, 1.000044, 27155, 27155, 27152, 0, 6788, 0, 0, 1, 521566, 182052430, 206050, 31811239, 27153.801224, 27150.801357, 0.000000
1423, 4, 5.000566, 210006858, 1.000033, 27137, 27137, 27144, 0, 6786, 0, 0, 0, 515871, 181843578, 202381, 32270913, 27136.113812, 27143.113583, 0.000000
1423, 5, 6.000577, 210002275, 1.000011, 27056, 27056, 27060, 0, 6765, 0, 0, 6, 510937, 181742407, 200248, 32454321, 27055.706897, 27059.706853, 0.000000
1423, 6, 7.000582, 210001134, 1.000005, 27091, 27091, 27086, 0, 6772, 0, 0, 0, 511150, 181864669, 199238, 32309531, 27090.853709, 27085.853736, 0.000000
1423, 7, 8.000598, 210003350, 1.000016, 27137, 27137, 27134, 0, 6783, 0, 0, 0, 510141, 181970035, 199213, 32039973, 27136.567107, 27133.567155, 0.000000
