ThreadID, cIDX, Time, cycles, deltaT, RX, OnRX, TX, SupTX, OnTX, Idle, OnIdle, Blocked, CacheMiss, CacheHit, CacheWB, CPUIdle, RX/s, TX/s, Sup/s
2819, 0, 0, 0, 0, 0, 0, 0, 0, 0, 0, 0, 0, 0, 0, 0, 0, 0, 0, 0
2819, 0, 1.000002, 210000433, 1.000002, 31583, 31583, 31568, 0, 7892, 0, 0, 0, 657405, 182107069, 268706, 31606252, 31582.934879, 31567.934910, 0.000000
2819, 1, 2.000036, 210007159, 1.000034, 31672, 31672, 31681, 0, 7921, 0, 0, 6, 557284, 182205863, 222245, 31593488, 31670.920323, 31679.920016, 0.000000
2819, 2, 3.000048, 210002515, 1.000012, 31699, 31699, 31717, 0, 7929, 0, 0, 7, 544940, 182180089, 216532, 31615572, 31698.620371, 31716.620156, 0.000000
2819, 3, 4.000049, 210000212, 1.000001, 31672, 31672, 31662, 0, 7915, 0, 0, 3, 538765, 182122298, 213596, 31743705, 31671.968026, 31661.968036, 0.000000
2819, 4, 5.000152, 210021538, 1.000103, 31652, 31652, 31636, 0, 7909, 0, 0, 9, 536510, 181947091, 212282, 32039150, 31648.754044, 31632.755684, 0.000000
2819, 5, 6.000160, 210001724, 1.000008, 31562, 31562, 31588, 0, 7897, 0, 0, 11, 527924, 181661833, 208525, 32561653, 31561.740893, 31587.740680, 0.000000
2819, 6, 7.000163, 210000651, 1.000003, 31653, 31653, 31646, 0, 7912, 0, 0, 1, 525826, 181792079, 208196, 32312946, 31652.901876, 31645.901898, 0.000000
2819, 7, 8.000481, 210066700, 1.000318, 31631, 31631, 31614, 0, 7903, 0, 0, 1, 519157, 181912664, 203354, 32267591, 31620.956582, 31603.961980, 0.000000
