ThreadID, cIDX, Time, cycles, deltaT, RX, OnRX, TX, SupTX, OnTX, Idle, OnIdle, Blocked, CacheMiss, CacheHit, CacheWB, CPUIdle, RX/s, TX/s, Sup/s
8613, 0, 0, 0, 0, 0, 0, 0, 0, 0, 0, 0, 0, 0, 0, 0, 0, 0, 0, 0
8613, 0, 1.000010, 210002154, 1.000010, 31543, 31543, 31533, 0, 7884, 0, 0, 1, 0, 0, 0, 27684605, 31542.676462, 31532.676565, 0.000000
8613, 1, 2.000140, 210027304, 1.000130, 31717, 31717, 31703, 0, 7925, 0, 0, 6, 0, 0, 0, 27623163, 31712.876722, 31698.878542, 0.000000
8613, 2, 3.000546, 210085145, 1.000405, 31719, 31719, 31718, 0, 7930, 0, 0, 7, 0, 0, 0, 27782080, 31706.144668, 31705.145073, 0.000000
8613, 3, 4.000547, 210000228, 1.000001, 31631, 31631, 31666, 0, 7916, 0, 0, 6, 0, 0, 0, 27625857, 31630.965658, 31665.965620, 0.000000
8613, 4, 5.000561, 210002935, 1.000014, 31635, 31635, 31637, 0, 7910, 0, 0, 0, 0, 0, 0, 28065704, 31634.557869, 31636.557841, 0.000000
8613, 5, 6.000567, 210001353, 1.000006, 31651, 31651, 31643, 0, 7910, 0, 0, 2, 0, 0, 0, 28286676, 31650.796078, 31642.796130, 0.000000
8613, 6, 7.000583, 210003389, 1.000016, 31569, 31569, 31580, 0, 7895, 0, 0, 0, 0, 0, 0, 28366385, 31568.490545, 31579.490367, 0.000000
8613, 7, 8.000592, 210001890, 1.000009, 31613, 31613, 31601, 0, 7901, 0, 0, 3, 0, 0, 0, 28456986, 31612.715486, 31600.715594, 0.000000
