ThreadID, cIDX, Time, cycles, deltaT, RX, OnRX, TX, SupTX, OnTX, Idle, OnIdle, Blocked, CacheMiss, CacheHit, CacheWB, CPUIdle, RX/s, TX/s, Sup/s
114, 0, 0, 0, 0, 0, 0, 0, 0, 0, 0, 0, 0, 0, 0, 0, 0, 0, 0, 0
114, 0, 1.000160, 210033641, 1.000160, 31685, 31685, 31700, 0, 7925, 0, 0, 0, 0, 0, 0, 28496245, 31679.925027, 31694.922624, 0.000000
114, 1, 2.000256, 210020067, 1.000096, 31687, 31687, 31672, 0, 7918, 0, 0, 0, 0, 0, 0, 28526053, 31683.972370, 31668.973803, 0.000000
114, 2, 3.000266, 210002161, 1.000010, 31699, 31699, 31702, 0, 7926, 0, 0, 0, 0, 0, 0, 28791870, 31698.673806, 31701.673775, 0.000000
114, 3, 4.000269, 210000525, 1.000002, 31660, 31660, 31666, 0, 7916, 0, 0, 0, 0, 0, 0, 28668431, 31659.920850, 31665.920835, 0.000000
114, 4, 5.000280, 210002380, 1.000011, 31630, 31630, 31632, 0, 7908, 0, 0, 0, 0, 0, 0, 28922065, 31629.641531, 31631.641508, 0.000000
114, 5, 6.000291, 210002430, 1.000012, 31612, 31612, 31616, 0, 7904, 0, 0, 2, 0, 0, 0, 29188976, 31611.634208, 31615.634162, 0.000000
114, 6, 7.000537, 210051484, 1.000245, 31611, 31611, 31580, 0, 7895, 0, 0, 0, 0, 0, 0, 29064753, 31603.252087, 31572.259685, 0.000000
114, 7, 8.000598, 210012884, 1.000061, 31612, 31612, 31616, 0, 7904, 0, 0, 1, 0, 0, 0, 28830146, 31610.060648, 31614.060402, 0.000000
