ThreadID, cIDX, Time, cycles, deltaT, RX, OnRX, TX, SupTX, OnTX, Idle, OnIdle, Blocked, CacheMiss, CacheHit, CacheWB, CPUIdle, RX/s, TX/s, Sup/s
1569, 0, 0, 0, 0, 0, 0, 0, 0, 0, 0, 0, 0, 0, 0, 0, 0, 0, 0, 0
1569, 0, 1.000025, 210005209, 1.000025, 31713, 31713, 31720, 0, 7930, 0, 0, 0, 0, 0, 0, 28410833, 31712.213386, 31719.213212, 0.000000
1569, 1, 2.000057, 210006846, 1.000033, 31646, 31646, 31636, 0, 7909, 0, 0, 0, 0, 0, 0, 28377492, 31644.968374, 31634.968700, 0.000000
1569, 2, 3.000071, 210002908, 1.000014, 31613, 31613, 31601, 0, 7901, 0, 0, 5, 0, 0, 0, 28342382, 31612.562241, 31600.562407, 0.000000
1569, 3, 4.000112, 210008646, 1.000041, 31740, 31740, 31747, 0, 7936, 0, 0, 11, 0, 0, 0, 28565123, 31738.693273, 31745.692984, 0.000000
1569, 4, 5.000126, 210002802, 1.000013, 31679, 31679, 31673, 0, 7919, 0, 0, 5, 0, 0, 0, 28763091, 31678.577317, 31672.577397, 0.000000
1569, 5, 6.000306, 210037833, 1.000180, 31583, 31583, 31583, 0, 7895, 0, 0, 10, 0, 0, 0, 29109380, 31577.311122, 31577.311122, 0.000000
1569, 6, 7.000339, 210006869, 1.000033, 31608, 31608, 31617, 0, 7905, 0, 0, 1, 0, 0, 0, 28667085, 31606.966151, 31615.965857, 0.000000
1569, 7, 8.000360, 210004428, 1.000021, 31749, 31749, 31751, 0, 7937, 0, 0, 0, 0, 0, 0, 28807805, 31748.330564, 31750.330522, 0.000000
