ThreadID, cIDX, Time, cycles, deltaT, RX, OnRX, TX, SupTX, OnTX, Idle, OnIdle, Blocked, CacheMiss, CacheHit, CacheWB, CPUIdle, RX/s, TX/s, Sup/s
1004, 0, 0, 0, 0, 0, 0, 0, 0, 0, 0, 0, 0, 0, 0, 0, 0, 0, 0, 0
1004, 0, 1.000051, 210010698, 1.000051, 27262, 27262, 27264, 0, 6816, 0, 0, 0, 0, 0, 0, 26750883, 27260.611267, 27262.611165, 0.000000
1004, 1, 2.000069, 210003847, 1.000018, 27141, 27141, 27136, 0, 6784, 0, 0, 0, 0, 0, 0, 26811390, 27140.502812, 27135.502903, 0.000000
1004, 2, 3.000117, 210009941, 1.000047, 27094, 27094, 27104, 0, 6776, 0, 0, 0, 0, 0, 0, 27070330, 27092.717482, 27102.717009, 0.000000
1004, 3, 4.000140, 210004950, 1.000024, 27190, 27190, 27184, 0, 6796, 0, 0, 0, 0, 0, 0, 26912743, 27189.359108, 27183.359249, 0.000000
1004, 4, 5.000159, 210004009, 1.000019, 27085, 27085, 27084, 0, 6771, 0, 0, 1, 0, 0, 0, 27294705, 27084.482944, 27083.482963, 0.000000
1004, 5, 6.000165, 210001123, 1.000005, 27045, 27045, 27046, 0, 6762, 0, 0, 0, 0, 0, 0, 27331654, 27044.855374, 27045.855369, 0.000000
1004, 6, 7.000167, 210000576, 1.000003, 27140, 27140, 27135, 0, 6784, 0, 0, 0, 0, 0, 0, 27500534, 27139.925559, 27134.925573, 0.000000
1004, 7, 8.000330, 210034206, 1.000163, 27096, 27096, 27091, 0, 6772, 0, 0, 0, 0, 0, 0, 27580190, 27091.587167, 27086.587982, 0.000000
