ThreadID, cIDX, Time, cycles, deltaT, RX, OnRX, TX, SupTX, OnTX, Idle, OnIdle, Blocked, CacheMiss, CacheHit, CacheWB, CPUIdle, RX/s, TX/s, Sup/s
1008, 0, 0, 0, 0, 0, 0, 0, 0, 0, 0, 0, 0, 0, 0, 0, 0, 0, 0, 0
1008, 0, 1.000081, 210017069, 1.000081, 30600, 30600, 30589, 0, 7930, 0, 0, 0, 0, 0, 0, 29264310, 30597.513005, 30586.513899, 0.000000
1008, 1, 2.000107, 210005354, 1.000025, 30535, 30535, 30560, 0, 7924, 0, 0, 0, 0, 0, 0, 29179699, 30534.221523, 30559.220885, 0.000000
1008, 2, 3.000114, 210001415, 1.000007, 30527, 30527, 30523, 0, 7914, 0, 0, 0, 0, 0, 0, 29419498, 30526.794308, 30522.794335, 0.000000
1008, 3, 4.000119, 210001164, 1.000006, 30595, 30595, 30585, 0, 7928, 0, 0, 0, 0, 0, 0, 29332166, 30594.830417, 30584.830473, 0.000000
1008, 4, 5.000213, 210019832, 1.000094, 30483, 30483, 30474, 0, 7901, 0, 0, 0, 0, 0, 0, 29646327, 30480.121515, 30471.122365, 0.000000
1008, 5, 6.000268, 210011499, 1.000055, 30477, 30477, 30485, 0, 7903, 0, 0, 0, 0, 0, 0, 29810609, 30475.331258, 30483.330820, 0.000000
1008, 6, 7.000361, 210019433, 1.000093, 30581, 30581, 30579, 0, 7928, 0, 0, 0, 0, 0, 0, 29823033, 30578.170354, 30576.170539, 0.000000
1008, 7, 8.000389, 210005834, 1.000028, 30516, 30516, 30518, 0, 7913, 0, 0, 1, 0, 0, 0, 29933248, 30515.152260, 30517.152204, 0.000000
