ThreadID, cIDX, Time, cycles, deltaT, RX, OnRX, TX, SupTX, OnTX, Idle, OnIdle, Blocked, CacheMiss, CacheHit, CacheWB, CPUIdle, RX/s, TX/s, Sup/s
11148, 0, 0, 0, 0, 0, 0, 0, 0, 0, 0, 0, 0, 0, 0, 0, 0, 0, 0, 0
11148, 0, 1.000006, 210001264, 1.000006, 27220, 27220, 27218, 0, 6805, 0, 0, 0, 656498, 182068862, 273518, 31779577, 27219.836163, 27217.836175, 0.000000
11148, 1, 2.000055, 210010305, 1.000049, 27148, 27148, 27151, 0, 6788, 0, 0, 4, 548311, 182151691, 220933, 31667528, 27146.667874, 27149.667727, 0.000000
11148, 2, 3.000072, 210003544, 1.000017, 27094, 27094, 27095, 0, 6773, 0, 0, 11, 527039, 182088133, 209234, 31833172, 27093.542764, 27094.542747, 0.000000
11148, 3, 4.000081, 210001871, 1.000009, 27172, 27172, 27168, 0, 6792, 0, 0, 6, 517673, 182061091, 205384, 31834368, 27171.757913, 27167.757948, 0.000000
11148, 4, 5.000083, 210000534, 1.000003, 27160, 27160, 27163, 0, 6791, 0, 0, 6, 509785, 181914285, 200845, 32140530, 27159.930936, 27162.930929, 0.000000
11148, 5, 6.000085, 210000345, 1.000002, 27090, 27090, 27092, 0, 6773, 0, 0, 8, 505251, 181706900, 198344, 32563641, 27089.955495, 27091.955492, 0.000000
11148, 6, 7.000088, 210000720, 1.000003, 27124, 27124, 27125, 0, 6781, 0, 0, 2, 507535, 181753046, 201040, 32457773, 27123.907004, 27124.907000, 0.000000
11148, 7, 8.000095, 210001468, 1.000007, 27199, 27199, 27200, 0, 6800, 0, 0, 0, 510103, 181974155, 201559, 32047543, 27198.809867, 27199.809860, 0.000000
