ThreadID, cIDX, Time, cycles, deltaT, RX, OnRX, TX, SupTX, OnTX, Idle, OnIdle, Blocked, CacheMiss, CacheHit, CacheWB, CPUIdle, RX/s, TX/s, Sup/s
1740, 0, 0, 0, 0, 0, 0, 0, 0, 0, 0, 0, 0, 0, 0, 0, 0, 0, 0, 0
1740, 0, 1.000009, 210001899, 1.000009, 27222, 27222, 27224, 0, 6806, 0, 0, 0, 675603, 182079536, 277878, 29200836, 27221.753838, 27223.753819, 0.000000
1740, 1, 2.000014, 210001126, 1.000005, 27185, 27185, 27184, 0, 6796, 0, 0, 0, 576860, 182111289, 234508, 29119799, 27184.854237, 27183.854243, 0.000000
1740, 2, 3.000033, 210003870, 1.000018, 27119, 27119, 27116, 0, 6779, 0, 0, 5, 554443, 182024134, 222522, 29313928, 27118.500245, 27115.500300, 0.000000
1740, 3, 4.000057, 210005047, 1.000024, 27148, 27148, 27152, 0, 6788, 0, 0, 0, 537884, 181979174, 215718, 29381425, 27147.347559, 27151.347463, 0.000000
1740, 4, 5.000114, 210011993, 1.000057, 27067, 27067, 27064, 0, 6766, 0, 0, 0, 531005, 181874560, 211490, 29668022, 27065.454305, 27062.454476, 0.000000
1740, 5, 6.000121, 210001439, 1.000007, 27117, 27117, 27112, 0, 6778, 0, 0, 5, 517931, 181655027, 205688, 30059784, 27116.814185, 27111.814220, 0.000000
1740, 6, 7.000230, 210022856, 1.000109, 27079, 27079, 27084, 0, 6771, 0, 0, 4, 519911, 181828662, 205681, 29692630, 27076.053094, 27081.052550, 0.000000
1740, 7, 8.000232, 210000557, 1.000003, 27109, 27109, 27109, 0, 6778, 0, 0, 1, 516437, 181884377, 203956, 29689498, 27108.928097, 27108.928097, 0.000000
