ThreadID, cIDX, Time, cycles, deltaT, RX, OnRX, TX, SupTX, OnTX, Idle, OnIdle, Blocked, CacheMiss, CacheHit, CacheWB, CPUIdle, RX/s, TX/s, Sup/s
1089, 0, 0, 0, 0, 0, 0, 0, 0, 0, 0, 0, 0, 0, 0, 0, 0, 0, 0, 0
1089, 0, 1.000055, 210011506, 1.000055, 31714, 31714, 31708, 0, 7927, 0, 0, 1, 661572, 182052918, 274161, 29167936, 31712.262470, 31706.262799, 0.000000
1089, 1, 2.000426, 210077971, 1.000371, 31646, 31646, 31648, 0, 7912, 0, 0, 0, 578578, 182124606, 234989, 29222551, 31634.254503, 31636.253760, 0.000000
1089, 2, 3.000459, 210006990, 1.000033, 31652, 31652, 31652, 0, 7913, 0, 0, 6, 536210, 182038822, 215105, 29293916, 31650.946476, 31650.946476, 0.000000
1089, 3, 4.000473, 210002917, 1.000014, 31720, 31720, 31726, 0, 7932, 0, 0, 6, 521768, 182149351, 208943, 29100493, 31719.559400, 31725.559317, 0.000000
1089, 4, 5.000569, 210020070, 1.000096, 31626, 31626, 31614, 0, 7903, 0, 0, 1, 503145, 181926818, 198400, 29631734, 31622.977747, 31610.978894, 0.000000
1089, 5, 6.000582, 210002683, 1.000013, 31613, 31613, 31624, 0, 7906, 0, 0, 4, 498380, 181841770, 196872, 29684946, 31612.596111, 31623.595971, 0.000000
1089, 6, 7.000620, 210008031, 1.000038, 31647, 31647, 31660, 0, 7915, 0, 0, 1, 493355, 181905180, 192869, 29699218, 31645.789775, 31658.789277, 0.000000
1089, 7, 8.000766, 210030750, 1.000146, 31711, 31711, 31688, 0, 7922, 0, 0, 0, 491378, 181910643, 191523, 29833483, 31706.357283, 31683.360651, 0.000000
