ThreadID, cIDX, Time, cycles, deltaT, RX, OnRX, TX, SupTX, OnTX, Idle, OnIdle, Blocked, CacheMiss, CacheHit, CacheWB, CPUIdle, RX/s, TX/s, Sup/s
790, 0, 0, 0, 0, 0, 0, 0, 0, 0, 0, 0, 0, 0, 0, 0, 0, 0, 0, 0
790, 0, 1.000013, 210002643, 1.000013, 31527, 31527, 31525, 0, 7882, 0, 0, 0, 0, 0, 0, 27561359, 31526.603215, 31524.603240, 0.000000
790, 1, 2.000020, 210001552, 1.000007, 31704, 31704, 31704, 0, 7926, 0, 0, 0, 0, 0, 0, 27672451, 31703.765694, 31703.765694, 0.000000
790, 2, 3.000024, 210000769, 1.000004, 31725, 31725, 31739, 0, 7934, 0, 0, 0, 0, 0, 0, 27811748, 31724.883826, 31738.883775, 0.000000
790, 3, 4.000326, 210063495, 1.000302, 31616, 31616, 31596, 0, 7899, 0, 0, 0, 0, 0, 0, 27766314, 31606.443566, 31586.449611, 0.000000
790, 4, 5.000351, 210005323, 1.000025, 31620, 31620, 31640, 0, 7910, 0, 0, 0, 0, 0, 0, 28102353, 31619.198529, 31639.198022, 0.000000
790, 5, 6.000353, 210000297, 1.000001, 31705, 31705, 31701, 0, 7926, 0, 0, 0, 0, 0, 0, 28417689, 31704.955160, 31700.955166, 0.000000
790, 6, 7.000377, 210005003, 1.000024, 31630, 31630, 31627, 0, 7906, 0, 0, 0, 0, 0, 0, 28278278, 31629.246471, 31626.246542, 0.000000
790, 7, 8.000407, 210006375, 1.000030, 31558, 31558, 31560, 0, 7890, 0, 0, 0, 0, 0, 0, 28107953, 31557.042018, 31559.041958, 0.000000
