ThreadID, cIDX, Time, cycles, deltaT, RX, OnRX, TX, SupTX, OnTX, Idle, OnIdle, Blocked, CacheMiss, CacheHit, CacheWB, CPUIdle, RX/s, TX/s, Sup/s
9048, 0, 0, 0, 0, 0, 0, 0, 0, 0, 0, 0, 0, 0, 0, 0, 0, 0, 0, 0
9048, 0, 1.000017, 210003673, 1.000017, 27085, 27085, 27092, 0, 6773, 0, 0, 0, 0, 0, 0, 28483702, 27084.526279, 27091.526156, 0.000000
9048, 1, 2.000028, 210002120, 1.000010, 27183, 27183, 27176, 0, 6794, 0, 0, 0, 0, 0, 0, 28414862, 27182.725584, 27175.725655, 0.000000
9048, 2, 3.000030, 210000571, 1.000003, 27144, 27144, 27148, 0, 6787, 0, 0, 0, 0, 0, 0, 28537194, 27143.926194, 27147.926183, 0.000000
9048, 3, 4.000333, 210063558, 1.000303, 27167, 27167, 27156, 0, 6789, 0, 0, 4, 0, 0, 0, 28555304, 27158.780201, 27147.783529, 0.000000
9048, 4, 5.000401, 210014243, 1.000068, 27064, 27064, 27076, 0, 6769, 0, 0, 0, 0, 0, 0, 29176603, 27062.164541, 27074.163727, 0.000000
9048, 5, 6.000418, 210003608, 1.000017, 27129, 27129, 27116, 0, 6779, 0, 0, 0, 0, 0, 0, 29125604, 27128.533906, 27115.534129, 0.000000
9048, 6, 7.000420, 210000465, 1.000002, 27087, 27087, 27102, 0, 6776, 0, 0, 0, 0, 0, 0, 29088258, 27086.940022, 27101.939989, 0.000000
9048, 7, 8.000438, 210003739, 1.000018, 27071, 27071, 27060, 0, 6765, 0, 0, 0, 0, 0, 0, 29195658, 27070.518016, 27059.518212, 0.000000
