ThreadID, cIDX, Time, cycles, deltaT, RX, OnRX, TX, SupTX, OnTX, Idle, OnIdle, Blocked, CacheMiss, CacheHit, CacheWB, CPUIdle, RX/s, TX/s, Sup/s
1475, 0, 0, 0, 0, 0, 0, 0, 0, 0, 0, 0, 0, 0, 0, 0, 0, 0, 0, 0
1475, 0, 1.000002, 210000366, 1.000002, 31565, 31565, 31574, 0, 7894, 0, 0, 0, 650201, 182051654, 266802, 29192163, 31564.944987, 31573.944971, 0.000000
1475, 1, 2.000011, 210001928, 1.000009, 31646, 31646, 31650, 0, 7912, 0, 0, 4, 564454, 182112166, 223116, 29155212, 31645.709462, 31649.709426, 0.000000
1475, 2, 3.000108, 210020417, 1.000097, 31660, 31660, 31648, 0, 7912, 0, 0, 0, 547291, 182043885, 216493, 29344990, 31656.922193, 31644.923360, 0.000000
1475, 3, 4.000152, 210009113, 1.000043, 31739, 31739, 31722, 0, 7931, 0, 0, 5, 538058, 182018274, 211388, 29289748, 31737.622738, 31720.623476, 0.000000
1475, 4, 5.000153, 210000257, 1.000001, 31630, 31630, 31631, 0, 7908, 0, 0, 9, 524984, 181866514, 204615, 29663339, 31629.961291, 31630.961290, 0.000000
1475, 5, 6.000253, 210020949, 1.000100, 31646, 31646, 31643, 0, 7910, 0, 0, 8, 519380, 181721936, 202329, 29927471, 31642.843400, 31639.843700, 0.000000
1475, 6, 7.000253, 210000186, 1.000001, 31621, 31621, 31630, 0, 7908, 0, 0, 6, 519791, 181865052, 201067, 29713467, 31620.971993, 31629.971985, 0.000000
1475, 7, 8.000258, 210001039, 1.000005, 31722, 31722, 31733, 0, 7933, 0, 0, 1, 523516, 181881416, 203625, 29618611, 31721.843052, 31732.842998, 0.000000
