ThreadID, cIDX, Time, cycles, deltaT, RX, OnRX, TX, SupTX, OnTX, Idle, OnIdle, Blocked, CacheMiss, CacheHit, CacheWB, CPUIdle, RX/s, TX/s, Sup/s
10980, 0, 0, 0, 0, 0, 0, 0, 0, 0, 0, 0, 0, 0, 0, 0, 0, 0, 0, 0
10980, 0, 1.000425, 210089157, 1.000425, 31510, 31510, 31520, 0, 7880, 0, 0, 0, 0, 0, 0, 28967577, 31496.627882, 31506.623638, 0.000000
10980, 1, 2.000720, 210062131, 1.000296, 31681, 31681, 31657, 0, 7915, 0, 0, 9, 0, 0, 0, 28984822, 31671.629571, 31647.636670, 0.000000
10980, 2, 3.001065, 210072465, 1.000345, 31705, 31705, 31704, 0, 7926, 0, 0, 8, 0, 0, 0, 29106839, 31694.063284, 31693.063629, 0.000000
10980, 3, 4.001071, 210001107, 1.000005, 31601, 31601, 31624, 0, 7906, 0, 0, 10, 0, 0, 0, 29083347, 31600.833418, 31623.833297, 0.000000
10980, 4, 5.001483, 210086639, 1.000413, 31719, 31719, 31699, 0, 7924, 0, 0, 6, 0, 0, 0, 29548324, 31705.919195, 31685.927443, 0.000000
10980, 5, 6.001747, 210055304, 1.000263, 31578, 31578, 31569, 0, 7893, 0, 0, 3, 0, 0, 0, 29963676, 31569.686048, 31560.688418, 0.000000
10980, 6, 7.002243, 210104151, 1.000496, 31601, 31601, 31603, 0, 7900, 0, 0, 0, 0, 0, 0, 29566925, 31585.335027, 31587.334036, 0.000000
10980, 7, 8.002279, 210007694, 1.000037, 31694, 31694, 31728, 0, 7932, 0, 0, 0, 0, 0, 0, 29532271, 31692.838835, 31726.837589, 0.000000
