ThreadID, cIDX, Time, cycles, deltaT, RX, OnRX, TX, SupTX, OnTX, Idle, OnIdle, Blocked, CacheMiss, CacheHit, CacheWB, CPUIdle, RX/s, TX/s, Sup/s
2260, 0, 0, 0, 0, 0, 0, 0, 0, 0, 0, 0, 0, 0, 0, 0, 0, 0, 0, 0
2260, 0, 1.000041, 210008694, 1.000041, 31628, 31628, 31616, 0, 7904, 0, 0, 3, 0, 0, 0, 29082993, 31626.690655, 31614.691152, 0.000000
2260, 1, 2.000054, 210002592, 1.000012, 31652, 31652, 31648, 0, 7912, 0, 0, 5, 0, 0, 0, 28909347, 31651.609329, 31647.609378, 0.000000
2260, 2, 3.000633, 210121693, 1.000579, 31615, 31615, 31628, 0, 7907, 0, 0, 6, 0, 0, 0, 29461261, 31596.690019, 31609.682490, 0.000000
2260, 3, 4.000636, 210000659, 1.000003, 31744, 31744, 31752, 0, 7938, 0, 0, 6, 0, 0, 0, 29482648, 31743.900385, 31751.900360, 0.000000
2260, 4, 5.000645, 210001751, 1.000008, 31644, 31644, 31644, 0, 7911, 0, 0, 2, 0, 0, 0, 29563165, 31643.736152, 31643.736152, 0.000000
2260, 5, 6.000661, 210003354, 1.000016, 31588, 31588, 31588, 0, 7897, 0, 0, 3, 0, 0, 0, 30005357, 31587.495503, 31587.495503, 0.000000
2260, 6, 7.000674, 210002846, 1.000014, 31702, 31702, 31708, 0, 7927, 0, 0, 7, 0, 0, 0, 29801746, 31701.570368, 31707.570287, 0.000000
2260, 7, 8.000677, 210000513, 1.000002, 31665, 31665, 31644, 0, 7911, 0, 0, 2, 0, 0, 0, 29544349, 31664.922647, 31643.922698, 0.000000
