ThreadID, cIDX, Time, cycles, deltaT, RX, OnRX, TX, SupTX, OnTX, Idle, OnIdle, Blocked, CacheMiss, CacheHit, CacheWB, CPUIdle, RX/s, TX/s, Sup/s
533, 0, 0, 0, 0, 0, 0, 0, 0, 0, 0, 0, 0, 0, 0, 0, 0, 0, 0, 0
533, 0, 1.000008, 210001728, 1.000008, 31528, 31528, 31517, 0, 7880, 0, 0, 0, 0, 0, 0, 27563492, 31527.740572, 31516.740662, 0.000000
533, 1, 2.000016, 210001656, 1.000008, 31701, 31701, 31719, 0, 7929, 0, 0, 4, 0, 0, 0, 27578536, 31700.750017, 31718.749875, 0.000000
533, 2, 3.000188, 210036088, 1.000172, 31726, 31726, 31700, 0, 7925, 0, 0, 0, 0, 0, 0, 27640269, 31720.548899, 31694.553366, 0.000000
533, 3, 4.000192, 210000886, 1.000004, 31576, 31576, 31602, 0, 7901, 0, 0, 0, 0, 0, 0, 27663706, 31575.866780, 31601.866670, 0.000000
533, 4, 5.000341, 210031152, 1.000148, 31634, 31634, 31610, 0, 7902, 0, 0, 0, 0, 0, 0, 28257543, 31629.308018, 31605.311578, 0.000000
533, 5, 6.000460, 210025064, 1.000119, 31705, 31705, 31708, 0, 7927, 0, 0, 0, 0, 0, 0, 28335817, 31701.216384, 31704.216026, 0.000000
533, 6, 7.000484, 210005048, 1.000024, 31622, 31622, 31653, 0, 7914, 0, 0, 1, 0, 0, 0, 28261187, 31621.239886, 31652.239140, 0.000000
533, 7, 8.000493, 210001928, 1.000009, 31564, 31564, 31548, 0, 7887, 0, 0, 1, 0, 0, 0, 28325557, 31563.710215, 31547.710362, 0.000000
