ThreadID, cIDX, Time, cycles, deltaT, RX, OnRX, TX, SupTX, OnTX, Idle, OnIdle, Blocked, CacheMiss, CacheHit, CacheWB, CPUIdle, RX/s, TX/s, Sup/s
677, 0, 0, 0, 0, 0, 0, 0, 0, 0, 0, 0, 0, 0, 0, 0, 0, 0, 0, 0
677, 0, 1.000219, 210045981, 1.000219, 31590, 31590, 31573, 0, 7894, 0, 0, 0, 0, 0, 0, 25922772, 31583.084658, 31566.088379, 0.000000
677, 1, 2.000337, 210024766, 1.000118, 31729, 31729, 31720, 0, 7930, 0, 0, 0, 0, 0, 0, 25905260, 31725.258535, 31716.259596, 0.000000
677, 2, 3.000732, 210082946, 1.000395, 31688, 31688, 31695, 0, 7923, 0, 0, 1, 0, 0, 0, 26109218, 31675.488785, 31682.486021, 0.000000
677, 3, 4.001071, 210071304, 1.000340, 31590, 31590, 31596, 0, 7899, 0, 0, 0, 0, 0, 0, 26148628, 31579.277482, 31585.275445, 0.000000
677, 4, 5.001077, 210001096, 1.000005, 31608, 31608, 31628, 0, 7907, 0, 0, 0, 0, 0, 0, 26635726, 31607.835037, 31627.834933, 0.000000
677, 5, 6.001087, 210002175, 1.000010, 31734, 31734, 31721, 0, 7931, 0, 0, 0, 0, 0, 0, 26863312, 31733.671330, 31720.671464, 0.000000
677, 6, 7.001282, 210041052, 1.000195, 31660, 31660, 31655, 0, 7913, 0, 0, 0, 0, 0, 0, 26613539, 31653.812132, 31648.813109, 0.000000
677, 7, 8.001377, 210019783, 1.000094, 31568, 31568, 31592, 0, 7898, 0, 0, 3, 0, 0, 0, 26699186, 31565.026424, 31589.024163, 0.000000
