ThreadID, cIDX, Time, cycles, deltaT, RX, OnRX, TX, SupTX, OnTX, Idle, OnIdle, Blocked, CacheMiss, CacheHit, CacheWB, CPUIdle, RX/s, TX/s, Sup/s
8765, 0, 0, 0, 0, 0, 0, 0, 0, 0, 0, 0, 0, 0, 0, 0, 0, 0, 0, 0
8765, 0, 1.000100, 210020928, 1.000100, 27297, 27297, 27300, 0, 6825, 0, 0, 0, 0, 0, 0, 27698212, 27294.279930, 27297.279631, 0.000000
8765, 1, 2.000288, 210039624, 1.000189, 27104, 27104, 27108, 0, 6777, 0, 0, 3, 0, 0, 0, 27638992, 27098.886827, 27102.886073, 0.000000
8765, 2, 3.000296, 210001661, 1.000008, 27082, 27082, 27076, 0, 6769, 0, 0, 0, 0, 0, 0, 27561077, 27081.785796, 27075.785843, 0.000000
8765, 3, 4.000305, 210001908, 1.000009, 27232, 27232, 27237, 0, 6810, 0, 0, 5, 0, 0, 0, 27672724, 27231.752580, 27236.752535, 0.000000
8765, 4, 5.000315, 210001939, 1.000009, 27122, 27122, 27116, 0, 6779, 0, 0, 0, 0, 0, 0, 28403915, 27121.749576, 27115.749631, 0.000000
8765, 5, 6.000407, 210019369, 1.000092, 27079, 27079, 27079, 0, 6769, 0, 0, 0, 0, 0, 0, 28436452, 27076.502644, 27076.502644, 0.000000
8765, 6, 7.000410, 210000568, 1.000003, 27195, 27195, 27197, 0, 6800, 0, 0, 0, 0, 0, 0, 28470816, 27194.926444, 27196.926439, 0.000000
8765, 7, 8.000416, 210001388, 1.000007, 27094, 27094, 27095, 0, 6773, 0, 0, 0, 0, 0, 0, 28169922, 27093.820923, 27094.820916, 0.000000
