ThreadID, cIDX, Time, cycles, deltaT, RX, OnRX, TX, SupTX, OnTX, Idle, OnIdle, Blocked, CacheMiss, CacheHit, CacheWB, CPUIdle, RX/s, TX/s, Sup/s
9058, 0, 0, 0, 0, 0, 0, 0, 0, 0, 0, 0, 0, 0, 0, 0, 0, 0, 0, 0
9058, 0, 1.000060, 210012581, 1.000060, 31547, 31547, 31544, 0, 7886, 0, 0, 0, 0, 0, 0, 28520177, 31545.110147, 31542.110327, 0.000000
9058, 1, 2.000080, 210004181, 1.000020, 31702, 31702, 31716, 0, 7929, 0, 0, 2, 0, 0, 0, 28373448, 31701.368841, 31715.368562, 0.000000
9058, 2, 3.000084, 210000896, 1.000004, 31698, 31698, 31700, 0, 7925, 0, 0, 0, 0, 0, 0, 28591031, 31697.864756, 31699.864747, 0.000000
9058, 3, 4.000087, 210000628, 1.000003, 31723, 31723, 31699, 0, 7925, 0, 0, 0, 0, 0, 0, 28652352, 31722.905133, 31698.905205, 0.000000
9058, 4, 5.000205, 210024681, 1.000118, 31685, 31685, 31681, 0, 7920, 0, 0, 4, 0, 0, 0, 29118775, 31681.276545, 31677.277015, 0.000000
9058, 5, 6.000418, 210044722, 1.000213, 31591, 31591, 31600, 0, 7900, 0, 0, 0, 0, 0, 0, 29183082, 31584.273753, 31593.271837, 0.000000
9058, 6, 7.000440, 210004796, 1.000023, 31723, 31723, 31740, 0, 7935, 0, 0, 1, 0, 0, 0, 29053790, 31722.275524, 31739.275135, 0.000000
9058, 7, 8.000467, 210005622, 1.000027, 31660, 31660, 31657, 0, 7915, 0, 0, 1, 0, 0, 0, 29244773, 31659.152439, 31656.152520, 0.000000
