ThreadID, cIDX, Time, cycles, deltaT, RX, OnRX, TX, SupTX, OnTX, Idle, OnIdle, Blocked, CacheMiss, CacheHit, CacheWB, CPUIdle, RX/s, TX/s, Sup/s
2524, 0, 0, 0, 0, 0, 0, 0, 0, 0, 0, 0, 0, 0, 0, 0, 0, 0, 0, 0
2524, 0, 1.000594, 210124656, 1.000594, 27257, 27257, 27260, 0, 6815, 0, 0, 1, 0, 0, 0, 29055850, 27240.829843, 27243.828064, 0.000000
2524, 1, 2.000713, 210024980, 1.000119, 27171, 27171, 27172, 0, 6793, 0, 0, 4, 0, 0, 0, 28879739, 27167.768329, 27168.768210, 0.000000
2524, 2, 3.000736, 210004925, 1.000023, 27140, 27140, 27140, 0, 6785, 0, 0, 0, 0, 0, 0, 29074467, 27139.363517, 27139.363517, 0.000000
2524, 3, 4.000759, 210004927, 1.000023, 27099, 27099, 27096, 0, 6774, 0, 0, 4, 0, 0, 0, 29234444, 27098.364221, 27095.364291, 0.000000
2524, 4, 5.000765, 210001245, 1.000006, 27142, 27142, 27145, 0, 6787, 0, 0, 2, 0, 0, 0, 29543585, 27141.839088, 27144.839070, 0.000000
2524, 5, 6.000766, 210000220, 1.000001, 27185, 27185, 27181, 0, 6795, 0, 0, 3, 0, 0, 0, 29972742, 27184.971521, 27180.971525, 0.000000
2524, 6, 7.000778, 210002344, 1.000011, 27154, 27154, 27154, 0, 6788, 0, 0, 3, 0, 0, 0, 29925071, 27153.696913, 27153.696913, 0.000000
2524, 7, 8.000869, 210019194, 1.000091, 27123, 27123, 27120, 0, 6780, 0, 0, 1, 0, 0, 0, 29608345, 27120.521184, 27117.521459, 0.000000
