ThreadID, cIDX, Time, cycles, deltaT, RX, OnRX, TX, SupTX, OnTX, Idle, OnIdle, Blocked, CacheMiss, CacheHit, CacheWB, CPUIdle, RX/s, TX/s, Sup/s
2526, 0, 0, 0, 0, 0, 0, 0, 0, 0, 0, 0, 0, 0, 0, 0, 0, 0, 0, 0
2526, 0, 1.000777, 210163184, 1.000777, 27203, 27203, 27204, 0, 6801, 0, 0, 2, 0, 0, 0, 29070595, 27181.877869, 27182.877092, 0.000000
2526, 1, 2.000808, 210006573, 1.000031, 27173, 27173, 27168, 0, 6792, 0, 0, 3, 0, 0, 0, 28869783, 27172.149512, 27167.149668, 0.000000
2526, 2, 3.000838, 210006255, 1.000030, 27151, 27151, 27156, 0, 6789, 0, 0, 4, 0, 0, 0, 29074632, 27150.191312, 27155.191163, 0.000000
2526, 3, 4.000925, 210018277, 1.000087, 27188, 27188, 27181, 0, 6796, 0, 0, 4, 0, 0, 0, 29238468, 27185.633944, 27178.634553, 0.000000
2526, 4, 5.000962, 210007663, 1.000036, 27112, 27112, 27119, 0, 6779, 0, 0, 1, 0, 0, 0, 29543165, 27111.010706, 27118.010451, 0.000000
2526, 5, 6.001094, 210027833, 1.000133, 27109, 27109, 27104, 0, 6776, 0, 0, 2, 0, 0, 0, 29975394, 27105.407501, 27100.408164, 0.000000
2526, 6, 7.001203, 210022884, 1.000109, 27106, 27106, 27108, 0, 6777, 0, 0, 0, 0, 0, 0, 29927142, 27103.046542, 27105.046324, 0.000000
2526, 7, 8.001217, 210002864, 1.000014, 27111, 27111, 27104, 0, 6776, 0, 0, 0, 0, 0, 0, 29612223, 27110.630263, 27103.630358, 0.000000
