ThreadID, cIDX, Time, cycles, deltaT, RX, OnRX, TX, SupTX, OnTX, Idle, OnIdle, Blocked, CacheMiss, CacheHit, CacheWB, CPUIdle, RX/s, TX/s, Sup/s
1435, 0, 0, 0, 0, 0, 0, 0, 0, 0, 0, 0, 0, 0, 0, 0, 0, 0, 0, 0
1435, 0, 1.000015, 210003228, 1.000015, 27182, 27182, 27182, 0, 6796, 0, 0, 0, 0, 0, 0, 29799402, 27181.582180, 27181.582180, 0.000000
1435, 1, 2.000021, 210001193, 1.000006, 27190, 27190, 27190, 0, 6797, 0, 0, 2, 0, 0, 0, 29863332, 27189.845536, 27189.845536, 0.000000
1435, 2, 3.000250, 210048089, 1.000229, 27142, 27142, 27144, 0, 6786, 0, 0, 3, 0, 0, 0, 30001797, 27135.786034, 27137.785576, 0.000000
1435, 3, 4.000306, 210011799, 1.000056, 27144, 27144, 27144, 0, 6786, 0, 0, 0, 0, 0, 0, 29971829, 27142.474981, 27142.474981, 0.000000
1435, 4, 5.000379, 210015183, 1.000072, 27053, 27053, 27048, 0, 6762, 0, 0, 0, 0, 0, 0, 30384784, 27051.044210, 27046.044571, 0.000000
1435, 5, 6.000380, 210000230, 1.000001, 27143, 27143, 27152, 0, 6788, 0, 0, 3, 0, 0, 0, 30510711, 27142.970272, 27151.970262, 0.000000
1435, 6, 7.000462, 210017235, 1.000082, 27059, 27059, 27052, 0, 6763, 0, 0, 0, 0, 0, 0, 30361586, 27056.779411, 27049.779986, 0.000000
1435, 7, 8.000474, 210002563, 1.000012, 27125, 27125, 27128, 0, 6782, 0, 0, 1, 0, 0, 0, 30177024, 27124.668950, 27127.668913, 0.000000
