ThreadID, cIDX, Time, cycles, deltaT, RX, OnRX, TX, SupTX, OnTX, Idle, OnIdle, Blocked, CacheMiss, CacheHit, CacheWB, CPUIdle, RX/s, TX/s, Sup/s
981, 0, 0, 0, 0, 0, 0, 0, 0, 0, 0, 0, 0, 0, 0, 0, 0, 0, 0, 0
981, 0, 1.000186, 210038978, 1.000186, 31530, 31530, 31508, 0, 7877, 0, 0, 0, 0, 0, 0, 26674256, 31524.148818, 31502.152900, 0.000000
981, 1, 2.000193, 210001603, 1.000008, 31713, 31713, 31724, 0, 7931, 0, 0, 0, 0, 0, 0, 26621877, 31712.757926, 31723.757842, 0.000000
981, 2, 3.000218, 210005100, 1.000024, 31707, 31707, 31720, 0, 7930, 0, 0, 1, 0, 0, 0, 26923870, 31706.229992, 31719.229676, 0.000000
981, 3, 4.000219, 210000211, 1.000001, 31628, 31628, 31623, 0, 7906, 0, 0, 0, 0, 0, 0, 26834929, 31627.968221, 31622.968226, 0.000000
981, 4, 5.000469, 210052596, 1.000250, 31692, 31692, 31681, 0, 7920, 0, 0, 0, 0, 0, 0, 27247639, 31684.064500, 31673.067254, 0.000000
981, 5, 6.000727, 210054095, 1.000258, 31613, 31613, 31613, 0, 7904, 0, 0, 0, 0, 0, 0, 27245478, 31604.858739, 31604.858739, 0.000000
981, 6, 7.001094, 210077169, 1.000367, 31690, 31690, 31691, 0, 7922, 0, 0, 0, 0, 0, 0, 27339399, 31678.359108, 31679.358741, 0.000000
981, 7, 8.001098, 210000765, 1.000004, 31631, 31631, 31644, 0, 7911, 0, 0, 0, 0, 0, 0, 27420095, 31630.884773, 31643.884726, 0.000000
