ThreadID, cIDX, Time, cycles, deltaT, RX, OnRX, TX, SupTX, OnTX, Idle, OnIdle, Blocked, CacheMiss, CacheHit, CacheWB, CPUIdle, RX/s, TX/s, Sup/s
10589, 0, 0, 0, 0, 0, 0, 0, 0, 0, 0, 0, 0, 0, 0, 0, 0, 0, 0, 0
10589, 0, 1.000729, 210153094, 1.000729, 27216, 27216, 27209, 0, 6803, 0, 0, 2, 0, 0, 0, 29212778, 27196.173472, 27189.178571, 0.000000
10589, 1, 2.000834, 210021968, 1.000105, 27183, 27183, 27184, 0, 6796, 0, 0, 4, 0, 0, 0, 29120923, 27180.156697, 27181.156592, 0.000000
10589, 2, 3.000840, 210001287, 1.000006, 27135, 27135, 27141, 0, 6785, 0, 0, 8, 0, 0, 0, 29152351, 27134.833702, 27140.833665, 0.000000
10589, 3, 4.000842, 210000533, 1.000003, 27179, 27179, 27176, 0, 6794, 0, 0, 4, 0, 0, 0, 29429230, 27178.931017, 27175.931025, 0.000000
10589, 4, 5.000968, 210026400, 1.000126, 27111, 27111, 27106, 0, 6776, 0, 0, 0, 0, 0, 0, 29584390, 27107.592188, 27102.592817, 0.000000
10589, 5, 6.001065, 210020406, 1.000097, 27106, 27106, 27116, 0, 6779, 0, 0, 1, 0, 0, 0, 30139106, 27103.366327, 27113.365356, 0.000000
10589, 6, 7.001068, 210000491, 1.000002, 27107, 27107, 27103, 0, 6776, 0, 0, 0, 0, 0, 0, 30003902, 27106.936621, 27102.936631, 0.000000
10589, 7, 8.001100, 210006821, 1.000032, 27113, 27113, 27109, 0, 6777, 0, 0, 0, 0, 0, 0, 29684543, 27112.119373, 27108.119502, 0.000000
