ThreadID, cIDX, Time, cycles, deltaT, RX, OnRX, TX, SupTX, OnTX, Idle, OnIdle, Blocked, CacheMiss, CacheHit, CacheWB, CPUIdle, RX/s, TX/s, Sup/s
383, 0, 0, 0, 0, 0, 0, 0, 0, 0, 0, 0, 0, 0, 0, 0, 0, 0, 0, 0
383, 0, 1.000023, 210004854, 1.000023, 27168, 27168, 27174, 0, 6794, 0, 0, 0, 0, 0, 0, 28637228, 27167.372046, 27173.371907, 0.000000
383, 1, 2.000028, 210000931, 1.000004, 27139, 27139, 27138, 0, 6784, 0, 0, 2, 0, 0, 0, 28663904, 27138.879684, 27137.879689, 0.000000
383, 2, 3.000037, 210001983, 1.000009, 27092, 27092, 27089, 0, 6773, 0, 0, 0, 0, 0, 0, 28919716, 27091.744177, 27088.744205, 0.000000
383, 3, 4.000050, 210002735, 1.000013, 27212, 27212, 27210, 0, 6802, 0, 0, 1, 0, 0, 0, 28628872, 27211.645601, 27209.645627, 0.000000
383, 4, 5.000114, 210013430, 1.000064, 27142, 27142, 27135, 0, 6784, 0, 0, 1, 0, 0, 0, 29205441, 27140.264315, 27133.264763, 0.000000
383, 5, 6.000176, 210013128, 1.000063, 27100, 27100, 27110, 0, 6777, 0, 0, 0, 0, 0, 0, 29281138, 27098.305969, 27108.305344, 0.000000
383, 6, 7.000237, 210012711, 1.000061, 27125, 27125, 27120, 0, 6780, 0, 0, 0, 0, 0, 0, 29444370, 27123.358262, 27118.358564, 0.000000
383, 7, 8.000266, 210006005, 1.000029, 27210, 27210, 27216, 0, 6804, 0, 0, 0, 0, 0, 0, 29072877, 27209.221946, 27215.221774, 0.000000
