ThreadID, cIDX, Time, cycles, deltaT, RX, OnRX, TX, SupTX, OnTX, Idle, OnIdle, Blocked, CacheMiss, CacheHit, CacheWB, CPUIdle, RX/s, TX/s, Sup/s
11006, 0, 0, 0, 0, 0, 0, 0, 0, 0, 0, 0, 0, 0, 0, 0, 0, 0, 0, 0
11006, 0, 1.000524, 210110048, 1.000524, 27197, 27197, 27204, 0, 6801, 0, 0, 0, 0, 0, 0, 30866754, 27182.755201, 27189.751534, 0.000000
11006, 1, 2.000745, 210046433, 1.000221, 27184, 27184, 27173, 0, 6794, 0, 0, 5, 0, 0, 0, 30859792, 27177.990687, 27166.993119, 0.000000
11006, 2, 3.000746, 210000229, 1.000001, 27160, 27160, 27167, 0, 6791, 0, 0, 3, 0, 0, 0, 30968720, 27159.970383, 27166.970375, 0.000000
11006, 3, 4.000808, 210012925, 1.000062, 27138, 27138, 27129, 0, 6783, 0, 0, 6, 0, 0, 0, 31016853, 27136.329824, 27127.330377, 0.000000
11006, 4, 5.000817, 210001841, 1.000009, 27136, 27136, 27151, 0, 6787, 0, 0, 0, 0, 0, 0, 31434252, 27135.762110, 27150.761978, 0.000000
11006, 5, 6.000878, 210012967, 1.000062, 27128, 27128, 27116, 0, 6779, 0, 0, 0, 0, 0, 0, 31810745, 27126.325014, 27114.325755, 0.000000
11006, 6, 7.000880, 210000388, 1.000002, 27145, 27145, 27152, 0, 6788, 0, 0, 0, 0, 0, 0, 31463061, 27144.949846, 27151.949834, 0.000000
11006, 7, 8.000893, 210002618, 1.000012, 27077, 27077, 27069, 0, 6768, 0, 0, 0, 0, 0, 0, 31385222, 27076.662444, 27068.662544, 0.000000
