ThreadID, cIDX, Time, cycles, deltaT, RX, OnRX, TX, SupTX, OnTX, Idle, OnIdle, Blocked, CacheMiss, CacheHit, CacheWB, CPUIdle, RX/s, TX/s, Sup/s
1883, 0, 0, 0, 0, 0, 0, 0, 0, 0, 0, 0, 0, 0, 0, 0, 0, 0, 0, 0
1883, 0, 1.000012, 210002493, 1.000012, 27208, 27208, 27208, 0, 6802, 0, 0, 0, 0, 0, 0, 29099965, 27207.677006, 27207.677006, 0.000000
1883, 1, 2.000013, 210000312, 1.000001, 27196, 27196, 27204, 0, 6801, 0, 0, 6, 0, 0, 0, 29038004, 27195.959595, 27203.959583, 0.000000
1883, 2, 3.000024, 210002134, 1.000010, 27148, 27148, 27137, 0, 6785, 0, 0, 0, 0, 0, 0, 29264304, 27147.724127, 27136.724239, 0.000000
1883, 3, 4.000049, 210005268, 1.000025, 27110, 27110, 27114, 0, 6778, 0, 0, 5, 0, 0, 0, 29317961, 27109.319943, 27113.319843, 0.000000
1883, 4, 5.000120, 210014975, 1.000071, 27110, 27110, 27109, 0, 6777, 0, 0, 1, 0, 0, 0, 29582009, 27108.066937, 27107.067008, 0.000000
1883, 5, 6.000122, 210000517, 1.000002, 27140, 27140, 27141, 0, 6786, 0, 0, 1, 0, 0, 0, 30049411, 27139.933184, 27140.933182, 0.000000
1883, 6, 7.000125, 210000631, 1.000003, 27078, 27078, 27075, 0, 6768, 0, 0, 1, 0, 0, 0, 29908768, 27077.918637, 27074.918646, 0.000000
1883, 7, 8.000209, 210017621, 1.000084, 27109, 27109, 27104, 0, 6776, 0, 0, 1, 0, 0, 0, 29525171, 27106.725488, 27101.725907, 0.000000
