ThreadID, cIDX, Time, cycles, deltaT, RX, OnRX, TX, SupTX, OnTX, Idle, OnIdle, Blocked, CacheMiss, CacheHit, CacheWB, CPUIdle, RX/s, TX/s, Sup/s
250, 0, 0, 0, 0, 0, 0, 0, 0, 0, 0, 0, 0, 0, 0, 0, 0, 0, 0, 0
250, 0, 1.000044, 210009200, 1.000044, 26120, 26120, 26114, 0, 6812, 0, 0, 0, 0, 0, 0, 29160851, 26118.855745, 26112.856008, 0.000000
250, 1, 2.000062, 210003894, 1.000019, 25990, 25990, 26002, 0, 6783, 0, 0, 2, 0, 0, 0, 29129483, 25989.518080, 26001.517858, 0.000000
250, 2, 3.000083, 210004298, 1.000020, 25982, 25982, 25980, 0, 6777, 0, 0, 3, 0, 0, 0, 29318577, 25981.468246, 25979.468287, 0.000000
250, 3, 4.000093, 210002145, 1.000010, 26043, 26043, 26050, 0, 6797, 0, 0, 0, 0, 0, 0, 29273465, 26042.733992, 26049.733921, 0.000000
250, 4, 5.000174, 210016919, 1.000081, 26017, 26017, 25999, 0, 6783, 0, 0, 0, 0, 0, 0, 29508121, 26014.904066, 25996.905516, 0.000000
250, 5, 6.000218, 210009320, 1.000044, 25880, 25880, 25889, 0, 6754, 0, 0, 0, 0, 0, 0, 29950344, 25878.851472, 25887.851073, 0.000000
250, 6, 7.000227, 210001955, 1.000009, 25975, 25975, 25978, 0, 6775, 0, 0, 0, 0, 0, 0, 29807620, 25974.758187, 25977.758159, 0.000000
250, 7, 8.000236, 210001735, 1.000008, 25983, 25983, 25987, 0, 6782, 0, 0, 0, 0, 0, 0, 29666838, 25982.785333, 25986.785300, 0.000000
