ThreadID, cIDX, Time, cycles, deltaT, RX, OnRX, TX, SupTX, OnTX, Idle, OnIdle, Blocked, CacheMiss, CacheHit, CacheWB, CPUIdle, RX/s, TX/s, Sup/s
1035, 0, 0, 0, 0, 0, 0, 0, 0, 0, 0, 0, 0, 0, 0, 0, 0, 0, 0, 0
1035, 0, 1.000138, 210028982, 1.000138, 27209, 27209, 27212, 0, 6803, 0, 0, 1, 657412, 182077528, 271002, 31688619, 27205.245417, 27208.245003, 0.000000
1035, 1, 2.000363, 210047290, 1.000225, 27148, 27148, 27137, 0, 6785, 0, 0, 8, 569622, 182151813, 228669, 31701500, 27141.887905, 27130.890382, 0.000000
1035, 2, 3.000371, 210001553, 1.000007, 27110, 27110, 27116, 0, 6779, 0, 0, 4, 541320, 182048335, 215541, 31864463, 27109.799517, 27115.799472, 0.000000
1035, 3, 4.000372, 210000381, 1.000002, 27095, 27095, 27094, 0, 6773, 0, 0, 6, 534107, 182135620, 210616, 31758888, 27094.950842, 27093.950844, 0.000000
1035, 4, 5.000388, 210003374, 1.000016, 27094, 27094, 27101, 0, 6775, 0, 0, 6, 524007, 181918586, 206931, 32122736, 27093.564697, 27100.564584, 0.000000
1035, 5, 6.000428, 210008390, 1.000040, 27133, 27133, 27136, 0, 6784, 0, 0, 6, 517316, 181861366, 203059, 32289468, 27131.916015, 27134.915896, 0.000000
1035, 6, 7.000437, 210001708, 1.000008, 27019, 27019, 27012, 0, 6753, 0, 0, 2, 510440, 181903622, 198323, 32239622, 27018.780247, 27011.780304, 0.000000
1035, 7, 8.000439, 210000542, 1.000003, 27157, 27157, 27156, 0, 6789, 0, 0, 0, 509841, 181843513, 198500, 32365118, 27156.929909, 27155.929912, 0.000000
