ThreadID, cIDX, Time, cycles, deltaT, RX, OnRX, TX, SupTX, OnTX, Idle, OnIdle, Blocked, CacheMiss, CacheHit, CacheWB, CPUIdle, RX/s, TX/s, Sup/s
2403, 0, 0, 0, 0, 0, 0, 0, 0, 0, 0, 0, 0, 0, 0, 0, 0, 0, 0, 0
2403, 0, 1.000132, 210027672, 1.000132, 31568, 31568, 31560, 0, 7890, 0, 0, 3, 0, 0, 0, 28762265, 31563.840788, 31555.841842, 0.000000
2403, 1, 2.000487, 210074612, 1.000355, 31669, 31669, 31665, 0, 7917, 0, 0, 8, 0, 0, 0, 28842519, 31657.752151, 31653.753572, 0.000000
2403, 2, 3.000505, 210003779, 1.000018, 31686, 31686, 31711, 0, 7927, 0, 0, 6, 0, 0, 0, 29105948, 31685.429813, 31710.429363, 0.000000
2403, 3, 4.000673, 210035220, 1.000168, 31618, 31618, 31604, 0, 7901, 0, 0, 6, 0, 0, 0, 29165433, 31612.698099, 31598.700447, 0.000000
2403, 4, 5.000699, 210005409, 1.000026, 31701, 31701, 31704, 0, 7926, 0, 0, 5, 0, 0, 0, 29188814, 31700.183494, 31703.183417, 0.000000
2403, 5, 6.000812, 210023876, 1.000114, 31570, 31570, 31564, 0, 7891, 0, 0, 6, 0, 0, 0, 29732788, 31566.411049, 31560.411731, 0.000000
2403, 6, 7.000877, 210013560, 1.000065, 31585, 31585, 31596, 0, 7899, 0, 0, 0, 0, 0, 0, 29667610, 31582.960643, 31593.959933, 0.000000
2403, 7, 8.000952, 210015885, 1.000076, 31713, 31713, 31692, 0, 7923, 0, 0, 3, 0, 0, 0, 29564023, 31710.601320, 31689.602908, 0.000000
