ThreadID, cIDX, Time, cycles, deltaT, RX, OnRX, TX, SupTX, OnTX, Idle, OnIdle, Blocked, CacheMiss, CacheHit, CacheWB, CPUIdle, RX/s, TX/s, Sup/s
2243, 0, 0, 0, 0, 0, 0, 0, 0, 0, 0, 0, 0, 0, 0, 0, 0, 0, 0, 0
2243, 0, 1.000022, 210004561, 1.000022, 31574, 31574, 31572, 0, 7893, 0, 0, 3, 658769, 182120368, 271990, 29088772, 31573.314258, 31571.314301, 0.000000
2243, 1, 2.000045, 210004990, 1.000024, 31635, 31635, 31628, 0, 7907, 0, 0, 2, 567515, 182199286, 225632, 28948512, 31634.248310, 31627.248476, 0.000000
2243, 2, 3.000573, 210110765, 1.000527, 31656, 31656, 31677, 0, 7920, 0, 0, 5, 542999, 181989120, 214153, 29401720, 31639.311770, 31660.300699, 0.000000
2243, 3, 4.000575, 210000512, 1.000002, 31689, 31689, 31672, 0, 7918, 0, 0, 14, 531930, 181931060, 209832, 29479076, 31688.922739, 31671.922781, 0.000000
2243, 4, 5.000721, 210030633, 1.000146, 31700, 31700, 31699, 0, 7924, 0, 0, 5, 520784, 181952757, 204314, 29647251, 31695.376550, 31694.376696, 0.000000
2243, 5, 6.001207, 210101965, 1.000486, 31612, 31612, 31608, 0, 7902, 0, 0, 5, 511141, 181764401, 200939, 30017531, 31596.658318, 31592.660259, 0.000000
2243, 6, 7.001503, 210062182, 1.000296, 31565, 31565, 31560, 0, 7890, 0, 0, 5, 508141, 181817859, 198980, 29799763, 31555.656220, 31550.657700, 0.000000
2243, 7, 8.001684, 210037992, 1.000181, 31756, 31756, 31756, 0, 7939, 0, 0, 2, 503444, 181940472, 196355, 29556142, 31750.255925, 31750.255925, 0.000000
