ThreadID, cIDX, Time, cycles, deltaT, RX, OnRX, TX, SupTX, OnTX, Idle, OnIdle, Blocked, CacheMiss, CacheHit, CacheWB, CPUIdle, RX/s, TX/s, Sup/s
10196, 0, 0, 0, 0, 0, 0, 0, 0, 0, 0, 0, 0, 0, 0, 0, 0, 0, 0, 0
10196, 0, 1.000167, 210035118, 1.000167, 31605, 31605, 31596, 0, 7899, 0, 0, 0, 0, 0, 0, 29079047, 31599.715625, 31590.717130, 0.000000
10196, 1, 2.000200, 210006828, 1.000033, 31625, 31625, 31636, 0, 7909, 0, 0, 11, 0, 0, 0, 29143409, 31623.971769, 31634.971412, 0.000000
10196, 2, 3.000234, 210007185, 1.000034, 31685, 31685, 31664, 0, 7916, 0, 0, 3, 0, 0, 0, 29280624, 31683.915957, 31662.916676, 0.000000
10196, 3, 4.000255, 210004368, 1.000021, 31693, 31693, 31696, 0, 7924, 0, 0, 9, 0, 0, 0, 29278460, 31692.340799, 31695.340737, 0.000000
10196, 4, 5.000875, 210130146, 1.000620, 31698, 31698, 31700, 0, 7925, 0, 0, 6, 0, 0, 0, 29595993, 31678.367558, 31680.366319, 0.000000
10196, 5, 6.000877, 210000444, 1.000002, 31571, 31571, 31570, 0, 7893, 0, 0, 0, 0, 0, 0, 29952665, 31570.933250, 31569.933252, 0.000000
10196, 6, 7.000881, 210000960, 1.000005, 31624, 31624, 31653, 0, 7913, 0, 0, 0, 0, 0, 0, 29971962, 31623.855434, 31652.855301, 0.000000
10196, 7, 8.000968, 210018268, 1.000087, 31710, 31710, 31677, 0, 7919, 0, 0, 0, 0, 0, 0, 29580064, 31707.241772, 31674.244642, 0.000000
