ThreadID, cIDX, Time, cycles, deltaT, RX, OnRX, TX, SupTX, OnTX, Idle, OnIdle, Blocked, CacheMiss, CacheHit, CacheWB, CPUIdle, RX/s, TX/s, Sup/s
911, 0, 0, 0, 0, 0, 0, 0, 0, 0, 0, 0, 0, 0, 0, 0, 0, 0, 0, 0
911, 0, 1.000010, 210002192, 1.000010, 27256, 27256, 27253, 0, 6814, 0, 0, 0, 671401, 183373073, 276648, 29379942, 27255.715502, 27252.715534, 0.000000
911, 1, 2.000119, 210022827, 1.000109, 27108, 27108, 27115, 0, 6778, 0, 0, 0, 604958, 183442932, 240385, 29460970, 27105.053681, 27112.052920, 0.000000
911, 2, 3.000126, 210001445, 1.000007, 27103, 27103, 27100, 0, 6775, 0, 0, 0, 592291, 183304125, 234164, 29669931, 27102.813507, 27099.813527, 0.000000
911, 3, 4.000127, 210000234, 1.000001, 27244, 27244, 27243, 0, 6811, 0, 0, 0, 587955, 183355279, 230633, 29594462, 27243.969642, 27242.969644, 0.000000
911, 4, 5.000142, 210003169, 1.000015, 27090, 27090, 27093, 0, 6773, 0, 0, 0, 585403, 183164668, 229669, 29873225, 27089.591205, 27092.591160, 0.000000
911, 5, 6.000178, 210007467, 1.000036, 27078, 27078, 27076, 0, 6769, 0, 0, 0, 579034, 183078194, 226692, 30183361, 27077.037218, 27075.037289, 0.000000
911, 6, 7.000181, 210000604, 1.000003, 27194, 27194, 27187, 0, 6797, 0, 0, 0, 573860, 183075182, 223754, 30246979, 27193.921785, 27186.921805, 0.000000
911, 7, 8.000203, 210004590, 1.000022, 27111, 27111, 27117, 0, 6779, 0, 0, 1, 569396, 183142469, 221082, 29951625, 27110.407444, 27116.407313, 0.000000
