ThreadID, cIDX, Time, cycles, deltaT, RX, OnRX, TX, SupTX, OnTX, Idle, OnIdle, Blocked, CacheMiss, CacheHit, CacheWB, CPUIdle, RX/s, TX/s, Sup/s
8786, 0, 0, 0, 0, 0, 0, 0, 0, 0, 0, 0, 0, 0, 0, 0, 0, 0, 0, 0
8786, 0, 1.000045, 210009386, 1.000045, 31587, 31587, 31584, 0, 7896, 0, 0, 0, 0, 0, 0, 28492515, 31585.588275, 31582.588409, 0.000000
8786, 1, 2.000100, 210011638, 1.000055, 31701, 31701, 31708, 0, 7927, 0, 0, 10, 0, 0, 0, 28324636, 31699.243258, 31706.242870, 0.000000
8786, 2, 3.000116, 210003254, 1.000015, 31698, 31698, 31682, 0, 7921, 0, 0, 7, 0, 0, 0, 28409036, 31697.508840, 31681.509087, 0.000000
8786, 3, 4.000152, 210007656, 1.000036, 31650, 31650, 31674, 0, 7918, 0, 0, 8, 0, 0, 0, 28369115, 31648.846173, 31672.845299, 0.000000
8786, 4, 5.000164, 210002467, 1.000012, 31705, 31705, 31704, 0, 7926, 0, 0, 0, 0, 0, 0, 29158673, 31704.627546, 31703.627558, 0.000000
8786, 5, 6.000318, 210032296, 1.000154, 31631, 31631, 31604, 0, 7901, 0, 0, 0, 0, 0, 0, 29273062, 31626.136201, 31599.140353, 0.000000
8786, 6, 7.000767, 210094372, 1.000449, 31698, 31698, 31696, 0, 7924, 0, 0, 0, 0, 0, 0, 29295300, 31683.761619, 31681.762518, 0.000000
8786, 7, 8.000788, 210004484, 1.000021, 31604, 31604, 31633, 0, 7909, 0, 0, 3, 0, 0, 0, 28918287, 31603.325194, 31632.324575, 0.000000
