ThreadID, cIDX, Time, cycles, deltaT, RX, OnRX, TX, SupTX, OnTX, Idle, OnIdle, Blocked, CacheMiss, CacheHit, CacheWB, CPUIdle, RX/s, TX/s, Sup/s
10150, 0, 0, 0, 0, 0, 0, 0, 0, 0, 0, 0, 0, 0, 0, 0, 0, 0, 0, 0
10150, 0, 1.000043, 210009124, 1.000043, 31593, 31593, 31580, 0, 7895, 0, 0, 0, 0, 0, 0, 28210626, 31591.627419, 31578.627984, 0.000000
10150, 1, 2.000205, 210034013, 1.000162, 31645, 31645, 31673, 0, 7919, 0, 0, 8, 0, 0, 0, 28246012, 31639.875395, 31667.870861, 0.000000
10150, 2, 3.000282, 210016117, 1.000077, 31692, 31692, 31684, 0, 7921, 0, 0, 5, 0, 0, 0, 28414589, 31689.567901, 31681.568515, 0.000000
10150, 3, 4.000295, 210002650, 1.000013, 31740, 31740, 31725, 0, 7931, 0, 0, 9, 0, 0, 0, 28507237, 31739.599476, 31724.599666, 0.000000
10150, 4, 5.000300, 210001035, 1.000005, 31716, 31716, 31707, 0, 7927, 0, 0, 6, 0, 0, 0, 28750422, 31715.843686, 31706.843731, 0.000000
10150, 5, 6.000319, 210004152, 1.000020, 31539, 31539, 31559, 0, 7889, 0, 0, 6, 0, 0, 0, 29116616, 31538.376441, 31558.376046, 0.000000
10150, 6, 7.000336, 210003392, 1.000016, 31705, 31705, 31688, 0, 7922, 0, 0, 0, 0, 0, 0, 29036467, 31704.487897, 31687.488172, 0.000000
10150, 7, 8.000574, 210050140, 1.000239, 31634, 31634, 31632, 0, 7908, 0, 0, 0, 0, 0, 0, 28850559, 31626.448809, 31624.449286, 0.000000
