ThreadID, cIDX, Time, cycles, deltaT, RX, OnRX, TX, SupTX, OnTX, Idle, OnIdle, Blocked, CacheMiss, CacheHit, CacheWB, CPUIdle, RX/s, TX/s, Sup/s
9983, 0, 0, 0, 0, 0, 0, 0, 0, 0, 0, 0, 0, 0, 0, 0, 0, 0, 0, 0
9983, 0, 1.000031, 210006414, 1.000031, 27180, 27180, 27172, 0, 6793, 0, 0, 0, 0, 0, 0, 30697573, 27179.169870, 27171.170115, 0.000000
9983, 1, 2.000147, 210024539, 1.000117, 27134, 27134, 27144, 0, 6786, 0, 0, 12, 0, 0, 0, 30774158, 27130.829698, 27140.828530, 0.000000
9983, 2, 3.000444, 210062282, 1.000297, 27180, 27180, 27185, 0, 6797, 0, 0, 13, 0, 0, 0, 31010168, 27171.941320, 27176.939837, 0.000000
9983, 3, 4.000466, 210004537, 1.000022, 27194, 27194, 27181, 0, 6795, 0, 0, 8, 0, 0, 0, 31035471, 27193.412493, 27180.412774, 0.000000
9983, 4, 5.000476, 210002290, 1.000011, 27092, 27092, 27107, 0, 6777, 0, 0, 9, 0, 0, 0, 31341787, 27091.704571, 27106.704408, 0.000000
9983, 5, 6.000577, 210021085, 1.000100, 27038, 27038, 27027, 0, 6756, 0, 0, 3, 0, 0, 0, 31704942, 27035.285529, 27024.286633, 0.000000
9983, 6, 7.000583, 210001269, 1.000006, 27188, 27188, 27192, 0, 6798, 0, 0, 0, 0, 0, 0, 31443503, 27187.835708, 27191.835684, 0.000000
9983, 7, 8.000590, 210001528, 1.000007, 27037, 27037, 27036, 0, 6759, 0, 0, 0, 0, 0, 0, 31354319, 27036.803275, 27035.803282, 0.000000
