ThreadID, cIDX, Time, cycles, deltaT, RX, OnRX, TX, SupTX, OnTX, Idle, OnIdle, Blocked, CacheMiss, CacheHit, CacheWB, CPUIdle, RX/s, TX/s, Sup/s
10761, 0, 0, 0, 0, 0, 0, 0, 0, 0, 0, 0, 0, 0, 0, 0, 0, 0, 0, 0
10761, 0, 1.000008, 210001762, 1.000008, 27182, 27182, 27189, 0, 6798, 0, 0, 0, 646192, 182119058, 270670, 31600594, 27181.771932, 27188.771873, 0.000000
10761, 1, 2.000020, 210002540, 1.000012, 27155, 27155, 27144, 0, 6786, 0, 0, 5, 557036, 182128627, 222677, 31662772, 27154.671558, 27143.671691, 0.000000
10761, 2, 3.000077, 210011855, 1.000056, 27140, 27140, 27151, 0, 6787, 0, 0, 4, 540709, 182088859, 215721, 31762443, 27138.467969, 27149.467348, 0.000000
10761, 3, 4.000150, 210015321, 1.000073, 27179, 27179, 27172, 0, 6793, 0, 0, 0, 529562, 182035807, 212264, 31938921, 27177.017242, 27170.017753, 0.000000
10761, 4, 5.000199, 210010214, 1.000049, 27169, 27169, 27168, 0, 6792, 0, 0, 6, 520395, 181900572, 206374, 32171943, 27167.678616, 27166.678664, 0.000000
10761, 5, 6.000203, 210000883, 1.000004, 27024, 27024, 27029, 0, 6758, 0, 0, 3, 517839, 181658978, 205714, 32637574, 27023.886371, 27028.886350, 0.000000
10761, 6, 7.000218, 210003160, 1.000015, 27189, 27189, 27183, 0, 6795, 0, 0, 0, 512637, 181754048, 202991, 32463434, 27188.590876, 27182.590967, 0.000000
10761, 7, 8.000224, 210001243, 1.000006, 27131, 27131, 27130, 0, 6783, 0, 0, 0, 513589, 181829858, 202909, 32312407, 27130.839411, 27129.839417, 0.000000
