ThreadID, cIDX, Time, cycles, deltaT, RX, OnRX, TX, SupTX, OnTX, Idle, OnIdle, Blocked, CacheMiss, CacheHit, CacheWB, CPUIdle, RX/s, TX/s, Sup/s
10774, 0, 0, 0, 0, 0, 0, 0, 0, 0, 0, 0, 0, 0, 0, 0, 0, 0, 0, 0
10774, 0, 1.000007, 210001476, 1.000007, 31658, 31658, 31650, 0, 7913, 0, 0, 0, 0, 0, 0, 29637283, 31657.777491, 31649.777547, 0.000000
10774, 1, 2.000020, 210002717, 1.000013, 31658, 31658, 31663, 0, 7916, 0, 0, 3, 0, 0, 0, 29727625, 31657.590411, 31662.590346, 0.000000
10774, 2, 3.000112, 210019390, 1.000092, 31695, 31695, 31691, 0, 7922, 0, 0, 7, 0, 0, 0, 29857751, 31692.073765, 31688.074134, 0.000000
10774, 3, 4.000143, 210006525, 1.000031, 31676, 31676, 31680, 0, 7920, 0, 0, 6, 0, 0, 0, 29987826, 31675.015812, 31679.015688, 0.000000
10774, 4, 5.000156, 210002629, 1.000013, 31670, 31670, 31673, 0, 7919, 0, 0, 3, 0, 0, 0, 30301611, 31669.603527, 31672.603489, 0.000000
10774, 5, 6.000159, 210000743, 1.000004, 31548, 31548, 31540, 0, 7885, 0, 0, 5, 0, 0, 0, 30749216, 31547.888381, 31539.888409, 0.000000
10774, 6, 7.000477, 210066765, 1.000318, 31689, 31689, 31683, 0, 7920, 0, 0, 3, 0, 0, 0, 30465721, 31678.928364, 31672.930271, 0.000000
10774, 7, 8.000521, 210009251, 1.000044, 31589, 31589, 31592, 0, 7898, 0, 0, 0, 0, 0, 0, 30414337, 31587.608491, 31590.608358, 0.000000
