ThreadID, cIDX, Time, cycles, deltaT, RX, OnRX, TX, SupTX, OnTX, Idle, OnIdle, Blocked, CacheMiss, CacheHit, CacheWB, CPUIdle, RX/s, TX/s, Sup/s
13, 0, 0, 0, 0, 0, 0, 0, 0, 0, 0, 0, 0, 0, 0, 0, 0, 0, 0, 0
13, 0, 1.000112, 210023521, 1.000112, 27272, 27272, 27267, 0, 6817, 0, 0, 1, 707869, 183306253, 295203, 29997577, 27268.945748, 27263.946308, 0.000000
13, 1, 2.000152, 210008340, 1.000040, 27097, 27097, 27101, 0, 6775, 0, 0, 1, 614073, 183401613, 251380, 29940389, 27095.923905, 27099.923746, 0.000000
13, 2, 3.000198, 210009752, 1.000046, 27119, 27119, 27120, 0, 6780, 0, 0, 0, 594756, 183318584, 243333, 30105986, 27117.740704, 27118.740657, 0.000000
13, 3, 4.000358, 210033530, 1.000160, 27194, 27194, 27196, 0, 6799, 0, 0, 0, 584584, 183300500, 238288, 30233947, 27189.658718, 27191.658399, 0.000000
13, 4, 5.000398, 210008435, 1.000040, 27138, 27138, 27140, 0, 6785, 0, 0, 0, 569678, 183119735, 231386, 30511216, 27136.910001, 27138.909920, 0.000000
13, 5, 6.000405, 210001414, 1.000007, 27079, 27079, 27079, 0, 6770, 0, 0, 0, 561272, 182957882, 227505, 30826746, 27078.817669, 27078.817669, 0.000000
13, 6, 7.000408, 210000590, 1.000003, 27132, 27132, 27133, 0, 6783, 0, 0, 0, 557185, 183067441, 225937, 30531730, 27131.923772, 27132.923769, 0.000000
13, 7, 8.000513, 210022117, 1.000105, 27173, 27173, 27168, 0, 6792, 0, 0, 1, 556169, 183226494, 225948, 30453543, 27170.138467, 27165.138993, 0.000000
