ThreadID, cIDX, Time, cycles, deltaT, RX, OnRX, TX, SupTX, OnTX, Idle, OnIdle, Blocked, CacheMiss, CacheHit, CacheWB, CPUIdle, RX/s, TX/s, Sup/s
11012, 0, 0, 0, 0, 0, 0, 0, 0, 0, 0, 0, 0, 0, 0, 0, 0, 0, 0, 0
11012, 0, 1.000006, 210001318, 1.000006, 31518, 31518, 31532, 0, 7883, 0, 0, 0, 669590, 182093758, 281459, 31605904, 31517.802188, 31531.802100, 0.000000
11012, 1, 2.000030, 210005051, 1.000024, 31684, 31684, 31661, 0, 7916, 0, 0, 5, 588227, 182142371, 242327, 31689117, 31683.237943, 31660.238496, 0.000000
11012, 2, 3.000376, 210072682, 1.000346, 31684, 31684, 31707, 0, 7926, 0, 0, 9, 558908, 182090837, 229394, 31929284, 31673.037811, 31696.029853, 0.000000
11012, 3, 4.000417, 210008437, 1.000040, 31620, 31620, 31597, 0, 7900, 0, 0, 4, 535310, 182039733, 219388, 31951244, 31618.729680, 31595.730604, 0.000000
11012, 4, 5.000423, 210001296, 1.000006, 31690, 31690, 31686, 0, 7921, 0, 0, 10, 518441, 181865098, 210612, 32270023, 31689.804429, 31685.804453, 0.000000
11012, 5, 6.000451, 210006025, 1.000029, 31570, 31570, 31589, 0, 7897, 0, 0, 7, 513208, 181691556, 207431, 32556160, 31569.094268, 31588.093723, 0.000000
11012, 6, 7.000454, 210000447, 1.000002, 31590, 31590, 31593, 0, 7899, 0, 0, 0, 513845, 181801872, 208640, 32252564, 31589.932759, 31592.932752, 0.000000
11012, 7, 8.000518, 210013470, 1.000064, 31673, 31673, 31675, 0, 7918, 0, 0, 0, 513688, 181889846, 207693, 32280244, 31670.968534, 31672.968405, 0.000000
