ThreadID, cIDX, Time, cycles, deltaT, RX, OnRX, TX, SupTX, OnTX, Idle, OnIdle, Blocked, CacheMiss, CacheHit, CacheWB, CPUIdle, RX/s, TX/s, Sup/s
2300, 0, 0, 0, 0, 0, 0, 0, 0, 0, 0, 0, 0, 0, 0, 0, 0, 0, 0, 0
2300, 0, 1.000021, 210004434, 1.000021, 27210, 27210, 27204, 0, 6801, 0, 0, 2, 0, 0, 0, 30809371, 27209.425492, 27203.425619, 0.000000
2300, 1, 2.000037, 210003395, 1.000016, 27193, 27193, 27196, 0, 6799, 0, 0, 3, 0, 0, 0, 30638990, 27192.560387, 27195.560338, 0.000000
2300, 2, 3.000053, 210003406, 1.000016, 27156, 27156, 27160, 0, 6790, 0, 0, 0, 0, 0, 0, 31101060, 27155.559563, 27159.559498, 0.000000
2300, 3, 4.000402, 210073083, 1.000348, 27082, 27082, 27084, 0, 6771, 0, 0, 8, 0, 0, 0, 31348432, 27072.578356, 27074.577660, 0.000000
2300, 4, 5.000477, 210015824, 1.000075, 27109, 27109, 27108, 0, 6777, 0, 0, 3, 0, 0, 0, 31296826, 27106.957426, 27105.957502, 0.000000
2300, 5, 6.000479, 210000359, 1.000002, 27172, 27172, 27165, 0, 6792, 0, 0, 5, 0, 0, 0, 31749823, 27171.953549, 27164.953561, 0.000000
2300, 6, 7.000551, 210015280, 1.000073, 27158, 27158, 27163, 0, 6790, 0, 0, 3, 0, 0, 0, 31555092, 27156.024076, 27161.023712, 0.000000
2300, 7, 8.000562, 210002171, 1.000010, 27082, 27082, 27092, 0, 6773, 0, 0, 3, 0, 0, 0, 31350959, 27081.720027, 27091.719923, 0.000000
