ThreadID, cIDX, Time, cycles, deltaT, RX, OnRX, TX, SupTX, OnTX, Idle, OnIdle, Blocked, CacheMiss, CacheHit, CacheWB, CPUIdle, RX/s, TX/s, Sup/s
9870, 0, 0, 0, 0, 0, 0, 0, 0, 0, 0, 0, 0, 0, 0, 0, 0, 0, 0, 0
9870, 0, 1.000021, 210004331, 1.000021, 27227, 27227, 27220, 0, 6805, 0, 0, 0, 656920, 182145967, 273832, 31496642, 27226.438487, 27219.438631, 0.000000
9870, 1, 2.000023, 210000399, 1.000002, 27133, 27133, 27137, 0, 6785, 0, 0, 9, 567662, 182136172, 232089, 31669459, 27132.948447, 27136.948440, 0.000000
9870, 2, 3.000027, 210000894, 1.000004, 27141, 27141, 27143, 0, 6785, 0, 0, 2, 553563, 182087202, 225460, 31804141, 27140.884457, 27142.884449, 0.000000
9870, 3, 4.000031, 210000896, 1.000004, 27194, 27194, 27192, 0, 6798, 0, 0, 9, 548241, 181991613, 223234, 32042127, 27193.883973, 27191.883981, 0.000000
9870, 4, 5.000172, 210029568, 1.000141, 27085, 27085, 27088, 0, 6772, 0, 0, 10, 539375, 181899110, 218755, 32248063, 27081.186969, 27084.186547, 0.000000
9870, 5, 6.000205, 210006874, 1.000033, 27064, 27064, 27064, 0, 6766, 0, 0, 4, 532053, 181698909, 215890, 32550472, 27063.114134, 27063.114134, 0.000000
9870, 6, 7.000309, 210021831, 1.000104, 27133, 27133, 27136, 0, 6784, 0, 0, 7, 532203, 181889852, 215689, 32174970, 27130.179624, 27133.179312, 0.000000
9870, 7, 8.000328, 210004109, 1.000020, 27077, 27077, 27080, 0, 6770, 0, 0, 0, 525641, 181943931, 212333, 32180501, 27076.470204, 27079.470145, 0.000000
