ThreadID, cIDX, Time, cycles, deltaT, RX, OnRX, TX, SupTX, OnTX, Idle, OnIdle, Blocked, CacheMiss, CacheHit, CacheWB, CPUIdle, RX/s, TX/s, Sup/s
2235, 0, 0, 0, 0, 0, 0, 0, 0, 0, 0, 0, 0, 0, 0, 0, 0, 0, 0, 0
2235, 0, 1.000722, 210151701, 1.000722, 27245, 27245, 27252, 0, 6813, 0, 0, 2, 0, 0, 0, 28379253, 27225.332809, 27232.327755, 0.000000
2235, 1, 2.000751, 210006041, 1.000029, 27190, 27190, 27184, 0, 6796, 0, 0, 0, 0, 0, 0, 28054258, 27189.217857, 27183.218029, 0.000000
2235, 2, 3.000925, 210036441, 1.000174, 27136, 27136, 27132, 0, 6783, 0, 0, 3, 0, 0, 0, 28496096, 27131.291946, 27127.292640, 0.000000
2235, 3, 4.001005, 210016852, 1.000080, 27080, 27080, 27076, 0, 6769, 0, 0, 1, 0, 0, 0, 28671558, 27077.827069, 27073.827390, 0.000000
2235, 4, 5.001130, 210026272, 1.000125, 27128, 27128, 27124, 0, 6781, 0, 0, 4, 0, 0, 0, 28767834, 27124.606583, 27120.607083, 0.000000
2235, 5, 6.001169, 210008137, 1.000039, 27212, 27212, 27220, 0, 6805, 0, 0, 2, 0, 0, 0, 29189409, 27210.945641, 27218.945331, 0.000000
2235, 6, 7.001232, 210013316, 1.000063, 27160, 27160, 27160, 0, 6790, 0, 0, 0, 0, 0, 0, 28950064, 27158.277907, 27158.277907, 0.000000
2235, 7, 8.001423, 210039984, 1.000190, 27088, 27088, 27088, 0, 6772, 0, 0, 1, 0, 0, 0, 28690774, 27082.843427, 27082.843427, 0.000000
