ThreadID, cIDX, Time, cycles, deltaT, RX, OnRX, TX, SupTX, OnTX, Idle, OnIdle, Blocked, CacheMiss, CacheHit, CacheWB, CPUIdle, RX/s, TX/s, Sup/s
9092, 0, 0, 0, 0, 0, 0, 0, 0, 0, 0, 0, 0, 0, 0, 0, 0, 0, 0, 0
9092, 0, 1.000058, 210012102, 1.000058, 31516, 31516, 31516, 0, 7879, 0, 0, 0, 661725, 182026410, 276727, 32179053, 31514.183883, 31514.183883, 0.000000
9092, 1, 2.000075, 210003693, 1.000018, 31715, 31715, 31707, 0, 7927, 0, 0, 6, 571675, 182102016, 232661, 32237152, 31714.442279, 31706.442420, 0.000000
9092, 2, 3.000076, 210000152, 1.000001, 31697, 31697, 31699, 0, 7925, 0, 0, 9, 551821, 182018009, 225524, 32390383, 31696.977057, 31698.977056, 0.000000
9092, 3, 4.000236, 210033649, 1.000160, 31642, 31642, 31650, 0, 7912, 0, 0, 1, 546784, 182086919, 222263, 32428492, 31636.930709, 31644.929427, 0.000000
9092, 4, 5.000237, 210000192, 1.000001, 31721, 31721, 31721, 0, 7931, 0, 0, 0, 539897, 181772144, 218047, 32892342, 31720.970998, 31720.970998, 0.000000
9092, 5, 6.000381, 210030262, 1.000144, 31584, 31584, 31599, 0, 7899, 0, 0, 0, 535679, 181744935, 216838, 32963923, 31579.449251, 31594.447090, 0.000000
9092, 6, 7.000388, 210001398, 1.000007, 31657, 31657, 31647, 0, 7912, 0, 0, 0, 532107, 181813740, 212928, 32769018, 31656.789256, 31646.789323, 0.000000
9092, 7, 8.000859, 210098945, 1.000471, 31666, 31666, 31645, 0, 7911, 0, 0, 0, 526456, 181876581, 210158, 32979984, 31651.087063, 31630.096953, 0.000000
