ThreadID, cIDX, Time, cycles, deltaT, RX, OnRX, TX, SupTX, OnTX, Idle, OnIdle, Blocked, CacheMiss, CacheHit, CacheWB, CPUIdle, RX/s, TX/s, Sup/s
971, 0, 0, 0, 0, 0, 0, 0, 0, 0, 0, 0, 0, 0, 0, 0, 0, 0, 0, 0
971, 0, 1.000005, 210001142, 1.000005, 27199, 27199, 27193, 0, 6799, 0, 0, 0, 695863, 183249592, 288914, 26597903, 27198.852090, 27192.852123, 0.000000
971, 1, 2.000008, 210000607, 1.000003, 27176, 27176, 27183, 0, 6795, 0, 0, 0, 624212, 183334196, 251853, 26640578, 27175.921449, 27182.921428, 0.000000
971, 2, 3.000018, 210001971, 1.000009, 27106, 27106, 27104, 0, 6776, 0, 0, 0, 606426, 183209092, 245511, 26954651, 27105.745593, 27103.745612, 0.000000
971, 3, 4.000110, 210019344, 1.000092, 27115, 27115, 27116, 0, 6779, 0, 0, 0, 594283, 183278948, 238500, 26823737, 27112.502551, 27113.502459, 0.000000
971, 4, 5.000170, 210012736, 1.000061, 27099, 27099, 27104, 0, 6776, 0, 0, 1, 580894, 183077121, 233773, 27213253, 27097.356610, 27102.356307, 0.000000
971, 5, 6.000200, 210006283, 1.000030, 27115, 27115, 27108, 0, 6777, 0, 0, 0, 567043, 183010350, 228512, 27293423, 27114.188769, 27107.188979, 0.000000
971, 6, 7.000202, 210000262, 1.000001, 27029, 27029, 27035, 0, 6759, 0, 0, 0, 555010, 183019626, 221356, 27398732, 27028.966278, 27034.966271, 0.000000
971, 7, 8.000242, 210008572, 1.000041, 27150, 27150, 27149, 0, 6787, 0, 0, 0, 552336, 183002294, 218548, 27446428, 27148.891808, 27147.891849, 0.000000
