ThreadID, cIDX, Time, cycles, deltaT, RX, OnRX, TX, SupTX, OnTX, Idle, OnIdle, Blocked, CacheMiss, CacheHit, CacheWB, CPUIdle, RX/s, TX/s, Sup/s
296, 0, 0, 0, 0, 0, 0, 0, 0, 0, 0, 0, 0, 0, 0, 0, 0, 0, 0, 0
296, 0, 1.000066, 210013903, 1.000066, 30469, 30469, 30458, 0, 7897, 0, 0, 1, 0, 0, 0, 25850196, 30466.982941, 30455.983669, 0.000000
296, 1, 2.000253, 210039200, 1.000187, 30520, 30520, 30531, 0, 7914, 0, 0, 1, 0, 0, 0, 25864614, 30514.303997, 30525.301944, 0.000000
296, 2, 3.000375, 210025746, 1.000123, 30534, 30534, 30538, 0, 7919, 0, 0, 0, 0, 0, 0, 26068807, 30530.256990, 30534.256500, 0.000000
296, 3, 4.000424, 210010102, 1.000048, 30511, 30511, 30500, 0, 7908, 0, 0, 0, 0, 0, 0, 25881486, 30509.532346, 30498.532875, 0.000000
296, 4, 5.000510, 210018157, 1.000086, 30493, 30493, 30488, 0, 7905, 0, 0, 0, 0, 0, 0, 26094575, 30490.363745, 30485.364177, 0.000000
296, 5, 6.000514, 210000902, 1.000004, 30546, 30546, 30555, 0, 7922, 0, 0, 1, 0, 0, 0, 26548935, 30545.868798, 30554.868760, 0.000000
296, 6, 7.000582, 210014128, 1.000067, 30397, 30397, 30395, 0, 7881, 0, 0, 2, 0, 0, 0, 26568695, 30394.955143, 30392.955278, 0.000000
296, 7, 8.000614, 210006717, 1.000032, 30552, 30552, 30569, 0, 7925, 0, 0, 2, 0, 0, 0, 26529126, 30551.022804, 30568.022260, 0.000000
