ThreadID, cIDX, Time, cycles, deltaT, RX, OnRX, TX, SupTX, OnTX, Idle, OnIdle, Blocked, CacheMiss, CacheHit, CacheWB, CPUIdle, RX/s, TX/s, Sup/s
8341, 0, 0, 0, 0, 0, 0, 0, 0, 0, 0, 0, 0, 0, 0, 0, 0, 0, 0, 0
8341, 0, 1.000001, 210000215, 1.000001, 31503, 31503, 31510, 0, 7878, 0, 0, 1, 0, 0, 0, 29330489, 31502.967747, 31509.967740, 0.000000
8341, 1, 2.000183, 210038280, 1.000182, 31682, 31682, 31662, 0, 7915, 0, 0, 6, 0, 0, 0, 29283391, 31676.225877, 31656.229522, 0.000000
8341, 2, 3.000761, 210121353, 1.000578, 31727, 31727, 31723, 0, 7931, 0, 0, 7, 0, 0, 0, 29429340, 31708.676462, 31704.678772, 0.000000
8341, 3, 4.000780, 210003878, 1.000018, 31689, 31689, 31692, 0, 7923, 0, 0, 10, 0, 0, 0, 29427915, 31688.414821, 31691.414765, 0.000000
8341, 4, 5.001328, 210115236, 1.000549, 31627, 31627, 31625, 0, 7906, 0, 0, 1, 0, 0, 0, 29660089, 31609.654428, 31607.655525, 0.000000
8341, 5, 6.001331, 210000498, 1.000002, 31639, 31639, 31643, 0, 7911, 0, 0, 0, 0, 0, 0, 29943379, 31638.924971, 31642.924961, 0.000000
8341, 6, 7.001871, 210113384, 1.000540, 31638, 31638, 31625, 0, 7906, 0, 0, 0, 0, 0, 0, 29758779, 31620.927109, 31607.934124, 0.000000
8341, 7, 8.001915, 210009241, 1.000044, 31585, 31585, 31620, 0, 7905, 0, 0, 6, 0, 0, 0, 29493485, 31583.610171, 31618.608631, 0.000000
