ThreadID, cIDX, Time, cycles, deltaT, RX, OnRX, TX, SupTX, OnTX, Idle, OnIdle, Blocked, CacheMiss, CacheHit, CacheWB, CPUIdle, RX/s, TX/s, Sup/s
2580, 0, 0, 0, 0, 0, 0, 0, 0, 0, 0, 0, 0, 0, 0, 0, 0, 0, 0, 0
2580, 0, 1.000006, 210001165, 1.000006, 31527, 31527, 31532, 0, 7883, 0, 0, 0, 0, 0, 0, 29680953, 31526.825101, 31531.825073, 0.000000
2580, 1, 2.000056, 210010667, 1.000051, 31653, 31653, 31648, 0, 7912, 0, 0, 1, 0, 0, 0, 29728979, 31651.392260, 31646.392514, 0.000000
2580, 2, 3.000368, 210065443, 1.000312, 31669, 31669, 31665, 0, 7917, 0, 0, 2, 0, 0, 0, 29944671, 31659.133959, 31655.135205, 0.000000
2580, 3, 4.000379, 210002229, 1.000011, 31636, 31636, 31647, 0, 7911, 0, 0, 9, 0, 0, 0, 30022736, 31635.664210, 31646.664093, 0.000000
2580, 4, 5.000846, 210098198, 1.000468, 31722, 31722, 31700, 0, 7925, 0, 0, 0, 0, 0, 0, 30212814, 31707.173424, 31685.183706, 0.000000
2580, 5, 6.000872, 210005507, 1.000026, 31569, 31569, 31568, 0, 7892, 0, 0, 0, 0, 0, 0, 30769040, 31568.172162, 31567.172188, 0.000000
2580, 6, 7.000873, 210000202, 1.000001, 31585, 31585, 31595, 0, 7899, 0, 0, 0, 0, 0, 0, 30616596, 31584.969618, 31594.969609, 0.000000
2580, 7, 8.001269, 210083066, 1.000396, 31754, 31754, 31747, 0, 7937, 0, 0, 2, 0, 0, 0, 30366860, 31741.444596, 31734.447364, 0.000000
