ThreadID, cIDX, Time, cycles, deltaT, RX, OnRX, TX, SupTX, OnTX, Idle, OnIdle, Blocked, CacheMiss, CacheHit, CacheWB, CPUIdle, RX/s, TX/s, Sup/s
8677, 0, 0, 0, 0, 0, 0, 0, 0, 0, 0, 0, 0, 0, 0, 0, 0, 0, 0, 0
8677, 0, 1.000001, 210000248, 1.000001, 31521, 31521, 31515, 0, 7879, 0, 0, 0, 0, 0, 0, 28389325, 31520.962775, 31514.962782, 0.000000
8677, 1, 2.000005, 210000718, 1.000003, 31731, 31731, 31743, 0, 7936, 0, 0, 7, 0, 0, 0, 28377996, 31730.891511, 31742.891470, 0.000000
8677, 2, 3.000187, 210038288, 1.000182, 31722, 31722, 31696, 0, 7924, 0, 0, 5, 0, 0, 0, 28471286, 31716.217378, 31690.222118, 0.000000
8677, 3, 4.000260, 210015353, 1.000073, 31607, 31607, 31634, 0, 7908, 0, 0, 6, 0, 0, 0, 28330984, 31604.689396, 31631.687422, 0.000000
8677, 4, 5.000534, 210057477, 1.000274, 31647, 31647, 31628, 0, 7907, 0, 0, 0, 0, 0, 0, 28920260, 31638.340586, 31619.345785, 0.000000
8677, 5, 6.000539, 210001117, 1.000005, 31671, 31671, 31671, 0, 7918, 0, 0, 2, 0, 0, 0, 29081976, 31670.831541, 31670.831541, 0.000000
8677, 6, 7.000587, 210010026, 1.000048, 31575, 31575, 31601, 0, 7900, 0, 0, 0, 0, 0, 0, 29088190, 31573.492591, 31599.491350, 0.000000
8677, 7, 8.000601, 210003070, 1.000015, 31583, 31583, 31569, 0, 7893, 0, 0, 2, 0, 0, 0, 29066111, 31582.538293, 31568.538498, 0.000000
