ThreadID, cIDX, Time, cycles, deltaT, RX, OnRX, TX, SupTX, OnTX, Idle, OnIdle, Blocked, CacheMiss, CacheHit, CacheWB, CPUIdle, RX/s, TX/s, Sup/s
510, 0, 0, 0, 0, 0, 0, 0, 0, 0, 0, 0, 0, 0, 0, 0, 0, 0, 0, 0
510, 0, 1.000005, 210001120, 1.000005, 27274, 27274, 27282, 0, 6821, 0, 0, 0, 0, 0, 0, 29132893, 27273.854539, 27281.854497, 0.000000
510, 1, 2.000031, 210005360, 1.000026, 27122, 27122, 27107, 0, 6777, 0, 0, 2, 0, 0, 0, 29180740, 27121.307761, 27106.308144, 0.000000
510, 2, 3.000136, 210021981, 1.000105, 27119, 27119, 27123, 0, 6780, 0, 0, 4, 0, 0, 0, 29344827, 27116.161713, 27120.161294, 0.000000
510, 3, 4.000171, 210007552, 1.000036, 27200, 27200, 27208, 0, 6802, 0, 0, 0, 0, 0, 0, 29231685, 27199.021871, 27207.021584, 0.000000
510, 4, 5.000184, 210002564, 1.000012, 27094, 27094, 27087, 0, 6772, 0, 0, 1, 0, 0, 0, 29713003, 27093.669199, 27086.669285, 0.000000
510, 5, 6.000194, 210002129, 1.000010, 27095, 27095, 27101, 0, 6775, 0, 0, 1, 0, 0, 0, 30046167, 27094.725311, 27100.725250, 0.000000
510, 6, 7.000247, 210011215, 1.000053, 27198, 27198, 27186, 0, 6797, 0, 0, 0, 0, 0, 0, 29965563, 27196.547575, 27184.548216, 0.000000
510, 7, 8.000324, 210016109, 1.000077, 27094, 27094, 27105, 0, 6776, 0, 0, 0, 0, 0, 0, 29890374, 27091.921792, 27102.920948, 0.000000
