ThreadID, cIDX, Time, cycles, deltaT, RX, OnRX, TX, SupTX, OnTX, Idle, OnIdle, Blocked, CacheMiss, CacheHit, CacheWB, CPUIdle, RX/s, TX/s, Sup/s
25, 0, 0, 0, 0, 0, 0, 0, 0, 0, 0, 0, 0, 0, 0, 0, 0, 0, 0, 0
25, 0, 1.000036, 210007633, 1.000036, 27215, 27215, 27216, 0, 6804, 0, 0, 0, 0, 0, 0, 27590854, 27214.010836, 27215.010799, 0.000000
25, 1, 2.000047, 210002263, 1.000011, 27139, 27139, 27140, 0, 6785, 0, 0, 3, 0, 0, 0, 27517082, 27138.707548, 27139.707537, 0.000000
25, 2, 3.000084, 210007845, 1.000037, 27129, 27129, 27120, 0, 6780, 0, 0, 3, 0, 0, 0, 27672619, 27127.986576, 27118.986912, 0.000000
25, 3, 4.000099, 210003002, 1.000014, 27165, 27165, 27176, 0, 6794, 0, 0, 3, 0, 0, 0, 27783221, 27164.611675, 27175.611518, 0.000000
25, 4, 5.000141, 210008940, 1.000043, 27128, 27128, 27126, 0, 6782, 0, 0, 0, 0, 0, 0, 28066117, 27126.845171, 27124.845257, 0.000000
25, 5, 6.000189, 210010053, 1.000048, 27014, 27014, 27012, 0, 6753, 0, 0, 0, 0, 0, 0, 28384035, 27012.706863, 27010.706959, 0.000000
25, 6, 7.000193, 210000726, 1.000003, 27172, 27172, 27174, 0, 6793, 0, 0, 0, 0, 0, 0, 28106540, 27171.906063, 27173.906056, 0.000000
25, 7, 8.000203, 210002187, 1.000010, 27054, 27054, 27054, 0, 6764, 0, 0, 1, 0, 0, 0, 27782971, 27053.718255, 27053.718255, 0.000000
