ThreadID, cIDX, Time, cycles, deltaT, RX, OnRX, TX, SupTX, OnTX, Idle, OnIdle, Blocked, CacheMiss, CacheHit, CacheWB, CPUIdle, RX/s, TX/s, Sup/s
10335, 0, 0, 0, 0, 0, 0, 0, 0, 0, 0, 0, 0, 0, 0, 0, 0, 0, 0, 0
10335, 0, 1.000007, 210001445, 1.000007, 27191, 27191, 27185, 0, 6797, 0, 0, 1, 0, 0, 0, 29059517, 27190.812901, 27184.812943, 0.000000
10335, 1, 2.000013, 210001237, 1.000006, 27202, 27202, 27203, 0, 6800, 0, 0, 5, 0, 0, 0, 29110760, 27201.839768, 27202.839762, 0.000000
10335, 2, 3.000021, 210001754, 1.000008, 27155, 27155, 27164, 0, 6791, 0, 0, 6, 0, 0, 0, 29249607, 27154.773193, 27163.773118, 0.000000
10335, 3, 4.000028, 210001526, 1.000007, 27069, 27069, 27067, 0, 6767, 0, 0, 0, 0, 0, 0, 29371601, 27068.803300, 27066.803315, 0.000000
10335, 4, 5.000033, 210001031, 1.000005, 27124, 27124, 27118, 0, 6780, 0, 0, 4, 0, 0, 0, 29494470, 27123.866835, 27117.866864, 0.000000
10335, 5, 6.000126, 210019367, 1.000092, 27148, 27148, 27159, 0, 6789, 0, 0, 2, 0, 0, 0, 29941247, 27145.496539, 27156.495525, 0.000000
10335, 6, 7.000127, 210000296, 1.000001, 26947, 26947, 26936, 0, 6734, 0, 0, 1, 0, 0, 0, 29921129, 26946.962018, 26935.962033, 0.000000
10335, 7, 8.000134, 210001391, 1.000007, 27135, 27135, 27134, 0, 6784, 0, 0, 0, 0, 0, 0, 29688555, 27134.820264, 27133.820271, 0.000000
