ThreadID, cIDX, Time, cycles, deltaT, RX, OnRX, TX, SupTX, OnTX, Idle, OnIdle, Blocked, CacheMiss, CacheHit, CacheWB, CPUIdle, RX/s, TX/s, Sup/s
818, 0, 0, 0, 0, 0, 0, 0, 0, 0, 0, 0, 0, 0, 0, 0, 0, 0, 0, 0
818, 0, 1.000026, 210005469, 1.000026, 31583, 31583, 31568, 0, 7892, 0, 0, 0, 0, 0, 0, 25768063, 31582.177510, 31567.177900, 0.000000
818, 1, 2.000067, 210008631, 1.000041, 31680, 31680, 31700, 0, 7925, 0, 0, 0, 0, 0, 0, 25891410, 31678.698006, 31698.697184, 0.000000
818, 2, 3.000095, 210005929, 1.000028, 31695, 31695, 31700, 0, 7925, 0, 0, 0, 0, 0, 0, 26148597, 31694.105170, 31699.105029, 0.000000
818, 3, 4.000102, 210001445, 1.000007, 31732, 31732, 31724, 0, 7931, 0, 0, 0, 0, 0, 0, 25997265, 31731.781655, 31723.781710, 0.000000
818, 4, 5.000172, 210014749, 1.000070, 31684, 31684, 31668, 0, 7917, 0, 0, 0, 0, 0, 0, 26389839, 31681.774883, 31665.776007, 0.000000
818, 5, 6.000286, 210023797, 1.000113, 31604, 31604, 31604, 0, 7901, 0, 0, 0, 0, 0, 0, 26693760, 31600.419071, 31600.419071, 0.000000
818, 6, 7.000587, 210063284, 1.000301, 31717, 31717, 31716, 0, 7929, 0, 0, 0, 0, 0, 0, 26580527, 31707.444886, 31706.445187, 0.000000
818, 7, 8.000595, 210001668, 1.000008, 31670, 31670, 31684, 0, 7921, 0, 0, 1, 0, 0, 0, 26261342, 31669.748452, 31683.748341, 0.000000
