ThreadID, cIDX, Time, cycles, deltaT, RX, OnRX, TX, SupTX, OnTX, Idle, OnIdle, Blocked, CacheMiss, CacheHit, CacheWB, CPUIdle, RX/s, TX/s, Sup/s
10375, 0, 0, 0, 0, 0, 0, 0, 0, 0, 0, 0, 0, 0, 0, 0, 0, 0, 0, 0
10375, 0, 1.000761, 210159838, 1.000761, 30494, 30494, 30492, 0, 7906, 0, 0, 4, 647431, 182186093, 268778, 31712088, 30470.807653, 30468.809174, 0.000000
10375, 1, 2.000865, 210021898, 1.000104, 30526, 30526, 30516, 0, 7912, 0, 0, 7, 563536, 182091677, 226356, 31729684, 30522.817197, 30512.818240, 0.000000
10375, 2, 3.000994, 210027032, 1.000129, 30564, 30564, 30558, 0, 7922, 0, 0, 5, 550346, 182081790, 221227, 31820958, 30560.066192, 30554.066964, 0.000000
10375, 3, 4.001158, 210034497, 1.000164, 30608, 30608, 30606, 0, 7935, 0, 0, 5, 542713, 182036174, 218276, 31854386, 30602.972806, 30600.973134, 0.000000
10375, 4, 5.001239, 210016948, 1.000081, 30592, 30592, 30606, 0, 7935, 0, 0, 4, 539655, 182042698, 216211, 31870867, 30589.531279, 30603.530149, 0.000000
10375, 5, 6.001446, 210043346, 1.000206, 30414, 30414, 30412, 0, 7884, 0, 0, 5, 531061, 181753456, 211903, 32443385, 30407.723556, 30405.723969, 0.000000
10375, 6, 7.001471, 210005257, 1.000025, 30589, 30589, 30601, 0, 7933, 0, 0, 0, 531144, 181724187, 213283, 32448539, 30588.234275, 30600.233974, 0.000000
10375, 7, 8.001482, 210002505, 1.000012, 30487, 30487, 30482, 0, 7902, 0, 0, 0, 528601, 181886481, 211278, 32237913, 30486.636338, 30481.636398, 0.000000
