ThreadID, cIDX, Time, cycles, deltaT, RX, OnRX, TX, SupTX, OnTX, Idle, OnIdle, Blocked, CacheMiss, CacheHit, CacheWB, CPUIdle, RX/s, TX/s, Sup/s
8822, 0, 0, 0, 0, 0, 0, 0, 0, 0, 0, 0, 0, 0, 0, 0, 0, 0, 0, 0
8822, 0, 1.000157, 210033007, 1.000157, 30444, 30444, 30450, 0, 7896, 0, 0, 1, 0, 0, 0, 30969445, 30439.215680, 30445.214737, 0.000000
8822, 1, 2.000178, 210004271, 1.000020, 30561, 30561, 30555, 0, 7920, 0, 0, 6, 0, 0, 0, 30637040, 30560.378460, 30554.378582, 0.000000
8822, 2, 3.000182, 210000964, 1.000005, 30563, 30563, 30553, 0, 7922, 0, 0, 7, 0, 0, 0, 30810211, 30562.859702, 30552.859748, 0.000000
8822, 3, 4.000203, 210004362, 1.000021, 30564, 30564, 30578, 0, 7928, 0, 0, 3, 0, 0, 0, 30839772, 30563.365155, 30577.364864, 0.000000
8822, 4, 5.000205, 210000491, 1.000002, 30479, 30479, 30473, 0, 7901, 0, 0, 0, 0, 0, 0, 31450832, 30478.928737, 30472.928751, 0.000000
8822, 5, 6.000347, 210029877, 1.000142, 30533, 30533, 30522, 0, 7914, 0, 0, 0, 0, 0, 0, 31603079, 30528.656644, 30517.658209, 0.000000
8822, 6, 7.000349, 210000282, 1.000001, 30455, 30455, 30479, 0, 7902, 0, 0, 1, 0, 0, 0, 31591313, 30454.959103, 30478.959071, 0.000000
8822, 7, 8.000387, 210007940, 1.000038, 30513, 30513, 30498, 0, 7908, 0, 0, 0, 0, 0, 0, 31437922, 30511.846362, 30496.846929, 0.000000
