ThreadID, cIDX, Time, cycles, deltaT, RX, OnRX, TX, SupTX, OnTX, Idle, OnIdle, Blocked, CacheMiss, CacheHit, CacheWB, CPUIdle, RX/s, TX/s, Sup/s
2983, 0, 0, 0, 0, 0, 0, 0, 0, 0, 0, 0, 0, 0, 0, 0, 0, 0, 0, 0
2983, 0, 1.000007, 210001410, 1.000007, 31601, 31601, 31609, 0, 7903, 0, 0, 1, 0, 0, 0, 28250879, 31600.787823, 31608.787770, 0.000000
2983, 1, 2.000024, 210003657, 1.000017, 31715, 31715, 31699, 0, 7924, 0, 0, 7, 0, 0, 0, 28103932, 31714.447716, 31698.447994, 0.000000
2983, 2, 3.000086, 210012977, 1.000062, 31626, 31626, 31636, 0, 7909, 0, 0, 10, 0, 0, 0, 28209569, 31624.045785, 31634.045167, 0.000000
2983, 3, 4.000098, 210002454, 1.000012, 31718, 31718, 31724, 0, 7931, 0, 0, 0, 0, 0, 0, 28314666, 31717.629357, 31723.629287, 0.000000
2983, 4, 5.000175, 210016212, 1.000077, 31618, 31618, 31596, 0, 7899, 0, 0, 0, 0, 0, 0, 28750329, 31615.559279, 31593.560977, 0.000000
2983, 5, 6.000193, 210003864, 1.000018, 31611, 31611, 31628, 0, 7907, 0, 0, 8, 0, 0, 0, 29069331, 31610.418368, 31627.418056, 0.000000
2983, 6, 7.000194, 210000251, 1.000001, 31637, 31637, 31644, 0, 7911, 0, 0, 7, 0, 0, 0, 28949948, 31636.962186, 31643.962178, 0.000000
2983, 7, 8.000207, 210002668, 1.000013, 31641, 31641, 31641, 0, 7911, 0, 0, 0, 0, 0, 0, 28694908, 31640.598014, 31640.598014, 0.000000
