ThreadID, cIDX, Time, cycles, deltaT, RX, OnRX, TX, SupTX, OnTX, Idle, OnIdle, Blocked, CacheMiss, CacheHit, CacheWB, CPUIdle, RX/s, TX/s, Sup/s
9928, 0, 0, 0, 0, 0, 0, 0, 0, 0, 0, 0, 0, 0, 0, 0, 0, 0, 0, 0
9928, 0, 1.000026, 210005526, 1.000026, 27211, 27211, 27212, 0, 6803, 0, 0, 0, 653289, 182137614, 270642, 28998964, 27210.283981, 27211.283954, 0.000000
9928, 1, 2.000031, 210000947, 1.000005, 27155, 27155, 27151, 0, 6788, 0, 0, 0, 564265, 182151388, 231893, 29052487, 27154.877544, 27150.877562, 0.000000
9928, 2, 3.000054, 210004903, 1.000023, 27176, 27176, 27177, 0, 6794, 0, 0, 12, 541169, 182091031, 219084, 29119910, 27175.365520, 27176.365497, 0.000000
9928, 3, 4.000061, 210001402, 1.000007, 27059, 27059, 27060, 0, 6765, 0, 0, 5, 525373, 182034886, 211000, 29229244, 27058.819350, 27059.819343, 0.000000
9928, 4, 5.000141, 210016932, 1.000081, 27130, 27130, 27120, 0, 6780, 0, 0, 5, 517019, 181901523, 206093, 29625939, 27127.812723, 27117.813529, 0.000000
9928, 5, 6.000148, 210001349, 1.000006, 27174, 27174, 27192, 0, 6798, 0, 0, 8, 508169, 181692476, 202447, 29912449, 27173.825441, 27191.825325, 0.000000
9928, 6, 7.000186, 210008026, 1.000038, 27158, 27158, 27152, 0, 6788, 0, 0, 1, 510675, 181839101, 202137, 29748324, 27156.962087, 27150.962316, 0.000000
9928, 7, 8.000206, 210004271, 1.000020, 27118, 27118, 27124, 0, 6781, 0, 0, 0, 510975, 181951560, 203216, 29503657, 27117.448483, 27123.448361, 0.000000
