ThreadID, cIDX, Time, cycles, deltaT, RX, OnRX, TX, SupTX, OnTX, Idle, OnIdle, Blocked, CacheMiss, CacheHit, CacheWB, CPUIdle, RX/s, TX/s, Sup/s
8826, 0, 0, 0, 0, 0, 0, 0, 0, 0, 0, 0, 0, 0, 0, 0, 0, 0, 0, 0
8826, 0, 1.000097, 210020416, 1.000097, 27213, 27213, 27212, 0, 6803, 0, 0, 1, 0, 0, 0, 30958931, 27210.354635, 27209.354732, 0.000000
8826, 1, 2.000142, 210009348, 1.000045, 27173, 27173, 27172, 0, 6793, 0, 0, 5, 0, 0, 0, 30641230, 27171.790467, 27170.790512, 0.000000
8826, 2, 3.000159, 210003690, 1.000018, 27077, 27077, 27079, 0, 6770, 0, 0, 9, 0, 0, 0, 30814667, 27076.524227, 27078.524192, 0.000000
8826, 3, 4.000186, 210005595, 1.000027, 27199, 27199, 27200, 0, 6800, 0, 0, 6, 0, 0, 0, 30841300, 27198.275360, 27199.275334, 0.000000
8826, 4, 5.000190, 210000940, 1.000004, 27073, 27073, 27073, 0, 6768, 0, 0, 1, 0, 0, 0, 31450157, 27072.878817, 27072.878817, 0.000000
8826, 5, 6.000204, 210002820, 1.000013, 27047, 27047, 27046, 0, 6762, 0, 0, 0, 0, 0, 0, 31602230, 27046.636802, 27045.636816, 0.000000
8826, 6, 7.000213, 210001822, 1.000009, 27154, 27154, 27150, 0, 6787, 0, 0, 0, 0, 0, 0, 31588646, 27153.764409, 27149.764443, 0.000000
8826, 7, 8.000322, 210022953, 1.000109, 27096, 27096, 27096, 0, 6774, 0, 0, 0, 0, 0, 0, 31439726, 27093.038731, 27093.038731, 0.000000
