ThreadID, cIDX, Time, cycles, deltaT, RX, OnRX, TX, SupTX, OnTX, Idle, OnIdle, Blocked, CacheMiss, CacheHit, CacheWB, CPUIdle, RX/s, TX/s, Sup/s
9222, 0, 0, 0, 0, 0, 0, 0, 0, 0, 0, 0, 0, 0, 0, 0, 0, 0, 0, 0
9222, 0, 1.000029, 210005998, 1.000029, 31597, 31597, 31600, 0, 7900, 0, 0, 1, 632080, 182063539, 263210, 31728705, 31596.097555, 31599.097470, 0.000000
9222, 1, 2.000033, 210000944, 1.000004, 31734, 31734, 31718, 0, 7930, 0, 0, 12, 556699, 182174712, 223313, 31607705, 31733.857349, 31717.857421, 0.000000
9222, 2, 3.000095, 210013106, 1.000062, 31675, 31675, 31698, 0, 7924, 0, 0, 8, 544580, 182084092, 217847, 31840098, 31673.023302, 31696.021866, 0.000000
9222, 3, 4.000205, 210023045, 1.000110, 31593, 31593, 31568, 0, 7892, 0, 0, 10, 530680, 182144707, 210394, 31702274, 31589.533425, 31564.536168, 0.000000
9222, 4, 5.000475, 210056696, 1.000270, 31635, 31635, 31652, 0, 7913, 0, 0, 11, 521179, 181917991, 206748, 32236322, 31626.461458, 31643.456869, 0.000000
9222, 5, 6.000493, 210003811, 1.000018, 31728, 31728, 31723, 0, 7931, 0, 0, 9, 521560, 181906983, 206519, 32113181, 31727.424223, 31722.424314, 0.000000
9222, 6, 7.000517, 210004887, 1.000023, 31655, 31655, 31645, 0, 7911, 0, 0, 4, 517073, 181837539, 202922, 32333991, 31654.263360, 31644.263593, 0.000000
9222, 7, 8.000520, 210000628, 1.000003, 31558, 31558, 31571, 0, 7893, 0, 0, 0, 520338, 181966367, 204570, 32073099, 31557.905627, 31570.905588, 0.000000
