ThreadID, cIDX, Time, cycles, deltaT, RX, OnRX, TX, SupTX, OnTX, Idle, OnIdle, Blocked, CacheMiss, CacheHit, CacheWB, CPUIdle, RX/s, TX/s, Sup/s
9716, 0, 0, 0, 0, 0, 0, 0, 0, 0, 0, 0, 0, 0, 0, 0, 0, 0, 0, 0
9716, 0, 1.000554, 210116320, 1.000554, 30421, 30421, 30417, 0, 7887, 0, 0, 9, 0, 0, 0, 31020266, 30404.158992, 30400.161206, 0.000000
9716, 1, 2.000573, 210003924, 1.000019, 30538, 30538, 30524, 0, 7914, 0, 0, 4, 0, 0, 0, 30909256, 30537.429386, 30523.429648, 0.000000
9716, 2, 3.000611, 210008085, 1.000039, 30557, 30557, 30553, 0, 7921, 0, 0, 6, 0, 0, 0, 31011480, 30555.823601, 30551.823755, 0.000000
9716, 3, 4.000618, 210001413, 1.000007, 30559, 30559, 30565, 0, 7922, 0, 0, 8, 0, 0, 0, 31110283, 30558.794383, 30564.794343, 0.000000
9716, 4, 5.000623, 210001140, 1.000005, 30593, 30593, 30603, 0, 7936, 0, 0, 3, 0, 0, 0, 31304937, 30592.833925, 30602.833870, 0.000000
9716, 5, 6.000677, 210011245, 1.000054, 30444, 30444, 30451, 0, 7893, 0, 0, 3, 0, 0, 0, 31688070, 30442.369884, 30449.369509, 0.000000
9716, 6, 7.000847, 210035700, 1.000170, 30575, 30575, 30558, 0, 7922, 0, 0, 0, 0, 0, 0, 31366406, 30569.803133, 30552.806023, 0.000000
9716, 7, 8.000853, 210001363, 1.000006, 30581, 30581, 30595, 0, 7930, 0, 0, 0, 0, 0, 0, 31283306, 30580.801516, 30594.801425, 0.000000
