ThreadID, cIDX, Time, cycles, deltaT, RX, OnRX, TX, SupTX, OnTX, Idle, OnIdle, Blocked, CacheMiss, CacheHit, CacheWB, CPUIdle, RX/s, TX/s, Sup/s
341, 0, 0, 0, 0, 0, 0, 0, 0, 0, 0, 0, 0, 0, 0, 0, 0, 0, 0, 0
341, 0, 1.000005, 210001130, 1.000005, 31536, 31536, 31548, 0, 7887, 0, 0, 0, 0, 0, 0, 26688383, 31535.830307, 31547.830243, 0.000000
341, 1, 2.000011, 210001075, 1.000005, 31731, 31731, 31719, 0, 7930, 0, 0, 2, 0, 0, 0, 26738433, 31730.837568, 31718.837630, 0.000000
341, 2, 3.000150, 210029314, 1.000140, 31718, 31718, 31705, 0, 7926, 0, 0, 4, 0, 0, 0, 26876095, 31713.573087, 31700.574902, 0.000000
341, 3, 4.000289, 210029217, 1.000139, 31593, 31593, 31612, 0, 7903, 0, 0, 0, 0, 0, 0, 26644249, 31588.605122, 31607.602479, 0.000000
341, 4, 5.000702, 210086617, 1.000412, 31643, 31643, 31620, 0, 7905, 0, 0, 0, 0, 0, 0, 27132766, 31629.953849, 31606.963332, 0.000000
341, 5, 6.000713, 210002446, 1.000012, 31669, 31669, 31669, 0, 7918, 0, 0, 1, 0, 0, 0, 27369404, 31668.631136, 31668.631136, 0.000000
341, 6, 7.000780, 210014063, 1.000067, 31565, 31565, 31591, 0, 7897, 0, 0, 1, 0, 0, 0, 27558039, 31562.886339, 31588.884598, 0.000000
341, 7, 8.000806, 210005361, 1.000026, 31598, 31598, 31579, 0, 7895, 0, 0, 1, 0, 0, 0, 27292852, 31597.193369, 31578.193854, 0.000000
