ThreadID, cIDX, Time, cycles, deltaT, RX, OnRX, TX, SupTX, OnTX, Idle, OnIdle, Blocked, CacheMiss, CacheHit, CacheWB, CPUIdle, RX/s, TX/s, Sup/s
11194, 0, 0, 0, 0, 0, 0, 0, 0, 0, 0, 0, 0, 0, 0, 0, 0, 0, 0, 0
11194, 0, 1.000001, 210000200, 1.000001, 27227, 27227, 27224, 0, 6806, 0, 0, 0, 0, 0, 0, 28246548, 27226.974070, 27223.974072, 0.000000
11194, 1, 2.000004, 210000588, 1.000003, 27121, 27121, 27127, 0, 6782, 0, 0, 7, 0, 0, 0, 28249946, 27120.924061, 27126.924045, 0.000000
11194, 2, 3.000073, 210014438, 1.000069, 27112, 27112, 27101, 0, 6775, 0, 0, 6, 0, 0, 0, 28375457, 27110.136114, 27099.136870, 0.000000
11194, 3, 4.000307, 210049177, 1.000234, 27217, 27217, 27228, 0, 6807, 0, 0, 6, 0, 0, 0, 28523667, 27210.627919, 27221.625343, 0.000000
11194, 4, 5.000318, 210002387, 1.000011, 27167, 27167, 27167, 0, 6792, 0, 0, 6, 0, 0, 0, 28741169, 27166.691205, 27166.691205, 0.000000
11194, 5, 6.000562, 210051278, 1.000244, 27049, 27049, 27045, 0, 6761, 0, 0, 2, 0, 0, 0, 29061415, 27042.396762, 27038.397738, 0.000000
11194, 6, 7.000567, 210001041, 1.000005, 27183, 27183, 27190, 0, 6798, 0, 0, 0, 0, 0, 0, 28937656, 27182.865251, 27189.865216, 0.000000
11194, 7, 8.000604, 210007828, 1.000037, 27123, 27123, 27110, 0, 6777, 0, 0, 0, 0, 0, 0, 28579916, 27121.988996, 27108.989480, 0.000000
