ThreadID, cIDX, Time, cycles, deltaT, RX, OnRX, TX, SupTX, OnTX, Idle, OnIdle, Blocked, CacheMiss, CacheHit, CacheWB, CPUIdle, RX/s, TX/s, Sup/s
2546, 0, 0, 0, 0, 0, 0, 0, 0, 0, 0, 0, 0, 0, 0, 0, 0, 0, 0, 0
2546, 0, 1.000057, 210012060, 1.000057, 31617, 31617, 31612, 0, 7903, 0, 0, 1, 0, 0, 0, 30739687, 31615.184385, 31610.184672, 0.000000
2546, 1, 2.000140, 210017437, 1.000083, 31670, 31670, 31668, 0, 7917, 0, 0, 3, 0, 0, 0, 30793934, 31667.370553, 31665.370719, 0.000000
2546, 2, 3.000453, 210065666, 1.000313, 31693, 31693, 31712, 0, 7928, 0, 0, 4, 0, 0, 0, 31021744, 31683.092848, 31702.086908, 0.000000
2546, 3, 4.000492, 210008200, 1.000039, 31684, 31684, 31667, 0, 7917, 0, 0, 8, 0, 0, 0, 31079239, 31682.762864, 31665.763527, 0.000000
2546, 4, 5.000518, 210005391, 1.000026, 31649, 31649, 31650, 0, 7913, 0, 0, 11, 0, 0, 0, 31183140, 31648.187546, 31649.187520, 0.000000
2546, 5, 6.000711, 210040532, 1.000193, 31580, 31580, 31571, 0, 7892, 0, 0, 3, 0, 0, 0, 31783876, 31573.905935, 31564.907672, 0.000000
2546, 6, 7.001080, 210077596, 1.000370, 31665, 31665, 31660, 0, 7915, 0, 0, 0, 0, 0, 0, 31686701, 31653.303953, 31648.305800, 0.000000
2546, 7, 8.001619, 210113207, 1.000539, 31629, 31629, 31632, 0, 7908, 0, 0, 0, 0, 0, 0, 31326200, 31611.958595, 31614.956979, 0.000000
