ThreadID, cIDX, Time, cycles, deltaT, RX, OnRX, TX, SupTX, OnTX, Idle, OnIdle, Blocked, CacheMiss, CacheHit, CacheWB, CPUIdle, RX/s, TX/s, Sup/s
2882, 0, 0, 0, 0, 0, 0, 0, 0, 0, 0, 0, 0, 0, 0, 0, 0, 0, 0, 0
2882, 0, 1.000099, 210020740, 1.000099, 31602, 31602, 31601, 0, 7901, 0, 0, 1, 658968, 182114980, 275013, 29067727, 31598.879234, 31597.879333, 0.000000
2882, 1, 2.000117, 210003734, 1.000018, 31732, 31732, 31724, 0, 7931, 0, 0, 9, 583560, 182207902, 235987, 28898457, 31731.435785, 31723.435927, 0.000000
2882, 2, 3.000159, 210008998, 1.000043, 31689, 31689, 31704, 0, 7926, 0, 0, 14, 566062, 182137908, 227735, 29044278, 31687.642260, 31702.641617, 0.000000
2882, 3, 4.000260, 210021170, 1.000101, 31602, 31602, 31607, 0, 7901, 0, 0, 6, 533976, 182104011, 212363, 29105004, 31598.814539, 31603.814035, 0.000000
2882, 4, 5.000266, 210001277, 1.000006, 31560, 31560, 31548, 0, 7887, 0, 0, 0, 521375, 181896038, 205016, 29523861, 31559.808086, 31547.808159, 0.000000
2882, 5, 6.000290, 210005077, 1.000024, 31711, 31711, 31717, 0, 7930, 0, 0, 1, 512509, 181650511, 201631, 30060233, 31710.233367, 31716.233222, 0.000000
2882, 6, 7.000342, 210010746, 1.000051, 31513, 31513, 31519, 0, 7879, 0, 0, 1, 509023, 181813954, 200913, 29705807, 31511.387517, 31517.387210, 0.000000
2882, 7, 8.000544, 210042494, 1.000202, 31632, 31632, 31612, 0, 7903, 0, 0, 0, 505285, 181916498, 198229, 29680080, 31625.600484, 31605.604531, 0.000000
