ThreadID, cIDX, Time, cycles, deltaT, RX, OnRX, TX, SupTX, OnTX, Idle, OnIdle, Blocked, CacheMiss, CacheHit, CacheWB, CPUIdle, RX/s, TX/s, Sup/s
16, 0, 0, 0, 0, 0, 0, 0, 0, 0, 0, 0, 0, 0, 0, 0, 0, 0, 0, 0
16, 0, 1.000056, 210011789, 1.000056, 30572, 30572, 30566, 0, 7926, 0, 0, 0, 0, 0, 0, 27593996, 30570.283842, 30564.284179, 0.000000
16, 1, 2.000230, 210036502, 1.000174, 30577, 30577, 30594, 0, 7932, 0, 0, 3, 0, 0, 0, 27534308, 30571.686059, 30588.683104, 0.000000
16, 2, 3.000233, 210000622, 1.000003, 30560, 30560, 30550, 0, 7921, 0, 0, 2, 0, 0, 0, 27661979, 30559.909484, 30549.909514, 0.000000
16, 3, 4.000372, 210029196, 1.000139, 30541, 30541, 30545, 0, 7920, 0, 0, 1, 0, 0, 0, 27795855, 30536.754519, 30540.753963, 0.000000
16, 4, 5.000425, 210011097, 1.000053, 30533, 30533, 30522, 0, 7912, 0, 0, 0, 0, 0, 0, 28060065, 30531.386634, 30520.387216, 0.000000
16, 5, 6.000506, 210017061, 1.000081, 30488, 30488, 30486, 0, 7902, 0, 0, 0, 0, 0, 0, 28381001, 30485.523269, 30483.523431, 0.000000
16, 6, 7.000512, 210001339, 1.000006, 30575, 30575, 30581, 0, 7931, 0, 0, 0, 0, 0, 0, 28100754, 30574.805049, 30580.805011, 0.000000
16, 7, 8.000695, 210038397, 1.000183, 30476, 30476, 30464, 0, 7899, 0, 0, 0, 0, 0, 0, 27792078, 30470.428700, 30458.430893, 0.000000
