ThreadID, cIDX, Time, cycles, deltaT, RX, OnRX, TX, SupTX, OnTX, Idle, OnIdle, Blocked, CacheMiss, CacheHit, CacheWB, CPUIdle, RX/s, TX/s, Sup/s
10908, 0, 0, 0, 0, 0, 0, 0, 0, 0, 0, 0, 0, 0, 0, 0, 0, 0, 0, 0
10908, 0, 1.000596, 210125078, 1.000596, 27286, 27286, 27285, 0, 6822, 0, 0, 1, 0, 0, 0, 29853103, 27269.757872, 27268.758468, 0.000000
10908, 1, 2.000704, 210022844, 1.000109, 27137, 27137, 27136, 0, 6784, 0, 0, 4, 0, 0, 0, 29772803, 27134.048332, 27133.048441, 0.000000
10908, 2, 3.000706, 210000330, 1.000002, 27147, 27147, 27151, 0, 6787, 0, 0, 5, 0, 0, 0, 29880491, 27146.957340, 27150.957334, 0.000000
10908, 3, 4.000730, 210005139, 1.000024, 27139, 27139, 27136, 0, 6784, 0, 0, 2, 0, 0, 0, 29866293, 27138.335886, 27135.335960, 0.000000
10908, 4, 5.000790, 210012458, 1.000059, 27145, 27145, 27143, 0, 6786, 0, 0, 3, 0, 0, 0, 30224178, 27143.389751, 27141.389869, 0.000000
10908, 5, 6.000945, 210032497, 1.000155, 27140, 27140, 27141, 0, 6785, 0, 0, 3, 0, 0, 0, 30687424, 27135.800799, 27136.800645, 0.000000
10908, 6, 7.000967, 210004744, 1.000023, 27158, 27158, 27164, 0, 6791, 0, 0, 0, 0, 0, 0, 30537788, 27157.386502, 27163.386366, 0.000000
10908, 7, 8.000991, 210005056, 1.000024, 27177, 27177, 27172, 0, 6793, 0, 0, 0, 0, 0, 0, 30369545, 27176.345697, 27171.345818, 0.000000
