ThreadID, cIDX, Time, cycles, deltaT, RX, OnRX, TX, SupTX, OnTX, Idle, OnIdle, Blocked, CacheMiss, CacheHit, CacheWB, CPUIdle, RX/s, TX/s, Sup/s
1677, 0, 0, 0, 0, 0, 0, 0, 0, 0, 0, 0, 0, 0, 0, 0, 0, 0, 0, 0
1677, 0, 1.000032, 210006740, 1.000032, 27251, 27251, 27256, 0, 6814, 0, 0, 0, 661939, 182081907, 270208, 31708562, 27250.125401, 27255.125240, 0.000000
1677, 1, 2.000041, 210001811, 1.000009, 27149, 27149, 27145, 0, 6787, 0, 0, 0, 575248, 182097583, 229346, 31855724, 27148.765874, 27144.765909, 0.000000
1677, 2, 3.000051, 210002205, 1.000010, 27133, 27133, 27140, 0, 6785, 0, 0, 3, 553315, 182057294, 221161, 31858735, 27132.715106, 27139.715033, 0.000000
1677, 3, 4.000059, 210001733, 1.000008, 27034, 27034, 27031, 0, 6757, 0, 0, 3, 535851, 181979056, 212244, 32031694, 27033.776907, 27030.776932, 0.000000
1677, 4, 5.000101, 210008645, 1.000041, 27103, 27103, 27104, 0, 6776, 0, 0, 6, 520999, 181876632, 203724, 32193653, 27101.884306, 27102.884265, 0.000000
1677, 5, 6.000108, 210001634, 1.000008, 27154, 27154, 27148, 0, 6787, 0, 0, 1, 514255, 181733948, 201941, 32449983, 27153.788718, 27147.788764, 0.000000
1677, 6, 7.000111, 210000525, 1.000002, 26977, 26977, 26983, 0, 6746, 0, 0, 1, 518061, 181808537, 202870, 32423406, 26976.932558, 26982.932543, 0.000000
1677, 7, 8.000116, 210001081, 1.000005, 27159, 27159, 27159, 0, 6790, 0, 0, 0, 515395, 181884282, 201980, 32197402, 27158.860197, 27158.860197, 0.000000
