ThreadID, cIDX, Time, cycles, deltaT, RX, OnRX, TX, SupTX, OnTX, Idle, OnIdle, Blocked, CacheMiss, CacheHit, CacheWB, CPUIdle, RX/s, TX/s, Sup/s
1572, 0, 0, 0, 0, 0, 0, 0, 0, 0, 0, 0, 0, 0, 0, 0, 0, 0, 0, 0
1572, 0, 1.000301, 210063113, 1.000301, 31514, 31514, 31528, 0, 7882, 0, 0, 0, 0, 0, 0, 28457825, 31504.531688, 31518.527482, 0.000000
1572, 1, 2.000319, 210003814, 1.000018, 31644, 31644, 31628, 0, 7907, 0, 0, 0, 0, 0, 0, 28372635, 31643.425295, 31627.425586, 0.000000
1572, 2, 3.000331, 210002684, 1.000013, 31673, 31673, 31688, 0, 7922, 0, 0, 3, 0, 0, 0, 28337128, 31672.595194, 31687.595002, 0.000000
1572, 3, 4.000339, 210001620, 1.000008, 31744, 31744, 31741, 0, 7936, 0, 0, 8, 0, 0, 0, 28552212, 31743.755120, 31740.755143, 0.000000
1572, 4, 5.000340, 210000179, 1.000001, 31673, 31673, 31669, 0, 7917, 0, 0, 2, 0, 0, 0, 28759248, 31672.973003, 31668.973006, 0.000000
1572, 5, 6.000454, 210024027, 1.000114, 31630, 31630, 31634, 0, 7908, 0, 0, 7, 0, 0, 0, 29098675, 31626.381490, 31630.381033, 0.000000
1572, 6, 7.000639, 210038785, 1.000185, 31660, 31660, 31636, 0, 7909, 0, 0, 0, 0, 0, 0, 28662311, 31654.153779, 31630.158211, 0.000000
1572, 7, 8.000646, 210001351, 1.000006, 31725, 31725, 31730, 0, 7933, 0, 0, 0, 0, 0, 0, 28807591, 31724.795904, 31729.795872, 0.000000
