ThreadID, cIDX, Time, cycles, deltaT, RX, OnRX, TX, SupTX, OnTX, Idle, OnIdle, Blocked, CacheMiss, CacheHit, CacheWB, CPUIdle, RX/s, TX/s, Sup/s
10316, 0, 0, 0, 0, 0, 0, 0, 0, 0, 0, 0, 0, 0, 0, 0, 0, 0, 0, 0
10316, 0, 1.000019, 210003947, 1.000019, 27225, 27225, 27224, 0, 6806, 0, 0, 1, 663965, 182127952, 274308, 29074364, 27224.488309, 27223.488328, 0.000000
10316, 1, 2.000021, 210000544, 1.000003, 27203, 27203, 27214, 0, 6804, 0, 0, 5, 572595, 182115710, 230374, 29077275, 27202.929531, 27213.929503, 0.000000
10316, 2, 3.000073, 210010820, 1.000052, 27099, 27099, 27094, 0, 6773, 0, 0, 6, 558169, 182035803, 224230, 29182367, 27097.603828, 27092.604086, 0.000000
10316, 3, 4.000082, 210001926, 1.000009, 27164, 27164, 27160, 0, 6790, 0, 0, 4, 539034, 181980328, 214830, 29399080, 27163.750870, 27159.750906, 0.000000
10316, 4, 5.000139, 210012044, 1.000057, 27101, 27101, 27092, 0, 6773, 0, 0, 5, 534102, 181944113, 213142, 29539360, 27099.445782, 27090.446298, 0.000000
10316, 5, 6.000144, 210001040, 1.000005, 27098, 27098, 27105, 0, 6777, 0, 0, 2, 528525, 181693817, 212102, 29913190, 27097.865801, 27104.865766, 0.000000
10316, 6, 7.000174, 210006219, 1.000030, 27095, 27095, 27095, 0, 6773, 0, 0, 3, 520648, 181727623, 207467, 29873703, 27094.197625, 27094.197625, 0.000000
10316, 7, 8.000203, 210006043, 1.000029, 27126, 27126, 27124, 0, 6781, 0, 0, 0, 517035, 181860409, 205365, 29713902, 27125.219440, 27123.219497, 0.000000
