ThreadID, cIDX, Time, cycles, deltaT, RX, OnRX, TX, SupTX, OnTX, Idle, OnIdle, Blocked, CacheMiss, CacheHit, CacheWB, CPUIdle, RX/s, TX/s, Sup/s
8345, 0, 0, 0, 0, 0, 0, 0, 0, 0, 0, 0, 0, 0, 0, 0, 0, 0, 0, 0
8345, 0, 1.000009, 210001972, 1.000009, 27237, 27237, 27229, 0, 6808, 0, 0, 1, 0, 0, 0, 29330556, 27236.744234, 27228.744309, 0.000000
8345, 1, 2.000018, 210001750, 1.000008, 27137, 27137, 27139, 0, 6784, 0, 0, 5, 0, 0, 0, 29264909, 27136.773860, 27138.773844, 0.000000
8345, 2, 3.000064, 210009795, 1.000047, 27122, 27122, 27124, 0, 6781, 0, 0, 5, 0, 0, 0, 29393621, 27120.735011, 27122.734918, 0.000000
8345, 3, 4.000089, 210005206, 1.000025, 27174, 27174, 27180, 0, 6795, 0, 0, 6, 0, 0, 0, 29447618, 27173.326360, 27179.326212, 0.000000
8345, 4, 5.000129, 210008361, 1.000040, 27119, 27119, 27120, 0, 6780, 0, 0, 3, 0, 0, 0, 29656983, 27117.920319, 27118.920280, 0.000000
8345, 5, 6.000131, 210000413, 1.000002, 27014, 27014, 27010, 0, 6753, 0, 0, 0, 0, 0, 0, 29934588, 27013.946873, 27009.946880, 0.000000
8345, 6, 7.000186, 210011622, 1.000055, 27173, 27173, 27178, 0, 6794, 0, 0, 0, 0, 0, 0, 29758058, 27171.496252, 27176.495975, 0.000000
8345, 7, 8.000268, 210017084, 1.000081, 27056, 27056, 27056, 0, 6764, 0, 0, 0, 0, 0, 0, 29489673, 27053.799109, 27053.799109, 0.000000
