ThreadID, cIDX, Time, cycles, deltaT, RX, OnRX, TX, SupTX, OnTX, Idle, OnIdle, Blocked, CacheMiss, CacheHit, CacheWB, CPUIdle, RX/s, TX/s, Sup/s
1216, 0, 0, 0, 0, 0, 0, 0, 0, 0, 0, 0, 0, 0, 0, 0, 0, 0, 0, 0
1216, 0, 1.000005, 210000949, 1.000005, 30635, 30635, 30631, 0, 7942, 0, 0, 1, 660911, 182078586, 270078, 29185995, 30634.861560, 30630.861578, 0.000000
1216, 1, 2.000040, 210007358, 1.000035, 30504, 30504, 30514, 0, 7911, 0, 0, 3, 563984, 182110145, 223500, 29204106, 30502.931235, 30512.930885, 0.000000
1216, 2, 3.000073, 210007062, 1.000034, 30491, 30491, 30486, 0, 7904, 0, 0, 2, 546108, 181981281, 215001, 29401115, 30489.974666, 30484.974834, 0.000000
1216, 3, 4.000076, 210000493, 1.000002, 30629, 30629, 30615, 0, 7936, 0, 0, 0, 538277, 182034859, 213347, 29169632, 30628.928095, 30614.928128, 0.000000
1216, 4, 5.000120, 210009290, 1.000044, 30498, 30498, 30503, 0, 7908, 0, 0, 8, 527592, 181910462, 208666, 29455628, 30496.650886, 30501.650665, 0.000000
1216, 5, 6.000168, 210010157, 1.000048, 30442, 30442, 30453, 0, 7896, 0, 0, 8, 515787, 181778298, 202180, 29728114, 30440.527693, 30451.527161, 0.000000
1216, 6, 7.000174, 210001223, 1.000006, 30590, 30590, 30587, 0, 7929, 0, 0, 0, 510994, 181858349, 199379, 29743275, 30589.821851, 30586.821868, 0.000000
1216, 7, 8.000185, 210002292, 1.000011, 30517, 30517, 30512, 0, 7911, 0, 0, 1, 510269, 181883756, 198576, 29610636, 30516.666932, 30511.666987, 0.000000
