ThreadID, cIDX, Time, cycles, deltaT, RX, OnRX, TX, SupTX, OnTX, Idle, OnIdle, Blocked, CacheMiss, CacheHit, CacheWB, CPUIdle, RX/s, TX/s, Sup/s
649, 0, 0, 0, 0, 0, 0, 0, 0, 0, 0, 0, 0, 0, 0, 0, 0, 0, 0, 0
649, 0, 1.000017, 210003485, 1.000017, 27108, 27108, 27113, 0, 6779, 0, 0, 0, 703179, 183314218, 289049, 29439320, 27107.550144, 27112.550061, 0.000000
649, 1, 2.000031, 210002936, 1.000014, 27137, 27137, 27127, 0, 6781, 0, 0, 2, 612039, 183407367, 244654, 29475550, 27136.620604, 27126.620744, 0.000000
649, 2, 3.000035, 210000832, 1.000004, 27132, 27132, 27145, 0, 6787, 0, 0, 0, 589260, 183313495, 232289, 29680495, 27131.892506, 27144.892455, 0.000000
649, 3, 4.000078, 210009090, 1.000043, 27083, 27083, 27083, 0, 6770, 0, 0, 0, 579586, 183382174, 226775, 29488678, 27081.827744, 27081.827744, 0.000000
649, 4, 5.000236, 210033201, 1.000158, 27114, 27114, 27100, 0, 6775, 0, 0, 0, 565198, 183119217, 221229, 30047660, 27109.713954, 27095.716167, 0.000000
649, 5, 6.000270, 210007241, 1.000034, 27144, 27144, 27144, 0, 6786, 0, 0, 0, 556024, 182992690, 215609, 30241908, 27143.064081, 27143.064081, 0.000000
649, 6, 7.000316, 210009645, 1.000046, 26995, 26995, 27012, 0, 6753, 0, 0, 1, 558862, 183085061, 217186, 30163234, 26993.760215, 27010.759434, 0.000000
649, 7, 8.000341, 210005150, 1.000025, 27173, 27173, 27170, 0, 6793, 0, 0, 2, 554087, 183089221, 214492, 30107053, 27172.333631, 27169.333704, 0.000000
