ThreadID, cIDX, Time, cycles, deltaT, RX, OnRX, TX, SupTX, OnTX, Idle, OnIdle, Blocked, CacheMiss, CacheHit, CacheWB, CPUIdle, RX/s, TX/s, Sup/s
8284, 0, 0, 0, 0, 0, 0, 0, 0, 0, 0, 0, 0, 0, 0, 0, 0, 0, 0, 0
8284, 0, 1.000024, 210005103, 1.000024, 27288, 27288, 27292, 0, 6823, 0, 0, 1, 0, 0, 0, 29001785, 27287.336918, 27291.336821, 0.000000
8284, 1, 2.000026, 210000307, 1.000001, 27129, 27129, 27132, 0, 6783, 0, 0, 2, 0, 0, 0, 28876149, 27128.960340, 27131.960336, 0.000000
8284, 2, 3.000033, 210001562, 1.000007, 27101, 27101, 27089, 0, 6773, 0, 0, 2, 0, 0, 0, 28967735, 27100.798422, 27088.798511, 0.000000
8284, 3, 4.000091, 210012222, 1.000058, 27179, 27179, 27187, 0, 6796, 0, 0, 3, 0, 0, 0, 29023750, 27177.418274, 27185.417809, 0.000000
8284, 4, 5.000140, 210010184, 1.000048, 27131, 27131, 27117, 0, 6780, 0, 0, 0, 0, 0, 0, 29346939, 27129.684339, 27115.685018, 0.000000
8284, 5, 6.000173, 210006856, 1.000033, 27079, 27079, 27091, 0, 6772, 0, 0, 1, 0, 0, 0, 29694696, 27078.115964, 27090.115572, 0.000000
8284, 6, 7.000190, 210003754, 1.000018, 27207, 27207, 27212, 0, 6803, 0, 0, 2, 0, 0, 0, 29389353, 27206.513651, 27211.513562, 0.000000
8284, 7, 8.000367, 210037131, 1.000177, 27086, 27086, 27076, 0, 6769, 0, 0, 0, 0, 0, 0, 29023550, 27081.211655, 27071.213423, 0.000000
