ThreadID, cIDX, Time, cycles, deltaT, RX, OnRX, TX, SupTX, OnTX, Idle, OnIdle, Blocked, CacheMiss, CacheHit, CacheWB, CPUIdle, RX/s, TX/s, Sup/s
3023, 0, 0, 0, 0, 0, 0, 0, 0, 0, 0, 0, 0, 0, 0, 0, 0, 0, 0, 0
3023, 0, 1.000520, 210109132, 1.000520, 27162, 27162, 27160, 0, 6790, 0, 0, 0, 663405, 182115698, 273168, 29242871, 27147.891887, 27145.892926, 0.000000
3023, 1, 2.000525, 210001214, 1.000006, 27180, 27180, 27184, 0, 6796, 0, 0, 8, 572615, 182214209, 228503, 28939227, 27179.842875, 27183.842851, 0.000000
3023, 2, 3.000532, 210001390, 1.000007, 27171, 27171, 27172, 0, 6793, 0, 0, 2, 553159, 182131055, 221889, 29012308, 27170.820155, 27171.820148, 0.000000
3023, 3, 4.000627, 210019859, 1.000095, 27133, 27133, 27132, 0, 6783, 0, 0, 5, 545132, 182172297, 217049, 29095449, 27130.434365, 27129.434460, 0.000000
3023, 4, 5.000632, 210001153, 1.000005, 27143, 27143, 27143, 0, 6786, 0, 0, 1, 537756, 181952941, 213441, 29485714, 27142.850973, 27142.850973, 0.000000
3023, 5, 6.000636, 210000786, 1.000004, 27120, 27120, 27124, 0, 6781, 0, 0, 1, 529429, 181758322, 209706, 29888142, 27119.898494, 27123.898479, 0.000000
3023, 6, 7.000639, 210000699, 1.000003, 27145, 27145, 27134, 0, 6784, 0, 0, 0, 520025, 181763646, 204346, 29832689, 27144.909646, 27133.909683, 0.000000
3023, 7, 8.000713, 210015523, 1.000074, 27084, 27084, 27088, 0, 6772, 0, 0, 0, 522399, 182009361, 206052, 29358266, 27081.998124, 27085.997829, 0.000000
