ThreadID, cIDX, Time, cycles, deltaT, RX, OnRX, TX, SupTX, OnTX, Idle, OnIdle, Blocked, CacheMiss, CacheHit, CacheWB, CPUIdle, RX/s, TX/s, Sup/s
900, 0, 0, 0, 0, 0, 0, 0, 0, 0, 0, 0, 0, 0, 0, 0, 0, 0, 0, 0
900, 0, 1.000014, 210002891, 1.000014, 31535, 31535, 31541, 0, 7886, 0, 0, 0, 671418, 183373040, 276654, 29379850, 31534.565874, 31540.565792, 0.000000
900, 1, 2.000030, 210003304, 1.000016, 31656, 31656, 31663, 0, 7915, 0, 0, 0, 604902, 183426267, 240361, 29457964, 31655.501953, 31662.501843, 0.000000
900, 2, 3.000046, 210003447, 1.000016, 31708, 31708, 31712, 0, 7928, 0, 0, 0, 592298, 183305452, 234172, 29670055, 31707.479544, 31711.479479, 0.000000
900, 3, 4.000160, 210023947, 1.000114, 31722, 31722, 31697, 0, 7925, 0, 0, 0, 588024, 183376112, 230655, 29598224, 31718.383047, 31693.385898, 0.000000
900, 4, 5.000254, 210019808, 1.000094, 31675, 31675, 31671, 0, 7917, 0, 0, 0, 585432, 183179266, 229682, 29876952, 31672.012575, 31668.012952, 0.000000
900, 5, 6.000266, 210002499, 1.000012, 31628, 31628, 31629, 0, 7908, 0, 0, 0, 579020, 183072659, 226691, 30184272, 31627.623631, 31628.623619, 0.000000
900, 6, 7.000327, 210012766, 1.000061, 31629, 31629, 31651, 0, 7912, 0, 0, 0, 573905, 183087212, 223763, 30244668, 31627.077375, 31649.076038, 0.000000
900, 7, 8.000393, 210013765, 1.000066, 31626, 31626, 31624, 0, 7906, 0, 0, 0, 569419, 183149592, 221098, 29953909, 31623.927127, 31621.927258, 0.000000
