ThreadID, cIDX, Time, cycles, deltaT, RX, OnRX, TX, SupTX, OnTX, Idle, OnIdle, Blocked, CacheMiss, CacheHit, CacheWB, CPUIdle, RX/s, TX/s, Sup/s
1876, 0, 0, 0, 0, 0, 0, 0, 0, 0, 0, 0, 0, 0, 0, 0, 0, 0, 0, 0
1876, 0, 1.000001, 210000254, 1.000001, 31611, 31611, 31616, 0, 7904, 0, 0, 0, 0, 0, 0, 29099858, 31610.961766, 31615.961760, 0.000000
1876, 1, 2.000013, 210002466, 1.000012, 31636, 31636, 31625, 0, 7907, 0, 0, 3, 0, 0, 0, 29038259, 31635.628507, 31624.628637, 0.000000
1876, 2, 3.000079, 210013871, 1.000066, 31653, 31653, 31671, 0, 7917, 0, 0, 14, 0, 0, 0, 29267039, 31650.909382, 31668.908193, 0.000000
1876, 3, 4.000190, 210023326, 1.000111, 31706, 31706, 31704, 0, 7926, 0, 0, 3, 0, 0, 0, 29325273, 31702.478609, 31700.478832, 0.000000
1876, 4, 5.000254, 210013355, 1.000064, 31668, 31668, 31648, 0, 7912, 0, 0, 1, 0, 0, 0, 29576275, 31665.986194, 31645.987466, 0.000000
1876, 5, 6.000261, 210001589, 1.000008, 31598, 31598, 31598, 0, 7900, 0, 0, 1, 0, 0, 0, 30050861, 31597.760910, 31597.760910, 0.000000
1876, 6, 7.000272, 210002358, 1.000011, 31628, 31628, 31646, 0, 7911, 0, 0, 2, 0, 0, 0, 29906283, 31627.644867, 31645.644665, 0.000000
1876, 7, 8.000277, 210000911, 1.000004, 31707, 31707, 31689, 0, 7923, 0, 0, 0, 0, 0, 0, 29523191, 31706.862453, 31688.862531, 0.000000
