ThreadID, cIDX, Time, cycles, deltaT, RX, OnRX, TX, SupTX, OnTX, Idle, OnIdle, Blocked, CacheMiss, CacheHit, CacheWB, CPUIdle, RX/s, TX/s, Sup/s
2579, 0, 0, 0, 0, 0, 0, 0, 0, 0, 0, 0, 0, 0, 0, 0, 0, 0, 0, 0
2579, 0, 1.000020, 210004148, 1.000020, 31585, 31585, 31596, 0, 7899, 0, 0, 2, 0, 0, 0, 29680600, 31584.376133, 31595.375916, 0.000000
2579, 1, 2.000341, 210067530, 1.000322, 31685, 31685, 31683, 0, 7921, 0, 0, 2, 0, 0, 0, 29783085, 31674.814285, 31672.814928, 0.000000
2579, 2, 3.000413, 210015051, 1.000072, 31713, 31713, 31701, 0, 7925, 0, 0, 8, 0, 0, 0, 29894618, 31710.727247, 31698.728107, 0.000000
2579, 3, 4.000426, 210002739, 1.000013, 31677, 31677, 31688, 0, 7922, 0, 0, 7, 0, 0, 0, 30021529, 31676.586847, 31687.586703, 0.000000
2579, 4, 5.000457, 210006460, 1.000031, 31637, 31637, 31632, 0, 7908, 0, 0, 1, 0, 0, 0, 30202561, 31636.026816, 31631.026969, 0.000000
2579, 5, 6.000639, 210038267, 1.000182, 31573, 31573, 31552, 0, 7888, 0, 0, 0, 0, 0, 0, 30770047, 31567.247696, 31546.251522, 0.000000
2579, 6, 7.000877, 210050064, 1.000238, 31644, 31644, 31648, 0, 7912, 0, 0, 0, 0, 0, 0, 30624864, 31636.457868, 31640.456915, 0.000000
2579, 7, 8.001032, 210032527, 1.000155, 31629, 31629, 31628, 0, 7907, 0, 0, 1, 0, 0, 0, 30360308, 31624.101728, 31623.101883, 0.000000
