ThreadID, cIDX, Time, cycles, deltaT, RX, OnRX, TX, SupTX, OnTX, Idle, OnIdle, Blocked, CacheMiss, CacheHit, CacheWB, CPUIdle, RX/s, TX/s, Sup/s
10086, 0, 0, 0, 0, 0, 0, 0, 0, 0, 0, 0, 0, 0, 0, 0, 0, 0, 0, 0
10086, 0, 1.000111, 210023257, 1.000111, 31576, 31576, 31564, 0, 7891, 0, 0, 0, 0, 0, 0, 28888306, 31572.503420, 31560.504749, 0.000000
10086, 1, 2.000217, 210022233, 1.000106, 31660, 31660, 31680, 0, 7920, 0, 0, 11, 0, 0, 0, 29100654, 31656.648465, 31676.646348, 0.000000
10086, 2, 3.000300, 210017444, 1.000083, 31697, 31697, 31677, 0, 7920, 0, 0, 5, 0, 0, 0, 29195093, 31694.367255, 31674.368916, 0.000000
10086, 3, 4.000331, 210006492, 1.000031, 31735, 31735, 31733, 0, 7933, 0, 0, 8, 0, 0, 0, 29350048, 31734.018965, 31732.019027, 0.000000
10086, 4, 5.000334, 210000664, 1.000003, 31696, 31696, 31698, 0, 7924, 0, 0, 9, 0, 0, 0, 29518941, 31695.899781, 31697.899774, 0.000000
10086, 5, 6.000343, 210001838, 1.000009, 31544, 31544, 31558, 0, 7890, 0, 0, 9, 0, 0, 0, 29854103, 31543.723917, 31557.723795, 0.000000
10086, 6, 7.000424, 210017205, 1.000082, 31726, 31726, 31714, 0, 7928, 0, 0, 1, 0, 0, 0, 29721631, 31723.400947, 31711.401930, 0.000000
10086, 7, 8.000450, 210005294, 1.000025, 31620, 31620, 31620, 0, 7905, 0, 0, 0, 0, 0, 0, 29557517, 31619.202895, 31619.202895, 0.000000
