ThreadID, cIDX, Time, cycles, deltaT, RX, OnRX, TX, SupTX, OnTX, Idle, OnIdle, Blocked, CacheMiss, CacheHit, CacheWB, CPUIdle, RX/s, TX/s, Sup/s
9397, 0, 0, 0, 0, 0, 0, 0, 0, 0, 0, 0, 0, 0, 0, 0, 0, 0, 0, 0
9397, 0, 1.000356, 210074685, 1.000356, 31513, 31513, 31528, 0, 7882, 0, 0, 0, 0, 0, 0, 28544428, 31501.796611, 31516.791278, 0.000000
9397, 1, 2.000428, 210015210, 1.000072, 31697, 31697, 31684, 0, 7921, 0, 0, 7, 0, 0, 0, 28278438, 31694.704398, 31681.705339, 0.000000
9397, 2, 3.000700, 210057153, 1.000272, 31713, 31713, 31697, 0, 7925, 0, 0, 10, 0, 0, 0, 28360835, 31704.371429, 31688.375782, 0.000000
9397, 3, 4.000729, 210005970, 1.000028, 31636, 31636, 31638, 0, 7909, 0, 0, 8, 0, 0, 0, 28228427, 31635.100659, 31637.100602, 0.000000
9397, 4, 5.000807, 210016371, 1.000078, 31714, 31714, 31737, 0, 7934, 0, 0, 9, 0, 0, 0, 28446068, 31711.527860, 31734.526067, 0.000000
9397, 5, 6.000820, 210002883, 1.000014, 31597, 31597, 31585, 0, 7897, 0, 0, 7, 0, 0, 0, 29075747, 31596.566224, 31584.566389, 0.000000
9397, 6, 7.000833, 210002615, 1.000012, 31681, 31681, 31676, 0, 7919, 0, 0, 0, 0, 0, 0, 28943153, 31680.605501, 31675.605563, 0.000000
9397, 7, 8.001114, 210059116, 1.000282, 31673, 31673, 31667, 0, 7916, 0, 0, 1, 0, 0, 0, 28812928, 31664.086409, 31658.088097, 0.000000
