ThreadID, cIDX, Time, cycles, deltaT, RX, OnRX, TX, SupTX, OnTX, Idle, OnIdle, Blocked, CacheMiss, CacheHit, CacheWB, CPUIdle, RX/s, TX/s, Sup/s
10692, 0, 0, 0, 0, 0, 0, 0, 0, 0, 0, 0, 0, 0, 0, 0, 0, 0, 0, 0
10692, 0, 1.000492, 210103409, 1.000492, 31563, 31563, 31560, 0, 7890, 0, 0, 0, 662695, 182128056, 272050, 29117080, 31547.465277, 31544.466754, 0.000000
10692, 1, 2.000774, 210059194, 1.000282, 31661, 31661, 31653, 0, 7914, 0, 0, 10, 565942, 182135473, 227495, 29149590, 31652.078033, 31644.080287, 0.000000
10692, 2, 3.000792, 210003795, 1.000018, 31633, 31633, 31637, 0, 7909, 0, 0, 9, 544243, 182055613, 216567, 29251287, 31632.428357, 31636.428285, 0.000000
10692, 3, 4.000799, 210001460, 1.000007, 31718, 31718, 31721, 0, 7930, 0, 0, 5, 528964, 181981641, 209786, 29419791, 31717.779486, 31720.779465, 0.000000
10692, 4, 5.000944, 210030324, 1.000144, 31691, 31691, 31681, 0, 7920, 0, 0, 6, 517534, 181947338, 202978, 29571287, 31686.424480, 31676.425924, 0.000000
10692, 5, 6.001148, 210042921, 1.000204, 31604, 31604, 31604, 0, 7901, 0, 0, 1, 508582, 181634331, 198174, 30160553, 31597.541914, 31597.541914, 0.000000
10692, 6, 7.001490, 210071774, 1.000342, 31608, 31608, 31608, 0, 7902, 0, 0, 0, 507709, 181792186, 199118, 29918196, 31597.200679, 31597.200679, 0.000000
10692, 7, 8.001493, 210000620, 1.000003, 31736, 31736, 31737, 0, 7935, 0, 0, 0, 505670, 181856826, 197640, 29742078, 31735.906304, 31736.906301, 0.000000
