ThreadID, cIDX, Time, cycles, deltaT, RX, OnRX, TX, SupTX, OnTX, Idle, OnIdle, Blocked, CacheMiss, CacheHit, CacheWB, CPUIdle, RX/s, TX/s, Sup/s
1925, 0, 0, 0, 0, 0, 0, 0, 0, 0, 0, 0, 0, 0, 0, 0, 0, 0, 0, 0
1925, 0, 1.000044, 210009226, 1.000044, 31497, 31497, 31497, 0, 7875, 0, 0, 0, 640855, 182075790, 263116, 31739601, 31495.616293, 31495.616293, 0.000000
1925, 1, 2.000150, 210022350, 1.000106, 31681, 31681, 31675, 0, 7918, 0, 0, 3, 573540, 182171245, 230701, 31626952, 31677.628595, 31671.629234, 0.000000
1925, 2, 3.000156, 210001174, 1.000006, 31640, 31640, 31644, 0, 7911, 0, 0, 4, 561782, 182042023, 225076, 31848250, 31639.823118, 31643.823096, 0.000000
1925, 3, 4.000179, 210004920, 1.000023, 31754, 31754, 31748, 0, 7937, 0, 0, 2, 541597, 182001409, 214349, 31979782, 31753.256067, 31747.256207, 0.000000
1925, 4, 5.000208, 210005998, 1.000029, 31672, 31672, 31687, 0, 7922, 0, 0, 3, 525344, 181882891, 205643, 32254811, 31671.095413, 31686.094985, 0.000000
1925, 5, 6.000274, 210013855, 1.000066, 31584, 31584, 31585, 0, 7896, 0, 0, 0, 511877, 181680650, 200885, 32606601, 31581.916345, 31582.916279, 0.000000
1925, 6, 7.000396, 210025697, 1.000122, 31620, 31620, 31596, 0, 7899, 0, 0, 0, 512779, 181794839, 201553, 32431595, 31616.131239, 31592.134176, 0.000000
1925, 7, 8.000631, 210049338, 1.000235, 31741, 31741, 31744, 0, 7936, 0, 0, 0, 513618, 181903350, 201247, 32376918, 31733.544430, 31736.543726, 0.000000
