ThreadID, cIDX, Time, cycles, deltaT, RX, OnRX, TX, SupTX, OnTX, Idle, OnIdle, Blocked, CacheMiss, CacheHit, CacheWB, CPUIdle, RX/s, TX/s, Sup/s
9853, 0, 0, 0, 0, 0, 0, 0, 0, 0, 0, 0, 0, 0, 0, 0, 0, 0, 0, 0
9853, 0, 1.000003, 210000637, 1.000003, 27256, 27256, 27263, 0, 6816, 0, 0, 0, 0, 0, 0, 30631967, 27255.917324, 27262.917302, 0.000000
9853, 1, 2.000015, 210002594, 1.000012, 27181, 27181, 27182, 0, 6796, 0, 0, 1, 0, 0, 0, 30825865, 27180.664254, 27181.664242, 0.000000
9853, 2, 3.000026, 210002189, 1.000010, 27107, 27107, 27103, 0, 6775, 0, 0, 5, 0, 0, 0, 30963529, 27106.717445, 27102.717486, 0.000000
9853, 3, 4.000059, 210006890, 1.000033, 27081, 27081, 27072, 0, 6768, 0, 0, 3, 0, 0, 0, 31174703, 27080.111514, 27071.111810, 0.000000
9853, 4, 5.000160, 210021207, 1.000101, 27105, 27105, 27108, 0, 6777, 0, 0, 6, 0, 0, 0, 31364630, 27102.263059, 27105.262756, 0.000000
9853, 5, 6.000243, 210017594, 1.000084, 27130, 27130, 27128, 0, 6782, 0, 0, 5, 0, 0, 0, 31722576, 27127.727213, 27125.727381, 0.000000
9853, 6, 7.000283, 210008421, 1.000040, 26983, 26983, 26984, 0, 6746, 0, 0, 4, 0, 0, 0, 31349324, 26981.918025, 26982.917985, 0.000000
9853, 7, 8.000287, 210000679, 1.000003, 27153, 27153, 27157, 0, 6790, 0, 0, 0, 0, 0, 0, 31350556, 27152.912206, 27156.912193, 0.000000
