ThreadID, cIDX, Time, cycles, deltaT, RX, OnRX, TX, SupTX, OnTX, Idle, OnIdle, Blocked, CacheMiss, CacheHit, CacheWB, CPUIdle, RX/s, TX/s, Sup/s
140, 0, 0, 0, 0, 0, 0, 0, 0, 0, 0, 0, 0, 0, 0, 0, 0, 0, 0, 0
140, 0, 1.000380, 210079901, 1.000380, 27263, 27263, 27264, 0, 6816, 0, 0, 0, 697513, 183409541, 288451, 29424865, 27252.630893, 27253.630513, 0.000000
140, 1, 2.000384, 210000704, 1.000003, 27124, 27124, 27120, 0, 6780, 0, 0, 0, 612080, 183448806, 245317, 29428578, 27123.909070, 27119.909084, 0.000000
140, 2, 3.000385, 210000299, 1.000001, 27094, 27094, 27098, 0, 6775, 0, 0, 1, 595072, 183381167, 236207, 29600242, 27093.961423, 27097.961418, 0.000000
140, 3, 4.000414, 210005985, 1.000028, 27216, 27216, 27214, 0, 6803, 0, 0, 0, 580322, 183446589, 229491, 29494537, 27215.224366, 27213.224423, 0.000000
140, 4, 5.000418, 210000936, 1.000004, 27148, 27148, 27156, 0, 6789, 0, 0, 0, 570033, 183262003, 224107, 29747298, 27147.878998, 27155.878962, 0.000000
140, 5, 6.000625, 210043460, 1.000207, 27069, 27069, 27056, 0, 6764, 0, 0, 0, 564882, 183150646, 222800, 30041689, 27063.399165, 27050.401855, 0.000000
140, 6, 7.000654, 210006120, 1.000029, 27204, 27204, 27216, 0, 6804, 0, 0, 0, 565749, 183160320, 223034, 29926781, 27203.207221, 27215.206871, 0.000000
140, 7, 8.000687, 210006847, 1.000033, 27089, 27089, 27084, 0, 6771, 0, 0, 1, 564952, 183314866, 221960, 29564000, 27088.116798, 27083.116961, 0.000000
