ThreadID, cIDX, Time, cycles, deltaT, RX, OnRX, TX, SupTX, OnTX, Idle, OnIdle, Blocked, CacheMiss, CacheHit, CacheWB, CPUIdle, RX/s, TX/s, Sup/s
1591, 0, 0, 0, 0, 0, 0, 0, 0, 0, 0, 0, 0, 0, 0, 0, 0, 0, 0, 0
1591, 0, 1.000161, 210033797, 1.000161, 31569, 31569, 31581, 0, 7896, 0, 0, 1, 0, 0, 0, 28426517, 31563.920163, 31575.918232, 0.000000
1591, 1, 2.000174, 210002646, 1.000013, 31699, 31699, 31679, 0, 7919, 0, 0, 4, 0, 0, 0, 28362388, 31698.600598, 31678.600850, 0.000000
1591, 2, 3.000185, 210002432, 1.000012, 31703, 31703, 31709, 0, 7928, 0, 0, 6, 0, 0, 0, 28377513, 31702.632853, 31708.632784, 0.000000
1591, 3, 4.000196, 210002360, 1.000011, 31628, 31628, 31631, 0, 7907, 0, 0, 4, 0, 0, 0, 28464810, 31627.644566, 31630.644532, 0.000000
1591, 4, 5.000251, 210011382, 1.000054, 31717, 31717, 31724, 0, 7931, 0, 0, 0, 0, 0, 0, 28789676, 31715.281032, 31722.280652, 0.000000
1591, 5, 6.000261, 210002271, 1.000011, 31592, 31592, 31580, 0, 7895, 0, 0, 0, 0, 0, 0, 29160526, 31591.658359, 31579.658489, 0.000000
1591, 6, 7.000662, 210084066, 1.000400, 31693, 31693, 31680, 0, 7920, 0, 0, 0, 0, 0, 0, 28689832, 31680.317916, 31667.323118, 0.000000
1591, 7, 8.000683, 210004391, 1.000021, 31657, 31657, 31684, 0, 7921, 0, 0, 0, 0, 0, 0, 28846332, 31656.338081, 31683.337516, 0.000000
