ThreadID, cIDX, Time, cycles, deltaT, RX, OnRX, TX, SupTX, OnTX, Idle, OnIdle, Blocked, CacheMiss, CacheHit, CacheWB, CPUIdle, RX/s, TX/s, Sup/s
582, 0, 0, 0, 0, 0, 0, 0, 0, 0, 0, 0, 0, 0, 0, 0, 0, 0, 0, 0
582, 0, 1.000037, 210007861, 1.000037, 31532, 31532, 31544, 0, 7886, 0, 0, 0, 699257, 183324797, 286526, 26704461, 31530.819696, 31542.819247, 0.000000
582, 1, 2.000235, 210041389, 1.000197, 31736, 31736, 31712, 0, 7928, 0, 0, 0, 610460, 183436548, 244227, 26697819, 31729.746369, 31705.751098, 0.000000
582, 2, 3.000260, 210005354, 1.000025, 31698, 31698, 31721, 0, 7931, 0, 0, 0, 590040, 183343591, 234306, 26826259, 31697.191873, 31720.191286, 0.000000
582, 3, 4.000263, 210000709, 1.000003, 31640, 31640, 31636, 0, 7909, 0, 0, 1, 590272, 183439220, 234020, 26710054, 31639.893178, 31635.893191, 0.000000
582, 4, 5.000299, 210007374, 1.000035, 31629, 31629, 31635, 0, 7908, 0, 0, 0, 580043, 183086186, 230590, 27396383, 31627.889409, 31633.889199, 0.000000
582, 5, 6.000313, 210003045, 1.000015, 31667, 31667, 31668, 0, 7917, 0, 0, 1, 572013, 183001068, 225301, 27563680, 31666.540835, 31667.540821, 0.000000
582, 6, 7.000527, 210045026, 1.000214, 31589, 31589, 31560, 0, 7890, 0, 0, 0, 569307, 183081483, 223118, 27529331, 31582.228469, 31553.234686, 0.000000
582, 7, 8.000898, 210077814, 1.000371, 31602, 31602, 31604, 0, 7901, 0, 0, 0, 570438, 183147490, 224702, 27485999, 31590.294442, 31592.293701, 0.000000
