ThreadID, cIDX, Time, cycles, deltaT, RX, OnRX, TX, SupTX, OnTX, Idle, OnIdle, Blocked, CacheMiss, CacheHit, CacheWB, CPUIdle, RX/s, TX/s, Sup/s
845, 0, 0, 0, 0, 0, 0, 0, 0, 0, 0, 0, 0, 0, 0, 0, 0, 0, 0, 0
845, 0, 1.000011, 210002229, 1.000011, 27241, 27241, 27240, 0, 6810, 0, 0, 0, 697162, 183391358, 285993, 26656505, 27240.710859, 27239.710870, 0.000000
845, 1, 2.000080, 210014512, 1.000069, 27099, 27099, 27104, 0, 6776, 0, 0, 0, 606578, 183415129, 242996, 26716506, 27097.127459, 27102.127114, 0.000000
845, 2, 3.000104, 210005117, 1.000024, 27106, 27106, 27108, 0, 6777, 0, 0, 0, 577060, 183310371, 228720, 26982903, 27105.339533, 27107.339484, 0.000000
845, 3, 4.000121, 210003462, 1.000016, 27153, 27153, 27152, 0, 6788, 0, 0, 0, 566370, 183399244, 223481, 26789071, 27152.552371, 27151.552387, 0.000000
845, 4, 5.000122, 210000275, 1.000001, 27139, 27139, 27135, 0, 6784, 0, 0, 0, 559573, 183183776, 220295, 27246642, 27138.964461, 27134.964466, 0.000000
845, 5, 6.000186, 210013548, 1.000065, 27075, 27075, 27073, 0, 6768, 0, 0, 0, 552899, 183056404, 216918, 27546576, 27073.253388, 27071.253517, 0.000000
845, 6, 7.000219, 210006747, 1.000032, 27085, 27085, 27081, 0, 6771, 0, 0, 0, 549391, 183067994, 214544, 27494679, 27084.129826, 27080.129954, 0.000000
845, 7, 8.000274, 210011613, 1.000055, 27190, 27190, 27191, 0, 6797, 0, 0, 1, 548865, 183187648, 214010, 27280523, 27188.496476, 27189.496421, 0.000000
