ThreadID, cIDX, Time, cycles, deltaT, RX, OnRX, TX, SupTX, OnTX, Idle, OnIdle, Blocked, CacheMiss, CacheHit, CacheWB, CPUIdle, RX/s, TX/s, Sup/s
8516, 0, 0, 0, 0, 0, 0, 0, 0, 0, 0, 0, 0, 0, 0, 0, 0, 0, 0, 0
8516, 0, 1.000006, 210001246, 1.000006, 31526, 31526, 31542, 0, 7886, 0, 0, 0, 652431, 182306252, 262853, 28531370, 31525.812947, 31541.812852, 0.000000
8516, 1, 2.000014, 210001785, 1.000009, 31729, 31729, 31727, 0, 7932, 0, 0, 6, 567001, 182378275, 222808, 28422176, 31728.730306, 31726.730323, 0.000000
8516, 2, 3.000019, 210000910, 1.000004, 31690, 31690, 31691, 0, 7922, 0, 0, 8, 541810, 182294121, 211587, 28679523, 31689.862677, 31690.862673, 0.000000
8516, 3, 4.000035, 210003508, 1.000017, 31600, 31600, 31592, 0, 7898, 0, 0, 0, 524753, 182370690, 201914, 28525797, 31599.472138, 31591.472272, 0.000000
8516, 4, 5.000493, 210096058, 1.000457, 31592, 31592, 31572, 0, 7893, 0, 0, 0, 516649, 182265881, 198215, 28744555, 31577.555824, 31557.564969, 0.000000
8516, 5, 6.000686, 210040529, 1.000193, 31712, 31712, 31704, 0, 7926, 0, 0, 0, 513149, 182049710, 197216, 29231772, 31705.880916, 31697.882460, 0.000000
8516, 6, 7.000690, 210000810, 1.000004, 31605, 31605, 31629, 0, 7908, 0, 0, 0, 510987, 182053617, 196045, 29099488, 31604.878095, 31628.878003, 0.000000
8516, 7, 8.000701, 210002315, 1.000011, 31570, 31570, 31563, 0, 7890, 0, 0, 1, 507904, 182067687, 193023, 29182794, 31569.651982, 31562.652059, 0.000000
