ThreadID, cIDX, Time, cycles, deltaT, RX, OnRX, TX, SupTX, OnTX, Idle, OnIdle, Blocked, CacheMiss, CacheHit, CacheWB, CPUIdle, RX/s, TX/s, Sup/s
2514, 0, 0, 0, 0, 0, 0, 0, 0, 0, 0, 0, 0, 0, 0, 0, 0, 0, 0, 0
2514, 0, 1.000033, 210006919, 1.000033, 31611, 31611, 31604, 0, 7901, 0, 0, 0, 0, 0, 0, 28932910, 31609.958527, 31602.958758, 0.000000
2514, 1, 2.000669, 210133649, 1.000636, 31662, 31662, 31659, 0, 7915, 0, 0, 3, 0, 0, 0, 28996174, 31641.862365, 31638.864273, 0.000000
2514, 2, 3.000687, 210003616, 1.000017, 31701, 31701, 31712, 0, 7928, 0, 0, 4, 0, 0, 0, 29075881, 31700.454148, 31711.453959, 0.000000
2514, 3, 4.000753, 210013878, 1.000066, 31697, 31697, 31694, 0, 7924, 0, 0, 7, 0, 0, 0, 29238771, 31694.905420, 31691.905618, 0.000000
2514, 4, 5.000754, 210000289, 1.000001, 31627, 31627, 31641, 0, 7910, 0, 0, 4, 0, 0, 0, 29544231, 31626.956475, 31640.956456, 0.000000
2514, 5, 6.000770, 210003288, 1.000016, 31590, 31590, 31584, 0, 7896, 0, 0, 5, 0, 0, 0, 29972764, 31589.505399, 31583.505493, 0.000000
2514, 6, 7.001174, 210084874, 1.000404, 31677, 31677, 31662, 0, 7915, 0, 0, 3, 0, 0, 0, 29937321, 31664.202536, 31649.208596, 0.000000
2514, 7, 8.001532, 210075238, 1.000358, 31600, 31600, 31596, 0, 7899, 0, 0, 1, 0, 0, 0, 29622873, 31588.682527, 31584.683960, 0.000000
