ThreadID, cIDX, Time, cycles, deltaT, RX, OnRX, TX, SupTX, OnTX, Idle, OnIdle, Blocked, CacheMiss, CacheHit, CacheWB, CPUIdle, RX/s, TX/s, Sup/s
10785, 0, 0, 0, 0, 0, 0, 0, 0, 0, 0, 0, 0, 0, 0, 0, 0, 0, 0, 0
10785, 0, 1.000005, 210000998, 1.000005, 31665, 31665, 31667, 0, 7917, 0, 0, 0, 0, 0, 0, 28257755, 31664.849517, 31666.849507, 0.000000
10785, 1, 2.000023, 210003811, 1.000018, 31711, 31711, 31709, 0, 7927, 0, 0, 3, 0, 0, 0, 28283977, 31710.424531, 31708.424568, 0.000000
10785, 2, 3.000029, 210001299, 1.000006, 31712, 31712, 31707, 0, 7927, 0, 0, 2, 0, 0, 0, 28351160, 31711.803840, 31706.803871, 0.000000
10785, 3, 4.000145, 210024412, 1.000116, 31607, 31607, 31609, 0, 7902, 0, 0, 2, 0, 0, 0, 28398249, 31603.326189, 31605.325956, 0.000000
10785, 4, 5.000215, 210014699, 1.000070, 31611, 31611, 31600, 0, 7900, 0, 0, 5, 0, 0, 0, 28760179, 31608.787535, 31597.788305, 0.000000
10785, 5, 6.000237, 210004591, 1.000022, 31658, 31658, 31669, 0, 7918, 0, 0, 3, 0, 0, 0, 29091458, 31657.307911, 31668.307670, 0.000000
10785, 6, 7.000242, 210001079, 1.000005, 31520, 31520, 31527, 0, 7881, 0, 0, 3, 0, 0, 0, 28942274, 31519.838048, 31526.838012, 0.000000
10785, 7, 8.000254, 210002407, 1.000011, 31604, 31604, 31608, 0, 7902, 0, 0, 0, 0, 0, 0, 28954697, 31603.637762, 31607.637716, 0.000000
