ThreadID, cIDX, Time, cycles, deltaT, RX, OnRX, TX, SupTX, OnTX, Idle, OnIdle, Blocked, CacheMiss, CacheHit, CacheWB, CPUIdle, RX/s, TX/s, Sup/s
11214, 0, 0, 0, 0, 0, 0, 0, 0, 0, 0, 0, 0, 0, 0, 0, 0, 0, 0, 0
11214, 0, 1.000024, 210004990, 1.000024, 27143, 27143, 27140, 0, 6785, 0, 0, 0, 651754, 182076656, 271859, 29179897, 27142.355046, 27139.355117, 0.000000
11214, 1, 2.000037, 210002743, 1.000013, 27175, 27175, 27176, 0, 6794, 0, 0, 5, 549332, 182166062, 222206, 29053305, 27174.645047, 27175.645034, 0.000000
11214, 2, 3.000065, 210005994, 1.000029, 27170, 27170, 27168, 0, 6792, 0, 0, 7, 529017, 182102290, 212305, 29219845, 27169.224513, 27167.224570, 0.000000
11214, 3, 4.000086, 210004296, 1.000020, 27154, 27154, 27168, 0, 6792, 0, 0, 8, 528078, 182068171, 211646, 29334524, 27153.444518, 27167.444232, 0.000000
11214, 4, 5.000135, 210010319, 1.000049, 27144, 27144, 27136, 0, 6784, 0, 0, 4, 520765, 181880421, 207049, 29574095, 27142.666261, 27134.666654, 0.000000
11214, 5, 6.000194, 210012395, 1.000059, 27121, 27121, 27116, 0, 6779, 0, 0, 7, 517709, 181688933, 207474, 29999717, 27119.399310, 27114.399605, 0.000000
11214, 6, 7.000200, 210001186, 1.000006, 27157, 27157, 27153, 0, 6789, 0, 0, 2, 513870, 181792692, 205883, 29793199, 27156.846628, 27152.846651, 0.000000
11214, 7, 8.000221, 210004523, 1.000022, 27109, 27109, 27109, 0, 6777, 0, 0, 0, 511774, 181997171, 203924, 29204485, 27108.416136, 27108.416136, 0.000000
