ThreadID, cIDX, Time, cycles, deltaT, RX, OnRX, TX, SupTX, OnTX, Idle, OnIdle, Blocked, CacheMiss, CacheHit, CacheWB, CPUIdle, RX/s, TX/s, Sup/s
8291, 0, 0, 0, 0, 0, 0, 0, 0, 0, 0, 0, 0, 0, 0, 0, 0, 0, 0, 0
8291, 0, 1.000054, 210011331, 1.000054, 31564, 31564, 31564, 0, 7891, 0, 0, 1, 0, 0, 0, 29092097, 31562.296989, 31562.296989, 0.000000
8291, 1, 2.000056, 210000340, 1.000002, 31712, 31712, 31712, 0, 7928, 0, 0, 7, 0, 0, 0, 28908303, 31711.948657, 31711.948657, 0.000000
8291, 2, 3.000082, 210005570, 1.000027, 31723, 31723, 31716, 0, 7929, 0, 0, 8, 0, 0, 0, 29024079, 31722.158608, 31715.158793, 0.000000
8291, 3, 4.000105, 210004847, 1.000023, 31588, 31588, 31595, 0, 7899, 0, 0, 8, 0, 0, 0, 29078662, 31587.270936, 31594.270774, 0.000000
8291, 4, 5.000139, 210007083, 1.000034, 31574, 31574, 31557, 0, 7889, 0, 0, 4, 0, 0, 0, 29386195, 31572.935090, 31555.935663, 0.000000
8291, 5, 6.000239, 210020973, 1.000100, 31692, 31692, 31688, 0, 7922, 0, 0, 1, 0, 0, 0, 29715190, 31688.835191, 31684.835590, 0.000000
8291, 6, 7.000729, 210102988, 1.000490, 31584, 31584, 31588, 0, 7897, 0, 0, 1, 0, 0, 0, 29485033, 31568.518197, 31572.516237, 0.000000
8291, 7, 8.000864, 210028352, 1.000135, 31583, 31583, 31580, 0, 7895, 0, 0, 0, 0, 0, 0, 29338115, 31578.736570, 31575.736975, 0.000000
