ThreadID, cIDX, Time, cycles, deltaT, RX, OnRX, TX, SupTX, OnTX, Idle, OnIdle, Blocked, CacheMiss, CacheHit, CacheWB, CPUIdle, RX/s, TX/s, Sup/s
2308, 0, 0, 0, 0, 0, 0, 0, 0, 0, 0, 0, 0, 0, 0, 0, 0, 0, 0, 0
2308, 0, 1.000012, 210002561, 1.000012, 30478, 30478, 30491, 0, 7906, 0, 0, 2, 662391, 182161849, 271964, 31541140, 30477.628318, 30490.628160, 0.000000
2308, 1, 2.000032, 210004177, 1.000020, 30522, 30522, 30518, 0, 7912, 0, 0, 1, 569470, 182204748, 227840, 31438781, 30521.392915, 30517.392995, 0.000000
2308, 2, 3.000439, 210085555, 1.000407, 30496, 30496, 30500, 0, 7907, 0, 0, 5, 536780, 182018885, 211457, 31962615, 30483.580844, 30487.579215, 0.000000
2308, 3, 4.000454, 210003067, 1.000015, 30601, 30601, 30590, 0, 7930, 0, 0, 11, 527727, 181957160, 207498, 32066636, 30600.553086, 30589.553247, 0.000000
2308, 4, 5.000457, 210000614, 1.000003, 30548, 30548, 30551, 0, 7921, 0, 0, 14, 522382, 181960611, 203239, 32151680, 30547.910684, 30550.910675, 0.000000
2308, 5, 6.000528, 210014944, 1.000071, 30473, 30473, 30470, 0, 7900, 0, 0, 5, 512149, 181687437, 199084, 32613395, 30470.831638, 30467.831851, 0.000000
2308, 6, 7.000587, 210012259, 1.000058, 30497, 30497, 30480, 0, 7898, 0, 0, 0, 505039, 181764883, 196205, 32377204, 30495.219805, 30478.220798, 0.000000
2308, 7, 8.000719, 210027860, 1.000133, 30591, 30591, 30592, 0, 7934, 0, 0, 1, 506169, 181952834, 195920, 32145293, 30586.942132, 30587.942000, 0.000000
