ThreadID, cIDX, Time, cycles, deltaT, RX, OnRX, TX, SupTX, OnTX, Idle, OnIdle, Blocked, CacheMiss, CacheHit, CacheWB, CPUIdle, RX/s, TX/s, Sup/s
1726, 0, 0, 0, 0, 0, 0, 0, 0, 0, 0, 0, 0, 0, 0, 0, 0, 0, 0, 0
1726, 0, 1.000009, 210001835, 1.000009, 27249, 27249, 27252, 0, 6813, 0, 0, 0, 0, 0, 0, 28331936, 27248.761898, 27251.761872, 0.000000
1726, 1, 2.000226, 210045544, 1.000217, 27196, 27196, 27192, 0, 6798, 0, 0, 0, 0, 0, 0, 28355437, 27190.103114, 27186.103981, 0.000000
1726, 2, 3.000235, 210002020, 1.000010, 27119, 27119, 27121, 0, 6781, 0, 0, 0, 0, 0, 0, 28426065, 27118.739144, 27120.739124, 0.000000
1726, 3, 4.000391, 210032789, 1.000156, 27097, 27097, 27095, 0, 6773, 0, 0, 2, 0, 0, 0, 28599937, 27092.769787, 27090.770099, 0.000000
1726, 4, 5.000440, 210010308, 1.000049, 27123, 27123, 27128, 0, 6782, 0, 0, 6, 0, 0, 0, 28811501, 27121.668714, 27126.668468, 0.000000
1726, 5, 6.000449, 210001695, 1.000008, 27117, 27117, 27116, 0, 6779, 0, 0, 1, 0, 0, 0, 29096218, 27116.781129, 27115.781137, 0.000000
1726, 6, 7.000458, 210001931, 1.000009, 26972, 26972, 26965, 0, 6742, 0, 0, 0, 0, 0, 0, 28882979, 26971.751988, 26964.752053, 0.000000
1726, 7, 8.000494, 210007697, 1.000037, 27151, 27151, 27155, 0, 6788, 0, 0, 0, 0, 0, 0, 28902987, 27150.004888, 27154.004741, 0.000000
