ThreadID, cIDX, Time, cycles, deltaT, RX, OnRX, TX, SupTX, OnTX, Idle, OnIdle, Blocked, CacheMiss, CacheHit, CacheWB, CPUIdle, RX/s, TX/s, Sup/s
663, 0, 0, 0, 0, 0, 0, 0, 0, 0, 0, 0, 0, 0, 0, 0, 0, 0, 0, 0
663, 0, 1.000033, 210006975, 1.000033, 31546, 31546, 31552, 0, 7888, 0, 0, 0, 0, 0, 0, 27492023, 31544.952257, 31550.952058, 0.000000
663, 1, 2.000101, 210014148, 1.000067, 31692, 31692, 31676, 0, 7919, 0, 0, 1, 0, 0, 0, 27433320, 31689.865009, 31673.866086, 0.000000
663, 2, 3.000157, 210011859, 1.000056, 31698, 31698, 31720, 0, 7930, 0, 0, 0, 0, 0, 0, 27698370, 31696.210070, 31718.208827, 0.000000
663, 3, 4.000167, 210002068, 1.000010, 31683, 31683, 31668, 0, 7917, 0, 0, 1, 0, 0, 0, 27599662, 31682.688001, 31667.688149, 0.000000
663, 4, 5.000419, 210052918, 1.000252, 31659, 31659, 31648, 0, 7912, 0, 0, 0, 0, 0, 0, 28064900, 31651.024243, 31640.027015, 0.000000
663, 5, 6.000591, 210036076, 1.000172, 31629, 31629, 31648, 0, 7912, 0, 0, 0, 0, 0, 0, 28376033, 31623.567372, 31642.564109, 0.000000
663, 6, 7.000603, 210002554, 1.000012, 31583, 31583, 31587, 0, 7897, 0, 0, 1, 0, 0, 0, 28223929, 31582.615895, 31586.615847, 0.000000
663, 7, 8.000608, 210001017, 1.000005, 31662, 31662, 31669, 0, 7917, 0, 0, 4, 0, 0, 0, 28179437, 31661.846666, 31668.846632, 0.000000
