ThreadID, cIDX, Time, cycles, deltaT, RX, OnRX, TX, SupTX, OnTX, Idle, OnIdle, Blocked, CacheMiss, CacheHit, CacheWB, CPUIdle, RX/s, TX/s, Sup/s
8194, 0, 0, 0, 0, 0, 0, 0, 0, 0, 0, 0, 0, 0, 0, 0, 0, 0, 0, 0
8194, 0, 1.000106, 210022236, 1.000106, 31651, 31651, 31636, 0, 7909, 0, 0, 0, 662417, 182134224, 271500, 31630634, 31647.648966, 31632.650554, 0.000000
8194, 1, 2.000421, 210066215, 1.000315, 31733, 31733, 31737, 0, 7935, 0, 0, 7, 581561, 182231575, 232818, 31609384, 31722.997437, 31726.996176, 0.000000
8194, 2, 3.000425, 210000734, 1.000003, 31674, 31674, 31675, 0, 7918, 0, 0, 9, 569099, 182190958, 228464, 31743901, 31673.889292, 31674.889289, 0.000000
8194, 3, 4.000444, 210003991, 1.000019, 31592, 31592, 31600, 0, 7900, 0, 0, 5, 551878, 182225283, 220093, 31559907, 31591.399613, 31599.399461, 0.000000
8194, 4, 5.000860, 210087516, 1.000417, 31594, 31594, 31584, 0, 7896, 0, 0, 0, 532238, 182084382, 209637, 31998724, 31580.838911, 31570.843077, 0.000000
8194, 5, 6.000955, 210019957, 1.000095, 31693, 31693, 31716, 0, 7929, 0, 0, 2, 526367, 181830003, 207561, 32313098, 31689.988395, 31712.986209, 0.000000
8194, 6, 7.000977, 210004463, 1.000021, 31559, 31559, 31560, 0, 7890, 0, 0, 0, 525819, 181894508, 207503, 32312859, 31558.329310, 31559.329289, 0.000000
8194, 7, 8.001382, 210085202, 1.000406, 31589, 31589, 31553, 0, 7889, 0, 0, 2, 527091, 182208960, 208090, 31769673, 31576.188788, 31540.203389, 0.000000
