ThreadID, cIDX, Time, cycles, deltaT, RX, OnRX, TX, SupTX, OnTX, Idle, OnIdle, Blocked, CacheMiss, CacheHit, CacheWB, CPUIdle, RX/s, TX/s, Sup/s
150, 0, 0, 0, 0, 0, 0, 0, 0, 0, 0, 0, 0, 0, 0, 0, 0, 0, 0, 0
150, 0, 1.000100, 210020982, 1.000100, 31512, 31512, 31501, 0, 7876, 0, 0, 1, 0, 0, 0, 27397021, 31508.851816, 31497.852915, 0.000000
150, 1, 2.000123, 210004775, 1.000023, 31705, 31705, 31701, 0, 7925, 0, 0, 2, 0, 0, 0, 27430722, 31704.279105, 31700.279196, 0.000000
150, 2, 3.000127, 210000842, 1.000004, 31706, 31706, 31708, 0, 7927, 0, 0, 0, 0, 0, 0, 27614331, 31705.872875, 31707.872867, 0.000000
150, 3, 4.000371, 210051339, 1.000244, 31689, 31689, 31691, 0, 7923, 0, 0, 0, 0, 0, 0, 27411591, 31681.254838, 31683.254350, 0.000000
150, 4, 5.000379, 210001656, 1.000008, 31591, 31591, 31612, 0, 7903, 0, 0, 0, 0, 0, 0, 27717862, 31590.750884, 31611.750719, 0.000000
150, 5, 6.000419, 210008464, 1.000040, 31647, 31647, 31647, 0, 7911, 0, 0, 0, 0, 0, 0, 27961402, 31645.724527, 31645.724527, 0.000000
150, 6, 7.000446, 210005549, 1.000026, 31576, 31576, 31580, 0, 7895, 0, 0, 1, 0, 0, 0, 27938247, 31575.165664, 31579.165558, 0.000000
150, 7, 8.000500, 210011469, 1.000055, 31644, 31644, 31636, 0, 7909, 0, 0, 1, 0, 0, 0, 27629759, 31642.271880, 31634.272317, 0.000000
