ThreadID, cIDX, Time, cycles, deltaT, RX, OnRX, TX, SupTX, OnTX, Idle, OnIdle, Blocked, CacheMiss, CacheHit, CacheWB, CPUIdle, RX/s, TX/s, Sup/s
1604, 0, 0, 0, 0, 0, 0, 0, 0, 0, 0, 0, 0, 0, 0, 0, 0, 0, 0, 0
1604, 0, 1.000506, 210106356, 1.000506, 31511, 31511, 31508, 0, 7877, 0, 0, 0, 672835, 182106553, 272535, 29274026, 31495.049107, 31492.050626, 0.000000
1604, 1, 2.000628, 210025505, 1.000121, 31660, 31660, 31656, 0, 7914, 0, 0, 0, 583743, 182094847, 231619, 29256238, 31656.155285, 31652.155770, 0.000000
1604, 2, 3.000637, 210001912, 1.000009, 31651, 31651, 31661, 0, 7916, 0, 0, 0, 554505, 182078482, 221176, 29198177, 31650.711828, 31660.711737, 0.000000
1604, 3, 4.000926, 210060791, 1.000289, 31787, 31787, 31783, 0, 7945, 0, 0, 9, 537572, 182062591, 213957, 29379432, 31777.800932, 31773.802090, 0.000000
1604, 4, 5.000970, 210009190, 1.000044, 31654, 31654, 31629, 0, 7908, 0, 0, 7, 521714, 181932171, 204730, 29508403, 31652.614821, 31627.615915, 0.000000
1604, 5, 6.000979, 210001908, 1.000009, 31621, 31621, 31640, 0, 7910, 0, 0, 0, 505634, 181732979, 197203, 29976877, 31620.712703, 31639.712531, 0.000000
1604, 6, 7.000981, 210000329, 1.000002, 31643, 31643, 31661, 0, 7915, 0, 0, 0, 509252, 181898696, 198507, 29531462, 31642.950426, 31660.950398, 0.000000
1604, 7, 8.001046, 210013676, 1.000065, 31734, 31734, 31734, 0, 7933, 0, 0, 0, 506875, 181918067, 198290, 29716056, 31731.933496, 31731.933496, 0.000000
