ThreadID, cIDX, Time, cycles, deltaT, RX, OnRX, TX, SupTX, OnTX, Idle, OnIdle, Blocked, CacheMiss, CacheHit, CacheWB, CPUIdle, RX/s, TX/s, Sup/s
9883, 0, 0, 0, 0, 0, 0, 0, 0, 0, 0, 0, 0, 0, 0, 0, 0, 0, 0, 0
9883, 0, 1.000009, 210001942, 1.000009, 27197, 27197, 27199, 0, 6800, 0, 0, 1, 0, 0, 0, 29650104, 27196.748495, 27198.748476, 0.000000
9883, 1, 2.000054, 210009304, 1.000044, 27179, 27179, 27173, 0, 6793, 0, 0, 8, 0, 0, 0, 29796790, 27177.795894, 27171.796160, 0.000000
9883, 2, 3.000090, 210007701, 1.000037, 27126, 27126, 27136, 0, 6784, 0, 0, 7, 0, 0, 0, 29897987, 27125.005287, 27135.004921, 0.000000
9883, 3, 4.000132, 210008755, 1.000042, 27149, 27149, 27144, 0, 6786, 0, 0, 0, 0, 0, 0, 30078692, 27147.868192, 27142.868401, 0.000000
9883, 4, 5.000163, 210006461, 1.000031, 27088, 27088, 27085, 0, 6772, 0, 0, 6, 0, 0, 0, 30338823, 27087.166618, 27084.166710, 0.000000
9883, 5, 6.000167, 210000971, 1.000005, 27105, 27105, 27111, 0, 6777, 0, 0, 4, 0, 0, 0, 30639956, 27104.874672, 27110.874644, 0.000000
9883, 6, 7.000173, 210001290, 1.000006, 27096, 27096, 27094, 0, 6774, 0, 0, 4, 0, 0, 0, 30245963, 27095.833554, 27093.833566, 0.000000
9883, 7, 8.000197, 210004905, 1.000023, 27109, 27109, 27110, 0, 6777, 0, 0, 0, 0, 0, 0, 30251778, 27108.366826, 27109.366803, 0.000000
