ThreadID, cIDX, Time, cycles, deltaT, RX, OnRX, TX, SupTX, OnTX, Idle, OnIdle, Blocked, CacheMiss, CacheHit, CacheWB, CPUIdle, RX/s, TX/s, Sup/s
10323, 0, 0, 0, 0, 0, 0, 0, 0, 0, 0, 0, 0, 0, 0, 0, 0, 0, 0, 0
10323, 0, 1.000003, 210000591, 1.000003, 31631, 31631, 31644, 0, 7911, 0, 0, 1, 0, 0, 0, 29059131, 31630.910982, 31643.910945, 0.000000
10323, 1, 2.000080, 210016106, 1.000077, 31654, 31654, 31648, 0, 7912, 0, 0, 0, 0, 0, 0, 29118082, 31651.572475, 31645.572935, 0.000000
10323, 2, 3.000082, 210000422, 1.000002, 31621, 31621, 31628, 0, 7907, 0, 0, 6, 0, 0, 0, 29247014, 31620.936457, 31627.936443, 0.000000
10323, 3, 4.000240, 210033236, 1.000158, 31756, 31756, 31732, 0, 7933, 0, 0, 0, 0, 0, 0, 29387206, 31750.974879, 31726.978677, 0.000000
10323, 4, 5.000531, 210061149, 1.000291, 31637, 31637, 31633, 0, 7909, 0, 0, 2, 0, 0, 0, 29537468, 31627.790439, 31623.791604, 0.000000
10323, 5, 6.000534, 210000663, 1.000003, 31586, 31586, 31601, 0, 7900, 0, 0, 3, 0, 0, 0, 29904576, 31585.900279, 31600.900231, 0.000000
10323, 6, 7.000581, 210009880, 1.000047, 31708, 31708, 31692, 0, 7923, 0, 0, 0, 0, 0, 0, 29905747, 31706.508284, 31690.509037, 0.000000
10323, 7, 8.000666, 210017907, 1.000085, 31647, 31647, 31674, 0, 7918, 0, 0, 0, 0, 0, 0, 29695957, 31644.301645, 31671.299343, 0.000000
