ThreadID, cIDX, Time, cycles, deltaT, RX, OnRX, TX, SupTX, OnTX, Idle, OnIdle, Blocked, CacheMiss, CacheHit, CacheWB, CPUIdle, RX/s, TX/s, Sup/s
921, 0, 0, 0, 0, 0, 0, 0, 0, 0, 0, 0, 0, 0, 0, 0, 0, 0, 0, 0
921, 0, 1.000041, 210008586, 1.000041, 27104, 27104, 27104, 0, 6776, 0, 0, 0, 0, 0, 0, 27404454, 27102.891879, 27102.891879, 0.000000
921, 1, 2.000042, 210000213, 1.000001, 27190, 27190, 27196, 0, 6799, 0, 0, 0, 0, 0, 0, 27415734, 27189.972422, 27195.972416, 0.000000
921, 2, 3.000116, 210015663, 1.000075, 27153, 27153, 27152, 0, 6788, 0, 0, 0, 0, 0, 0, 27692271, 27150.974925, 27149.975000, 0.000000
921, 3, 4.000169, 210010957, 1.000052, 27142, 27142, 27132, 0, 6783, 0, 0, 0, 0, 0, 0, 27674973, 27140.583908, 27130.584429, 0.000000
921, 4, 5.000182, 210002890, 1.000014, 27062, 27062, 27069, 0, 6768, 0, 0, 0, 0, 0, 0, 27911722, 27061.627580, 27068.627484, 0.000000
921, 5, 6.000198, 210003342, 1.000016, 27144, 27144, 27135, 0, 6783, 0, 0, 0, 0, 0, 0, 28179847, 27143.568030, 27134.568173, 0.000000
921, 6, 7.000314, 210024262, 1.000116, 27058, 27058, 27066, 0, 6767, 0, 0, 0, 0, 0, 0, 28263662, 27054.874260, 27062.873336, 0.000000
921, 7, 8.000342, 210005896, 1.000028, 27110, 27110, 27106, 0, 6776, 0, 0, 1, 0, 0, 0, 28031634, 27109.238876, 27105.238988, 0.000000
