ThreadID, cIDX, Time, cycles, deltaT, RX, OnRX, TX, SupTX, OnTX, Idle, OnIdle, Blocked, CacheMiss, CacheHit, CacheWB, CPUIdle, RX/s, TX/s, Sup/s
10420, 0, 0, 0, 0, 0, 0, 0, 0, 0, 0, 0, 0, 0, 0, 0, 0, 0, 0, 0
10420, 0, 1.000060, 210012616, 1.000060, 31567, 31567, 31552, 0, 7888, 0, 0, 0, 0, 0, 0, 28075184, 31565.103689, 31550.104590, 0.000000
10420, 1, 2.000114, 210011279, 1.000054, 31672, 31672, 31688, 0, 7922, 0, 0, 3, 0, 0, 0, 28425330, 31670.299003, 31686.298144, 0.000000
10420, 2, 3.000830, 210150405, 1.000716, 31636, 31636, 31628, 0, 7907, 0, 0, 15, 0, 0, 0, 28455977, 31613.358061, 31605.363787, 0.000000
10420, 3, 4.000893, 210013264, 1.000063, 31728, 31728, 31736, 0, 7934, 0, 0, 2, 0, 0, 0, 28485860, 31725.996126, 31733.995620, 0.000000
10420, 4, 5.000898, 210001004, 1.000005, 31652, 31652, 31660, 0, 7915, 0, 0, 3, 0, 0, 0, 28566915, 31651.848674, 31659.848636, 0.000000
10420, 5, 6.000983, 210017873, 1.000085, 31590, 31590, 31588, 0, 7897, 0, 0, 4, 0, 0, 0, 29151417, 31587.311619, 31585.311789, 0.000000
10420, 6, 7.001112, 210027169, 1.000129, 31717, 31717, 31696, 0, 7924, 0, 0, 0, 0, 0, 0, 29150124, 31712.897106, 31691.899823, 0.000000
10420, 7, 8.001618, 210106129, 1.000505, 31689, 31689, 31688, 0, 7922, 0, 0, 0, 0, 0, 0, 28806928, 31672.993223, 31671.993728, 0.000000
