ThreadID, cIDX, Time, cycles, deltaT, RX, OnRX, TX, SupTX, OnTX, Idle, OnIdle, Blocked, CacheMiss, CacheHit, CacheWB, CPUIdle, RX/s, TX/s, Sup/s
10080, 0, 0, 0, 0, 0, 0, 0, 0, 0, 0, 0, 0, 0, 0, 0, 0, 0, 0, 0
10080, 0, 1.000007, 210001498, 1.000007, 31680, 31680, 31680, 0, 7920, 0, 0, 0, 0, 0, 0, 28874865, 31679.774018, 31679.774018, 0.000000
10080, 1, 2.000014, 210001535, 1.000007, 31689, 31689, 31704, 0, 7926, 0, 0, 8, 0, 0, 0, 29083510, 31688.768370, 31703.768261, 0.000000
10080, 2, 3.000124, 210023048, 1.000110, 31702, 31702, 31676, 0, 7919, 0, 0, 0, 0, 0, 0, 29197807, 31698.521012, 31672.523865, 0.000000
10080, 3, 4.000137, 210002739, 1.000013, 31646, 31646, 31670, 0, 7918, 0, 0, 11, 0, 0, 0, 29355342, 31645.587251, 31669.586938, 0.000000
10080, 4, 5.000438, 210063159, 1.000301, 31661, 31661, 31634, 0, 7908, 0, 0, 3, 0, 0, 0, 29544731, 31651.480591, 31624.488709, 0.000000
10080, 5, 6.000518, 210016753, 1.000080, 31561, 31561, 31561, 0, 7891, 0, 0, 4, 0, 0, 0, 29852560, 31558.482384, 31558.482384, 0.000000
10080, 6, 7.000642, 210026131, 1.000124, 31618, 31618, 31643, 0, 7910, 0, 0, 1, 0, 0, 0, 29728574, 31614.066156, 31639.063046, 0.000000
10080, 7, 8.000796, 210032197, 1.000153, 31638, 31638, 31616, 0, 7904, 0, 0, 0, 0, 0, 0, 29561098, 31633.150036, 31611.153408, 0.000000
