ThreadID, cIDX, Time, cycles, deltaT, RX, OnRX, TX, SupTX, OnTX, Idle, OnIdle, Blocked, CacheMiss, CacheHit, CacheWB, CPUIdle, RX/s, TX/s, Sup/s
2182, 0, 0, 0, 0, 0, 0, 0, 0, 0, 0, 0, 0, 0, 0, 0, 0, 0, 0, 0
2182, 0, 1.000075, 210015771, 1.000075, 31538, 31538, 31524, 0, 7881, 0, 0, 5, 647160, 182110779, 267225, 31673093, 31535.631674, 31521.632725, 0.000000
2182, 1, 2.000710, 210133342, 1.000635, 31667, 31667, 31688, 0, 7922, 0, 0, 4, 573339, 182152787, 231712, 31807693, 31646.905421, 31667.892095, 0.000000
2182, 2, 3.000717, 210001486, 1.000007, 31653, 31653, 31644, 0, 7911, 0, 0, 11, 554600, 182022783, 223592, 31892026, 31652.776019, 31643.776083, 0.000000
2182, 3, 4.000790, 210015231, 1.000073, 31750, 31750, 31749, 0, 7938, 0, 0, 12, 539674, 181942795, 216807, 32069633, 31747.697385, 31746.697457, 0.000000
2182, 4, 5.001027, 210049819, 1.000237, 31687, 31687, 31699, 0, 7924, 0, 0, 6, 535343, 181943113, 213987, 32207051, 31679.484570, 31691.481724, 0.000000
2182, 5, 6.001425, 210083542, 1.000398, 31611, 31611, 31584, 0, 7896, 0, 0, 4, 523461, 181722639, 207750, 32656034, 31598.429543, 31571.440280, 0.000000
2182, 6, 7.001427, 210000421, 1.000002, 31571, 31571, 31583, 0, 7896, 0, 0, 5, 521997, 181732166, 207329, 32604930, 31570.936708, 31582.936684, 0.000000
2182, 7, 8.001512, 210017848, 1.000085, 31740, 31740, 31733, 0, 7933, 0, 0, 5, 524759, 181919248, 208964, 32257645, 31737.302632, 31730.303226, 0.000000
