ThreadID, cIDX, Time, cycles, deltaT, RX, OnRX, TX, SupTX, OnTX, Idle, OnIdle, Blocked, CacheMiss, CacheHit, CacheWB, CPUIdle, RX/s, TX/s, Sup/s
2113, 0, 0, 0, 0, 0, 0, 0, 0, 0, 0, 0, 0, 0, 0, 0, 0, 0, 0, 0
2113, 0, 1.000564, 210118343, 1.000564, 31671, 31671, 31680, 0, 7920, 0, 0, 7, 655869, 182119499, 267672, 29176876, 31653.162237, 31662.157168, 0.000000
2113, 1, 2.000666, 210021483, 1.000102, 31670, 31670, 31664, 0, 7916, 0, 0, 1, 565042, 182160655, 227146, 28946248, 31666.760490, 31660.761104, 0.000000
2113, 2, 3.000897, 210048630, 1.000232, 31712, 31712, 31708, 0, 7927, 0, 0, 7, 538852, 182051624, 212602, 29286865, 31704.658107, 31700.659033, 0.000000
2113, 3, 4.001002, 210021946, 1.000105, 31686, 31686, 31676, 0, 7919, 0, 0, 2, 522284, 181959330, 203885, 29490343, 31682.689008, 31672.690053, 0.000000
2113, 4, 5.001006, 210000948, 1.000005, 31633, 31633, 31655, 0, 7914, 0, 0, 6, 518127, 181902975, 200889, 29662538, 31632.857200, 31654.857101, 0.000000
2113, 5, 6.001051, 210009332, 1.000044, 31552, 31552, 31541, 0, 7885, 0, 0, 6, 506061, 181604754, 196972, 30124710, 31550.597952, 31539.598440, 0.000000
2113, 6, 7.001438, 210081197, 1.000387, 31688, 31688, 31676, 0, 7919, 0, 0, 0, 507257, 181801051, 196458, 29871243, 31675.752495, 31663.757133, 0.000000
2113, 7, 8.001751, 210065912, 1.000314, 31604, 31604, 31604, 0, 7901, 0, 0, 3, 502714, 181967289, 193278, 29590229, 31594.083670, 31594.083670, 0.000000
