ThreadID, cIDX, Time, cycles, deltaT, RX, OnRX, TX, SupTX, OnTX, Idle, OnIdle, Blocked, CacheMiss, CacheHit, CacheWB, CPUIdle, RX/s, TX/s, Sup/s
1100, 0, 0, 0, 0, 0, 0, 0, 0, 0, 0, 0, 0, 0, 0, 0, 0, 0, 0, 0
1100, 0, 1.000032, 210006689, 1.000032, 27269, 27269, 27268, 0, 6817, 0, 0, 1, 661534, 182051673, 274136, 29164389, 27268.131445, 27267.131477, 0.000000
1100, 1, 2.000057, 210005283, 1.000025, 27166, 27166, 27172, 0, 6793, 0, 0, 3, 578544, 182105186, 234980, 29162565, 27165.316598, 27171.316447, 0.000000
1100, 2, 3.000078, 210004497, 1.000021, 27076, 27076, 27072, 0, 6768, 0, 0, 0, 536156, 182018149, 215078, 29314946, 27075.420199, 27071.420285, 0.000000
1100, 3, 4.000091, 210002634, 1.000013, 27183, 27183, 27188, 0, 6797, 0, 0, 7, 521760, 182144650, 208939, 29104553, 27182.659052, 27187.658989, 0.000000
1100, 4, 5.000127, 210007626, 1.000036, 27059, 27059, 27056, 0, 6764, 0, 0, 5, 503082, 181904607, 198372, 29638913, 27058.017407, 27055.017516, 0.000000
1100, 5, 6.000193, 210013795, 1.000066, 27070, 27070, 27072, 0, 6768, 0, 0, 3, 498384, 181846634, 196879, 29693420, 27068.221876, 27070.221744, 0.000000
1100, 6, 7.000238, 210009402, 1.000045, 27132, 27132, 27124, 0, 6781, 0, 0, 1, 493317, 181899418, 192857, 29709102, 27130.785316, 27122.785674, 0.000000
1100, 7, 8.000239, 210000317, 1.000002, 27074, 27074, 27076, 0, 6769, 0, 0, 0, 491313, 181885617, 191486, 29826510, 27073.959131, 27075.959128, 0.000000
