ThreadID, cIDX, Time, cycles, deltaT, RX, OnRX, TX, SupTX, OnTX, Idle, OnIdle, Blocked, CacheMiss, CacheHit, CacheWB, CPUIdle, RX/s, TX/s, Sup/s
1493, 0, 0, 0, 0, 0, 0, 0, 0, 0, 0, 0, 0, 0, 0, 0, 0, 0, 0, 0
1493, 0, 1.000305, 210064127, 1.000305, 31505, 31505, 31512, 0, 7878, 0, 0, 0, 0, 0, 0, 29219881, 31495.382360, 31502.380223, 0.000000
1493, 1, 2.000319, 210002783, 1.000013, 31693, 31693, 31676, 0, 7919, 0, 0, 4, 0, 0, 0, 29157611, 31692.579998, 31675.580223, 0.000000
1493, 2, 3.000353, 210007120, 1.000034, 31694, 31694, 31694, 0, 7924, 0, 0, 5, 0, 0, 0, 29333028, 31692.925459, 31692.925459, 0.000000
1493, 3, 4.000354, 210000345, 1.000002, 31718, 31718, 31726, 0, 7931, 0, 0, 1, 0, 0, 0, 29316043, 31717.947892, 31725.947879, 0.000000
1493, 4, 5.000415, 210012678, 1.000060, 31703, 31703, 31704, 0, 7926, 0, 0, 0, 0, 0, 0, 29669219, 31701.086160, 31702.086100, 0.000000
1493, 5, 6.000443, 210005902, 1.000028, 31551, 31551, 31544, 0, 7886, 0, 0, 1, 0, 0, 0, 29871199, 31550.113292, 31543.113488, 0.000000
1493, 6, 7.000882, 210092349, 1.000440, 31729, 31729, 31716, 0, 7929, 0, 0, 0, 0, 0, 0, 29654104, 31715.053079, 31702.058793, 0.000000
1493, 7, 8.000893, 210002274, 1.000011, 31646, 31646, 31676, 0, 7919, 0, 0, 0, 0, 0, 0, 29710299, 31645.657323, 31675.656998, 0.000000
