ThreadID, cIDX, Time, cycles, deltaT, RX, OnRX, TX, SupTX, OnTX, Idle, OnIdle, Blocked, CacheMiss, CacheHit, CacheWB, CPUIdle, RX/s, TX/s, Sup/s
9591, 0, 0, 0, 0, 0, 0, 0, 0, 0, 0, 0, 0, 0, 0, 0, 0, 0, 0, 0
9591, 0, 1.000011, 210002280, 1.000011, 29411, 29411, 29418, 0, 7921, 0, 0, 0, 0, 0, 0, 30856502, 29410.680684, 29417.680608, 0.000000
9591, 1, 2.000081, 210014819, 1.000071, 29474, 29474, 29456, 0, 7931, 0, 0, 2, 0, 0, 0, 30729486, 29471.920265, 29453.921535, 0.000000
9591, 2, 3.000545, 210097347, 1.000464, 29422, 29422, 29433, 0, 7923, 0, 0, 8, 0, 0, 0, 30999657, 29408.367541, 29419.362444, 0.000000
9591, 3, 4.000593, 210010108, 1.000048, 29303, 29303, 29305, 0, 7889, 0, 0, 5, 0, 0, 0, 31047390, 29301.589617, 29303.589521, 0.000000
9591, 4, 5.000714, 210025344, 1.000121, 29406, 29406, 29399, 0, 7915, 0, 0, 1, 0, 0, 0, 31221881, 29402.451544, 29395.452389, 0.000000
9591, 5, 6.000788, 210015504, 1.000074, 29450, 29450, 29453, 0, 7931, 0, 0, 2, 0, 0, 0, 31763182, 29447.825909, 29450.825688, 0.000000
9591, 6, 7.000953, 210034695, 1.000165, 29427, 29427, 29417, 0, 7916, 0, 0, 0, 0, 0, 0, 31561836, 29422.139042, 29412.140694, 0.000000
9591, 7, 8.000955, 210000477, 1.000002, 29329, 29329, 29344, 0, 7901, 0, 0, 0, 0, 0, 0, 31464850, 29328.933381, 29343.933347, 0.000000
