ThreadID, cIDX, Time, cycles, deltaT, RX, OnRX, TX, SupTX, OnTX, Idle, OnIdle, Blocked, CacheMiss, CacheHit, CacheWB, CPUIdle, RX/s, TX/s, Sup/s
9182, 0, 0, 0, 0, 0, 0, 0, 0, 0, 0, 0, 0, 0, 0, 0, 0, 0, 0, 0
9182, 0, 1.000029, 210006012, 1.000029, 27261, 27261, 27261, 0, 6816, 0, 0, 0, 0, 0, 0, 29024070, 27260.219579, 27260.219579, 0.000000
9182, 1, 2.000080, 210010833, 1.000052, 27088, 27088, 27087, 0, 6771, 0, 0, 2, 0, 0, 0, 28949141, 27086.602718, 27085.602770, 0.000000
9182, 2, 3.000084, 210000700, 1.000003, 27089, 27089, 27096, 0, 6774, 0, 0, 0, 0, 0, 0, 29159820, 27088.909704, 27095.909680, 0.000000
9182, 3, 4.000099, 210003269, 1.000016, 27211, 27211, 27200, 0, 6800, 0, 0, 0, 0, 0, 0, 29048675, 27210.576422, 27199.576593, 0.000000
9182, 4, 5.000174, 210015680, 1.000075, 27161, 27161, 27164, 0, 6791, 0, 0, 2, 0, 0, 0, 29602662, 27158.972130, 27161.971906, 0.000000
9182, 5, 6.000195, 210004462, 1.000021, 27071, 27071, 27076, 0, 6769, 0, 0, 0, 0, 0, 0, 29675184, 27070.424818, 27075.424712, 0.000000
9182, 6, 7.000230, 210007370, 1.000035, 27100, 27100, 27097, 0, 6775, 0, 0, 0, 0, 0, 0, 29741052, 27099.048952, 27096.049058, 0.000000
9182, 7, 8.000248, 210003750, 1.000018, 27192, 27192, 27195, 0, 6798, 0, 0, 0, 0, 0, 0, 29549385, 27191.514437, 27194.514384, 0.000000
