ThreadID, cIDX, Time, cycles, deltaT, RX, OnRX, TX, SupTX, OnTX, Idle, OnIdle, Blocked, CacheMiss, CacheHit, CacheWB, CPUIdle, RX/s, TX/s, Sup/s
9824, 0, 0, 0, 0, 0, 0, 0, 0, 0, 0, 0, 0, 0, 0, 0, 0, 0, 0, 0
9824, 0, 1.000003, 210000563, 1.000003, 31678, 31678, 31683, 0, 7921, 0, 0, 0, 0, 0, 0, 28830153, 31677.915073, 31682.915060, 0.000000
9824, 1, 2.000016, 210002892, 1.000014, 31628, 31628, 31618, 0, 7905, 0, 0, 8, 0, 0, 0, 28919996, 31627.564443, 31617.564581, 0.000000
9824, 2, 3.000026, 210002107, 1.000010, 31652, 31652, 31671, 0, 7917, 0, 0, 8, 0, 0, 0, 29046780, 31651.682428, 31670.682237, 0.000000
9824, 3, 4.000134, 210022574, 1.000107, 31660, 31660, 31656, 0, 7914, 0, 0, 10, 0, 0, 0, 29328855, 31656.597067, 31652.597496, 0.000000
9824, 4, 5.000320, 210039040, 1.000186, 31698, 31698, 31700, 0, 7925, 0, 0, 8, 0, 0, 0, 29480509, 31692.108286, 31694.107914, 0.000000
9824, 5, 6.000345, 210005200, 1.000025, 31593, 31593, 31572, 0, 7893, 0, 0, 4, 0, 0, 0, 29795127, 31592.217717, 31571.218237, 0.000000
9824, 6, 7.000350, 210001151, 1.000005, 31554, 31554, 31545, 0, 7887, 0, 0, 4, 0, 0, 0, 29444263, 31553.827055, 31544.827104, 0.000000
9824, 7, 8.000391, 210008521, 1.000041, 31762, 31762, 31780, 0, 7945, 0, 0, 0, 0, 0, 0, 29460934, 31760.711271, 31778.710541, 0.000000
