ThreadID, cIDX, Time, cycles, deltaT, RX, OnRX, TX, SupTX, OnTX, Idle, OnIdle, Blocked, CacheMiss, CacheHit, CacheWB, CPUIdle, RX/s, TX/s, Sup/s
9653, 0, 0, 0, 0, 0, 0, 0, 0, 0, 0, 0, 0, 0, 0, 0, 0, 0, 0, 0
9653, 0, 1.000034, 210007229, 1.000034, 31575, 31575, 31592, 0, 7898, 0, 0, 1, 0, 0, 0, 28414196, 31573.913106, 31590.912520, 0.000000
9653, 1, 2.000036, 210000260, 1.000001, 31694, 31694, 31672, 0, 7918, 0, 0, 0, 0, 0, 0, 28174484, 31693.960760, 31671.960787, 0.000000
9653, 2, 3.000167, 210027550, 1.000131, 31695, 31695, 31684, 0, 7921, 0, 0, 10, 0, 0, 0, 28244103, 31690.842463, 31679.843906, 0.000000
9653, 3, 4.000459, 210061387, 1.000292, 31666, 31666, 31674, 0, 7919, 0, 0, 11, 0, 0, 0, 28461768, 31656.746130, 31664.743792, 0.000000
9653, 4, 5.000481, 210004495, 1.000021, 31699, 31699, 31693, 0, 7923, 0, 0, 13, 0, 0, 0, 28660392, 31698.321505, 31692.321633, 0.000000
9653, 5, 6.000536, 210011576, 1.000055, 31558, 31558, 31577, 0, 7894, 0, 0, 11, 0, 0, 0, 29032448, 31556.260499, 31575.259451, 0.000000
9653, 6, 7.000918, 210080324, 1.000382, 31735, 31735, 31716, 0, 7929, 0, 0, 0, 0, 0, 0, 28832223, 31722.866155, 31703.873419, 0.000000
9653, 7, 8.000925, 210001456, 1.000007, 31636, 31636, 31649, 0, 7913, 0, 0, 0, 0, 0, 0, 28833254, 31635.780659, 31648.780568, 0.000000
