ThreadID, cIDX, Time, cycles, deltaT, RX, OnRX, TX, SupTX, OnTX, Idle, OnIdle, Blocked, CacheMiss, CacheHit, CacheWB, CPUIdle, RX/s, TX/s, Sup/s
2692, 0, 0, 0, 0, 0, 0, 0, 0, 0, 0, 0, 0, 0, 0, 0, 0, 0, 0, 0
2692, 0, 1.000440, 210092388, 1.000440, 31545, 31545, 31529, 0, 7883, 0, 0, 1, 653281, 182113646, 268711, 31698508, 31531.128105, 31515.135141, 0.000000
2692, 1, 2.000521, 210017045, 1.000081, 31678, 31678, 31684, 0, 7921, 0, 0, 7, 562697, 182203359, 225226, 31519441, 31675.429011, 31681.428524, 0.000000
2692, 2, 3.000530, 210001882, 1.000009, 31690, 31690, 31688, 0, 7922, 0, 0, 6, 540324, 182170001, 214642, 31656271, 31689.716000, 31687.716018, 0.000000
2692, 3, 4.000568, 210008028, 1.000038, 31610, 31610, 31626, 0, 7906, 0, 0, 4, 532305, 182081846, 209282, 31862875, 31608.791641, 31624.791029, 0.000000
2692, 4, 5.000631, 210013111, 1.000062, 31701, 31701, 31681, 0, 7920, 0, 0, 0, 527258, 181880972, 207751, 32240271, 31699.020924, 31679.022173, 0.000000
2692, 5, 6.000635, 210000805, 1.000004, 31563, 31563, 31590, 0, 7898, 0, 0, 1, 525785, 181648956, 206812, 32680520, 31562.879009, 31589.878905, 0.000000
2692, 6, 7.000641, 210001421, 1.000007, 31599, 31599, 31586, 0, 7896, 0, 0, 2, 523819, 181749155, 206775, 32484418, 31598.786182, 31585.786270, 0.000000
2692, 7, 8.000705, 210013450, 1.000064, 31671, 31671, 31688, 0, 7922, 0, 0, 0, 524973, 181881132, 207443, 32250367, 31668.971678, 31685.970589, 0.000000
