ThreadID, cIDX, Time, cycles, deltaT, RX, OnRX, TX, SupTX, OnTX, Idle, OnIdle, Blocked, CacheMiss, CacheHit, CacheWB, CPUIdle, RX/s, TX/s, Sup/s
2295, 0, 0, 0, 0, 0, 0, 0, 0, 0, 0, 0, 0, 0, 0, 0, 0, 0, 0, 0
2295, 0, 1.000468, 210098206, 1.000468, 31613, 31613, 31624, 0, 7906, 0, 0, 0, 0, 0, 0, 30906055, 31598.223166, 31609.218024, 0.000000
2295, 1, 2.000565, 210020340, 1.000097, 31622, 31622, 31612, 0, 7903, 0, 0, 0, 0, 0, 0, 30654074, 31618.937480, 31608.938449, 0.000000
2295, 2, 3.000580, 210003173, 1.000015, 31685, 31685, 31677, 0, 7920, 0, 0, 4, 0, 0, 0, 31098909, 31684.521262, 31676.521383, 0.000000
2295, 3, 4.000602, 210004625, 1.000022, 31742, 31742, 31755, 0, 7938, 0, 0, 7, 0, 0, 0, 31271160, 31741.300936, 31754.300649, 0.000000
2295, 4, 5.000609, 210001454, 1.000007, 31727, 31727, 31720, 0, 7930, 0, 0, 5, 0, 0, 0, 31270054, 31726.780330, 31719.780378, 0.000000
2295, 5, 6.000782, 210036464, 1.000174, 31593, 31593, 31580, 0, 7895, 0, 0, 2, 0, 0, 0, 31757306, 31587.515204, 31574.517461, 0.000000
2295, 6, 7.000786, 210000837, 1.000004, 31599, 31599, 31628, 0, 7907, 0, 0, 2, 0, 0, 0, 31549035, 31598.874056, 31627.873940, 0.000000
2295, 7, 8.000809, 210004777, 1.000023, 31710, 31710, 31684, 0, 7921, 0, 0, 5, 0, 0, 0, 31351732, 31709.278689, 31683.279281, 0.000000
