ThreadID, cIDX, Time, cycles, deltaT, RX, OnRX, TX, SupTX, OnTX, Idle, OnIdle, Blocked, CacheMiss, CacheHit, CacheWB, CPUIdle, RX/s, TX/s, Sup/s
10233, 0, 0, 0, 0, 0, 0, 0, 0, 0, 0, 0, 0, 0, 0, 0, 0, 0, 0, 0
10233, 0, 1.000005, 210000996, 1.000005, 27227, 27227, 27220, 0, 6805, 0, 0, 0, 0, 0, 0, 30910362, 27226.870867, 27219.870900, 0.000000
10233, 1, 2.000059, 210011474, 1.000055, 27153, 27153, 27161, 0, 6791, 0, 0, 7, 0, 0, 0, 30954542, 27151.516493, 27159.516056, 0.000000
10233, 2, 3.000110, 210010693, 1.000051, 27156, 27156, 27159, 0, 6789, 0, 0, 7, 0, 0, 0, 31162450, 27154.617313, 27157.617160, 0.000000
10233, 3, 4.000120, 210002067, 1.000010, 27081, 27081, 27079, 0, 6770, 0, 0, 1, 0, 0, 0, 31262984, 27080.733448, 27078.733468, 0.000000
10233, 4, 5.000130, 210002118, 1.000010, 27146, 27146, 27145, 0, 6786, 0, 0, 6, 0, 0, 0, 31468546, 27145.726216, 27144.726226, 0.000000
10233, 5, 6.000172, 210008760, 1.000042, 27142, 27142, 27148, 0, 6787, 0, 0, 1, 0, 0, 0, 31857824, 27140.867838, 27146.867588, 0.000000
10233, 6, 7.000359, 210039215, 1.000187, 27167, 27167, 27152, 0, 6788, 0, 0, 0, 0, 0, 0, 31698293, 27161.927833, 27146.930634, 0.000000
10233, 7, 8.000570, 210044481, 1.000212, 27127, 27127, 27124, 0, 6781, 0, 0, 0, 0, 0, 0, 31357499, 27121.255331, 27118.255966, 0.000000
