ThreadID, cIDX, Time, cycles, deltaT, RX, OnRX, TX, SupTX, OnTX, Idle, OnIdle, Blocked, CacheMiss, CacheHit, CacheWB, CPUIdle, RX/s, TX/s, Sup/s
8298, 0, 0, 0, 0, 0, 0, 0, 0, 0, 0, 0, 0, 0, 0, 0, 0, 0, 0, 0
8298, 0, 1.000005, 210001136, 1.000005, 27159, 27159, 27160, 0, 6790, 0, 0, 1, 0, 0, 0, 29081339, 27158.853084, 27159.853078, 0.000000
8298, 1, 2.000049, 210009116, 1.000043, 27143, 27143, 27148, 0, 6787, 0, 0, 4, 0, 0, 0, 28914491, 27141.821786, 27146.821569, 0.000000
8298, 2, 3.000050, 210000336, 1.000002, 27094, 27094, 27088, 0, 6772, 0, 0, 0, 0, 0, 0, 29022805, 27093.956650, 27087.956659, 0.000000
8298, 3, 4.000077, 210005547, 1.000026, 27209, 27209, 27208, 0, 6802, 0, 0, 4, 0, 0, 0, 29078164, 27208.281313, 27207.281339, 0.000000
8298, 4, 5.000134, 210012039, 1.000057, 27143, 27143, 27144, 0, 6786, 0, 0, 3, 0, 0, 0, 29392542, 27141.444020, 27142.443962, 0.000000
8298, 5, 6.000136, 210000293, 1.000001, 27081, 27081, 27084, 0, 6771, 0, 0, 0, 0, 0, 0, 29714561, 27080.962216, 27083.962211, 0.000000
8298, 6, 7.000144, 210001784, 1.000008, 27036, 27036, 27036, 0, 6759, 0, 0, 0, 0, 0, 0, 29473932, 27035.770325, 27035.770325, 0.000000
8298, 7, 8.000158, 210002877, 1.000014, 27239, 27239, 27236, 0, 6809, 0, 0, 0, 0, 0, 0, 29324513, 27238.626831, 27235.626872, 0.000000
