ThreadID, cIDX, Time, cycles, deltaT, RX, OnRX, TX, SupTX, OnTX, Idle, OnIdle, Blocked, CacheMiss, CacheHit, CacheWB, CPUIdle, RX/s, TX/s, Sup/s
8251, 0, 0, 0, 0, 0, 0, 0, 0, 0, 0, 0, 0, 0, 0, 0, 0, 0, 0, 0
8251, 0, 1.000016, 210003451, 1.000016, 27249, 27249, 27240, 0, 6810, 0, 0, 0, 0, 0, 0, 28253039, 27248.552215, 27239.552363, 0.000000
8251, 1, 2.000395, 210079459, 1.000378, 27122, 27122, 27133, 0, 6784, 0, 0, 5, 0, 0, 0, 28150962, 27111.741563, 27122.737402, 0.000000
8251, 2, 3.000557, 210034036, 1.000162, 27097, 27097, 27091, 0, 6772, 0, 0, 3, 0, 0, 0, 28109993, 27092.608933, 27086.609905, 0.000000
8251, 3, 4.000568, 210002439, 1.000012, 27225, 27225, 27228, 0, 6807, 0, 0, 0, 0, 0, 0, 28197570, 27224.683805, 27227.683770, 0.000000
8251, 4, 5.000577, 210001784, 1.000008, 27163, 27163, 27164, 0, 6791, 0, 0, 0, 0, 0, 0, 28569370, 27162.769246, 27163.769237, 0.000000
8251, 5, 6.000611, 210007042, 1.000034, 27048, 27048, 27048, 0, 6762, 0, 0, 0, 0, 0, 0, 28889106, 27047.093021, 27047.093021, 0.000000
8251, 6, 7.000613, 210000470, 1.000002, 27190, 27190, 27190, 0, 6798, 0, 0, 0, 0, 0, 0, 28572021, 27189.939146, 27189.939146, 0.000000
8251, 7, 8.000643, 210006369, 1.000030, 27114, 27114, 27111, 0, 6778, 0, 0, 1, 0, 0, 0, 28147647, 27113.177696, 27110.177787, 0.000000
