ThreadID, cIDX, Time, cycles, deltaT, RX, OnRX, TX, SupTX, OnTX, Idle, OnIdle, Blocked, CacheMiss, CacheHit, CacheWB, CPUIdle, RX/s, TX/s, Sup/s
11081, 0, 0, 0, 0, 0, 0, 0, 0, 0, 0, 0, 0, 0, 0, 0, 0, 0, 0, 0
11081, 0, 1.000031, 210006526, 1.000031, 27190, 27190, 27188, 0, 6797, 0, 0, 0, 656393, 182082842, 273175, 29120225, 27189.155065, 27187.155127, 0.000000
11081, 1, 2.000211, 210037840, 1.000180, 27114, 27114, 27124, 0, 6781, 0, 0, 4, 573141, 182174523, 236745, 29013529, 27109.115196, 27119.113394, 0.000000
11081, 2, 3.000441, 210048169, 1.000229, 27132, 27132, 27121, 0, 6781, 0, 0, 2, 547094, 182087722, 224365, 29201352, 27125.777992, 27114.780515, 0.000000
11081, 3, 4.000503, 210013019, 1.000062, 27229, 27229, 27231, 0, 6807, 0, 0, 10, 540944, 182083456, 220785, 29262073, 27227.312036, 27229.311912, 0.000000
11081, 4, 5.000508, 210001130, 1.000005, 27149, 27149, 27146, 0, 6787, 0, 0, 13, 534447, 181931685, 217559, 29539611, 27148.853913, 27145.853929, 0.000000
11081, 5, 6.000602, 210019691, 1.000094, 27080, 27080, 27082, 0, 6770, 0, 0, 2, 523037, 181750261, 211941, 29889920, 27077.461037, 27079.460849, 0.000000
11081, 6, 7.000619, 210003520, 1.000017, 27078, 27078, 27079, 0, 6770, 0, 0, 0, 518928, 181739524, 210325, 29763897, 27077.546129, 27078.546112, 0.000000
11081, 7, 8.000631, 210002712, 1.000013, 27222, 27222, 27227, 0, 6807, 0, 0, 0, 514784, 181924549, 208417, 29562183, 27221.648452, 27226.648387, 0.000000
