ThreadID, cIDX, Time, cycles, deltaT, RX, OnRX, TX, SupTX, OnTX, Idle, OnIdle, Blocked, CacheMiss, CacheHit, CacheWB, CPUIdle, RX/s, TX/s, Sup/s
1483, 0, 0, 0, 0, 0, 0, 0, 0, 0, 0, 0, 0, 0, 0, 0, 0, 0, 0, 0
1483, 0, 1.000271, 210056987, 1.000271, 27183, 27183, 27182, 0, 6796, 0, 0, 2, 650169, 182059054, 266776, 29242479, 27175.625441, 27174.625712, 0.000000
1483, 1, 2.000316, 210009389, 1.000045, 27184, 27184, 27190, 0, 6797, 0, 0, 3, 564481, 182120102, 223125, 29160204, 27182.784671, 27188.784402, 0.000000
1483, 2, 3.000328, 210002494, 1.000012, 27133, 27133, 27135, 0, 6784, 0, 0, 5, 547304, 182045833, 216497, 29322935, 27132.677767, 27134.677743, 0.000000
1483, 3, 4.000451, 210025755, 1.000123, 27153, 27153, 27137, 0, 6784, 0, 0, 1, 538134, 182032369, 211418, 29296131, 27149.670287, 27133.672249, 0.000000
1483, 4, 5.000493, 210008931, 1.000043, 27065, 27065, 27076, 0, 6769, 0, 0, 3, 525036, 181882546, 204636, 29656071, 27063.849013, 27074.848545, 0.000000
1483, 5, 6.000526, 210006959, 1.000033, 27122, 27122, 27120, 0, 6780, 0, 0, 4, 519342, 181721477, 202311, 29909734, 27121.101258, 27119.101325, 0.000000
1483, 6, 7.000617, 210019024, 1.000091, 27081, 27081, 27080, 0, 6770, 0, 0, 1, 519854, 181885043, 201101, 29709367, 27078.546942, 27077.547032, 0.000000
1483, 7, 8.000643, 210005469, 1.000026, 27107, 27107, 27108, 0, 6777, 0, 0, 0, 523532, 181884886, 203625, 29624644, 27106.294075, 27107.294049, 0.000000
