ThreadID, cIDX, Time, cycles, deltaT, RX, OnRX, TX, SupTX, OnTX, Idle, OnIdle, Blocked, CacheMiss, CacheHit, CacheWB, CPUIdle, RX/s, TX/s, Sup/s
10188, 0, 0, 0, 0, 0, 0, 0, 0, 0, 0, 0, 0, 0, 0, 0, 0, 0, 0, 0
10188, 0, 1.000013, 210002813, 1.000013, 27229, 27229, 27229, 0, 6808, 0, 0, 0, 652351, 182102822, 271112, 29077123, 27228.635266, 27228.635266, 0.000000
10188, 1, 2.000058, 210009456, 1.000045, 27177, 27177, 27175, 0, 6793, 0, 0, 6, 566802, 182113753, 230807, 29147487, 27175.776314, 27173.776404, 0.000000
10188, 2, 3.000131, 210015196, 1.000072, 27116, 27116, 27108, 0, 6777, 0, 0, 6, 545470, 182023831, 220802, 29302787, 27114.037977, 27106.038555, 0.000000
10188, 3, 4.000227, 210020304, 1.000097, 27142, 27142, 27146, 0, 6787, 0, 0, 8, 526900, 181993202, 211670, 29371371, 27139.376010, 27143.375623, 0.000000
10188, 4, 5.000289, 210012844, 1.000061, 27112, 27112, 27121, 0, 6780, 0, 0, 9, 520906, 181902462, 208868, 29613952, 27110.341880, 27119.341329, 0.000000
10188, 5, 6.000300, 210002467, 1.000012, 27088, 27088, 27097, 0, 6774, 0, 0, 2, 501591, 181669225, 199417, 30026537, 27087.681784, 27096.681679, 0.000000
10188, 6, 7.000379, 210016412, 1.000078, 27100, 27100, 27080, 0, 6770, 0, 0, 0, 504187, 181728862, 200121, 29971014, 27097.882236, 27077.883799, 0.000000
10188, 7, 8.000443, 210013451, 1.000064, 27115, 27115, 27124, 0, 6781, 0, 0, 0, 504646, 181926516, 201537, 29611689, 27113.263331, 27122.262754, 0.000000
