ThreadID, cIDX, Time, cycles, deltaT, RX, OnRX, TX, SupTX, OnTX, Idle, OnIdle, Blocked, CacheMiss, CacheHit, CacheWB, CPUIdle, RX/s, TX/s, Sup/s
9084, 0, 0, 0, 0, 0, 0, 0, 0, 0, 0, 0, 0, 0, 0, 0, 0, 0, 0, 0
9084, 0, 1.000095, 210019874, 1.000095, 26158, 26158, 26161, 0, 6825, 0, 0, 0, 0, 0, 0, 30780570, 26155.524691, 26158.524407, 0.000000
9084, 1, 2.000398, 210063619, 1.000303, 26003, 26003, 26004, 0, 6783, 0, 0, 3, 0, 0, 0, 30740317, 25995.124839, 25996.124536, 0.000000
9084, 2, 3.000404, 210001322, 1.000006, 25961, 25961, 25954, 0, 6771, 0, 0, 1, 0, 0, 0, 30936640, 25960.836570, 25953.836614, 0.000000
9084, 3, 4.000459, 210011483, 1.000055, 26039, 26039, 26039, 0, 6794, 0, 0, 1, 0, 0, 0, 30987918, 26037.576241, 26037.576241, 0.000000
9084, 4, 5.000472, 210002886, 1.000014, 26015, 26015, 26022, 0, 6789, 0, 0, 0, 0, 0, 0, 31440813, 26014.642484, 26021.642388, 0.000000
9084, 5, 6.000519, 210009858, 1.000047, 25901, 25901, 25898, 0, 6756, 0, 0, 0, 0, 0, 0, 31513443, 25899.784190, 25896.784331, 0.000000
9084, 6, 7.000665, 210030553, 1.000145, 25974, 25974, 25973, 0, 6774, 0, 0, 1, 0, 0, 0, 31353920, 25970.221580, 25969.221726, 0.000000
9084, 7, 8.000666, 210000183, 1.000001, 25976, 25976, 25981, 0, 6780, 0, 0, 0, 0, 0, 0, 31492046, 25975.977364, 25980.977359, 0.000000
