ThreadID, cIDX, Time, cycles, deltaT, RX, OnRX, TX, SupTX, OnTX, Idle, OnIdle, Blocked, CacheMiss, CacheHit, CacheWB, CPUIdle, RX/s, TX/s, Sup/s
8910, 0, 0, 0, 0, 0, 0, 0, 0, 0, 0, 0, 0, 0, 0, 0, 0, 0, 0, 0
8910, 0, 1.000004, 210000785, 1.000004, 27269, 27269, 27272, 0, 6818, 0, 0, 0, 632001, 182352793, 249227, 28634351, 27268.898066, 27271.898055, 0.000000
8910, 1, 2.000118, 210023933, 1.000114, 27099, 27099, 27092, 0, 6773, 0, 0, 6, 563736, 182472428, 216019, 28503661, 27095.911969, 27088.912767, 0.000000
8910, 2, 3.000142, 210005167, 1.000025, 27108, 27108, 27116, 0, 6779, 0, 0, 5, 551340, 182413450, 211007, 28578335, 27107.333031, 27115.332834, 0.000000
8910, 3, 4.000175, 210006780, 1.000032, 27223, 27223, 27216, 0, 6804, 0, 0, 2, 543598, 182523417, 207397, 28416837, 27222.121114, 27215.121340, 0.000000
8910, 4, 5.000184, 210001901, 1.000009, 27102, 27102, 27100, 0, 6775, 0, 0, 0, 535209, 182146696, 203566, 29197394, 27101.754665, 27099.754683, 0.000000
8910, 5, 6.000189, 210001203, 1.000006, 27086, 27086, 27093, 0, 6774, 0, 0, 0, 531034, 182102920, 201759, 29265327, 27085.844837, 27092.844797, 0.000000
8910, 6, 7.000207, 210003606, 1.000017, 27200, 27200, 27192, 0, 6798, 0, 0, 0, 521876, 182095173, 196168, 29337071, 27199.532945, 27191.533083, 0.000000
8910, 7, 8.000233, 210005596, 1.000027, 27099, 27099, 27107, 0, 6776, 0, 0, 0, 519306, 182159404, 194300, 29226753, 27098.277895, 27106.277682, 0.000000
