ThreadID, cIDX, Time, cycles, deltaT, RX, OnRX, TX, SupTX, OnTX, Idle, OnIdle, Blocked, CacheMiss, CacheHit, CacheWB, CPUIdle, RX/s, TX/s, Sup/s
123, 0, 0, 0, 0, 0, 0, 0, 0, 0, 0, 0, 0, 0, 0, 0, 0, 0, 0, 0
123, 0, 1.000012, 210002432, 1.000012, 27223, 27223, 27228, 0, 6807, 0, 0, 0, 0, 0, 0, 28472984, 27222.684735, 27227.684677, 0.000000
123, 1, 2.000013, 210000253, 1.000001, 27096, 27096, 27096, 0, 6774, 0, 0, 0, 0, 0, 0, 28524726, 27095.967356, 27095.967356, 0.000000
123, 2, 3.000068, 210011569, 1.000055, 27117, 27117, 27104, 0, 6776, 0, 0, 0, 0, 0, 0, 28802121, 27115.506194, 27102.506910, 0.000000
123, 3, 4.000071, 210000725, 1.000003, 27196, 27196, 27200, 0, 6800, 0, 0, 3, 0, 0, 0, 28666907, 27195.906109, 27199.906096, 0.000000
123, 4, 5.000092, 210004330, 1.000021, 27158, 27158, 27160, 0, 6790, 0, 0, 0, 0, 0, 0, 28923085, 27157.440039, 27159.439998, 0.000000
123, 5, 6.000188, 210020192, 1.000096, 27085, 27085, 27088, 0, 6772, 0, 0, 0, 0, 0, 0, 29198127, 27082.395963, 27085.395675, 0.000000
123, 6, 7.000192, 210000824, 1.000004, 27069, 27069, 27075, 0, 6769, 0, 0, 0, 0, 0, 0, 29060009, 27068.893787, 27074.893763, 0.000000
123, 7, 8.000200, 210001634, 1.000008, 27233, 27233, 27226, 0, 6807, 0, 0, 0, 0, 0, 0, 28827985, 27232.788103, 27225.788157, 0.000000
