ThreadID, cIDX, Time, cycles, deltaT, RX, OnRX, TX, SupTX, OnTX, Idle, OnIdle, Blocked, CacheMiss, CacheHit, CacheWB, CPUIdle, RX/s, TX/s, Sup/s
8433, 0, 0, 0, 0, 0, 0, 0, 0, 0, 0, 0, 0, 0, 0, 0, 0, 0, 0, 0
8433, 0, 1.000007, 210001555, 1.000007, 31621, 31621, 31632, 0, 7908, 0, 0, 1, 0, 0, 0, 30291831, 31620.765856, 31631.765774, 0.000000
8433, 1, 2.000121, 210023843, 1.000114, 31678, 31678, 31652, 0, 7913, 0, 0, 10, 0, 0, 0, 30226906, 31674.403749, 31648.406700, 0.000000
8433, 2, 3.000149, 210005806, 1.000028, 31691, 31691, 31712, 0, 7928, 0, 0, 3, 0, 0, 0, 30512342, 31690.123844, 31711.123263, 0.000000
8433, 3, 4.000312, 210034369, 1.000164, 31732, 31732, 31713, 0, 7929, 0, 0, 8, 0, 0, 0, 30342511, 31726.807530, 31707.810639, 0.000000
8433, 4, 5.000541, 210048004, 1.000229, 31680, 31680, 31683, 0, 7920, 0, 0, 1, 0, 0, 0, 30530983, 31672.759909, 31675.759223, 0.000000
8433, 5, 6.000549, 210001743, 1.000008, 31611, 31611, 31629, 0, 7908, 0, 0, 3, 0, 0, 0, 30915934, 31610.737631, 31628.737481, 0.000000
8433, 6, 7.000659, 210023129, 1.000110, 31640, 31640, 31621, 0, 7905, 0, 0, 1, 0, 0, 0, 30957022, 31636.515614, 31617.517707, 0.000000
8433, 7, 8.001072, 210086661, 1.000413, 31637, 31637, 31634, 0, 7908, 0, 0, 0, 0, 0, 0, 30722195, 31623.949700, 31620.950937, 0.000000
