ThreadID, cIDX, Time, cycles, deltaT, RX, OnRX, TX, SupTX, OnTX, Idle, OnIdle, Blocked, CacheMiss, CacheHit, CacheWB, CPUIdle, RX/s, TX/s, Sup/s
1340, 0, 0, 0, 0, 0, 0, 0, 0, 0, 0, 0, 0, 0, 0, 0, 0, 0, 0, 0
1340, 0, 1.000109, 210022899, 1.000109, 27229, 27229, 27236, 0, 6809, 0, 0, 1, 0, 0, 0, 28253858, 27226.031196, 27233.030433, 0.000000
1340, 1, 2.000327, 210045730, 1.000218, 27138, 27138, 27132, 0, 6783, 0, 0, 0, 0, 0, 0, 28399814, 27132.091664, 27126.092970, 0.000000
1340, 2, 3.000332, 210001193, 1.000006, 27129, 27129, 27127, 0, 6782, 0, 0, 8, 0, 0, 0, 28402437, 27128.845882, 27126.845894, 0.000000
1340, 3, 4.000581, 210052114, 1.000248, 27066, 27066, 27061, 0, 6765, 0, 0, 1, 0, 0, 0, 28509957, 27059.284916, 27054.286157, 0.000000
1340, 4, 5.000590, 210001876, 1.000009, 27096, 27096, 27101, 0, 6776, 0, 0, 2, 0, 0, 0, 28664699, 27095.757945, 27100.757900, 0.000000
1340, 5, 6.000627, 210007920, 1.000038, 27156, 27156, 27159, 0, 6789, 0, 0, 0, 0, 0, 0, 29040184, 27154.975869, 27157.975756, 0.000000
1340, 6, 7.000647, 210004150, 1.000020, 27001, 27001, 27000, 0, 6750, 0, 0, 0, 0, 0, 0, 28798545, 27000.466419, 26999.466439, 0.000000
1340, 7, 8.000715, 210014362, 1.000068, 27151, 27151, 27148, 0, 6787, 0, 0, 0, 0, 0, 0, 28691360, 27149.143257, 27146.143462, 0.000000
