ThreadID, cIDX, Time, cycles, deltaT, RX, OnRX, TX, SupTX, OnTX, Idle, OnIdle, Blocked, CacheMiss, CacheHit, CacheWB, CPUIdle, RX/s, TX/s, Sup/s
659, 0, 0, 0, 0, 0, 0, 0, 0, 0, 0, 0, 0, 0, 0, 0, 0, 0, 0, 0
659, 0, 1.000002, 210000412, 1.000002, 31578, 31578, 31572, 0, 7893, 0, 0, 0, 0, 0, 0, 27490026, 31577.938047, 31571.938059, 0.000000
659, 1, 2.000130, 210026787, 1.000128, 31650, 31650, 31668, 0, 7917, 0, 0, 3, 0, 0, 0, 27437429, 31645.963331, 31663.961036, 0.000000
659, 2, 3.000197, 210014157, 1.000067, 31719, 31719, 31720, 0, 7930, 0, 0, 0, 0, 0, 0, 27698148, 31716.861830, 31717.861763, 0.000000
659, 3, 4.000228, 210006577, 1.000031, 31710, 31710, 31688, 0, 7922, 0, 0, 0, 0, 0, 0, 27599272, 31709.006904, 31687.007593, 0.000000
659, 4, 5.000603, 210078609, 1.000374, 31683, 31683, 31676, 0, 7919, 0, 0, 0, 0, 0, 0, 28067603, 31671.144586, 31664.147205, 0.000000
659, 5, 6.000612, 210002012, 1.000010, 31627, 31627, 31642, 0, 7911, 0, 0, 0, 0, 0, 0, 28372238, 31626.696986, 31641.696842, 0.000000
659, 6, 7.000814, 210042353, 1.000202, 31661, 31661, 31646, 0, 7911, 0, 0, 0, 0, 0, 0, 28226873, 31654.615867, 31639.618892, 0.000000
659, 7, 8.001174, 210075568, 1.000360, 31622, 31622, 31624, 0, 7906, 0, 0, 1, 0, 0, 0, 28193410, 31610.624992, 31612.624272, 0.000000
