ThreadID, cIDX, Time, cycles, deltaT, RX, OnRX, TX, SupTX, OnTX, Idle, OnIdle, Blocked, CacheMiss, CacheHit, CacheWB, CPUIdle, RX/s, TX/s, Sup/s
8193, 0, 0, 0, 0, 0, 0, 0, 0, 0, 0, 0, 0, 0, 0, 0, 0, 0, 0, 0
8193, 0, 1.000002, 210000359, 1.000002, 31693, 31693, 31700, 0, 7925, 0, 0, 0, 662403, 182129093, 271485, 31614209, 31692.945820, 31699.945808, 0.000000
8193, 1, 2.000095, 210019661, 1.000094, 31685, 31685, 31672, 0, 7918, 0, 0, 0, 581529, 182223359, 232804, 31567479, 31682.033807, 31669.035024, 0.000000
8193, 2, 3.000331, 210049547, 1.000236, 31703, 31703, 31701, 0, 7926, 0, 0, 10, 569091, 182189004, 228464, 31798201, 31695.521819, 31693.522291, 0.000000
8193, 3, 4.000371, 210008310, 1.000040, 31670, 31670, 31686, 0, 7921, 0, 0, 7, 551879, 182227335, 220093, 31562489, 31668.746822, 31684.746189, 0.000000
8193, 4, 5.000832, 210096769, 1.000461, 31653, 31653, 31629, 0, 7907, 0, 0, 0, 532270, 182093339, 209646, 31999522, 31638.420865, 31614.431919, 0.000000
8193, 5, 6.000880, 210010136, 1.000048, 31602, 31602, 31632, 0, 7908, 0, 0, 2, 526351, 181821698, 207556, 32310583, 31600.474750, 31630.473302, 0.000000
8193, 6, 7.000899, 210004087, 1.000019, 31599, 31599, 31596, 0, 7899, 0, 0, 0, 525809, 181893724, 207500, 32312973, 31598.385035, 31595.385094, 0.000000
8193, 7, 8.001189, 210060752, 1.000289, 31632, 31632, 31604, 0, 7901, 0, 0, 5, 527029, 182187386, 208067, 31765495, 31622.851660, 31594.859758, 0.000000
