ThreadID, cIDX, Time, cycles, deltaT, RX, OnRX, TX, SupTX, OnTX, Idle, OnIdle, Blocked, CacheMiss, CacheHit, CacheWB, CPUIdle, RX/s, TX/s, Sup/s
9389, 0, 0, 0, 0, 0, 0, 0, 0, 0, 0, 0, 0, 0, 0, 0, 0, 0, 0, 0
9389, 0, 1.000399, 210083768, 1.000399, 27267, 27267, 27268, 0, 6817, 0, 0, 1, 0, 0, 0, 28538941, 27256.127660, 27257.127262, 0.000000
9389, 1, 2.000676, 210058269, 1.000277, 27149, 27149, 27145, 0, 6787, 0, 0, 8, 0, 0, 0, 28289752, 27141.469018, 27137.470127, 0.000000
9389, 2, 3.000711, 210007279, 1.000035, 27132, 27132, 27132, 0, 6783, 0, 0, 6, 0, 0, 0, 28264648, 27131.059586, 27131.059586, 0.000000
9389, 3, 4.000714, 210000713, 1.000003, 27179, 27179, 27179, 0, 6794, 0, 0, 9, 0, 0, 0, 28265051, 27178.907721, 27178.907721, 0.000000
9389, 4, 5.000800, 210017880, 1.000085, 27105, 27105, 27100, 0, 6775, 0, 0, 3, 0, 0, 0, 28491433, 27102.692399, 27097.692825, 0.000000
9389, 5, 6.000897, 210020374, 1.000097, 27044, 27044, 27042, 0, 6761, 0, 0, 8, 0, 0, 0, 29023115, 27041.376471, 27039.376665, 0.000000
9389, 6, 7.000902, 210001061, 1.000005, 27146, 27146, 27156, 0, 6789, 0, 0, 0, 0, 0, 0, 28933897, 27145.862849, 27155.862798, 0.000000
9389, 7, 8.000946, 210009355, 1.000045, 27063, 27063, 27066, 0, 6766, 0, 0, 0, 0, 0, 0, 28780528, 27061.794461, 27064.794328, 0.000000
