ThreadID, cIDX, Time, cycles, deltaT, RX, OnRX, TX, SupTX, OnTX, Idle, OnIdle, Blocked, CacheMiss, CacheHit, CacheWB, CPUIdle, RX/s, TX/s, Sup/s
194, 0, 0, 0, 0, 0, 0, 0, 0, 0, 0, 0, 0, 0, 0, 0, 0, 0, 0, 0
194, 0, 1.000013, 210002664, 1.000013, 31626, 31626, 31636, 0, 7909, 0, 0, 0, 700214, 183266556, 293020, 26738618, 31625.598807, 31635.598680, 0.000000
194, 1, 2.000017, 210000972, 1.000005, 31688, 31688, 31689, 0, 7923, 0, 0, 0, 596921, 183372005, 240642, 26587720, 31687.853331, 31688.853326, 0.000000
194, 2, 3.000100, 210017335, 1.000083, 31711, 31711, 31703, 0, 7925, 0, 0, 1, 577899, 183322463, 234457, 26739237, 31708.382549, 31700.383209, 0.000000
194, 3, 4.000361, 210054779, 1.000261, 31680, 31680, 31668, 0, 7917, 0, 0, 0, 569460, 183379545, 230078, 26616010, 31671.738352, 31659.741481, 0.000000
194, 4, 5.000401, 210008356, 1.000040, 31662, 31662, 31680, 0, 7920, 0, 0, 0, 558900, 183186319, 224666, 26887690, 31660.740204, 31678.739488, 0.000000
194, 5, 6.000693, 210061518, 1.000293, 31594, 31594, 31576, 0, 7894, 0, 0, 0, 545379, 183021703, 218011, 27277638, 31584.747474, 31566.752745, 0.000000
194, 6, 7.000699, 210001257, 1.000006, 31634, 31634, 31641, 0, 7911, 0, 0, 0, 543391, 183028990, 216760, 27228835, 31633.810649, 31640.810607, 0.000000
194, 7, 8.000711, 210002358, 1.000011, 31603, 31603, 31607, 0, 7901, 0, 0, 0, 543971, 183099488, 218071, 27064663, 31602.645147, 31606.645103, 0.000000
