ThreadID, cIDX, Time, cycles, deltaT, RX, OnRX, TX, SupTX, OnTX, Idle, OnIdle, Blocked, CacheMiss, CacheHit, CacheWB, CPUIdle, RX/s, TX/s, Sup/s
2425, 0, 0, 0, 0, 0, 0, 0, 0, 0, 0, 0, 0, 0, 0, 0, 0, 0, 0, 0
2425, 0, 1.000468, 210098313, 1.000468, 27169, 27169, 27171, 0, 6793, 0, 0, 2, 0, 0, 0, 30739746, 27156.286590, 27158.285655, 0.000000
2425, 1, 2.000545, 210016143, 1.000077, 27153, 27153, 27153, 0, 6788, 0, 0, 1, 0, 0, 0, 30735874, 27150.912871, 27150.912871, 0.000000
2425, 2, 3.000782, 210049704, 1.000237, 27148, 27148, 27148, 0, 6787, 0, 0, 2, 0, 0, 0, 30994353, 27141.575977, 27141.575977, 0.000000
2425, 3, 4.000824, 210008790, 1.000042, 27180, 27180, 27180, 0, 6795, 0, 0, 6, 0, 0, 0, 31049269, 27178.862370, 27178.862370, 0.000000
2425, 4, 5.000825, 210000256, 1.000001, 27176, 27176, 27183, 0, 6796, 0, 0, 4, 0, 0, 0, 31170918, 27175.966871, 27182.966863, 0.000000
2425, 5, 6.000856, 210006515, 1.000031, 27031, 27031, 27024, 0, 6756, 0, 0, 1, 0, 0, 0, 31650858, 27030.161421, 27023.161639, 0.000000
2425, 6, 7.000859, 210000765, 1.000004, 27192, 27192, 27191, 0, 6798, 0, 0, 0, 0, 0, 0, 31590169, 27191.900944, 27190.900947, 0.000000
2425, 7, 8.000873, 210002840, 1.000014, 27128, 27128, 27134, 0, 6783, 0, 0, 0, 0, 0, 0, 31535814, 27127.633131, 27133.633050, 0.000000
