ThreadID, cIDX, Time, cycles, deltaT, RX, OnRX, TX, SupTX, OnTX, Idle, OnIdle, Blocked, CacheMiss, CacheHit, CacheWB, CPUIdle, RX/s, TX/s, Sup/s
222, 0, 0, 0, 0, 0, 0, 0, 0, 0, 0, 0, 0, 0, 0, 0, 0, 0, 0, 0
222, 0, 1.000236, 210049568, 1.000236, 27240, 27240, 27244, 0, 6811, 0, 0, 0, 0, 0, 0, 26749306, 27233.571840, 27237.570896, 0.000000
222, 1, 2.000303, 210014109, 1.000067, 27106, 27106, 27104, 0, 6776, 0, 0, 2, 0, 0, 0, 26610367, 27104.178986, 27102.179121, 0.000000
222, 2, 3.000413, 210023054, 1.000110, 27109, 27109, 27108, 0, 6777, 0, 0, 1, 0, 0, 0, 26772856, 27106.024275, 27105.024385, 0.000000
222, 3, 4.000587, 210036478, 1.000174, 27210, 27210, 27204, 0, 6801, 0, 0, 0, 0, 0, 0, 26619854, 27205.274314, 27199.275356, 0.000000
222, 4, 5.000736, 210031264, 1.000149, 27126, 27126, 27132, 0, 6783, 0, 0, 1, 0, 0, 0, 26895109, 27121.962186, 27127.961292, 0.000000
222, 5, 6.000774, 210007974, 1.000038, 27093, 27093, 27088, 0, 6772, 0, 0, 0, 0, 0, 0, 27380512, 27091.971279, 27086.971469, 0.000000
222, 6, 7.000941, 210035171, 1.000167, 27126, 27126, 27132, 0, 6783, 0, 0, 1, 0, 0, 0, 27275560, 27121.457672, 27127.456668, 0.000000
222, 7, 8.000958, 210003479, 1.000017, 27200, 27200, 27197, 0, 6800, 0, 0, 1, 0, 0, 0, 27191105, 27199.549394, 27196.549444, 0.000000
