ThreadID, cIDX, Time, cycles, deltaT, RX, OnRX, TX, SupTX, OnTX, Idle, OnIdle, Blocked, CacheMiss, CacheHit, CacheWB, CPUIdle, RX/s, TX/s, Sup/s
10449, 0, 0, 0, 0, 0, 0, 0, 0, 0, 0, 0, 0, 0, 0, 0, 0, 0, 0, 0
10449, 0, 1.000767, 210161009, 1.000767, 31648, 31648, 31644, 0, 7911, 0, 0, 5, 0, 0, 0, 29129563, 31623.753767, 31619.756831, 0.000000
10449, 1, 2.000864, 210020446, 1.000097, 31668, 31668, 31680, 0, 7920, 0, 0, 3, 0, 0, 0, 29165104, 31664.917043, 31676.915875, 0.000000
10449, 2, 3.000876, 210002452, 1.000012, 31711, 31711, 31691, 0, 7923, 0, 0, 4, 0, 0, 0, 29138053, 31710.629741, 31690.629974, 0.000000
10449, 3, 4.000960, 210017724, 1.000084, 31686, 31686, 31699, 0, 7925, 0, 0, 8, 0, 0, 0, 29312442, 31683.325927, 31696.324830, 0.000000
10449, 4, 5.001011, 210010579, 1.000050, 31642, 31642, 31616, 0, 7904, 0, 0, 3, 0, 0, 0, 29439394, 31640.406077, 31614.407387, 0.000000
10449, 5, 6.001013, 210000593, 1.000003, 31552, 31552, 31568, 0, 7892, 0, 0, 0, 0, 0, 0, 30004735, 31551.910903, 31567.910858, 0.000000
10449, 6, 7.001126, 210023748, 1.000113, 31678, 31678, 31694, 0, 7923, 0, 0, 0, 0, 0, 0, 29997891, 31674.418076, 31690.416267, 0.000000
10449, 7, 8.001134, 210001608, 1.000008, 31586, 31586, 31572, 0, 7893, 0, 0, 0, 0, 0, 0, 29756337, 31585.758143, 31571.758251, 0.000000
