ThreadID, cIDX, Time, cycles, deltaT, RX, OnRX, TX, SupTX, OnTX, Idle, OnIdle, Blocked, CacheMiss, CacheHit, CacheWB, CPUIdle, RX/s, TX/s, Sup/s
287, 0, 0, 0, 0, 0, 0, 0, 0, 0, 0, 0, 0, 0, 0, 0, 0, 0, 0, 0
287, 0, 1.000016, 210003419, 1.000016, 27195, 27195, 27193, 0, 6799, 0, 0, 0, 0, 0, 0, 27561901, 27194.557247, 27192.557279, 0.000000
287, 1, 2.000099, 210017295, 1.000082, 27091, 27091, 27099, 0, 6774, 0, 0, 2, 0, 0, 0, 27592926, 27088.769046, 27096.768388, 0.000000
287, 2, 3.000107, 210001753, 1.000008, 27140, 27140, 27137, 0, 6785, 0, 0, 0, 0, 0, 0, 27742537, 27139.773448, 27136.773473, 0.000000
287, 3, 4.000111, 210000835, 1.000004, 27190, 27190, 27184, 0, 6796, 0, 0, 0, 0, 0, 0, 27674063, 27189.891888, 27183.891912, 0.000000
287, 4, 5.000112, 210000231, 1.000001, 27164, 27164, 27167, 0, 6791, 0, 0, 0, 0, 0, 0, 27828972, 27163.970120, 27166.970116, 0.000000
287, 5, 6.000113, 210000234, 1.000001, 27101, 27101, 27100, 0, 6775, 0, 0, 0, 0, 0, 0, 28345521, 27100.969802, 27099.969803, 0.000000
287, 6, 7.000134, 210004440, 1.000021, 27142, 27142, 27136, 0, 6784, 0, 0, 0, 0, 0, 0, 28323049, 27141.426153, 27135.426280, 0.000000
287, 7, 8.000206, 210015064, 1.000072, 27202, 27202, 27208, 0, 6802, 0, 0, 0, 0, 0, 0, 28236163, 27200.048850, 27206.048419, 0.000000
