ThreadID, cIDX, Time, cycles, deltaT, RX, OnRX, TX, SupTX, OnTX, Idle, OnIdle, Blocked, CacheMiss, CacheHit, CacheWB, CPUIdle, RX/s, TX/s, Sup/s
1390, 0, 0, 0, 0, 0, 0, 0, 0, 0, 0, 0, 0, 0, 0, 0, 0, 0, 0, 0
1390, 0, 1.000029, 210006004, 1.000029, 27243, 27243, 27237, 0, 6810, 0, 0, 0, 0, 0, 0, 28980383, 27242.221132, 27236.221303, 0.000000
1390, 1, 2.000338, 210064949, 1.000309, 27138, 27138, 27143, 0, 6785, 0, 0, 5, 0, 0, 0, 29188589, 27129.609329, 27134.607783, 0.000000
1390, 2, 3.000650, 210065548, 1.000312, 27156, 27156, 27156, 0, 6789, 0, 0, 0, 0, 0, 0, 29146937, 27147.526352, 27147.526352, 0.000000
1390, 3, 4.000663, 210002697, 1.000013, 27186, 27186, 27192, 0, 6798, 0, 0, 1, 0, 0, 0, 29061638, 27185.650859, 27191.650782, 0.000000
1390, 4, 5.000671, 210001815, 1.000009, 27088, 27088, 27083, 0, 6771, 0, 0, 0, 0, 0, 0, 29367801, 27087.765884, 27082.765928, 0.000000
1390, 5, 6.000750, 210016405, 1.000078, 27042, 27042, 27045, 0, 6761, 0, 0, 1, 0, 0, 0, 29671184, 27039.887670, 27042.887435, 0.000000
1390, 6, 7.000775, 210005349, 1.000025, 27172, 27172, 27169, 0, 6793, 0, 0, 0, 0, 0, 0, 29544807, 27171.307908, 27168.307984, 0.000000
1390, 7, 8.000777, 210000492, 1.000002, 27046, 27046, 27045, 0, 6761, 0, 0, 0, 0, 0, 0, 29323122, 27045.936635, 27044.936638, 0.000000
