ThreadID, cIDX, Time, cycles, deltaT, RX, OnRX, TX, SupTX, OnTX, Idle, OnIdle, Blocked, CacheMiss, CacheHit, CacheWB, CPUIdle, RX/s, TX/s, Sup/s
11128, 0, 0, 0, 0, 0, 0, 0, 0, 0, 0, 0, 0, 0, 0, 0, 0, 0, 0, 0
11128, 0, 1.000046, 210009663, 1.000046, 27157, 27157, 27156, 0, 6789, 0, 0, 0, 0, 0, 0, 30921856, 27155.750448, 27154.750494, 0.000000
11128, 1, 2.000054, 210001587, 1.000008, 27124, 27124, 27132, 0, 6783, 0, 0, 7, 0, 0, 0, 30803476, 27123.795022, 27131.794961, 0.000000
11128, 2, 3.000087, 210007003, 1.000033, 27139, 27139, 27133, 0, 6784, 0, 0, 0, 0, 0, 0, 30909344, 27138.095009, 27132.095209, 0.000000
11128, 3, 4.000088, 210000298, 1.000001, 27179, 27179, 27184, 0, 6796, 0, 0, 4, 0, 0, 0, 30977793, 27178.961432, 27183.961425, 0.000000
11128, 4, 5.000116, 210005879, 1.000028, 27149, 27149, 27147, 0, 6786, 0, 0, 1, 0, 0, 0, 31228363, 27148.239979, 27146.240035, 0.000000
11128, 5, 6.000138, 210004496, 1.000021, 27038, 27038, 27033, 0, 6759, 0, 0, 1, 0, 0, 0, 31650675, 27037.421142, 27032.421249, 0.000000
11128, 6, 7.000199, 210012950, 1.000062, 27074, 27074, 27071, 0, 6767, 0, 0, 0, 0, 0, 0, 31651222, 27072.330540, 27069.330725, 0.000000
11128, 7, 8.000239, 210008223, 1.000039, 27167, 27167, 27180, 0, 6795, 0, 0, 0, 0, 0, 0, 31266912, 27165.936260, 27178.935751, 0.000000
