ThreadID, cIDX, Time, cycles, deltaT, RX, OnRX, TX, SupTX, OnTX, Idle, OnIdle, Blocked, CacheMiss, CacheHit, CacheWB, CPUIdle, RX/s, TX/s, Sup/s
11125, 0, 0, 0, 0, 0, 0, 0, 0, 0, 0, 0, 0, 0, 0, 0, 0, 0, 0, 0
11125, 0, 1.000097, 210020418, 1.000097, 31518, 31518, 31516, 0, 7879, 0, 0, 0, 0, 0, 0, 30937103, 31514.935848, 31512.936042, 0.000000
11125, 1, 2.000148, 210010617, 1.000051, 31639, 31639, 31634, 0, 7909, 0, 0, 9, 0, 0, 0, 30811209, 31637.400503, 31632.400756, 0.000000
11125, 2, 3.000278, 210027255, 1.000130, 31677, 31677, 31694, 0, 7923, 0, 0, 7, 0, 0, 0, 30930361, 31672.889311, 31689.887105, 0.000000
11125, 3, 4.000297, 210003990, 1.000019, 31625, 31625, 31614, 0, 7904, 0, 0, 6, 0, 0, 0, 30971131, 31624.399136, 31613.399345, 0.000000
11125, 4, 5.000337, 210008563, 1.000041, 31675, 31675, 31680, 0, 7920, 0, 0, 8, 0, 0, 0, 31220145, 31673.708467, 31678.708263, 0.000000
11125, 5, 6.000341, 210000850, 1.000004, 31656, 31656, 31643, 0, 7911, 0, 0, 5, 0, 0, 0, 31630391, 31655.871869, 31642.871922, 0.000000
11125, 6, 7.000653, 210065347, 1.000311, 31515, 31515, 31503, 0, 7875, 0, 0, 2, 0, 0, 0, 31653963, 31505.196333, 31493.200066, 0.000000
11125, 7, 8.001043, 210081955, 1.000390, 31759, 31759, 31764, 0, 7941, 0, 0, 0, 0, 0, 0, 31273889, 31746.610507, 31751.608557, 0.000000
