ThreadID, cIDX, Time, cycles, deltaT, RX, OnRX, TX, SupTX, OnTX, Idle, OnIdle, Blocked, CacheMiss, CacheHit, CacheWB, CPUIdle, RX/s, TX/s, Sup/s
10512, 0, 0, 0, 0, 0, 0, 0, 0, 0, 0, 0, 0, 0, 0, 0, 0, 0, 0, 0
10512, 0, 1.000019, 210003917, 1.000019, 31715, 31715, 31717, 0, 7930, 0, 0, 1, 0, 0, 0, 29733706, 31714.408451, 31716.408413, 0.000000
10512, 1, 2.000059, 210008389, 1.000040, 31704, 31704, 31699, 0, 7924, 0, 0, 4, 0, 0, 0, 29887531, 31702.733551, 31697.733751, 0.000000
10512, 2, 3.000069, 210002169, 1.000010, 31703, 31703, 31701, 0, 7926, 0, 0, 4, 0, 0, 0, 29719643, 31702.672557, 31700.672577, 0.000000
10512, 3, 4.000079, 210002219, 1.000011, 31611, 31611, 31612, 0, 7903, 0, 0, 4, 0, 0, 0, 30089230, 31610.665981, 31611.665970, 0.000000
10512, 4, 5.000089, 210001920, 1.000009, 31613, 31613, 31604, 0, 7901, 0, 0, 4, 0, 0, 0, 30333180, 31612.710969, 31603.711052, 0.000000
10512, 5, 6.000095, 210001286, 1.000006, 31655, 31655, 31667, 0, 7916, 0, 0, 3, 0, 0, 0, 30796924, 31654.806152, 31666.806079, 0.000000
10512, 6, 7.000096, 210000274, 1.000001, 31512, 31512, 31520, 0, 7880, 0, 0, 1, 0, 0, 0, 30769202, 31511.958884, 31519.958874, 0.000000
10512, 7, 8.000100, 210000731, 1.000003, 31612, 31612, 31614, 0, 7904, 0, 0, 0, 0, 0, 0, 30426215, 31611.889961, 31613.889954, 0.000000
