ThreadID, cIDX, Time, cycles, deltaT, RX, OnRX, TX, SupTX, OnTX, Idle, OnIdle, Blocked, CacheMiss, CacheHit, CacheWB, CPUIdle, RX/s, TX/s, Sup/s
66, 0, 0, 0, 0, 0, 0, 0, 0, 0, 0, 0, 0, 0, 0, 0, 0, 0, 0, 0
66, 0, 1.000035, 210007447, 1.000035, 31717, 31717, 31712, 0, 7928, 0, 0, 0, 691280, 183420553, 285078, 26616451, 31715.875295, 31710.875472, 0.000000
66, 1, 2.000062, 210005648, 1.000027, 31680, 31680, 31672, 0, 7918, 0, 0, 2, 599788, 183487735, 239421, 26530453, 31679.147982, 31671.148197, 0.000000
66, 2, 3.000083, 210004237, 1.000020, 31685, 31685, 31700, 0, 7925, 0, 0, 2, 584786, 183382075, 232087, 26777766, 31684.360730, 31699.360428, 0.000000
66, 3, 4.000106, 210004950, 1.000024, 31641, 31641, 31636, 0, 7909, 0, 0, 0, 580751, 183415174, 230415, 26771737, 31640.254194, 31635.254312, 0.000000
66, 4, 5.000160, 210011395, 1.000054, 31629, 31629, 31644, 0, 7911, 0, 0, 1, 572234, 183239292, 227399, 27115031, 31627.283843, 31642.283029, 0.000000
66, 5, 6.000397, 210049622, 1.000236, 31634, 31634, 31608, 0, 7902, 0, 0, 0, 559260, 183160483, 220224, 27331465, 31626.526802, 31600.532945, 0.000000
66, 6, 7.000398, 210000378, 1.000002, 31579, 31579, 31607, 0, 7902, 0, 0, 0, 549676, 183176143, 215342, 27166758, 31578.943158, 31606.943108, 0.000000
66, 7, 8.000400, 210000264, 1.000001, 31628, 31628, 31609, 0, 7902, 0, 0, 0, 547845, 183327673, 214271, 26774551, 31627.960239, 31608.960263, 0.000000
