ThreadID, cIDX, Time, cycles, deltaT, RX, OnRX, TX, SupTX, OnTX, Idle, OnIdle, Blocked, CacheMiss, CacheHit, CacheWB, CPUIdle, RX/s, TX/s, Sup/s
8457, 0, 0, 0, 0, 0, 0, 0, 0, 0, 0, 0, 0, 0, 0, 0, 0, 0, 0, 0
8457, 0, 1.000275, 210057722, 1.000275, 27183, 27183, 27184, 0, 6796, 0, 0, 0, 648844, 182423730, 261869, 31171835, 27175.530353, 27176.530078, 0.000000
8457, 1, 2.000307, 210006739, 1.000032, 27184, 27184, 27183, 0, 6796, 0, 0, 3, 569803, 182515442, 221642, 31095985, 27183.127680, 27182.127713, 0.000000
8457, 2, 3.000314, 210001573, 1.000007, 27104, 27104, 27108, 0, 6777, 0, 0, 9, 545499, 182425996, 207136, 31233522, 27103.796980, 27107.796950, 0.000000
8457, 3, 4.000321, 210001333, 1.000006, 27177, 27177, 27173, 0, 6793, 0, 0, 0, 534533, 182496500, 203138, 31137254, 27176.827492, 27172.827517, 0.000000
8457, 4, 5.000344, 210004904, 1.000023, 27110, 27110, 27111, 0, 6778, 0, 0, 0, 529233, 182299194, 201039, 31421042, 27109.366932, 27110.366908, 0.000000
8457, 5, 6.000365, 210004281, 1.000020, 27016, 27016, 27009, 0, 6752, 0, 0, 0, 522312, 182121166, 196402, 31732751, 27015.449271, 27008.449413, 0.000000
8457, 6, 7.000377, 210002561, 1.000012, 27188, 27188, 27196, 0, 6799, 0, 0, 3, 517238, 182147108, 193266, 31780715, 27187.668440, 27195.668342, 0.000000
8457, 7, 8.000428, 210010872, 1.000052, 27072, 27072, 27068, 0, 6767, 0, 0, 0, 515922, 182240582, 192038, 31515679, 27070.598516, 27066.598724, 0.000000
