ThreadID, cIDX, Time, cycles, deltaT, RX, OnRX, TX, SupTX, OnTX, Idle, OnIdle, Blocked, CacheMiss, CacheHit, CacheWB, CPUIdle, RX/s, TX/s, Sup/s
290, 0, 0, 0, 0, 0, 0, 0, 0, 0, 0, 0, 0, 0, 0, 0, 0, 0, 0, 0
290, 0, 1.000055, 210011456, 1.000055, 31597, 31597, 31584, 0, 7896, 0, 0, 0, 0, 0, 0, 25843566, 31595.276402, 31582.277112, 0.000000
290, 1, 2.000092, 210007961, 1.000038, 31704, 31704, 31717, 0, 7930, 0, 0, 2, 0, 0, 0, 25856933, 31702.798162, 31715.797669, 0.000000
290, 2, 3.000193, 210021168, 1.000101, 31699, 31699, 31691, 0, 7922, 0, 0, 1, 0, 0, 0, 26058096, 31695.805063, 31687.805869, 0.000000
290, 3, 4.000227, 210007022, 1.000033, 31668, 31668, 31665, 0, 7917, 0, 0, 0, 0, 0, 0, 25890889, 31666.941118, 31663.941218, 0.000000
290, 4, 5.000552, 210068279, 1.000325, 31720, 31720, 31719, 0, 7929, 0, 0, 0, 0, 0, 0, 26110610, 31709.689972, 31708.690297, 0.000000
290, 5, 6.000561, 210002012, 1.000010, 31573, 31573, 31573, 0, 7894, 0, 0, 1, 0, 0, 0, 26549043, 31572.697503, 31572.697503, 0.000000
290, 6, 7.000697, 210028467, 1.000136, 31646, 31646, 31651, 0, 7912, 0, 0, 2, 0, 0, 0, 26569895, 31641.710740, 31646.710062, 0.000000
290, 7, 8.000789, 210019363, 1.000092, 31622, 31622, 31624, 0, 7906, 0, 0, 0, 0, 0, 0, 26532448, 31619.084570, 31621.084385, 0.000000
