ThreadID, cIDX, Time, cycles, deltaT, RX, OnRX, TX, SupTX, OnTX, Idle, OnIdle, Blocked, CacheMiss, CacheHit, CacheWB, CPUIdle, RX/s, TX/s, Sup/s
540, 0, 0, 0, 0, 0, 0, 0, 0, 0, 0, 0, 0, 0, 0, 0, 0, 0, 0, 0
540, 0, 1.000013, 210002708, 1.000013, 27212, 27212, 27220, 0, 6805, 0, 0, 0, 0, 0, 0, 27564088, 27211.649099, 27219.648996, 0.000000
540, 1, 2.000093, 210016865, 1.000080, 27128, 27128, 27116, 0, 6779, 0, 0, 2, 0, 0, 0, 27580305, 27125.821538, 27113.822502, 0.000000
540, 2, 3.000107, 210002891, 1.000014, 27087, 27087, 27089, 0, 6773, 0, 0, 1, 0, 0, 0, 27634931, 27086.627107, 27088.627080, 0.000000
540, 3, 4.000133, 210005435, 1.000026, 27177, 27177, 27171, 0, 6792, 0, 0, 0, 0, 0, 0, 27665706, 27176.296652, 27170.296807, 0.000000
540, 4, 5.000141, 210001779, 1.000008, 27136, 27136, 27143, 0, 6786, 0, 0, 0, 0, 0, 0, 28253058, 27135.770121, 27142.770062, 0.000000
540, 5, 6.000174, 210006867, 1.000033, 27081, 27081, 27081, 0, 6770, 0, 0, 0, 0, 0, 0, 28335380, 27080.114480, 27080.114480, 0.000000
540, 6, 7.000237, 210013132, 1.000063, 27063, 27063, 27064, 0, 6766, 0, 0, 0, 0, 0, 0, 28261963, 27061.307766, 27062.307704, 0.000000
540, 7, 8.000490, 210053118, 1.000253, 27233, 27233, 27228, 0, 6807, 0, 0, 0, 0, 0, 0, 28331221, 27226.113349, 27221.114613, 0.000000
