ThreadID, cIDX, Time, cycles, deltaT, RX, OnRX, TX, SupTX, OnTX, Idle, OnIdle, Blocked, CacheMiss, CacheHit, CacheWB, CPUIdle, RX/s, TX/s, Sup/s
10948, 0, 0, 0, 0, 0, 0, 0, 0, 0, 0, 0, 0, 0, 0, 0, 0, 0, 0, 0
10948, 0, 1.000003, 210000604, 1.000003, 31507, 31507, 31510, 0, 7878, 0, 0, 0, 644592, 182125435, 269686, 28958274, 31506.909380, 31509.909371, 0.000000
10948, 1, 2.000045, 210008925, 1.000042, 31659, 31659, 31662, 0, 7915, 0, 0, 8, 563527, 182123628, 229095, 29118710, 31657.654550, 31660.654422, 0.000000
10948, 2, 3.000051, 210001196, 1.000006, 31684, 31684, 31676, 0, 7919, 0, 0, 8, 555779, 182052087, 226426, 29278507, 31683.819553, 31675.819599, 0.000000
10948, 3, 4.000129, 210016338, 1.000078, 31614, 31614, 31612, 0, 7903, 0, 0, 7, 542184, 182067325, 220327, 29094418, 31611.540622, 31609.540778, 0.000000
10948, 4, 5.000142, 210002710, 1.000013, 31693, 31693, 31708, 0, 7927, 0, 0, 8, 527135, 181838397, 212689, 29696745, 31692.591015, 31707.590821, 0.000000
10948, 5, 6.000166, 210005089, 1.000024, 31572, 31572, 31536, 0, 7884, 0, 0, 6, 519392, 181616956, 208672, 30017852, 31571.234924, 31535.235796, 0.000000
10948, 6, 7.000336, 210035797, 1.000170, 31599, 31599, 31616, 0, 7904, 0, 0, 4, 517719, 181838496, 208791, 29661774, 31593.614492, 31610.611595, 0.000000
10948, 7, 8.000338, 210000258, 1.000001, 31700, 31700, 31720, 0, 7930, 0, 0, 0, 515946, 181843582, 205705, 29727773, 31699.961054, 31719.961030, 0.000000
