ThreadID, cIDX, Time, cycles, deltaT, RX, OnRX, TX, SupTX, OnTX, Idle, OnIdle, Blocked, CacheMiss, CacheHit, CacheWB, CPUIdle, RX/s, TX/s, Sup/s
9478, 0, 0, 0, 0, 0, 0, 0, 0, 0, 0, 0, 0, 0, 0, 0, 0, 0, 0, 0
9478, 0, 1.000002, 210000464, 1.000002, 31608, 31608, 31620, 0, 7905, 0, 0, 0, 660578, 182024981, 272764, 31787838, 31607.930162, 31619.930135, 0.000000
9478, 1, 2.000098, 210020186, 1.000096, 31708, 31708, 31688, 0, 7922, 0, 0, 0, 563913, 182160236, 226057, 31701093, 31704.952399, 31684.954321, 0.000000
9478, 2, 3.000543, 210093276, 1.000444, 31708, 31708, 31711, 0, 7928, 0, 0, 17, 535945, 182064364, 215195, 31934351, 31693.922465, 31696.921133, 0.000000
9478, 3, 4.000551, 210001763, 1.000008, 31609, 31609, 31609, 0, 7902, 0, 0, 8, 523280, 182077849, 209139, 31841929, 31608.734637, 31608.734637, 0.000000
9478, 4, 5.000556, 210001014, 1.000005, 31675, 31675, 31685, 0, 7922, 0, 0, 9, 510181, 181927910, 203426, 32115685, 31674.847056, 31684.847007, 0.000000
9478, 5, 6.000598, 210008941, 1.000043, 31656, 31656, 31651, 0, 7912, 0, 0, 2, 500405, 181734360, 197586, 32482449, 31654.652265, 31649.652478, 0.000000
9478, 6, 7.000796, 210041523, 1.000198, 31681, 31681, 31692, 0, 7923, 0, 0, 1, 497670, 181903551, 195722, 32264332, 31674.737000, 31685.734825, 0.000000
9478, 7, 8.000802, 210001176, 1.000006, 31641, 31641, 31617, 0, 7905, 0, 0, 0, 499482, 181874942, 196602, 32214370, 31640.822811, 31616.822946, 0.000000
