ThreadID, cIDX, Time, cycles, deltaT, RX, OnRX, TX, SupTX, OnTX, Idle, OnIdle, Blocked, CacheMiss, CacheHit, CacheWB, CPUIdle, RX/s, TX/s, Sup/s
8203, 0, 0, 0, 0, 0, 0, 0, 0, 0, 0, 0, 0, 0, 0, 0, 0, 0, 0, 0
8203, 0, 1.000015, 210003137, 1.000015, 27247, 27247, 27244, 0, 6811, 0, 0, 1, 662429, 182130287, 271507, 31614824, 27246.592988, 27243.593033, 0.000000
8203, 1, 2.000028, 210002779, 1.000013, 27121, 27121, 27116, 0, 6779, 0, 0, 2, 581521, 182217939, 232802, 31557417, 27120.641104, 27115.641170, 0.000000
8203, 2, 3.000044, 210003245, 1.000015, 27100, 27100, 27112, 0, 6778, 0, 0, 2, 569064, 182178328, 228456, 31757288, 27099.581247, 27111.581062, 0.000000
8203, 3, 4.000125, 210017121, 1.000082, 27218, 27218, 27212, 0, 6803, 0, 0, 1, 551847, 182220314, 220079, 31583639, 27215.781136, 27209.781625, 0.000000
8203, 4, 5.000152, 210005635, 1.000027, 27155, 27155, 27161, 0, 6791, 0, 0, 1, 531994, 181998667, 209528, 31994832, 27154.271360, 27160.271199, 0.000000
8203, 5, 6.000154, 210000524, 1.000002, 27054, 27054, 27054, 0, 6763, 0, 0, 0, 526320, 181805578, 207539, 32319931, 27053.932494, 27053.932494, 0.000000
8203, 6, 7.000200, 210009497, 1.000045, 27204, 27204, 27201, 0, 6800, 0, 0, 1, 525801, 181898444, 207507, 32318379, 27202.769787, 27199.769923, 0.000000
8203, 7, 8.000206, 210001326, 1.000006, 27094, 27094, 27092, 0, 6773, 0, 0, 0, 526920, 182135885, 208030, 31757741, 27093.828922, 27091.828934, 0.000000
