ThreadID, cIDX, Time, cycles, deltaT, RX, OnRX, TX, SupTX, OnTX, Idle, OnIdle, Blocked, CacheMiss, CacheHit, CacheWB, CPUIdle, RX/s, TX/s, Sup/s
1807, 0, 0, 0, 0, 0, 0, 0, 0, 0, 0, 0, 0, 0, 0, 0, 0, 0, 0, 0
1807, 0, 1.000004, 210000846, 1.000004, 27206, 27206, 27204, 0, 6801, 0, 0, 0, 674236, 182106415, 276077, 31625803, 27205.890399, 27203.890407, 0.000000
1807, 1, 2.000282, 210058312, 1.000278, 27131, 27131, 27132, 0, 6783, 0, 0, 6, 579001, 182153294, 231865, 31810914, 27123.468459, 27124.468181, 0.000000
1807, 2, 3.000386, 210021995, 1.000105, 27155, 27155, 27160, 0, 6790, 0, 0, 1, 545113, 182079398, 215724, 31854368, 27152.156135, 27157.155611, 0.000000
1807, 3, 4.000391, 210000984, 1.000005, 27195, 27195, 27200, 0, 6800, 0, 0, 5, 530078, 181993450, 209232, 32038481, 27194.872573, 27199.872549, 0.000000
1807, 4, 5.000483, 210019275, 1.000092, 27093, 27093, 27076, 0, 6769, 0, 0, 0, 522553, 181920497, 204905, 32180997, 27090.513478, 27073.515038, 0.000000
1807, 5, 6.000666, 210038381, 1.000183, 27067, 27067, 27064, 0, 6766, 0, 0, 1, 512034, 181706416, 200286, 32674444, 27062.053959, 27059.054507, 0.000000
1807, 6, 7.000687, 210004386, 1.000021, 27137, 27137, 27152, 0, 6788, 0, 0, 0, 509517, 181771523, 198367, 32425129, 27136.433236, 27151.432923, 0.000000
1807, 7, 8.000688, 210000296, 1.000001, 27077, 27077, 27074, 0, 6769, 0, 0, 0, 508042, 181937039, 197027, 32195451, 27076.961834, 27073.961839, 0.000000
