ThreadID, cIDX, Time, cycles, deltaT, RX, OnRX, TX, SupTX, OnTX, Idle, OnIdle, Blocked, CacheMiss, CacheHit, CacheWB, CPUIdle, RX/s, TX/s, Sup/s
9409, 0, 0, 0, 0, 0, 0, 0, 0, 0, 0, 0, 0, 0, 0, 0, 0, 0, 0, 0
9409, 0, 1.000001, 210000143, 1.000001, 31696, 31696, 31680, 0, 7920, 0, 0, 1, 657755, 182014823, 275373, 29264094, 31695.978417, 31679.978427, 0.000000
9409, 1, 2.000036, 210007499, 1.000036, 31647, 31647, 31648, 0, 7912, 0, 0, 5, 575770, 182114801, 236813, 29066365, 31645.869941, 31646.869905, 0.000000
9409, 2, 3.000045, 210001857, 1.000009, 31643, 31643, 31661, 0, 7916, 0, 0, 6, 558476, 182067127, 229226, 29172029, 31642.720188, 31660.720029, 0.000000
9409, 3, 4.000062, 210003606, 1.000017, 31716, 31716, 31717, 0, 7929, 0, 0, 11, 544331, 182092631, 220682, 29110572, 31715.455400, 31716.455383, 0.000000
9409, 4, 5.000197, 210028182, 1.000134, 31635, 31635, 31614, 0, 7903, 0, 0, 8, 528483, 181997378, 213936, 29236288, 31630.755153, 31609.757970, 0.000000
9409, 5, 6.000421, 210047120, 1.000224, 31608, 31608, 31624, 0, 7906, 0, 0, 6, 513689, 181727726, 205665, 29935826, 31600.909358, 31616.905769, 0.000000
9409, 6, 7.000441, 210004303, 1.000020, 31649, 31649, 31660, 0, 7915, 0, 0, 5, 512385, 181845322, 203162, 29781129, 31648.351510, 31659.351285, 0.000000
9409, 7, 8.000564, 210025718, 1.000122, 31707, 31707, 31688, 0, 7922, 0, 0, 0, 513413, 181927234, 203777, 29651055, 31703.117425, 31684.119751, 0.000000
