ThreadID, cIDX, Time, cycles, deltaT, RX, OnRX, TX, SupTX, OnTX, Idle, OnIdle, Blocked, CacheMiss, CacheHit, CacheWB, CPUIdle, RX/s, TX/s, Sup/s
632, 0, 0, 0, 0, 0, 0, 0, 0, 0, 0, 0, 0, 0, 0, 0, 0, 0, 0, 0
632, 0, 1.000030, 210006358, 1.000030, 29326, 29326, 29315, 0, 7894, 0, 0, 0, 0, 0, 0, 28649273, 29325.112147, 29314.112480, 0.000000
632, 1, 2.000140, 210023145, 1.000110, 29453, 29453, 29457, 0, 7929, 0, 0, 2, 0, 0, 0, 28650143, 29449.754216, 29453.753776, 0.000000
632, 2, 3.000192, 210010807, 1.000051, 29413, 29413, 29426, 0, 7925, 0, 0, 0, 0, 0, 0, 28863039, 29411.486429, 29424.485760, 0.000000
632, 3, 4.000228, 210007478, 1.000036, 29388, 29388, 29392, 0, 7915, 0, 0, 0, 0, 0, 0, 28632824, 29386.953545, 29390.953402, 0.000000
632, 4, 5.000401, 210036488, 1.000174, 29338, 29338, 29316, 0, 7893, 0, 0, 1, 0, 0, 0, 29262867, 29332.903338, 29310.907160, 0.000000
632, 5, 6.000409, 210001594, 1.000008, 29432, 29432, 29448, 0, 7930, 0, 0, 0, 0, 0, 0, 29429475, 29431.776599, 29447.776477, 0.000000
632, 6, 7.000642, 210048987, 1.000233, 29293, 29293, 29276, 0, 7880, 0, 0, 0, 0, 0, 0, 29306566, 29286.168374, 29269.172338, 0.000000
632, 7, 8.000677, 210007210, 1.000034, 29376, 29376, 29400, 0, 7916, 0, 0, 4, 0, 0, 0, 29314895, 29374.991459, 29398.990635, 0.000000
