ThreadID, cIDX, Time, cycles, deltaT, RX, OnRX, TX, SupTX, OnTX, Idle, OnIdle, Blocked, CacheMiss, CacheHit, CacheWB, CPUIdle, RX/s, TX/s, Sup/s
9913, 0, 0, 0, 0, 0, 0, 0, 0, 0, 0, 0, 0, 0, 0, 0, 0, 0, 0, 0
9913, 0, 1.000427, 210089690, 1.000427, 27166, 27166, 27165, 0, 6792, 0, 0, 2, 0, 0, 0, 28161757, 27154.402484, 27153.402911, 0.000000
9913, 1, 2.000585, 210033130, 1.000158, 27181, 27181, 27179, 0, 6794, 0, 0, 3, 0, 0, 0, 28228934, 27176.712550, 27174.712866, 0.000000
9913, 2, 3.000696, 210023266, 1.000111, 27187, 27187, 27189, 0, 6798, 0, 0, 5, 0, 0, 0, 28289034, 27183.988273, 27185.988051, 0.000000
9913, 3, 4.000780, 210017630, 1.000084, 27058, 27058, 27059, 0, 6764, 0, 0, 9, 0, 0, 0, 28383821, 27055.728607, 27056.728523, 0.000000
9913, 4, 5.000792, 210002581, 1.000012, 27108, 27108, 27100, 0, 6775, 0, 0, 0, 0, 0, 0, 28692635, 27107.666834, 27099.666932, 0.000000
9913, 5, 6.000910, 210024821, 1.000118, 27190, 27190, 27196, 0, 6799, 0, 0, 2, 0, 0, 0, 29126122, 27186.786651, 27192.785942, 0.000000
9913, 6, 7.000941, 210006447, 1.000031, 27155, 27155, 27156, 0, 6789, 0, 0, 0, 0, 0, 0, 28882187, 27154.166367, 27155.166336, 0.000000
9913, 7, 8.000942, 210000293, 1.000001, 27053, 27053, 27057, 0, 6765, 0, 0, 0, 0, 0, 0, 28741593, 27052.962255, 27056.962249, 0.000000
