ThreadID, cIDX, Time, cycles, deltaT, RX, OnRX, TX, SupTX, OnTX, Idle, OnIdle, Blocked, CacheMiss, CacheHit, CacheWB, CPUIdle, RX/s, TX/s, Sup/s
10974, 0, 0, 0, 0, 0, 0, 0, 0, 0, 0, 0, 0, 0, 0, 0, 0, 0, 0, 0
10974, 0, 1.000613, 210128807, 1.000613, 27202, 27202, 27206, 0, 6802, 0, 0, 4, 0, 0, 0, 29125963, 27185.325428, 27189.322976, 0.000000
10974, 1, 2.000692, 210016617, 1.000079, 27170, 27170, 27163, 0, 6791, 0, 0, 7, 0, 0, 0, 29099274, 27167.850247, 27160.850801, 0.000000
10974, 2, 3.000750, 210012124, 1.000058, 27165, 27165, 27162, 0, 6790, 0, 0, 7, 0, 0, 0, 29278611, 27163.431765, 27160.431938, 0.000000
10974, 3, 4.000806, 210011690, 1.000056, 27139, 27139, 27137, 0, 6784, 0, 0, 5, 0, 0, 0, 29078063, 27137.489346, 27135.489458, 0.000000
10974, 4, 5.000810, 210000891, 1.000004, 27141, 27141, 27151, 0, 6788, 0, 0, 1, 0, 0, 0, 29652774, 27140.884845, 27150.884803, 0.000000
10974, 5, 6.000835, 210005224, 1.000025, 27131, 27131, 27123, 0, 6781, 0, 0, 4, 0, 0, 0, 30036206, 27130.325101, 27122.325300, 0.000000
10974, 6, 7.000845, 210002081, 1.000010, 27133, 27133, 27140, 0, 6785, 0, 0, 0, 0, 0, 0, 29620553, 27132.731128, 27139.731058, 0.000000
10974, 7, 8.000851, 210001376, 1.000007, 27087, 27087, 27090, 0, 6772, 0, 0, 0, 0, 0, 0, 29710446, 27086.822517, 27089.822497, 0.000000
