ThreadID, cIDX, Time, cycles, deltaT, RX, OnRX, TX, SupTX, OnTX, Idle, OnIdle, Blocked, CacheMiss, CacheHit, CacheWB, CPUIdle, RX/s, TX/s, Sup/s
9621, 0, 0, 0, 0, 0, 0, 0, 0, 0, 0, 0, 0, 0, 0, 0, 0, 0, 0, 0
9621, 0, 1.000039, 210008216, 1.000039, 31590, 31590, 31596, 0, 7899, 0, 0, 0, 0, 0, 0, 29776695, 31588.764127, 31594.763892, 0.000000
9621, 1, 2.000583, 210114202, 1.000544, 31692, 31692, 31673, 0, 7919, 0, 0, 9, 0, 0, 0, 29823138, 31674.774654, 31655.784981, 0.000000
9621, 2, 3.000647, 210013510, 1.000064, 31685, 31685, 31681, 0, 7920, 0, 0, 9, 0, 0, 0, 29844449, 31682.961729, 31678.961987, 0.000000
9621, 3, 4.000673, 210005305, 1.000025, 31678, 31678, 31688, 0, 7922, 0, 0, 15, 0, 0, 0, 29980353, 31677.199774, 31687.199521, 0.000000
9621, 4, 5.000692, 210004111, 1.000020, 31688, 31688, 31684, 0, 7921, 0, 0, 4, 0, 0, 0, 30247369, 31687.379682, 31683.379760, 0.000000
9621, 5, 6.001060, 210077199, 1.000368, 31589, 31589, 31587, 0, 7897, 0, 0, 10, 0, 0, 0, 30613498, 31577.391700, 31575.392435, 0.000000
9621, 6, 7.001099, 210008160, 1.000039, 31710, 31710, 31731, 0, 7932, 0, 0, 0, 0, 0, 0, 30353269, 31708.767888, 31729.767072, 0.000000
9621, 7, 8.001116, 210003608, 1.000017, 31640, 31640, 31644, 0, 7911, 0, 0, 0, 0, 0, 0, 30411698, 31639.456404, 31643.456335, 0.000000
