ThreadID, cIDX, Time, cycles, deltaT, RX, OnRX, TX, SupTX, OnTX, Idle, OnIdle, Blocked, CacheMiss, CacheHit, CacheWB, CPUIdle, RX/s, TX/s, Sup/s
9171, 0, 0, 0, 0, 0, 0, 0, 0, 0, 0, 0, 0, 0, 0, 0, 0, 0, 0, 0
9171, 0, 1.000056, 210011712, 1.000056, 31551, 31551, 31550, 0, 7888, 0, 0, 2, 0, 0, 0, 29030463, 31549.240454, 31548.240510, 0.000000
9171, 1, 2.000061, 210001073, 1.000005, 31716, 31716, 31727, 0, 7932, 0, 0, 2, 0, 0, 0, 28942324, 31715.837947, 31726.837891, 0.000000
9171, 2, 3.000067, 210001243, 1.000006, 31700, 31700, 31678, 0, 7919, 0, 0, 5, 0, 0, 0, 29160091, 31699.812367, 31677.812498, 0.000000
9171, 3, 4.000295, 210047886, 1.000228, 31683, 31683, 31705, 0, 7926, 0, 0, 6, 0, 0, 0, 29057775, 31675.777018, 31697.772002, 0.000000
9171, 4, 5.000543, 210052043, 1.000248, 31671, 31671, 31644, 0, 7911, 0, 0, 0, 0, 0, 0, 29602006, 31663.153117, 31636.159806, 0.000000
9171, 5, 6.000546, 210000723, 1.000003, 31598, 31598, 31605, 0, 7902, 0, 0, 0, 0, 0, 0, 29683843, 31597.891213, 31604.891189, 0.000000
9171, 6, 7.000748, 210042481, 1.000202, 31721, 31721, 31715, 0, 7928, 0, 0, 0, 0, 0, 0, 29740171, 31714.584442, 31708.585655, 0.000000
9171, 7, 8.000773, 210005165, 1.000025, 31635, 31635, 31641, 0, 7911, 0, 0, 1, 0, 0, 0, 29550900, 31634.221949, 31640.221801, 0.000000
