ThreadID, cIDX, Time, cycles, deltaT, RX, OnRX, TX, SupTX, OnTX, Idle, OnIdle, Blocked, CacheMiss, CacheHit, CacheWB, CPUIdle, RX/s, TX/s, Sup/s
10859, 0, 0, 0, 0, 0, 0, 0, 0, 0, 0, 0, 0, 0, 0, 0, 0, 0, 0, 0
10859, 0, 1.000563, 210118299, 1.000563, 27216, 27216, 27220, 0, 6805, 0, 0, 0, 0, 0, 0, 29013103, 27200.677081, 27204.674829, 0.000000
10859, 1, 2.000781, 210045719, 1.000218, 27158, 27158, 27145, 0, 6787, 0, 0, 3, 0, 0, 0, 28969142, 27152.088732, 27139.091561, 0.000000
10859, 2, 3.000788, 210001535, 1.000007, 27106, 27106, 27113, 0, 6778, 0, 0, 4, 0, 0, 0, 29097670, 27105.801869, 27112.801818, 0.000000
10859, 3, 4.000792, 210000668, 1.000003, 27154, 27154, 27166, 0, 6791, 0, 0, 10, 0, 0, 0, 28947768, 27153.913625, 27165.913587, 0.000000
10859, 4, 5.000959, 210035121, 1.000167, 27187, 27187, 27172, 0, 6793, 0, 0, 0, 0, 0, 0, 29299402, 27182.453929, 27167.456437, 0.000000
10859, 5, 6.001063, 210021885, 1.000104, 27084, 27084, 27084, 0, 6771, 0, 0, 0, 0, 0, 0, 29738775, 27081.177754, 27081.177754, 0.000000
10859, 6, 7.001127, 210013525, 1.000064, 27137, 27137, 27140, 0, 6785, 0, 0, 0, 0, 0, 0, 29586016, 27135.252361, 27138.252167, 0.000000
10859, 7, 8.001156, 210006050, 1.000029, 27182, 27182, 27184, 0, 6796, 0, 0, 0, 0, 0, 0, 29561633, 27181.216922, 27183.216864, 0.000000
