ThreadID, cIDX, Time, cycles, deltaT, RX, OnRX, TX, SupTX, OnTX, Idle, OnIdle, Blocked, CacheMiss, CacheHit, CacheWB, CPUIdle, RX/s, TX/s, Sup/s
10729, 0, 0, 0, 0, 0, 0, 0, 0, 0, 0, 0, 0, 0, 0, 0, 0, 0, 0, 0
10729, 0, 1.000012, 210002491, 1.000012, 27196, 27196, 27192, 0, 6798, 0, 0, 0, 0, 0, 0, 28855703, 27195.677407, 27191.677455, 0.000000
10729, 1, 2.000046, 210007222, 1.000034, 27152, 27152, 27148, 0, 6787, 0, 0, 3, 0, 0, 0, 28972248, 27151.066262, 27147.066399, 0.000000
10729, 2, 3.000787, 210155493, 1.000740, 27141, 27141, 27148, 0, 6787, 0, 0, 4, 0, 0, 0, 29248502, 27120.918510, 27127.913330, 0.000000
10729, 3, 4.000905, 210024909, 1.000119, 27179, 27179, 27176, 0, 6794, 0, 0, 1, 0, 0, 0, 29269192, 27175.776565, 27172.776920, 0.000000
10729, 4, 5.000927, 210004545, 1.000022, 27170, 27170, 27176, 0, 6794, 0, 0, 2, 0, 0, 0, 29436592, 27169.411976, 27175.411846, 0.000000
10729, 5, 6.000965, 210007944, 1.000038, 27039, 27039, 27037, 0, 6760, 0, 0, 3, 0, 0, 0, 30005645, 27037.977192, 27035.977268, 0.000000
10729, 6, 7.001050, 210017908, 1.000085, 27192, 27192, 27191, 0, 6797, 0, 0, 0, 0, 0, 0, 29741227, 27189.681368, 27188.681453, 0.000000
10729, 7, 8.001089, 210008088, 1.000039, 27125, 27125, 27124, 0, 6781, 0, 0, 0, 0, 0, 0, 29536194, 27123.955340, 27122.955379, 0.000000
