ThreadID, cIDX, Time, cycles, deltaT, RX, OnRX, TX, SupTX, OnTX, Idle, OnIdle, Blocked, CacheMiss, CacheHit, CacheWB, CPUIdle, RX/s, TX/s, Sup/s
10156, 0, 0, 0, 0, 0, 0, 0, 0, 0, 0, 0, 0, 0, 0, 0, 0, 0, 0, 0
10156, 0, 1.000030, 210006373, 1.000030, 27232, 27232, 27228, 0, 6807, 0, 0, 0, 0, 0, 0, 28208609, 27231.173599, 27227.173720, 0.000000
10156, 1, 2.000191, 210033709, 1.000161, 27177, 27177, 27181, 0, 6796, 0, 0, 7, 0, 0, 0, 28245469, 27172.638274, 27176.637632, 0.000000
10156, 2, 3.000198, 210001592, 1.000008, 27118, 27118, 27117, 0, 6779, 0, 0, 7, 0, 0, 0, 28401875, 27117.794421, 27116.794429, 0.000000
10156, 3, 4.000206, 210001612, 1.000008, 27145, 27145, 27147, 0, 6787, 0, 0, 9, 0, 0, 0, 28510117, 27144.791631, 27146.791616, 0.000000
10156, 4, 5.000214, 210001647, 1.000008, 27099, 27099, 27106, 0, 6776, 0, 0, 10, 0, 0, 0, 28752485, 27098.787468, 27105.787413, 0.000000
10156, 5, 6.000216, 210000503, 1.000002, 27093, 27093, 27089, 0, 6772, 0, 0, 2, 0, 0, 0, 29119636, 27092.935106, 27088.935116, 0.000000
10156, 6, 7.000299, 210017335, 1.000083, 27107, 27107, 27100, 0, 6775, 0, 0, 0, 0, 0, 0, 29042479, 27104.762566, 27097.763144, 0.000000
10156, 7, 8.000351, 210010892, 1.000052, 27103, 27103, 27112, 0, 6778, 0, 0, 0, 0, 0, 0, 28847953, 27101.594331, 27110.593864, 0.000000
