ThreadID, cIDX, Time, cycles, deltaT, RX, OnRX, TX, SupTX, OnTX, Idle, OnIdle, Blocked, CacheMiss, CacheHit, CacheWB, CPUIdle, RX/s, TX/s, Sup/s
451, 0, 0, 0, 0, 0, 0, 0, 0, 0, 0, 0, 0, 0, 0, 0, 0, 0, 0, 0
451, 0, 1.000057, 210012010, 1.000057, 31597, 31597, 31580, 0, 7895, 0, 0, 0, 694935, 183268766, 293397, 26680926, 31595.193056, 31578.194028, 0.000000
451, 1, 2.000078, 210004425, 1.000021, 31685, 31685, 31713, 0, 7929, 0, 0, 3, 610865, 183314215, 251624, 26769343, 31684.332366, 31712.331776, 0.000000
451, 2, 3.000083, 210000989, 1.000005, 31711, 31711, 31697, 0, 7924, 0, 0, 4, 591823, 183231010, 240110, 26960583, 31710.850657, 31696.850723, 0.000000
451, 3, 4.000094, 210002272, 1.000011, 31663, 31663, 31677, 0, 7919, 0, 0, 2, 583256, 183319515, 234132, 26784705, 31662.657440, 31676.657289, 0.000000
451, 4, 5.000277, 210038371, 1.000183, 31677, 31677, 31653, 0, 7913, 0, 0, 0, 570595, 183026708, 229313, 27476643, 31671.213066, 31647.217451, 0.000000
451, 5, 6.000408, 210027545, 1.000131, 31578, 31578, 31600, 0, 7900, 0, 0, 1, 565557, 182971049, 226854, 27329855, 31573.858562, 31595.855677, 0.000000
451, 6, 7.000447, 210008320, 1.000040, 31641, 31641, 31624, 0, 7906, 0, 0, 1, 562692, 182965365, 224511, 27472018, 31639.746463, 31622.747137, 0.000000
451, 7, 8.000827, 210079759, 1.000380, 31618, 31618, 31616, 0, 7904, 0, 0, 1, 560078, 183059649, 223768, 27426460, 31605.995892, 31603.996652, 0.000000
