ThreadID, cIDX, Time, cycles, deltaT, RX, OnRX, TX, SupTX, OnTX, Idle, OnIdle, Blocked, CacheMiss, CacheHit, CacheWB, CPUIdle, RX/s, TX/s, Sup/s
9444, 0, 0, 0, 0, 0, 0, 0, 0, 0, 0, 0, 0, 0, 0, 0, 0, 0, 0, 0
9444, 0, 1.000004, 210000758, 1.000004, 31525, 31525, 31532, 0, 7883, 0, 0, 1, 0, 0, 0, 29095893, 31524.886210, 31531.886185, 0.000000
9444, 1, 2.000095, 210019219, 1.000092, 31710, 31710, 31700, 0, 7925, 0, 0, 10, 0, 0, 0, 29018597, 31707.098197, 31697.099112, 0.000000
9444, 2, 3.000701, 210127222, 1.000606, 31701, 31701, 31689, 0, 7923, 0, 0, 15, 0, 0, 0, 29202264, 31681.806558, 31669.813824, 0.000000
9444, 3, 4.000753, 210010957, 1.000052, 31695, 31695, 31704, 0, 7926, 0, 0, 3, 0, 0, 0, 29061809, 31693.346362, 31702.345892, 0.000000
9444, 4, 5.000759, 210001321, 1.000006, 31672, 31672, 31673, 0, 7918, 0, 0, 4, 0, 0, 0, 29181215, 31671.800769, 31672.800763, 0.000000
9444, 5, 6.000762, 210000477, 1.000002, 31571, 31571, 31569, 0, 7892, 0, 0, 4, 0, 0, 0, 29802471, 31570.928289, 31568.928293, 0.000000
9444, 6, 7.000765, 210000692, 1.000003, 31721, 31721, 31720, 0, 7930, 0, 0, 0, 0, 0, 0, 29595350, 31720.895472, 31719.895475, 0.000000
9444, 7, 8.000817, 210010934, 1.000052, 31651, 31651, 31641, 0, 7910, 0, 0, 0, 0, 0, 0, 29542513, 31649.352124, 31639.352644, 0.000000
