ThreadID, cIDX, Time, cycles, deltaT, RX, OnRX, TX, SupTX, OnTX, Idle, OnIdle, Blocked, CacheMiss, CacheHit, CacheWB, CPUIdle, RX/s, TX/s, Sup/s
8330, 0, 0, 0, 0, 0, 0, 0, 0, 0, 0, 0, 0, 0, 0, 0, 0, 0, 0, 0
8330, 0, 1.000013, 210002807, 1.000013, 27158, 27158, 27156, 0, 6789, 0, 0, 1, 653777, 182335887, 269121, 31709814, 27157.636993, 27155.637020, 0.000000
8330, 1, 2.000477, 210097292, 1.000463, 27147, 27147, 27152, 0, 6788, 0, 0, 5, 571540, 182485491, 227747, 31668680, 27134.428748, 27139.426433, 0.000000
8330, 2, 3.000501, 210005108, 1.000024, 27112, 27112, 27114, 0, 6779, 0, 0, 6, 552912, 182388633, 220122, 31688597, 27111.340549, 27113.340500, 0.000000
8330, 3, 4.000506, 210001003, 1.000005, 27197, 27197, 27196, 0, 6799, 0, 0, 4, 545618, 182398673, 215520, 31772657, 27196.870103, 27195.870107, 0.000000
8330, 4, 5.000567, 210012804, 1.000061, 27138, 27138, 27134, 0, 6783, 0, 0, 0, 536854, 182251691, 211569, 32015363, 27136.345458, 27132.345702, 0.000000
8330, 5, 6.000690, 210025863, 1.000123, 27084, 27084, 27084, 0, 6771, 0, 0, 0, 528485, 182078326, 207631, 32382526, 27080.664823, 27080.664823, 0.000000
8330, 6, 7.000747, 210012027, 1.000057, 27042, 27042, 27040, 0, 6760, 0, 0, 0, 515665, 182130070, 200022, 32224929, 27040.451355, 27038.451469, 0.000000
8330, 7, 8.000775, 210005833, 1.000028, 27229, 27229, 27236, 0, 6809, 0, 0, 3, 516795, 182301663, 201328, 31897279, 27228.243703, 27235.243509, 0.000000
