ThreadID, cIDX, Time, cycles, deltaT, RX, OnRX, TX, SupTX, OnTX, Idle, OnIdle, Blocked, CacheMiss, CacheHit, CacheWB, CPUIdle, RX/s, TX/s, Sup/s
2338, 0, 0, 0, 0, 0, 0, 0, 0, 0, 0, 0, 0, 0, 0, 0, 0, 0, 0, 0
2338, 0, 1.000001, 210000185, 1.000001, 31621, 31621, 31635, 0, 7909, 0, 0, 1, 0, 0, 0, 28061135, 31620.972143, 31634.972131, 0.000000
2338, 1, 2.000002, 210000208, 1.000001, 31685, 31685, 31660, 0, 7915, 0, 0, 1, 0, 0, 0, 28043600, 31684.968617, 31659.968642, 0.000000
2338, 2, 3.000093, 210019085, 1.000091, 31717, 31717, 31717, 0, 7929, 0, 0, 10, 0, 0, 0, 28523623, 31714.117791, 31714.117791, 0.000000
2338, 3, 4.000374, 210059134, 1.000282, 31668, 31668, 31693, 0, 7924, 0, 0, 10, 0, 0, 0, 28674232, 31659.085103, 31684.078065, 0.000000
2338, 4, 5.000379, 210000919, 1.000004, 31637, 31637, 31618, 0, 7904, 0, 0, 7, 0, 0, 0, 28649346, 31636.861551, 31617.861634, 0.000000
2338, 5, 6.000417, 210008143, 1.000039, 31559, 31559, 31569, 0, 7892, 0, 0, 3, 0, 0, 0, 29176116, 31557.776310, 31567.775922, 0.000000
2338, 6, 7.000436, 210003830, 1.000018, 31637, 31637, 31644, 0, 7911, 0, 0, 2, 0, 0, 0, 29020050, 31636.423012, 31643.422884, 0.000000
2338, 7, 8.000445, 210002042, 1.000010, 31626, 31626, 31621, 0, 7906, 0, 0, 0, 0, 0, 0, 28682519, 31625.692478, 31620.692526, 0.000000
