ThreadID, cIDX, Time, cycles, deltaT, RX, OnRX, TX, SupTX, OnTX, Idle, OnIdle, Blocked, CacheMiss, CacheHit, CacheWB, CPUIdle, RX/s, TX/s, Sup/s
12, 0, 0, 0, 0, 0, 0, 0, 0, 0, 0, 0, 0, 0, 0, 0, 0, 0, 0, 0
12, 0, 1.000019, 210003958, 1.000019, 27256, 27256, 27256, 0, 6814, 0, 0, 0, 707957, 183300035, 295244, 29977140, 27255.486299, 27255.486299, 0.000000
12, 1, 2.000032, 210002669, 1.000013, 27153, 27153, 27160, 0, 6790, 0, 0, 0, 614044, 183391786, 251365, 29941406, 27152.654903, 27159.654814, 0.000000
12, 2, 3.000074, 210008984, 1.000043, 27099, 27099, 27092, 0, 6773, 0, 0, 0, 594728, 183312182, 243329, 30107450, 27097.840729, 27090.841028, 0.000000
12, 3, 4.000101, 210005677, 1.000027, 27180, 27180, 27182, 0, 6796, 0, 0, 3, 584512, 183284848, 238246, 30218485, 27179.265254, 27181.265200, 0.000000
12, 4, 5.000107, 210001222, 1.000006, 27151, 27151, 27151, 0, 6788, 0, 0, 0, 569636, 183103563, 231376, 30522500, 27150.842008, 27150.842008, 0.000000
12, 5, 6.000126, 210003891, 1.000019, 27053, 27053, 27044, 0, 6761, 0, 0, 1, 561294, 182957652, 227506, 30834722, 27052.498756, 27043.498923, 0.000000
12, 6, 7.000207, 210017042, 1.000081, 27198, 27198, 27195, 0, 6798, 0, 0, 0, 557237, 183079565, 225961, 30539295, 27195.792997, 27192.793240, 0.000000
12, 7, 8.000269, 210013139, 1.000063, 27109, 27109, 27121, 0, 6781, 0, 0, 0, 556145, 183218609, 225932, 30457594, 27107.303986, 27119.303236, 0.000000
