ThreadID, cIDX, Time, cycles, deltaT, RX, OnRX, TX, SupTX, OnTX, Idle, OnIdle, Blocked, CacheMiss, CacheHit, CacheWB, CPUIdle, RX/s, TX/s, Sup/s
19, 0, 0, 0, 0, 0, 0, 0, 0, 0, 0, 0, 0, 0, 0, 0, 0, 0, 0, 0
19, 0, 1.000057, 210011884, 1.000057, 31600, 31600, 31596, 0, 7899, 0, 0, 1, 0, 0, 0, 27593692, 31598.211842, 31594.212068, 0.000000
19, 1, 2.000100, 210009104, 1.000043, 31712, 31712, 31700, 0, 7925, 0, 0, 3, 0, 0, 0, 27521368, 31710.625269, 31698.625789, 0.000000
19, 2, 3.000119, 210003965, 1.000019, 31710, 31710, 31720, 0, 7930, 0, 0, 4, 0, 0, 0, 27667869, 31709.401296, 31719.401107, 0.000000
19, 3, 4.000177, 210012314, 1.000059, 31582, 31582, 31572, 0, 7893, 0, 0, 2, 0, 0, 0, 27782156, 31580.148200, 31570.148787, 0.000000
19, 4, 5.000195, 210003727, 1.000018, 31578, 31578, 31576, 0, 7894, 0, 0, 0, 0, 0, 0, 28067797, 31577.439576, 31575.439611, 0.000000
19, 5, 6.000263, 210014186, 1.000068, 31709, 31709, 31716, 0, 7929, 0, 0, 0, 0, 0, 0, 28383943, 31706.858126, 31713.857653, 0.000000
19, 6, 7.000323, 210012591, 1.000060, 31523, 31523, 31548, 0, 7887, 0, 0, 0, 0, 0, 0, 28108092, 31521.110084, 31546.108585, 0.000000
19, 7, 8.000363, 210008404, 1.000040, 31570, 31570, 31556, 0, 7889, 0, 0, 0, 0, 0, 0, 27786611, 31568.736649, 31554.737209, 0.000000
