ThreadID, cIDX, Time, cycles, deltaT, RX, OnRX, TX, SupTX, OnTX, Idle, OnIdle, Blocked, CacheMiss, CacheHit, CacheWB, CPUIdle, RX/s, TX/s, Sup/s
10963, 0, 0, 0, 0, 0, 0, 0, 0, 0, 0, 0, 0, 0, 0, 0, 0, 0, 0, 0
10963, 0, 1.000033, 210006963, 1.000033, 31570, 31570, 31572, 0, 7893, 0, 0, 0, 0, 0, 0, 29014610, 31568.953264, 31570.953197, 0.000000
10963, 1, 2.000042, 210001855, 1.000009, 31667, 31667, 31676, 0, 7919, 0, 0, 7, 0, 0, 0, 29087212, 31666.720277, 31675.720198, 0.000000
10963, 2, 3.000443, 210084148, 1.000401, 31712, 31712, 31716, 0, 7929, 0, 0, 8, 0, 0, 0, 29360588, 31699.297940, 31703.296338, 0.000000
10963, 3, 4.000617, 210036612, 1.000174, 31695, 31695, 31669, 0, 7918, 0, 0, 14, 0, 0, 0, 29117072, 31689.475166, 31663.479698, 0.000000
10963, 4, 5.000721, 210021919, 1.000104, 31626, 31626, 31635, 0, 7908, 0, 0, 2, 0, 0, 0, 29654736, 31622.699343, 31631.698404, 0.000000
10963, 5, 6.000729, 210001588, 1.000008, 31574, 31574, 31568, 0, 7892, 0, 0, 2, 0, 0, 0, 30033033, 31573.761242, 31567.761288, 0.000000
10963, 6, 7.000760, 210006453, 1.000031, 31654, 31654, 31668, 0, 7917, 0, 0, 0, 0, 0, 0, 29623105, 31653.027348, 31667.026918, 0.000000
10963, 7, 8.000904, 210030364, 1.000145, 31595, 31595, 31572, 0, 7893, 0, 0, 0, 0, 0, 0, 29713377, 31590.432324, 31567.435649, 0.000000
