ThreadID, cIDX, Time, cycles, deltaT, RX, OnRX, TX, SupTX, OnTX, Idle, OnIdle, Blocked, CacheMiss, CacheHit, CacheWB, CPUIdle, RX/s, TX/s, Sup/s
10747, 0, 0, 0, 0, 0, 0, 0, 0, 0, 0, 0, 0, 0, 0, 0, 0, 0, 0, 0
10747, 0, 1.000009, 210001937, 1.000009, 27277, 27277, 27280, 0, 6820, 0, 0, 0, 0, 0, 0, 30758025, 27276.748404, 27279.748377, 0.000000
10747, 1, 2.000452, 210092951, 1.000443, 27114, 27114, 27112, 0, 6778, 0, 0, 4, 0, 0, 0, 30917852, 27102.004008, 27100.004893, 0.000000
10747, 2, 3.000515, 210013239, 1.000063, 27135, 27135, 27140, 0, 6785, 0, 0, 3, 0, 0, 0, 30980367, 27133.289440, 27138.289125, 0.000000
10747, 3, 4.000635, 210025153, 1.000120, 27147, 27147, 27141, 0, 6786, 0, 0, 6, 0, 0, 0, 31136610, 27143.748825, 27137.749544, 0.000000
10747, 4, 5.000707, 210015204, 1.000072, 27152, 27152, 27149, 0, 6787, 0, 0, 8, 0, 0, 0, 31323430, 27150.034338, 27147.034555, 0.000000
10747, 5, 6.000771, 210013413, 1.000064, 27125, 27125, 27130, 0, 6782, 0, 0, 2, 0, 0, 0, 31857036, 27123.267598, 27128.267279, 0.000000
10747, 6, 7.000789, 210003840, 1.000018, 27152, 27152, 27144, 0, 6786, 0, 0, 0, 0, 0, 0, 31570940, 27151.503515, 27143.503662, 0.000000
10747, 7, 8.000805, 210003302, 1.000016, 27158, 27158, 27164, 0, 6791, 0, 0, 0, 0, 0, 0, 31422512, 27157.572979, 27163.572885, 0.000000
