ThreadID, cIDX, Time, cycles, deltaT, RX, OnRX, TX, SupTX, OnTX, Idle, OnIdle, Blocked, CacheMiss, CacheHit, CacheWB, CPUIdle, RX/s, TX/s, Sup/s
2029, 0, 0, 0, 0, 0, 0, 0, 0, 0, 0, 0, 0, 0, 0, 0, 0, 0, 0, 0
2029, 0, 1.000006, 210001231, 1.000006, 27261, 27261, 27263, 0, 6816, 0, 0, 0, 0, 0, 0, 28949793, 27260.840200, 27262.840188, 0.000000
2029, 1, 2.000022, 210003458, 1.000016, 27181, 27181, 27176, 0, 6794, 0, 0, 4, 0, 0, 0, 28954253, 27180.552427, 27175.552509, 0.000000
2029, 2, 3.000059, 210007779, 1.000037, 27105, 27105, 27113, 0, 6778, 0, 0, 8, 0, 0, 0, 29242777, 27103.995991, 27111.995694, 0.000000
2029, 3, 4.000129, 210014659, 1.000070, 27152, 27152, 27152, 0, 6788, 0, 0, 0, 0, 0, 0, 29327590, 27150.104793, 27150.104793, 0.000000
2029, 4, 5.000304, 210036620, 1.000174, 27074, 27074, 27072, 0, 6768, 0, 0, 1, 0, 0, 0, 29389574, 27069.279633, 27067.279982, 0.000000
2029, 5, 6.000307, 210000774, 1.000004, 27115, 27115, 27115, 0, 6779, 0, 0, 4, 0, 0, 0, 29833786, 27114.900062, 27114.900062, 0.000000
2029, 6, 7.000313, 210001190, 1.000006, 27089, 27089, 27092, 0, 6773, 0, 0, 0, 0, 0, 0, 29752401, 27088.846497, 27091.846480, 0.000000
2029, 7, 8.000328, 210003267, 1.000016, 27086, 27086, 27081, 0, 6770, 0, 0, 0, 0, 0, 0, 29543558, 27085.578626, 27080.578704, 0.000000
