ThreadID, cIDX, Time, cycles, deltaT, RX, OnRX, TX, SupTX, OnTX, Idle, OnIdle, Blocked, CacheMiss, CacheHit, CacheWB, CPUIdle, RX/s, TX/s, Sup/s
1057, 0, 0, 0, 0, 0, 0, 0, 0, 0, 0, 0, 0, 0, 0, 0, 0, 0, 0, 0
1057, 0, 1.000065, 210013640, 1.000065, 31702, 31702, 31692, 0, 7923, 0, 0, 2, 0, 0, 0, 28230358, 31699.941013, 31689.941663, 0.000000
1057, 1, 2.000141, 210016026, 1.000076, 31648, 31648, 31664, 0, 7916, 0, 0, 3, 0, 0, 0, 28307504, 31645.584990, 31661.583769, 0.000000
1057, 2, 3.000302, 210033655, 1.000160, 31649, 31649, 31637, 0, 7910, 0, 0, 1, 0, 0, 0, 28580250, 31643.928684, 31631.930607, 0.000000
1057, 3, 4.000314, 210002588, 1.000012, 31727, 31727, 31732, 0, 7933, 0, 0, 8, 0, 0, 0, 28317043, 31726.609007, 31731.608946, 0.000000
1057, 4, 5.000360, 210009620, 1.000046, 31628, 31628, 31623, 0, 7905, 0, 0, 1, 0, 0, 0, 28739530, 31626.551203, 31621.551432, 0.000000
1057, 5, 6.000364, 210000860, 1.000004, 31614, 31614, 31623, 0, 7906, 0, 0, 3, 0, 0, 0, 28696193, 31613.870534, 31622.870497, 0.000000
1057, 6, 7.000418, 210011362, 1.000054, 31640, 31640, 31645, 0, 7911, 0, 0, 0, 0, 0, 0, 28826328, 31638.288218, 31643.287947, 0.000000
1057, 7, 8.000422, 210000915, 1.000004, 31704, 31704, 31708, 0, 7927, 0, 0, 0, 0, 0, 0, 28949743, 31703.861862, 31707.861844, 0.000000
