ThreadID, cIDX, Time, cycles, deltaT, RX, OnRX, TX, SupTX, OnTX, Idle, OnIdle, Blocked, CacheMiss, CacheHit, CacheWB, CPUIdle, RX/s, TX/s, Sup/s
1313, 0, 0, 0, 0, 0, 0, 0, 0, 0, 0, 0, 0, 0, 0, 0, 0, 0, 0, 0
1313, 0, 1.000275, 210057792, 1.000275, 31688, 31688, 31681, 0, 7921, 0, 0, 1, 0, 0, 0, 28252703, 31679.281862, 31672.283788, 0.000000
1313, 1, 2.000282, 210001336, 1.000006, 31671, 31671, 31688, 0, 7922, 0, 0, 5, 0, 0, 0, 28345564, 31670.798513, 31687.798405, 0.000000
1313, 2, 3.000300, 210003943, 1.000019, 31636, 31636, 31631, 0, 7907, 0, 0, 2, 0, 0, 0, 28400861, 31635.406008, 31630.406101, 0.000000
1313, 3, 4.000305, 210001001, 1.000005, 31734, 31734, 31724, 0, 7931, 0, 0, 6, 0, 0, 0, 28537277, 31733.848735, 31723.848783, 0.000000
1313, 4, 5.000322, 210003478, 1.000017, 31637, 31637, 31637, 0, 7910, 0, 0, 6, 0, 0, 0, 28667923, 31636.476040, 31636.476040, 0.000000
1313, 5, 6.000339, 210003663, 1.000017, 31594, 31594, 31599, 0, 7899, 0, 0, 3, 0, 0, 0, 28983175, 31593.448920, 31598.448833, 0.000000
1313, 6, 7.000550, 210044236, 1.000211, 31720, 31720, 31708, 0, 7927, 0, 0, 0, 0, 0, 0, 28849548, 31713.319665, 31701.322192, 0.000000
1313, 7, 8.000557, 210001601, 1.000008, 31655, 31655, 31679, 0, 7920, 0, 0, 0, 0, 0, 0, 28687201, 31654.758670, 31678.758487, 0.000000
