ThreadID, cIDX, Time, cycles, deltaT, RX, OnRX, TX, SupTX, OnTX, Idle, OnIdle, Blocked, CacheMiss, CacheHit, CacheWB, CPUIdle, RX/s, TX/s, Sup/s
2500, 0, 0, 0, 0, 0, 0, 0, 0, 0, 0, 0, 0, 0, 0, 0, 0, 0, 0, 0
2500, 0, 1.000057, 210011904, 1.000057, 31541, 31541, 31528, 0, 7882, 0, 0, 2, 660443, 182137898, 272774, 29016927, 31539.212177, 31526.212914, 0.000000
2500, 1, 2.000750, 210145630, 1.000693, 31624, 31624, 31644, 0, 7911, 0, 0, 3, 575078, 182196125, 233117, 28993031, 31602.084707, 31622.070847, 0.000000
2500, 2, 3.000752, 210000479, 1.000002, 31672, 31672, 31678, 0, 7920, 0, 0, 5, 550770, 182114623, 221417, 29057739, 31671.927758, 31677.927744, 0.000000
2500, 3, 4.001032, 210058763, 1.000280, 31695, 31695, 31667, 0, 7917, 0, 0, 0, 534875, 182093915, 211615, 29231826, 31686.133465, 31658.141298, 0.000000
2500, 4, 5.001036, 210000805, 1.000004, 31692, 31692, 31700, 0, 7925, 0, 0, 2, 521751, 181952532, 205423, 29538953, 31691.878514, 31699.878484, 0.000000
2500, 5, 6.001181, 210030511, 1.000145, 31604, 31604, 31600, 0, 7900, 0, 0, 6, 516160, 181693522, 203675, 29979671, 31599.408907, 31595.409488, 0.000000
2500, 6, 7.001184, 210000558, 1.000003, 31548, 31548, 31569, 0, 7892, 0, 0, 1, 511356, 181710149, 201856, 29925184, 31547.916173, 31568.916117, 0.000000
2500, 7, 8.001191, 210001377, 1.000007, 31757, 31757, 31741, 0, 7935, 0, 0, 0, 509270, 181884870, 200424, 29625657, 31756.791766, 31740.791871, 0.000000
