ThreadID, cIDX, Time, cycles, deltaT, RX, OnRX, TX, SupTX, OnTX, Idle, OnIdle, Blocked, CacheMiss, CacheHit, CacheWB, CPUIdle, RX/s, TX/s, Sup/s
286, 0, 0, 0, 0, 0, 0, 0, 0, 0, 0, 0, 0, 0, 0, 0, 0, 0, 0, 0
286, 0, 1.000035, 210007298, 1.000035, 27266, 27266, 27272, 0, 6818, 0, 0, 1, 0, 0, 0, 27564766, 27265.052475, 27271.052266, 0.000000
286, 1, 2.000071, 210007648, 1.000036, 27106, 27106, 27100, 0, 6775, 0, 0, 0, 0, 0, 0, 27588332, 27105.012861, 27099.013080, 0.000000
286, 2, 3.000087, 210003246, 1.000015, 27104, 27104, 27105, 0, 6777, 0, 0, 1, 0, 0, 0, 27743359, 27103.581056, 27104.581041, 0.000000
286, 3, 4.000154, 210014101, 1.000067, 27205, 27205, 27211, 0, 6802, 0, 0, 0, 0, 0, 0, 27675859, 27203.173372, 27209.172969, 0.000000
286, 4, 5.000180, 210005597, 1.000027, 27123, 27123, 27112, 0, 6778, 0, 0, 0, 0, 0, 0, 27830961, 27122.277127, 27111.277420, 0.000000
286, 5, 6.000189, 210001710, 1.000008, 27083, 27083, 27093, 0, 6774, 0, 0, 0, 0, 0, 0, 28343707, 27082.779469, 27092.779387, 0.000000
286, 6, 7.000231, 210008911, 1.000042, 27126, 27126, 27123, 0, 6780, 0, 0, 0, 0, 0, 0, 28323613, 27124.849002, 27121.849130, 0.000000
286, 7, 8.000357, 210026478, 1.000126, 27174, 27174, 27176, 0, 6794, 0, 0, 0, 0, 0, 0, 28240097, 27170.574179, 27172.573927, 0.000000
