ThreadID, cIDX, Time, cycles, deltaT, RX, OnRX, TX, SupTX, OnTX, Idle, OnIdle, Blocked, CacheMiss, CacheHit, CacheWB, CPUIdle, RX/s, TX/s, Sup/s
736, 0, 0, 0, 0, 0, 0, 0, 0, 0, 0, 0, 0, 0, 0, 0, 0, 0, 0, 0
736, 0, 1.000032, 210006777, 1.000032, 30574, 30574, 30584, 0, 7929, 0, 0, 0, 0, 0, 0, 26799121, 30573.013365, 30583.013042, 0.000000
736, 1, 2.000102, 210014742, 1.000070, 30520, 30520, 30503, 0, 7910, 0, 0, 0, 0, 0, 0, 26723114, 30517.857646, 30500.858840, 0.000000
736, 2, 3.000130, 210005832, 1.000028, 30498, 30498, 30514, 0, 7911, 0, 0, 0, 0, 0, 0, 27032441, 30497.153050, 30513.152606, 0.000000
736, 3, 4.000190, 210012598, 1.000060, 30608, 30608, 30605, 0, 7935, 0, 0, 0, 0, 0, 0, 27006976, 30606.163922, 30603.164102, 0.000000
736, 4, 5.000275, 210017822, 1.000085, 30505, 30505, 30484, 0, 7902, 0, 0, 0, 0, 0, 0, 27414245, 30502.411362, 30481.413144, 0.000000
736, 5, 6.000277, 210000492, 1.000002, 30487, 30487, 30502, 0, 7908, 0, 0, 0, 0, 0, 0, 27626649, 30486.928573, 30501.928538, 0.000000
736, 6, 7.000386, 210022893, 1.000109, 30521, 30521, 30508, 0, 7910, 0, 0, 0, 0, 0, 0, 27437187, 30517.673138, 30504.674555, 0.000000
736, 7, 8.000404, 210003752, 1.000018, 30585, 30585, 30612, 0, 7936, 0, 0, 2, 0, 0, 0, 27391882, 30584.453558, 30611.453075, 0.000000
