ThreadID, cIDX, Time, cycles, deltaT, RX, OnRX, TX, SupTX, OnTX, Idle, OnIdle, Blocked, CacheMiss, CacheHit, CacheWB, CPUIdle, RX/s, TX/s, Sup/s
398, 0, 0, 0, 0, 0, 0, 0, 0, 0, 0, 0, 0, 0, 0, 0, 0, 0, 0, 0
398, 0, 1.000009, 210001798, 1.000009, 26173, 26173, 26177, 0, 6829, 0, 0, 0, 685519, 183332622, 284102, 29492585, 26172.775911, 26176.775877, 0.000000
398, 1, 2.000049, 210008542, 1.000041, 25969, 25969, 25962, 0, 6774, 0, 0, 0, 612877, 183397791, 247984, 29504206, 25967.943723, 25960.944008, 0.000000
398, 2, 3.000124, 210015739, 1.000075, 25985, 25985, 25988, 0, 6779, 0, 0, 1, 592926, 183329166, 236307, 29732360, 25983.052632, 25986.052407, 0.000000
398, 3, 4.000210, 210017970, 1.000086, 26039, 26039, 26043, 0, 6795, 0, 0, 2, 591796, 183404267, 236174, 29517399, 26036.771996, 26040.771654, 0.000000
398, 4, 5.000216, 210001337, 1.000006, 25993, 25993, 25993, 0, 6779, 0, 0, 0, 572901, 183076853, 227145, 30069915, 25992.834512, 25992.834512, 0.000000
398, 5, 6.000279, 210013247, 1.000063, 25962, 25962, 25958, 0, 6773, 0, 0, 0, 570884, 183062211, 225325, 30067948, 25960.362396, 25956.362648, 0.000000
398, 6, 7.000314, 210007399, 1.000035, 26050, 26050, 26055, 0, 6798, 0, 0, 1, 571281, 183018877, 226051, 30294369, 26049.082204, 26054.082028, 0.000000
398, 7, 8.000320, 210001262, 1.000006, 25965, 25965, 25965, 0, 6773, 0, 0, 1, 572041, 183172286, 225911, 29844174, 25964.843964, 25964.843964, 0.000000
