ThreadID, cIDX, Time, cycles, deltaT, RX, OnRX, TX, SupTX, OnTX, Idle, OnIdle, Blocked, CacheMiss, CacheHit, CacheWB, CPUIdle, RX/s, TX/s, Sup/s
567, 0, 0, 0, 0, 0, 0, 0, 0, 0, 0, 0, 0, 0, 0, 0, 0, 0, 0, 0
567, 0, 1.000044, 210009162, 1.000044, 31529, 31529, 31524, 0, 7881, 0, 0, 0, 0, 0, 0, 25829466, 31527.624495, 31522.624713, 0.000000
567, 1, 2.000194, 210031678, 1.000151, 31676, 31676, 31672, 0, 7918, 0, 0, 1, 0, 0, 0, 25940169, 31671.222471, 31667.223075, 0.000000
567, 2, 3.000198, 210000777, 1.000004, 31707, 31707, 31705, 0, 7927, 0, 0, 0, 0, 0, 0, 25902384, 31706.882685, 31704.882692, 0.000000
567, 3, 4.000253, 210011456, 1.000055, 31692, 31692, 31707, 0, 7926, 0, 0, 0, 0, 0, 0, 25901319, 31690.271220, 31705.270402, 0.000000
567, 4, 5.000408, 210032689, 1.000156, 31639, 31639, 31624, 0, 7906, 0, 0, 0, 0, 0, 0, 26544484, 31634.075780, 31619.078114, 0.000000
567, 5, 6.000422, 210002842, 1.000014, 31631, 31631, 31641, 0, 7911, 0, 0, 0, 0, 0, 0, 26641330, 31630.571933, 31640.571798, 0.000000
567, 6, 7.000441, 210004019, 1.000019, 31608, 31608, 31611, 0, 7902, 0, 0, 0, 0, 0, 0, 26616742, 31607.395095, 31610.395037, 0.000000
567, 7, 8.000446, 210001000, 1.000005, 31617, 31617, 31605, 0, 7902, 0, 0, 1, 0, 0, 0, 26671996, 31616.849444, 31604.849501, 0.000000
