ThreadID, cIDX, Time, cycles, deltaT, RX, OnRX, TX, SupTX, OnTX, Idle, OnIdle, Blocked, CacheMiss, CacheHit, CacheWB, CPUIdle, RX/s, TX/s, Sup/s
8987, 0, 0, 0, 0, 0, 0, 0, 0, 0, 0, 0, 0, 0, 0, 0, 0, 0, 0, 0
8987, 0, 1.000011, 210002234, 1.000011, 27239, 27239, 27248, 0, 6812, 0, 0, 0, 0, 0, 0, 29261501, 27238.710232, 27247.710136, 0.000000
8987, 1, 2.000049, 210007993, 1.000038, 27171, 27171, 27160, 0, 6790, 0, 0, 2, 0, 0, 0, 29160557, 27169.965859, 27158.966278, 0.000000
8987, 2, 3.000060, 210002323, 1.000011, 27106, 27106, 27116, 0, 6779, 0, 0, 2, 0, 0, 0, 29409507, 27105.700159, 27115.700049, 0.000000
8987, 3, 4.000061, 210000330, 1.000002, 27172, 27172, 27170, 0, 6793, 0, 0, 1, 0, 0, 0, 29251894, 27171.957301, 27169.957304, 0.000000
8987, 4, 5.000064, 210000641, 1.000003, 27092, 27092, 27088, 0, 6772, 0, 0, 0, 0, 0, 0, 29942253, 27091.917305, 27087.917317, 0.000000
8987, 5, 6.000077, 210002602, 1.000012, 27035, 27035, 27034, 0, 6758, 0, 0, 0, 0, 0, 0, 29902658, 27034.665028, 27033.665040, 0.000000
8987, 6, 7.000140, 210013193, 1.000063, 27167, 27167, 27164, 0, 6791, 0, 0, 0, 0, 0, 0, 29943276, 27165.293373, 27162.293561, 0.000000
8987, 7, 8.000196, 210011906, 1.000057, 27068, 27068, 27068, 0, 6767, 0, 0, 0, 0, 0, 0, 29904372, 27066.465460, 27066.465460, 0.000000
