ThreadID, cIDX, Time, cycles, deltaT, RX, OnRX, TX, SupTX, OnTX, Idle, OnIdle, Blocked, CacheMiss, CacheHit, CacheWB, CPUIdle, RX/s, TX/s, Sup/s
3012, 0, 0, 0, 0, 0, 0, 0, 0, 0, 0, 0, 0, 0, 0, 0, 0, 0, 0, 0
3012, 0, 1.000050, 210010544, 1.000050, 31532, 31532, 31532, 0, 7883, 0, 0, 0, 663302, 182089946, 273137, 29168993, 31530.416873, 31530.416873, 0.000000
3012, 1, 2.000188, 210028978, 1.000138, 31668, 31668, 31657, 0, 7915, 0, 0, 11, 572630, 182215534, 228508, 28963920, 31663.630721, 31652.632238, 0.000000
3012, 2, 3.000313, 210026188, 1.000125, 31714, 31714, 31714, 0, 7928, 0, 0, 13, 553161, 182134070, 221878, 29033879, 31710.045606, 31710.045606, 0.000000
3012, 3, 4.000332, 210004005, 1.000019, 31690, 31690, 31696, 0, 7924, 0, 0, 12, 545077, 182146163, 217039, 29106450, 31689.395638, 31695.395524, 0.000000
3012, 4, 5.000567, 210049359, 1.000235, 31626, 31626, 31612, 0, 7903, 0, 0, 8, 537848, 181989906, 213470, 29500452, 31618.568281, 31604.571571, 0.000000
3012, 5, 6.000996, 210089988, 1.000429, 31611, 31611, 31610, 0, 7903, 0, 0, 0, 529642, 181834485, 209796, 29903481, 31597.460037, 31596.460465, 0.000000
3012, 6, 7.001010, 210002942, 1.000014, 31644, 31644, 31671, 0, 7917, 0, 0, 0, 520051, 181766248, 204354, 29834956, 31643.556689, 31670.556311, 0.000000
3012, 7, 8.001018, 210001785, 1.000009, 31576, 31576, 31577, 0, 7895, 0, 0, 0, 522379, 181998748, 206036, 29350892, 31575.731606, 31576.731598, 0.000000
