ThreadID, cIDX, Time, cycles, deltaT, RX, OnRX, TX, SupTX, OnTX, Idle, OnIdle, Blocked, CacheMiss, CacheHit, CacheWB, CPUIdle, RX/s, TX/s, Sup/s
2394, 0, 0, 0, 0, 0, 0, 0, 0, 0, 0, 0, 0, 0, 0, 0, 0, 0, 0, 0
2394, 0, 1.000012, 210002585, 1.000012, 27200, 27200, 27208, 0, 6802, 0, 0, 1, 0, 0, 0, 28867011, 27199.665185, 27207.665087, 0.000000
2394, 1, 2.000016, 210000689, 1.000003, 27128, 27128, 27115, 0, 6779, 0, 0, 0, 0, 0, 0, 28913284, 27127.910995, 27114.911037, 0.000000
2394, 2, 3.000026, 210002104, 1.000010, 27154, 27154, 27165, 0, 6791, 0, 0, 9, 0, 0, 0, 29331454, 27153.727946, 27164.727835, 0.000000
2394, 3, 4.000058, 210006833, 1.000033, 27128, 27128, 27124, 0, 6781, 0, 0, 2, 0, 0, 0, 29270065, 27127.117335, 27123.117465, 0.000000
2394, 4, 5.000066, 210001593, 1.000008, 27173, 27173, 27176, 0, 6794, 0, 0, 2, 0, 0, 0, 29436518, 27172.793875, 27175.793852, 0.000000
2394, 5, 6.000160, 210019818, 1.000094, 27076, 27076, 27068, 0, 6767, 0, 0, 0, 0, 0, 0, 29972834, 27073.445040, 27065.445795, 0.000000
2394, 6, 7.000179, 210003925, 1.000019, 27131, 27131, 27140, 0, 6785, 0, 0, 1, 0, 0, 0, 29891411, 27130.492918, 27139.492750, 0.000000
2394, 7, 8.000181, 210000456, 1.000002, 27161, 27161, 27160, 0, 6790, 0, 0, 1, 0, 0, 0, 29713814, 27160.941022, 27159.941024, 0.000000
