ThreadID, cIDX, Time, cycles, deltaT, RX, OnRX, TX, SupTX, OnTX, Idle, OnIdle, Blocked, CacheMiss, CacheHit, CacheWB, CPUIdle, RX/s, TX/s, Sup/s
40, 0, 0, 0, 0, 0, 0, 0, 0, 0, 0, 0, 0, 0, 0, 0, 0, 0, 0, 0
40, 0, 1.000044, 210009335, 1.000044, 30495, 30495, 30491, 0, 7905, 0, 0, 0, 0, 0, 0, 25745752, 30493.644485, 30489.644663, 0.000000
40, 1, 2.000074, 210006208, 1.000030, 30578, 30578, 30588, 0, 7929, 0, 0, 2, 0, 0, 0, 25743478, 30577.096083, 30587.095787, 0.000000
40, 2, 3.000075, 210000203, 1.000001, 30491, 30491, 30497, 0, 7909, 0, 0, 0, 0, 0, 0, 25933693, 30490.970525, 30496.970520, 0.000000
40, 3, 4.000106, 210006515, 1.000031, 30591, 30591, 30580, 0, 7928, 0, 0, 0, 0, 0, 0, 25968285, 30590.050980, 30579.051321, 0.000000
40, 4, 5.000308, 210042413, 1.000202, 30479, 30479, 30474, 0, 7902, 0, 0, 0, 0, 0, 0, 26295996, 30472.845501, 30467.846511, 0.000000
40, 5, 6.000312, 210000781, 1.000004, 30476, 30476, 30476, 0, 7902, 0, 0, 0, 0, 0, 0, 26487521, 30475.886659, 30475.886659, 0.000000
40, 6, 7.000333, 210004575, 1.000022, 30520, 30520, 30518, 0, 7912, 0, 0, 0, 0, 0, 0, 26276645, 30519.335114, 30517.335158, 0.000000
40, 7, 8.000338, 210000937, 1.000004, 30505, 30505, 30509, 0, 7910, 0, 0, 1, 0, 0, 0, 25902937, 30504.863890, 30508.863872, 0.000000
