ThreadID, cIDX, Time, cycles, deltaT, RX, OnRX, TX, SupTX, OnTX, Idle, OnIdle, Blocked, CacheMiss, CacheHit, CacheWB, CPUIdle, RX/s, TX/s, Sup/s
8236, 0, 0, 0, 0, 0, 0, 0, 0, 0, 0, 0, 0, 0, 0, 0, 0, 0, 0, 0
8236, 0, 1.000042, 210008845, 1.000042, 27311, 27311, 27312, 0, 6828, 0, 0, 0, 0, 0, 0, 28192630, 27309.849735, 27310.849693, 0.000000
8236, 1, 2.000400, 210075236, 1.000358, 27120, 27120, 27116, 0, 6779, 0, 0, 6, 0, 0, 0, 28180086, 27110.287288, 27106.288720, 0.000000
8236, 2, 3.000423, 210004662, 1.000022, 27100, 27100, 27103, 0, 6776, 0, 0, 3, 0, 0, 0, 28054308, 27099.398393, 27102.398327, 0.000000
8236, 3, 4.000426, 210000676, 1.000003, 27156, 27156, 27155, 0, 6789, 0, 0, 4, 0, 0, 0, 28210218, 27155.912584, 27154.912587, 0.000000
8236, 4, 5.000438, 210002645, 1.000013, 27155, 27155, 27155, 0, 6789, 0, 0, 0, 0, 0, 0, 28541763, 27154.657981, 27154.657981, 0.000000
8236, 5, 6.000502, 210013422, 1.000064, 27083, 27083, 27087, 0, 6771, 0, 0, 0, 0, 0, 0, 28917238, 27081.269120, 27085.268864, 0.000000
8236, 6, 7.000650, 210030933, 1.000147, 27212, 27212, 27204, 0, 6801, 0, 0, 0, 0, 0, 0, 28629511, 27207.992263, 27199.993441, 0.000000
8236, 7, 8.000706, 210011801, 1.000056, 27079, 27079, 27084, 0, 6771, 0, 0, 1, 0, 0, 0, 28081682, 27077.478375, 27082.478094, 0.000000
