ThreadID, cIDX, Time, cycles, deltaT, RX, OnRX, TX, SupTX, OnTX, Idle, OnIdle, Blocked, CacheMiss, CacheHit, CacheWB, CPUIdle, RX/s, TX/s, Sup/s
10638, 0, 0, 0, 0, 0, 0, 0, 0, 0, 0, 0, 0, 0, 0, 0, 0, 0, 0, 0
10638, 0, 1.000775, 210162839, 1.000775, 27265, 27265, 27264, 0, 6816, 0, 0, 1, 652104, 182128958, 273041, 31784390, 27243.874451, 27242.875226, 0.000000
10638, 1, 2.000836, 210012753, 1.000061, 27153, 27153, 27149, 0, 6788, 0, 0, 2, 574375, 182112636, 236656, 31726924, 27151.351137, 27147.351380, 0.000000
10638, 2, 3.000846, 210002143, 1.000010, 27138, 27138, 27144, 0, 6786, 0, 0, 6, 557514, 182044932, 226907, 31847228, 27137.723066, 27143.723005, 0.000000
10638, 3, 4.000890, 210009108, 1.000043, 27164, 27164, 27163, 0, 6790, 0, 0, 2, 547827, 181978401, 221950, 31952500, 27162.821910, 27161.821953, 0.000000
10638, 4, 5.001016, 210026521, 1.000126, 27109, 27109, 27100, 0, 6775, 0, 0, 4, 540171, 181958333, 216542, 32070540, 27105.576824, 27096.577960, 0.000000
10638, 5, 6.001040, 210005022, 1.000024, 27087, 27087, 27096, 0, 6774, 0, 0, 0, 529438, 181592798, 210784, 32701848, 27086.352249, 27095.352034, 0.000000
10638, 6, 7.001041, 210000224, 1.000001, 27078, 27078, 27072, 0, 6768, 0, 0, 0, 523847, 181707695, 209860, 32527744, 27077.971117, 27071.971123, 0.000000
10638, 7, 8.001047, 210001241, 1.000006, 27113, 27113, 27119, 0, 6780, 0, 0, 0, 519742, 181869894, 206046, 32219412, 27112.839776, 27118.839741, 0.000000
