ThreadID, cIDX, Time, cycles, deltaT, RX, OnRX, TX, SupTX, OnTX, Idle, OnIdle, Blocked, CacheMiss, CacheHit, CacheWB, CPUIdle, RX/s, TX/s, Sup/s
9130, 0, 0, 0, 0, 0, 0, 0, 0, 0, 0, 0, 0, 0, 0, 0, 0, 0, 0, 0
9130, 0, 1.000012, 210002538, 1.000012, 27185, 27185, 27192, 0, 6798, 0, 0, 0, 0, 0, 0, 28220745, 27184.671454, 27191.671369, 0.000000
9130, 1, 2.000085, 210015302, 1.000073, 27134, 27134, 27128, 0, 6782, 0, 0, 0, 0, 0, 0, 28122184, 27132.022980, 27126.023417, 0.000000
9130, 2, 3.000099, 210002955, 1.000014, 27123, 27123, 27120, 0, 6780, 0, 0, 2, 0, 0, 0, 28287662, 27122.618346, 27119.618388, 0.000000
9130, 3, 4.000186, 210018223, 1.000087, 27087, 27087, 27088, 0, 6772, 0, 0, 3, 0, 0, 0, 28200725, 27084.649697, 27085.649611, 0.000000
9130, 4, 5.000246, 210012625, 1.000060, 27092, 27092, 27092, 0, 6773, 0, 0, 0, 0, 0, 0, 28813645, 27090.371353, 27090.371353, 0.000000
9130, 5, 6.000338, 210019309, 1.000092, 27148, 27148, 27140, 0, 6785, 0, 0, 0, 0, 0, 0, 28890347, 27145.504036, 27137.504771, 0.000000
9130, 6, 7.000353, 210003148, 1.000015, 27010, 27010, 27028, 0, 6757, 0, 0, 0, 0, 0, 0, 28683567, 27009.595113, 27027.594843, 0.000000
9130, 7, 8.000402, 210010374, 1.000049, 27162, 27162, 27160, 0, 6790, 0, 0, 0, 0, 0, 0, 28766824, 27160.658263, 27158.658362, 0.000000
