ThreadID, cIDX, Time, cycles, deltaT, RX, OnRX, TX, SupTX, OnTX, Idle, OnIdle, Blocked, CacheMiss, CacheHit, CacheWB, CPUIdle, RX/s, TX/s, Sup/s
1820, 0, 0, 0, 0, 0, 0, 0, 0, 0, 0, 0, 0, 0, 0, 0, 0, 0, 0, 0
1820, 0, 1.000010, 210002096, 1.000010, 27219, 27219, 27212, 0, 6803, 0, 0, 0, 0, 0, 0, 29710661, 27218.728331, 27211.728401, 0.000000
1820, 1, 2.000018, 210001625, 1.000008, 27178, 27178, 27181, 0, 6796, 0, 0, 6, 0, 0, 0, 29853778, 27177.789696, 27180.789672, 0.000000
1820, 2, 3.000043, 210005382, 1.000026, 27117, 27117, 27120, 0, 6780, 0, 0, 3, 0, 0, 0, 29920605, 27116.305048, 27119.304971, 0.000000
1820, 3, 4.000055, 210002437, 1.000012, 27148, 27148, 27152, 0, 6788, 0, 0, 7, 0, 0, 0, 30134415, 27147.684958, 27151.684911, 0.000000
1820, 4, 5.000056, 210000195, 1.000001, 27090, 27090, 27080, 0, 6770, 0, 0, 1, 0, 0, 0, 30230480, 27089.974845, 27079.974854, 0.000000
1820, 5, 6.000057, 210000148, 1.000001, 27104, 27104, 27110, 0, 6777, 0, 0, 4, 0, 0, 0, 30672752, 27103.980898, 27109.980894, 0.000000
1820, 6, 7.000222, 210034792, 1.000166, 27101, 27101, 27097, 0, 6774, 0, 0, 0, 0, 0, 0, 30553914, 27096.510753, 27092.511416, 0.000000
1820, 7, 8.000440, 210045696, 1.000218, 27114, 27114, 27116, 0, 6779, 0, 0, 1, 0, 0, 0, 30291874, 27108.101277, 27110.100842, 0.000000
