ThreadID, cIDX, Time, cycles, deltaT, RX, OnRX, TX, SupTX, OnTX, Idle, OnIdle, Blocked, CacheMiss, CacheHit, CacheWB, CPUIdle, RX/s, TX/s, Sup/s
2979, 0, 0, 0, 0, 0, 0, 0, 0, 0, 0, 0, 0, 0, 0, 0, 0, 0, 0, 0
2979, 0, 1.000184, 210038680, 1.000184, 31609, 31609, 31608, 0, 7902, 0, 0, 0, 0, 0, 0, 28281671, 31603.178995, 31602.179180, 0.000000
2979, 1, 2.000351, 210034978, 1.000167, 31713, 31713, 31713, 0, 7929, 0, 0, 16, 0, 0, 0, 28125428, 31707.718702, 31707.718702, 0.000000
2979, 2, 3.000414, 210013296, 1.000063, 31716, 31716, 31706, 0, 7926, 0, 0, 10, 0, 0, 0, 28213092, 31713.992051, 31703.992684, 0.000000
2979, 3, 4.000457, 210008941, 1.000043, 31620, 31620, 31622, 0, 7906, 0, 0, 6, 0, 0, 0, 28312947, 31618.653798, 31620.653713, 0.000000
2979, 4, 5.000460, 210000768, 1.000004, 31597, 31597, 31606, 0, 7901, 0, 0, 8, 0, 0, 0, 28715808, 31596.884446, 31605.884413, 0.000000
2979, 5, 6.000512, 210010905, 1.000052, 31654, 31654, 31669, 0, 7917, 0, 0, 8, 0, 0, 0, 29061698, 31652.356338, 31667.355559, 0.000000
2979, 6, 7.000517, 210000942, 1.000004, 31541, 31541, 31514, 0, 7879, 0, 0, 0, 0, 0, 0, 28945570, 31540.858517, 31513.858638, 0.000000
2979, 7, 8.000555, 210008019, 1.000038, 31606, 31606, 31607, 0, 7902, 0, 0, 0, 0, 0, 0, 28694879, 31604.793148, 31605.793110, 0.000000
