ThreadID, cIDX, Time, cycles, deltaT, RX, OnRX, TX, SupTX, OnTX, Idle, OnIdle, Blocked, CacheMiss, CacheHit, CacheWB, CPUIdle, RX/s, TX/s, Sup/s
11235, 0, 0, 0, 0, 0, 0, 0, 0, 0, 0, 0, 0, 0, 0, 0, 0, 0, 0, 0
11235, 0, 1.000037, 210007733, 1.000037, 31593, 31593, 31592, 0, 7898, 0, 0, 0, 0, 0, 0, 28998269, 31591.836668, 31590.836705, 0.000000
11235, 1, 2.000044, 210001538, 1.000007, 31691, 31691, 31680, 0, 7920, 0, 0, 4, 0, 0, 0, 28875913, 31690.767903, 31679.767983, 0.000000
11235, 2, 3.000198, 210032263, 1.000154, 31703, 31703, 31717, 0, 7930, 0, 0, 9, 0, 0, 0, 29033165, 31698.130111, 31712.127960, 0.000000
11235, 3, 4.000839, 210134572, 1.000641, 31690, 31690, 31672, 0, 7918, 0, 0, 10, 0, 0, 0, 29122079, 31669.705450, 31651.716977, 0.000000
11235, 4, 5.000896, 210012077, 1.000058, 31579, 31579, 31587, 0, 7896, 0, 0, 8, 0, 0, 0, 29484799, 31577.184011, 31585.183551, 0.000000
11235, 5, 6.001031, 210028343, 1.000135, 31648, 31648, 31644, 0, 7911, 0, 0, 6, 0, 0, 0, 29825939, 31643.729151, 31639.729691, 0.000000
11235, 6, 7.001122, 210019141, 1.000091, 31590, 31590, 31616, 0, 7904, 0, 0, 0, 0, 0, 0, 29586417, 31587.120909, 31613.118540, 0.000000
11235, 7, 8.001662, 210113284, 1.000539, 31645, 31645, 31612, 0, 7903, 0, 0, 0, 0, 0, 0, 29186568, 31627.938384, 31594.956176, 0.000000
