ThreadID, cIDX, Time, cycles, deltaT, RX, OnRX, TX, SupTX, OnTX, Idle, OnIdle, Blocked, CacheMiss, CacheHit, CacheWB, CPUIdle, RX/s, TX/s, Sup/s
8506, 0, 0, 0, 0, 0, 0, 0, 0, 0, 0, 0, 0, 0, 0, 0, 0, 0, 0, 0
8506, 0, 1.000017, 210003628, 1.000017, 27251, 27251, 27248, 0, 6812, 0, 0, 0, 0, 0, 0, 27645819, 27250.529215, 27247.529266, 0.000000
8506, 1, 2.000089, 210014991, 1.000071, 27120, 27120, 27128, 0, 6782, 0, 0, 5, 0, 0, 0, 27580811, 27118.064158, 27126.063587, 0.000000
8506, 2, 3.000140, 210010858, 1.000052, 27114, 27114, 27108, 0, 6777, 0, 0, 6, 0, 0, 0, 27876521, 27112.598150, 27106.598460, 0.000000
8506, 3, 4.000157, 210003481, 1.000017, 27170, 27170, 27175, 0, 6794, 0, 0, 10, 0, 0, 0, 27701976, 27169.549632, 27174.549549, 0.000000
8506, 4, 5.000162, 210001097, 1.000005, 27142, 27142, 27137, 0, 6784, 0, 0, 3, 0, 0, 0, 27937096, 27141.858216, 27136.858242, 0.000000
8506, 5, 6.000168, 210001166, 1.000006, 27028, 27028, 27023, 0, 6756, 0, 0, 0, 0, 0, 0, 28458087, 27027.849931, 27022.849959, 0.000000
8506, 6, 7.000238, 210014805, 1.000071, 27084, 27084, 27089, 0, 6772, 0, 0, 1, 0, 0, 0, 28326154, 27082.090713, 27087.090360, 0.000000
8506, 7, 8.000256, 210003795, 1.000018, 27149, 27149, 27154, 0, 6789, 0, 0, 0, 0, 0, 0, 28307588, 27148.509388, 27153.509297, 0.000000
