ThreadID, cIDX, Time, cycles, deltaT, RX, OnRX, TX, SupTX, OnTX, Idle, OnIdle, Blocked, CacheMiss, CacheHit, CacheWB, CPUIdle, RX/s, TX/s, Sup/s
730, 0, 0, 0, 0, 0, 0, 0, 0, 0, 0, 0, 0, 0, 0, 0, 0, 0, 0, 0
730, 0, 1.000035, 210007273, 1.000035, 27156, 27156, 27156, 0, 6789, 0, 0, 0, 0, 0, 0, 26698620, 27155.059530, 27155.059530, 0.000000
730, 1, 2.000040, 210001191, 1.000006, 27168, 27168, 27165, 0, 6792, 0, 0, 0, 0, 0, 0, 26649280, 27167.845920, 27164.845937, 0.000000
730, 2, 3.000058, 210003784, 1.000018, 27112, 27112, 27127, 0, 6781, 0, 0, 1, 0, 0, 0, 26880569, 27111.511476, 27126.511206, 0.000000
730, 3, 4.000102, 210009111, 1.000043, 27129, 27129, 27116, 0, 6779, 0, 0, 0, 0, 0, 0, 26861742, 27127.823040, 27114.823604, 0.000000
730, 4, 5.000152, 210010499, 1.000050, 27094, 27094, 27089, 0, 6773, 0, 0, 0, 0, 0, 0, 27340410, 27092.645497, 27087.645747, 0.000000
730, 5, 6.000166, 210003089, 1.000015, 27118, 27118, 27124, 0, 6781, 0, 0, 0, 0, 0, 0, 27604321, 27117.601113, 27123.601025, 0.000000
730, 6, 7.000188, 210004564, 1.000022, 27025, 27025, 27023, 0, 6755, 0, 0, 1, 0, 0, 0, 27300749, 27024.412669, 27022.412713, 0.000000
730, 7, 8.000199, 210002269, 1.000011, 27166, 27166, 27165, 0, 6792, 0, 0, 0, 0, 0, 0, 27399568, 27165.706481, 27164.706492, 0.000000
