ThreadID, cIDX, Time, cycles, deltaT, RX, OnRX, TX, SupTX, OnTX, Idle, OnIdle, Blocked, CacheMiss, CacheHit, CacheWB, CPUIdle, RX/s, TX/s, Sup/s
8806, 0, 0, 0, 0, 0, 0, 0, 0, 0, 0, 0, 0, 0, 0, 0, 0, 0, 0, 0
8806, 0, 1.000102, 210021403, 1.000102, 31569, 31569, 31564, 0, 7891, 0, 0, 1, 0, 0, 0, 28575747, 31565.782845, 31560.783355, 0.000000
8806, 1, 2.000167, 210013711, 1.000065, 31689, 31689, 31682, 0, 7921, 0, 0, 7, 0, 0, 0, 28407948, 31686.931145, 31679.931602, 0.000000
8806, 2, 3.000178, 210002244, 1.000011, 31686, 31686, 31710, 0, 7927, 0, 0, 3, 0, 0, 0, 28424389, 31685.661416, 31709.661160, 0.000000
8806, 3, 4.000190, 210002574, 1.000012, 31710, 31710, 31691, 0, 7923, 0, 0, 4, 0, 0, 0, 28455746, 31709.611331, 31690.611564, 0.000000
8806, 4, 5.000203, 210002685, 1.000013, 31607, 31607, 31606, 0, 7902, 0, 0, 4, 0, 0, 0, 29172602, 31606.595887, 31605.595900, 0.000000
8806, 5, 6.000207, 210000782, 1.000004, 31655, 31655, 31674, 0, 7918, 0, 0, 2, 0, 0, 0, 29283176, 31654.882123, 31673.882052, 0.000000
8806, 6, 7.000353, 210030751, 1.000146, 31595, 31595, 31587, 0, 7897, 0, 0, 0, 0, 0, 0, 29292565, 31590.374116, 31582.375288, 0.000000
8806, 7, 8.000360, 210001421, 1.000007, 31649, 31649, 31645, 0, 7911, 0, 0, 0, 0, 0, 0, 29019515, 31648.785843, 31644.785870, 0.000000
