ThreadID, cIDX, Time, cycles, deltaT, RX, OnRX, TX, SupTX, OnTX, Idle, OnIdle, Blocked, CacheMiss, CacheHit, CacheWB, CPUIdle, RX/s, TX/s, Sup/s
1577, 0, 0, 0, 0, 0, 0, 0, 0, 0, 0, 0, 0, 0, 0, 0, 0, 0, 0, 0
1577, 0, 1.000009, 210001987, 1.000009, 27139, 27139, 27132, 0, 6783, 0, 0, 0, 0, 0, 0, 28408891, 27138.743216, 27131.743282, 0.000000
1577, 1, 2.000016, 210001341, 1.000006, 27176, 27176, 27183, 0, 6796, 0, 0, 5, 0, 0, 0, 28374258, 27175.826463, 27182.826418, 0.000000
1577, 2, 3.000017, 210000290, 1.000001, 27198, 27198, 27206, 0, 6802, 0, 0, 6, 0, 0, 0, 28343717, 27197.962441, 27205.962430, 0.000000
1577, 3, 4.000080, 210013162, 1.000063, 27056, 27056, 27043, 0, 6760, 0, 0, 0, 0, 0, 0, 28566499, 27054.304339, 27041.305154, 0.000000
1577, 4, 5.000094, 210002870, 1.000014, 27101, 27101, 27105, 0, 6777, 0, 0, 2, 0, 0, 0, 28763986, 27100.629625, 27104.629570, 0.000000
1577, 5, 6.000105, 210002483, 1.000012, 27181, 27181, 27186, 0, 6796, 0, 0, 4, 0, 0, 0, 29100649, 27180.678621, 27185.678562, 0.000000
1577, 6, 7.000146, 210008582, 1.000041, 27147, 27147, 27137, 0, 6784, 0, 0, 0, 0, 0, 0, 28671133, 27145.890638, 27135.891047, 0.000000
1577, 7, 8.000148, 210000417, 1.000002, 27051, 27051, 27055, 0, 6764, 0, 0, 0, 0, 0, 0, 28808738, 27050.946285, 27054.946277, 0.000000
