ThreadID, cIDX, Time, cycles, deltaT, RX, OnRX, TX, SupTX, OnTX, Idle, OnIdle, Blocked, CacheMiss, CacheHit, CacheWB, CPUIdle, RX/s, TX/s, Sup/s
1323, 0, 0, 0, 0, 0, 0, 0, 0, 0, 0, 0, 0, 0, 0, 0, 0, 0, 0, 0
1323, 0, 1.000369, 210077455, 1.000369, 27187, 27187, 27184, 0, 6796, 0, 0, 1, 0, 0, 0, 28263050, 27176.976225, 27173.977331, 0.000000
1323, 1, 2.000382, 210002842, 1.000014, 27177, 27177, 27180, 0, 6795, 0, 0, 0, 0, 0, 0, 28342402, 27176.632210, 27179.632169, 0.000000
1323, 2, 3.000888, 210106084, 1.000505, 27143, 27143, 27132, 0, 6783, 0, 0, 0, 0, 0, 0, 28464917, 27129.295314, 27118.300867, 0.000000
1323, 3, 4.000954, 210013856, 1.000066, 27078, 27078, 27092, 0, 6773, 0, 0, 7, 0, 0, 0, 28523737, 27076.213486, 27090.212562, 0.000000
1323, 4, 5.000962, 210001759, 1.000008, 27078, 27078, 27068, 0, 6767, 0, 0, 2, 0, 0, 0, 28649133, 27077.773191, 27067.773275, 0.000000
1323, 5, 6.001038, 210016058, 1.000076, 27171, 27171, 27168, 0, 6792, 0, 0, 0, 0, 0, 0, 28979617, 27168.922483, 27165.922712, 0.000000
1323, 6, 7.001103, 210013541, 1.000064, 27016, 27016, 27016, 0, 6754, 0, 0, 0, 0, 0, 0, 28831203, 27014.258095, 27014.258095, 0.000000
1323, 7, 8.001145, 210008931, 1.000043, 27116, 27116, 27132, 0, 6783, 0, 0, 2, 0, 0, 0, 28683054, 27114.846844, 27130.846164, 0.000000
