ThreadID, cIDX, Time, cycles, deltaT, RX, OnRX, TX, SupTX, OnTX, Idle, OnIdle, Blocked, CacheMiss, CacheHit, CacheWB, CPUIdle, RX/s, TX/s, Sup/s
554, 0, 0, 0, 0, 0, 0, 0, 0, 0, 0, 0, 0, 0, 0, 0, 0, 0, 0, 0
554, 0, 1.000003, 210000617, 1.000003, 27194, 27194, 27197, 0, 6800, 0, 0, 0, 0, 0, 0, 25861770, 27193.920102, 27196.920093, 0.000000
554, 1, 2.000097, 210019759, 1.000094, 27191, 27191, 27183, 0, 6795, 0, 0, 4, 0, 0, 0, 25900520, 27188.441827, 27180.442579, 0.000000
554, 2, 3.000134, 210007681, 1.000037, 27071, 27071, 27072, 0, 6768, 0, 0, 0, 0, 0, 0, 25844947, 27070.009882, 27071.009846, 0.000000
554, 3, 4.000149, 210003314, 1.000016, 27190, 27190, 27192, 0, 6798, 0, 0, 0, 0, 0, 0, 25930895, 27189.570923, 27191.570891, 0.000000
554, 4, 5.000192, 210009036, 1.000043, 27061, 27061, 27056, 0, 6764, 0, 0, 0, 0, 0, 0, 26575412, 27059.835654, 27054.835869, 0.000000
554, 5, 6.000196, 210000830, 1.000004, 27067, 27067, 27075, 0, 6769, 0, 0, 1, 0, 0, 0, 26624921, 27066.893021, 27074.892990, 0.000000
554, 6, 7.000278, 210017187, 1.000082, 27147, 27147, 27153, 0, 6788, 0, 0, 0, 0, 0, 0, 26630255, 27144.778394, 27150.777903, 0.000000
554, 7, 8.000318, 210008365, 1.000040, 27091, 27091, 27084, 0, 6771, 0, 0, 0, 0, 0, 0, 26685709, 27089.920918, 27082.921197, 0.000000
