ThreadID, cIDX, Time, cycles, deltaT, RX, OnRX, TX, SupTX, OnTX, Idle, OnIdle, Blocked, CacheMiss, CacheHit, CacheWB, CPUIdle, RX/s, TX/s, Sup/s
2857, 0, 0, 0, 0, 0, 0, 0, 0, 0, 0, 0, 0, 0, 0, 0, 0, 0, 0, 0
2857, 0, 1.000514, 210107839, 1.000514, 27139, 27139, 27144, 0, 6786, 0, 0, 0, 0, 0, 0, 28290514, 27125.070759, 27130.068193, 0.000000
2857, 1, 2.000603, 210018855, 1.000090, 27110, 27110, 27108, 0, 6777, 0, 0, 2, 0, 0, 0, 28033210, 27107.566128, 27105.566307, 0.000000
2857, 2, 3.000690, 210018285, 1.000087, 27140, 27140, 27136, 0, 6784, 0, 0, 7, 0, 0, 0, 28188328, 27137.637087, 27133.637435, 0.000000
2857, 3, 4.000695, 210000966, 1.000005, 27215, 27215, 27212, 0, 6803, 0, 0, 1, 0, 0, 0, 28212089, 27214.874812, 27211.874825, 0.000000
2857, 4, 5.000703, 210001749, 1.000008, 27156, 27156, 27156, 0, 6789, 0, 0, 1, 0, 0, 0, 28629645, 27155.773831, 27155.773831, 0.000000
2857, 5, 6.000745, 210008703, 1.000041, 27091, 27091, 27096, 0, 6774, 0, 0, 0, 0, 0, 0, 29182397, 27089.877318, 27094.877111, 0.000000
2857, 6, 7.000803, 210012229, 1.000058, 27059, 27059, 27056, 0, 6764, 0, 0, 1, 0, 0, 0, 28840657, 27057.424356, 27054.424531, 0.000000
2857, 7, 8.000816, 210002767, 1.000013, 27208, 27208, 27216, 0, 6804, 0, 0, 0, 0, 0, 0, 28876849, 27207.641507, 27215.641402, 0.000000
