ThreadID, cIDX, Time, cycles, deltaT, RX, OnRX, TX, SupTX, OnTX, Idle, OnIdle, Blocked, CacheMiss, CacheHit, CacheWB, CPUIdle, RX/s, TX/s, Sup/s
10625, 0, 0, 0, 0, 0, 0, 0, 0, 0, 0, 0, 0, 0, 0, 0, 0, 0, 0, 0
10625, 0, 1.000714, 210149934, 1.000714, 31640, 31640, 31625, 0, 7907, 0, 0, 1, 651999, 182123954, 272997, 31779881, 31617.426061, 31602.436763, 0.000000
10625, 1, 2.000769, 210011532, 1.000055, 31673, 31673, 31676, 0, 7919, 0, 0, 5, 574385, 182114654, 236656, 31723517, 31671.260795, 31674.260631, 0.000000
10625, 2, 3.000775, 210001354, 1.000006, 31701, 31701, 31716, 0, 7929, 0, 0, 3, 557499, 182038951, 226900, 31853505, 31700.795605, 31715.795509, 0.000000
10625, 3, 4.000781, 210001202, 1.000006, 31679, 31679, 31679, 0, 7919, 0, 0, 0, 547820, 181971374, 221947, 31951245, 31678.818676, 31678.818676, 0.000000
10625, 4, 5.000822, 210008634, 1.000041, 31639, 31639, 31652, 0, 7913, 0, 0, 5, 540118, 181943604, 216526, 32064121, 31637.699239, 31650.698704, 0.000000
10625, 5, 6.000826, 210000780, 1.000004, 31577, 31577, 31564, 0, 7891, 0, 0, 3, 529406, 181588500, 210765, 32703151, 31576.882714, 31563.882763, 0.000000
10625, 6, 7.000960, 210028179, 1.000134, 31668, 31668, 31652, 0, 7913, 0, 0, 0, 523936, 181732917, 209900, 32531996, 31663.751177, 31647.753324, 0.000000
10625, 7, 8.001594, 210133214, 1.000634, 31630, 31630, 31628, 0, 7907, 0, 0, 0, 520068, 181983415, 206173, 32239986, 31609.948154, 31607.949422, 0.000000
