ThreadID, cIDX, Time, cycles, deltaT, RX, OnRX, TX, SupTX, OnTX, Idle, OnIdle, Blocked, CacheMiss, CacheHit, CacheWB, CPUIdle, RX/s, TX/s, Sup/s
205, 0, 0, 0, 0, 0, 0, 0, 0, 0, 0, 0, 0, 0, 0, 0, 0, 0, 0, 0
205, 0, 1.000014, 210002878, 1.000014, 27300, 27300, 27296, 0, 6824, 0, 0, 0, 700249, 183264651, 293047, 26738572, 27299.625865, 27295.625920, 0.000000
205, 1, 2.000084, 210014857, 1.000071, 27114, 27114, 27124, 0, 6781, 0, 0, 2, 596952, 183382284, 240654, 26592636, 27112.081885, 27122.081177, 0.000000
205, 2, 3.000097, 210002707, 1.000013, 27107, 27107, 27093, 0, 6774, 0, 0, 2, 577863, 183311331, 234444, 26734366, 27106.650582, 27092.650763, 0.000000
205, 3, 4.000173, 210015875, 1.000076, 27178, 27178, 27183, 0, 6795, 0, 0, 2, 569373, 183349406, 230040, 26606685, 27175.945628, 27180.945250, 0.000000
205, 4, 5.000180, 210001525, 1.000007, 27121, 27121, 27128, 0, 6782, 0, 0, 0, 558889, 183176460, 224662, 26890891, 27120.803051, 27127.803000, 0.000000
205, 5, 6.000188, 210001547, 1.000007, 27088, 27088, 27080, 0, 6770, 0, 0, 0, 545187, 182969202, 217929, 27272052, 27087.800453, 27079.800512, 0.000000
205, 6, 7.000191, 210000781, 1.000004, 27209, 27209, 27216, 0, 6804, 0, 0, 0, 543413, 183028894, 216793, 27224560, 27208.898809, 27215.898783, 0.000000
205, 7, 8.000194, 210000650, 1.000003, 27071, 27071, 27066, 0, 6767, 0, 0, 0, 544001, 183099377, 218070, 27066146, 27070.916209, 27065.916225, 0.000000
