ThreadID, cIDX, Time, cycles, deltaT, RX, OnRX, TX, SupTX, OnTX, Idle, OnIdle, Blocked, CacheMiss, CacheHit, CacheWB, CPUIdle, RX/s, TX/s, Sup/s
9433, 0, 0, 0, 0, 0, 0, 0, 0, 0, 0, 0, 0, 0, 0, 0, 0, 0, 0, 0
9433, 0, 1.000001, 210000267, 1.000001, 27119, 27119, 27119, 0, 6780, 0, 0, 0, 0, 0, 0, 29261657, 27118.965520, 27118.965520, 0.000000
9433, 1, 2.000513, 210107439, 1.000512, 27170, 27170, 27169, 0, 6792, 0, 0, 4, 0, 0, 0, 29222641, 27156.106548, 27155.107059, 0.000000
9433, 2, 3.000707, 210040694, 1.000194, 27148, 27148, 27137, 0, 6785, 0, 0, 13, 0, 0, 0, 29142382, 27142.740254, 27131.742385, 0.000000
9433, 3, 4.000863, 210032915, 1.000157, 27152, 27152, 27156, 0, 6789, 0, 0, 8, 0, 0, 0, 29118760, 27147.744914, 27151.744287, 0.000000
9433, 4, 5.000875, 210002516, 1.000012, 27120, 27120, 27124, 0, 6781, 0, 0, 4, 0, 0, 0, 29252193, 27119.675080, 27123.675033, 0.000000
9433, 5, 6.001415, 210113313, 1.000540, 27109, 27109, 27099, 0, 6774, 0, 0, 5, 0, 0, 0, 29898777, 27094.380259, 27084.385652, 0.000000
9433, 6, 7.001429, 210002857, 1.000014, 27090, 27090, 27100, 0, 6775, 0, 0, 0, 0, 0, 0, 29846634, 27089.631452, 27099.631316, 0.000000
9433, 7, 8.001523, 210019920, 1.000095, 27119, 27119, 27120, 0, 6780, 0, 0, 0, 0, 0, 0, 29654732, 27116.427813, 27117.427718, 0.000000
