ThreadID, cIDX, Time, cycles, deltaT, RX, OnRX, TX, SupTX, OnTX, Idle, OnIdle, Blocked, CacheMiss, CacheHit, CacheWB, CPUIdle, RX/s, TX/s, Sup/s
1906, 0, 0, 0, 0, 0, 0, 0, 0, 0, 0, 0, 0, 0, 0, 0, 0, 0, 0, 0
1906, 0, 1.000185, 210038951, 1.000185, 31639, 31639, 31652, 0, 7913, 0, 0, 0, 0, 0, 0, 30915272, 31633.132656, 31646.130246, 0.000000
1906, 1, 2.000187, 210000276, 1.000001, 31637, 31637, 31636, 0, 7909, 0, 0, 0, 0, 0, 0, 30802965, 31636.958420, 31635.958421, 0.000000
1906, 2, 3.000226, 210008228, 1.000039, 31658, 31658, 31648, 0, 7912, 0, 0, 7, 0, 0, 0, 31048410, 31656.759658, 31646.760050, 0.000000
1906, 3, 4.000231, 210001084, 1.000005, 31690, 31690, 31685, 0, 7922, 0, 0, 6, 0, 0, 0, 31162083, 31689.836420, 31684.836446, 0.000000
1906, 4, 5.000236, 210000968, 1.000005, 31680, 31680, 31695, 0, 7923, 0, 0, 9, 0, 0, 0, 31432626, 31679.853971, 31694.853902, 0.000000
1906, 5, 6.000243, 210001422, 1.000007, 31595, 31595, 31573, 0, 7894, 0, 0, 0, 0, 0, 0, 31749772, 31594.786058, 31572.786207, 0.000000
1906, 6, 7.000307, 210013546, 1.000065, 31601, 31601, 31603, 0, 7900, 0, 0, 0, 0, 0, 0, 31552889, 31598.961716, 31600.961587, 0.000000
1906, 7, 8.000567, 210054515, 1.000260, 31740, 31740, 31732, 0, 7933, 0, 0, 0, 0, 0, 0, 31416745, 31731.762586, 31723.764662, 0.000000
