ThreadID, cIDX, Time, cycles, deltaT, RX, OnRX, TX, SupTX, OnTX, Idle, OnIdle, Blocked, CacheMiss, CacheHit, CacheWB, CPUIdle, RX/s, TX/s, Sup/s
2711, 0, 0, 0, 0, 0, 0, 0, 0, 0, 0, 0, 0, 0, 0, 0, 0, 0, 0, 0
2711, 0, 1.000090, 210018882, 1.000090, 31677, 31677, 31672, 0, 7918, 0, 0, 1, 0, 0, 0, 29773836, 31674.152041, 31669.152491, 0.000000
2711, 1, 2.000560, 210098615, 1.000470, 31661, 31661, 31657, 0, 7915, 0, 0, 5, 0, 0, 0, 29729684, 31646.139124, 31642.141001, 0.000000
2711, 2, 3.000574, 210003070, 1.000015, 31682, 31682, 31703, 0, 7925, 0, 0, 4, 0, 0, 0, 29692336, 31681.536846, 31702.536539, 0.000000
2711, 3, 4.000652, 210016331, 1.000078, 31686, 31686, 31680, 0, 7920, 0, 0, 1, 0, 0, 0, 29957112, 31683.536077, 31677.536544, 0.000000
2711, 4, 5.000655, 210000575, 1.000003, 31681, 31681, 31673, 0, 7919, 0, 0, 4, 0, 0, 0, 30336960, 31680.913255, 31672.913277, 0.000000
2711, 5, 6.000690, 210007390, 1.000035, 31547, 31547, 31563, 0, 7890, 0, 0, 2, 0, 0, 0, 30725617, 31545.889885, 31561.889322, 0.000000
2711, 6, 7.000733, 210009050, 1.000043, 31688, 31688, 31660, 0, 7915, 0, 0, 0, 0, 0, 0, 30533277, 31686.634457, 31658.635664, 0.000000
2711, 7, 8.000776, 210008960, 1.000043, 31587, 31587, 31588, 0, 7897, 0, 0, 0, 0, 0, 0, 30298135, 31585.652345, 31586.652303, 0.000000
