ThreadID, cIDX, Time, cycles, deltaT, RX, OnRX, TX, SupTX, OnTX, Idle, OnIdle, Blocked, CacheMiss, CacheHit, CacheWB, CPUIdle, RX/s, TX/s, Sup/s
9784, 0, 0, 0, 0, 0, 0, 0, 0, 0, 0, 0, 0, 0, 0, 0, 0, 0, 0, 0
9784, 0, 1.000363, 210076274, 1.000363, 27174, 27174, 27168, 0, 6792, 0, 0, 0, 0, 0, 0, 28418434, 27164.133728, 27158.135906, 0.000000
9784, 1, 2.000432, 210014527, 1.000069, 27197, 27197, 27204, 0, 6801, 0, 0, 11, 0, 0, 0, 28144922, 27195.118745, 27202.118261, 0.000000
9784, 2, 3.000454, 210004541, 1.000022, 27171, 27171, 27168, 0, 6792, 0, 0, 8, 0, 0, 0, 28417173, 27170.412472, 27167.412537, 0.000000
9784, 3, 4.000488, 210007213, 1.000034, 27037, 27037, 27044, 0, 6761, 0, 0, 3, 0, 0, 0, 28601350, 27036.071375, 27043.071135, 0.000000
9784, 4, 5.000498, 210002122, 1.000010, 27108, 27108, 27104, 0, 6776, 0, 0, 6, 0, 0, 0, 28798727, 27107.726083, 27103.726123, 0.000000
9784, 5, 6.000525, 210005640, 1.000027, 27200, 27200, 27200, 0, 6800, 0, 0, 2, 0, 0, 0, 29118008, 27199.269505, 27199.269505, 0.000000
9784, 6, 7.000529, 210000730, 1.000003, 27162, 27162, 27155, 0, 6789, 0, 0, 0, 0, 0, 0, 28822634, 27161.905580, 27154.905604, 0.000000
9784, 7, 8.000532, 210000574, 1.000003, 27061, 27061, 27062, 0, 6766, 0, 0, 0, 0, 0, 0, 28679872, 27060.926033, 27061.926031, 0.000000
