ThreadID, cIDX, Time, cycles, deltaT, RX, OnRX, TX, SupTX, OnTX, Idle, OnIdle, Blocked, CacheMiss, CacheHit, CacheWB, CPUIdle, RX/s, TX/s, Sup/s
9574, 0, 0, 0, 0, 0, 0, 0, 0, 0, 0, 0, 0, 0, 0, 0, 0, 0, 0, 0
9574, 0, 1.000500, 210105054, 1.000500, 31562, 31562, 31562, 0, 7891, 0, 0, 6, 0, 0, 0, 29156081, 31546.218779, 31546.218779, 0.000000
9574, 1, 2.000569, 210014535, 1.000069, 31727, 31727, 31723, 0, 7931, 0, 0, 7, 0, 0, 0, 28859529, 31724.804190, 31720.804467, 0.000000
9574, 2, 3.000591, 210004593, 1.000022, 31700, 31700, 31696, 0, 7924, 0, 0, 8, 0, 0, 0, 29029395, 31699.306691, 31695.306778, 0.000000
9574, 3, 4.000597, 210001170, 1.000006, 31592, 31592, 31600, 0, 7900, 0, 0, 15, 0, 0, 0, 29106691, 31591.823988, 31599.823944, 0.000000
9574, 4, 5.000599, 210000488, 1.000002, 31721, 31721, 31713, 0, 7928, 0, 0, 5, 0, 0, 0, 29333281, 31720.926287, 31712.926305, 0.000000
9574, 5, 6.000604, 210001009, 1.000005, 31614, 31614, 31613, 0, 7903, 0, 0, 7, 0, 0, 0, 29900356, 31613.848103, 31612.848108, 0.000000
9574, 6, 7.000814, 210044029, 1.000210, 31694, 31694, 31685, 0, 7921, 0, 0, 0, 0, 0, 0, 29616692, 31687.356369, 31678.358255, 0.000000
9574, 7, 8.000825, 210002387, 1.000011, 31637, 31637, 31668, 0, 7917, 0, 0, 0, 0, 0, 0, 29666514, 31636.640397, 31667.640044, 0.000000
