ThreadID, cIDX, Time, cycles, deltaT, RX, OnRX, TX, SupTX, OnTX, Idle, OnIdle, Blocked, CacheMiss, CacheHit, CacheWB, CPUIdle, RX/s, TX/s, Sup/s
9804, 0, 0, 0, 0, 0, 0, 0, 0, 0, 0, 0, 0, 0, 0, 0, 0, 0, 0, 0
9804, 0, 1.000307, 210064510, 1.000307, 27227, 27227, 27224, 0, 6806, 0, 0, 0, 642882, 182109278, 270240, 29197366, 27218.638693, 27215.639615, 0.000000
9804, 1, 2.000486, 210037503, 1.000179, 27154, 27154, 27145, 0, 6787, 0, 0, 7, 573885, 182168924, 234569, 29044220, 27149.151549, 27140.153156, 0.000000
9804, 2, 3.000500, 210002894, 1.000014, 27150, 27150, 27164, 0, 6791, 0, 0, 5, 555972, 182061244, 225784, 29313540, 27149.625852, 27163.625659, 0.000000
9804, 3, 4.000504, 210000846, 1.000004, 27030, 27030, 27023, 0, 6755, 0, 0, 8, 550343, 181970570, 222450, 29432122, 27029.891108, 27022.891136, 0.000000
9804, 4, 5.000544, 210008494, 1.000040, 27107, 27107, 27112, 0, 6778, 0, 0, 5, 539828, 181896034, 217458, 29607815, 27105.903631, 27110.903429, 0.000000
9804, 5, 6.000613, 210014476, 1.000069, 27137, 27137, 27136, 0, 6784, 0, 0, 4, 528161, 181712616, 211571, 29946902, 27135.129485, 27134.129554, 0.000000
9804, 6, 7.000746, 210027963, 1.000133, 27019, 27019, 27020, 0, 6755, 0, 0, 0, 533402, 181906594, 214112, 29649201, 27015.402706, 27016.402573, 0.000000
9804, 7, 8.000748, 210000306, 1.000001, 27144, 27144, 27149, 0, 6788, 0, 0, 0, 536038, 181933324, 216213, 29461644, 27143.960447, 27148.960440, 0.000000
