ThreadID, cIDX, Time, cycles, deltaT, RX, OnRX, TX, SupTX, OnTX, Idle, OnIdle, Blocked, CacheMiss, CacheHit, CacheWB, CPUIdle, RX/s, TX/s, Sup/s
843, 0, 0, 0, 0, 0, 0, 0, 0, 0, 0, 0, 0, 0, 0, 0, 0, 0, 0, 0
843, 0, 1.000006, 210001296, 1.000006, 27238, 27238, 27236, 0, 6809, 0, 0, 0, 697150, 183390851, 286012, 26656860, 27237.831904, 27235.831916, 0.000000
843, 1, 2.000058, 210010985, 1.000052, 27183, 27183, 27184, 0, 6796, 0, 0, 0, 606578, 183412004, 242996, 26716439, 27181.578145, 27182.578092, 0.000000
843, 2, 3.000066, 210001525, 1.000007, 27060, 27060, 27072, 0, 6768, 0, 0, 1, 577034, 183307408, 228710, 26982145, 27059.803494, 27071.803407, 0.000000
843, 3, 4.000091, 210005269, 1.000025, 27188, 27188, 27184, 0, 6796, 0, 0, 0, 566384, 183400953, 223485, 26787637, 27187.317857, 27183.317958, 0.000000
843, 4, 5.000186, 210020064, 1.000096, 27057, 27057, 27056, 0, 6764, 0, 0, 0, 559633, 183201146, 220326, 27250774, 27054.415144, 27053.415239, 0.000000
843, 5, 6.000227, 210008487, 1.000040, 27071, 27071, 27064, 0, 6766, 0, 0, 0, 552879, 183051820, 216903, 27545994, 27069.905989, 27062.906272, 0.000000
843, 6, 7.000270, 210009140, 1.000044, 27143, 27143, 27148, 0, 6787, 0, 0, 0, 549386, 183069883, 214540, 27495259, 27141.818685, 27146.818467, 0.000000
843, 7, 8.000292, 210004528, 1.000022, 27077, 27077, 27070, 0, 6768, 0, 0, 0, 548849, 183181355, 214008, 27279886, 27076.416181, 27069.416332, 0.000000
