ThreadID, cIDX, Time, cycles, deltaT, RX, OnRX, TX, SupTX, OnTX, Idle, OnIdle, Blocked, CacheMiss, CacheHit, CacheWB, CPUIdle, RX/s, TX/s, Sup/s
9282, 0, 0, 0, 0, 0, 0, 0, 0, 0, 0, 0, 0, 0, 0, 0, 0, 0, 0, 0
9282, 0, 1.000005, 210000986, 1.000005, 31591, 31591, 31600, 0, 7900, 0, 0, 0, 653010, 181993421, 271168, 29331751, 31590.851673, 31599.851631, 0.000000
9282, 1, 2.000128, 210025872, 1.000123, 31670, 31670, 31648, 0, 7912, 0, 0, 10, 569185, 182163677, 230466, 28979243, 31666.098737, 31644.101447, 0.000000
9282, 2, 3.000174, 210009757, 1.000046, 31689, 31689, 31716, 0, 7929, 0, 0, 7, 550411, 182036679, 222697, 29214906, 31687.527737, 31714.526483, 0.000000
9282, 3, 4.000623, 210094236, 1.000449, 31738, 31738, 31717, 0, 7930, 0, 0, 8, 540266, 182129843, 215484, 29119253, 31723.764187, 31702.773607, 0.000000
9282, 4, 5.000640, 210003467, 1.000017, 31673, 31673, 31668, 0, 7917, 0, 0, 10, 525627, 181968423, 209418, 29472727, 31672.477102, 31667.477185, 0.000000
9282, 5, 6.000689, 210010420, 1.000050, 31614, 31614, 31628, 0, 7907, 0, 0, 6, 520684, 181798157, 206985, 29648115, 31612.431421, 31626.430727, 0.000000
9282, 6, 7.001134, 210093327, 1.000444, 31688, 31688, 31671, 0, 7917, 0, 0, 1, 514527, 181923488, 202928, 29760932, 31673.923656, 31656.931208, 0.000000
9282, 7, 8.001145, 210002454, 1.000012, 31733, 31733, 31753, 0, 7939, 0, 0, 0, 513054, 181889053, 202429, 29594131, 31732.629182, 31752.628948, 0.000000
