ThreadID, cIDX, Time, cycles, deltaT, RX, OnRX, TX, SupTX, OnTX, Idle, OnIdle, Blocked, CacheMiss, CacheHit, CacheWB, CPUIdle, RX/s, TX/s, Sup/s
9490, 0, 0, 0, 0, 0, 0, 0, 0, 0, 0, 0, 0, 0, 0, 0, 0, 0, 0, 0
9490, 0, 1.000002, 210000487, 1.000002, 31555, 31555, 31572, 0, 7893, 0, 0, 0, 0, 0, 0, 29845251, 31554.926823, 31571.926783, 0.000000
9490, 1, 2.000073, 210014848, 1.000071, 31683, 31683, 31664, 0, 7916, 0, 0, 0, 0, 0, 0, 29762928, 31680.760019, 31661.761363, 0.000000
9490, 2, 3.000548, 210099691, 1.000475, 31644, 31644, 31640, 0, 7910, 0, 0, 12, 0, 0, 0, 30048497, 31628.985118, 31624.987016, 0.000000
9490, 3, 4.000616, 210014371, 1.000068, 31739, 31739, 31742, 0, 7936, 0, 0, 10, 0, 0, 0, 29931759, 31736.828143, 31739.827938, 0.000000
9490, 4, 5.000619, 210000633, 1.000003, 31649, 31649, 31651, 0, 7913, 0, 0, 7, 0, 0, 0, 30179227, 31648.904601, 31650.904595, 0.000000
9490, 5, 6.000627, 210001714, 1.000008, 31630, 31630, 31629, 0, 7907, 0, 0, 10, 0, 0, 0, 30584535, 31629.741841, 31628.741849, 0.000000
9490, 6, 7.000679, 210010807, 1.000051, 31646, 31646, 31634, 0, 7908, 0, 0, 1, 0, 0, 0, 30364938, 31644.371520, 31632.372138, 0.000000
9490, 7, 8.000822, 210030140, 1.000144, 31732, 31732, 31732, 0, 7933, 0, 0, 0, 0, 0, 0, 30355405, 31727.446356, 31727.446356, 0.000000
