ThreadID, cIDX, Time, cycles, deltaT, RX, OnRX, TX, SupTX, OnTX, Idle, OnIdle, Blocked, CacheMiss, CacheHit, CacheWB, CPUIdle, RX/s, TX/s, Sup/s
9060, 0, 0, 0, 0, 0, 0, 0, 0, 0, 0, 0, 0, 0, 0, 0, 0, 0, 0, 0
9060, 0, 1.000149, 210031291, 1.000149, 31529, 31529, 31516, 0, 7879, 0, 0, 0, 0, 0, 0, 28529647, 31524.302729, 31511.304666, 0.000000
9060, 1, 2.000158, 210001789, 1.000009, 31710, 31710, 31710, 0, 7928, 0, 0, 13, 0, 0, 0, 28371243, 31709.729863, 31709.729863, 0.000000
9060, 2, 3.000158, 210000185, 1.000001, 31706, 31706, 31717, 0, 7929, 0, 0, 9, 0, 0, 0, 28588472, 31705.972069, 31716.972059, 0.000000
9060, 3, 4.000194, 210007546, 1.000036, 31637, 31637, 31649, 0, 7912, 0, 0, 1, 0, 0, 0, 28649438, 31635.863218, 31647.862787, 0.000000
9060, 4, 5.000218, 210005020, 1.000024, 31702, 31702, 31677, 0, 7920, 0, 0, 0, 0, 0, 0, 29117754, 31701.242189, 31676.242787, 0.000000
9060, 5, 6.000253, 210007257, 1.000035, 31585, 31585, 31611, 0, 7902, 0, 0, 0, 0, 0, 0, 29176919, 31583.908550, 31609.907652, 0.000000
9060, 6, 7.000264, 210002435, 1.000012, 31658, 31658, 31645, 0, 7912, 0, 0, 0, 0, 0, 0, 29049746, 31657.632922, 31644.633073, 0.000000
9060, 7, 8.000382, 210024773, 1.000118, 31640, 31640, 31655, 0, 7913, 0, 0, 0, 0, 0, 0, 29248895, 31636.267975, 31651.266206, 0.000000
