ThreadID, cIDX, Time, cycles, deltaT, RX, OnRX, TX, SupTX, OnTX, Idle, OnIdle, Blocked, CacheMiss, CacheHit, CacheWB, CPUIdle, RX/s, TX/s, Sup/s
9856, 0, 0, 0, 0, 0, 0, 0, 0, 0, 0, 0, 0, 0, 0, 0, 0, 0, 0, 0
9856, 0, 1.000051, 210010639, 1.000051, 31675, 31675, 31668, 0, 7917, 0, 0, 0, 656920, 182149214, 273829, 31500280, 31673.395365, 31666.395720, 0.000000
9856, 1, 2.000437, 210081212, 1.000387, 31641, 31641, 31641, 0, 7911, 0, 0, 12, 567699, 182153295, 232112, 31737546, 31628.768402, 31628.768402, 0.000000
9856, 2, 3.000445, 210001585, 1.000008, 31655, 31655, 31670, 0, 7917, 0, 0, 11, 553579, 182095503, 225456, 31791744, 31654.761082, 31669.760969, 0.000000
9856, 3, 4.000447, 210000331, 1.000002, 31652, 31652, 31640, 0, 7910, 0, 0, 10, 548288, 182003643, 223243, 32036597, 31651.950110, 31639.950129, 0.000000
9856, 4, 5.000456, 210001922, 1.000009, 31689, 31689, 31693, 0, 7923, 0, 0, 9, 539333, 181889666, 218746, 32227614, 31688.709973, 31692.709936, 0.000000
9856, 5, 6.000497, 210008641, 1.000041, 31583, 31583, 31589, 0, 7898, 0, 0, 8, 532130, 181718905, 215921, 32529239, 31581.700488, 31587.700241, 0.000000
9856, 6, 7.000572, 210015687, 1.000075, 31579, 31579, 31563, 0, 7890, 0, 0, 1, 532197, 181886868, 215693, 32171424, 31576.641225, 31560.642420, 0.000000
9856, 7, 8.000615, 210009029, 1.000043, 31738, 31738, 31760, 0, 7940, 0, 0, 0, 525642, 181948183, 212338, 32187384, 31736.635476, 31758.634530, 0.000000
