ThreadID, cIDX, Time, cycles, deltaT, RX, OnRX, TX, SupTX, OnTX, Idle, OnIdle, Blocked, CacheMiss, CacheHit, CacheWB, CPUIdle, RX/s, TX/s, Sup/s
8583, 0, 0, 0, 0, 0, 0, 0, 0, 0, 0, 0, 0, 0, 0, 0, 0, 0, 0, 0
8583, 0, 1.000053, 210011172, 1.000053, 31557, 31557, 31572, 0, 7893, 0, 0, 1, 647670, 182302307, 265460, 31773568, 31555.321257, 31570.320459, 0.000000
8583, 1, 2.000090, 210007645, 1.000036, 31691, 31691, 31664, 0, 7916, 0, 0, 0, 567205, 182393328, 223506, 31733689, 31689.846339, 31662.847322, 0.000000
8583, 2, 3.000260, 210035788, 1.000170, 31696, 31696, 31717, 0, 7930, 0, 0, 8, 545081, 182337490, 213226, 31895679, 31690.599318, 31711.595740, 0.000000
8583, 3, 4.000316, 210011834, 1.000056, 31614, 31614, 31601, 0, 7900, 0, 0, 3, 537892, 182417136, 208270, 31767673, 31612.218576, 31599.219309, 0.000000
8583, 4, 5.000943, 210131492, 1.000626, 31635, 31635, 31626, 0, 7906, 0, 0, 0, 528224, 182273665, 205829, 32093095, 31615.204065, 31606.209697, 0.000000
8583, 5, 6.001018, 210015764, 1.000075, 31678, 31678, 31704, 0, 7926, 0, 0, 0, 521417, 182051552, 202089, 32360862, 31675.622217, 31701.620265, 0.000000
8583, 6, 7.001100, 210017283, 1.000082, 31539, 31539, 31512, 0, 7878, 0, 0, 1, 518964, 182054635, 200003, 32426960, 31536.404554, 31509.406776, 0.000000
8583, 7, 8.001117, 210003665, 1.000017, 31641, 31641, 31668, 0, 7917, 0, 0, 5, 513155, 182040219, 196922, 32337728, 31640.447799, 31667.447328, 0.000000
