ThreadID, cIDX, Time, cycles, deltaT, RX, OnRX, TX, SupTX, OnTX, Idle, OnIdle, Blocked, CacheMiss, CacheHit, CacheWB, CPUIdle, RX/s, TX/s, Sup/s
473, 0, 0, 0, 0, 0, 0, 0, 0, 0, 0, 0, 0, 0, 0, 0, 0, 0, 0, 0
473, 0, 1.000005, 210000965, 1.000005, 27116, 27116, 27121, 0, 6781, 0, 0, 0, 0, 0, 0, 26674664, 27115.875396, 27120.875373, 0.000000
473, 1, 2.000048, 210009012, 1.000043, 27167, 27167, 27167, 0, 6791, 0, 0, 3, 0, 0, 0, 26765689, 27165.834198, 27165.834198, 0.000000
473, 2, 3.000074, 210005507, 1.000026, 27112, 27112, 27112, 0, 6778, 0, 0, 0, 0, 0, 0, 26982263, 27111.289039, 27111.289039, 0.000000
473, 3, 4.000085, 210002311, 1.000011, 27143, 27143, 27137, 0, 6785, 0, 0, 0, 0, 0, 0, 26764528, 27142.701301, 27136.701367, 0.000000
473, 4, 5.000094, 210001913, 1.000009, 27092, 27092, 27099, 0, 6774, 0, 0, 0, 0, 0, 0, 27442641, 27091.753207, 27098.753143, 0.000000
473, 5, 6.000097, 210000747, 1.000004, 27118, 27118, 27112, 0, 6778, 0, 0, 0, 0, 0, 0, 27369986, 27117.903538, 27111.903559, 0.000000
473, 6, 7.000118, 210004229, 1.000020, 27025, 27025, 27020, 0, 6755, 0, 0, 0, 0, 0, 0, 27438087, 27024.455779, 27019.455880, 0.000000
473, 7, 8.000161, 210009074, 1.000043, 27171, 27171, 27176, 0, 6794, 0, 0, 0, 0, 0, 0, 27430054, 27169.826005, 27174.825789, 0.000000
