ThreadID, cIDX, Time, cycles, deltaT, RX, OnRX, TX, SupTX, OnTX, Idle, OnIdle, Blocked, CacheMiss, CacheHit, CacheWB, CPUIdle, RX/s, TX/s, Sup/s
10362, 0, 0, 0, 0, 0, 0, 0, 0, 0, 0, 0, 0, 0, 0, 0, 0, 0, 0, 0
10362, 0, 1.000004, 210000923, 1.000004, 26129, 26129, 26133, 0, 6818, 0, 0, 1, 0, 0, 0, 30706115, 26128.885157, 26132.885140, 0.000000
10362, 1, 2.000034, 210006260, 1.000030, 26038, 26038, 26037, 0, 6793, 0, 0, 7, 0, 0, 0, 30863314, 26037.223843, 26036.223873, 0.000000
10362, 2, 3.000036, 210000274, 1.000001, 26006, 26006, 26005, 0, 6784, 0, 0, 6, 0, 0, 0, 30961859, 26005.966068, 26004.966070, 0.000000
10362, 3, 4.000075, 210008294, 1.000039, 25938, 25938, 25938, 0, 6764, 0, 0, 2, 0, 0, 0, 31111814, 25936.975613, 25936.975613, 0.000000
10362, 4, 5.000086, 210002313, 1.000011, 26009, 26009, 26012, 0, 6786, 0, 0, 4, 0, 0, 0, 31158536, 26008.713533, 26011.713500, 0.000000
10362, 5, 6.000090, 210000823, 1.000004, 26053, 26053, 26059, 0, 6798, 0, 0, 0, 0, 0, 0, 31602396, 26052.897897, 26058.897874, 0.000000
10362, 6, 7.000118, 210005859, 1.000028, 26039, 26039, 26031, 0, 6789, 0, 0, 0, 0, 0, 0, 31651596, 26038.273532, 26030.273755, 0.000000
10362, 7, 8.000163, 210009494, 1.000045, 25962, 25962, 25961, 0, 6772, 0, 0, 0, 0, 0, 0, 31466527, 25960.826323, 25959.826369, 0.000000
