ThreadID, cIDX, Time, cycles, deltaT, RX, OnRX, TX, SupTX, OnTX, Idle, OnIdle, Blocked, CacheMiss, CacheHit, CacheWB, CPUIdle, RX/s, TX/s, Sup/s
8745, 0, 0, 0, 0, 0, 0, 0, 0, 0, 0, 0, 0, 0, 0, 0, 0, 0, 0, 0
8745, 0, 1.000036, 210007583, 1.000036, 27153, 27153, 27156, 0, 6789, 0, 0, 0, 0, 0, 0, 27674656, 27152.019554, 27155.019445, 0.000000
8745, 1, 2.000169, 210027884, 1.000133, 27184, 27184, 27177, 0, 6795, 0, 0, 4, 0, 0, 0, 27649519, 27180.390962, 27173.391891, 0.000000
8745, 2, 3.000175, 210001206, 1.000006, 27094, 27094, 27095, 0, 6773, 0, 0, 8, 0, 0, 0, 27604313, 27093.844404, 27094.844398, 0.000000
8745, 3, 4.000185, 210002248, 1.000011, 27150, 27150, 27153, 0, 6789, 0, 0, 2, 0, 0, 0, 27631941, 27149.709369, 27152.709337, 0.000000
8745, 4, 5.000298, 210023701, 1.000113, 27099, 27099, 27095, 0, 6773, 0, 0, 1, 0, 0, 0, 28403000, 27095.941900, 27091.942352, 0.000000
8745, 5, 6.000315, 210003529, 1.000017, 27103, 27103, 27112, 0, 6778, 0, 0, 0, 0, 0, 0, 28398817, 27102.544548, 27111.544397, 0.000000
8745, 6, 7.000328, 210002830, 1.000013, 27039, 27039, 27032, 0, 6758, 0, 0, 0, 0, 0, 0, 28451843, 27038.635622, 27031.635717, 0.000000
8745, 7, 8.000334, 210001156, 1.000006, 27168, 27168, 27170, 0, 6793, 0, 0, 0, 0, 0, 0, 28245218, 27167.850447, 27169.850436, 0.000000
