ThreadID, cIDX, Time, cycles, deltaT, RX, OnRX, TX, SupTX, OnTX, Idle, OnIdle, Blocked, CacheMiss, CacheHit, CacheWB, CPUIdle, RX/s, TX/s, Sup/s
38, 0, 0, 0, 0, 0, 0, 0, 0, 0, 0, 0, 0, 0, 0, 0, 0, 0, 0, 0
38, 0, 1.000024, 210005133, 1.000024, 31508, 31508, 31485, 0, 7872, 0, 0, 0, 0, 0, 0, 25743517, 31507.229873, 31484.230435, 0.000000
38, 1, 2.000029, 210000978, 1.000005, 31695, 31695, 31725, 0, 7931, 0, 0, 3, 0, 0, 0, 25741958, 31694.852393, 31724.852253, 0.000000
38, 2, 3.000043, 210002836, 1.000014, 31693, 31693, 31674, 0, 7918, 0, 0, 2, 0, 0, 0, 25935252, 31692.571999, 31673.572256, 0.000000
38, 3, 4.000081, 210008117, 1.000039, 31621, 31621, 31640, 0, 7910, 0, 0, 3, 0, 0, 0, 25968807, 31619.777820, 31638.777086, 0.000000
38, 4, 5.000537, 210095629, 1.000455, 31660, 31660, 31636, 0, 7909, 0, 0, 0, 0, 0, 0, 26308936, 31645.589352, 31621.600276, 0.000000
38, 5, 6.000847, 210065113, 1.000310, 31663, 31663, 31668, 0, 7917, 0, 0, 1, 0, 0, 0, 26488355, 31653.185553, 31658.184003, 0.000000
38, 6, 7.001311, 210097475, 1.000464, 31556, 31556, 31548, 0, 7887, 0, 0, 1, 0, 0, 0, 26287471, 31541.359552, 31533.363264, 0.000000
38, 7, 8.001563, 210052978, 1.000252, 31648, 31648, 31644, 0, 7911, 0, 0, 1, 0, 0, 0, 25912019, 31640.017977, 31636.018986, 0.000000
