ThreadID, cIDX, Time, cycles, deltaT, RX, OnRX, TX, SupTX, OnTX, Idle, OnIdle, Blocked, CacheMiss, CacheHit, CacheWB, CPUIdle, RX/s, TX/s, Sup/s
2004, 0, 0, 0, 0, 0, 0, 0, 0, 0, 0, 0, 0, 0, 0, 0, 0, 0, 0, 0
2004, 0, 1.000024, 210005048, 1.000024, 31598, 31598, 31593, 0, 7899, 0, 0, 0, 0, 0, 0, 29112928, 31597.240463, 31592.240583, 0.000000
2004, 1, 2.000064, 210008490, 1.000040, 31669, 31669, 31675, 0, 7918, 0, 0, 6, 0, 0, 0, 29074150, 31667.719719, 31673.719477, 0.000000
2004, 2, 3.000179, 210024091, 1.000115, 31669, 31669, 31660, 0, 7915, 0, 0, 5, 0, 0, 0, 29346503, 31665.367379, 31656.368412, 0.000000
2004, 3, 4.000209, 210006156, 1.000029, 31706, 31706, 31712, 0, 7928, 0, 0, 4, 0, 0, 0, 29446767, 31705.070589, 31711.070413, 0.000000
2004, 4, 5.000392, 210038489, 1.000183, 31617, 31617, 31600, 0, 7900, 0, 0, 0, 0, 0, 0, 29514854, 31611.206268, 31594.209383, 0.000000
2004, 5, 6.000410, 210003766, 1.000018, 31597, 31597, 31625, 0, 7907, 0, 0, 3, 0, 0, 0, 29941379, 31596.433371, 31624.432869, 0.000000
2004, 6, 7.000503, 210019558, 1.000093, 31719, 31719, 31723, 0, 7930, 0, 0, 2, 0, 0, 0, 29818248, 31716.046179, 31720.045806, 0.000000
2004, 7, 8.000772, 210056556, 1.000269, 31669, 31669, 31640, 0, 7910, 0, 0, 0, 0, 0, 0, 29708688, 31660.473382, 31631.481190, 0.000000
