ThreadID, cIDX, Time, cycles, deltaT, RX, OnRX, TX, SupTX, OnTX, Idle, OnIdle, Blocked, CacheMiss, CacheHit, CacheWB, CPUIdle, RX/s, TX/s, Sup/s
129, 0, 0, 0, 0, 0, 0, 0, 0, 0, 0, 0, 0, 0, 0, 0, 0, 0, 0, 0
129, 0, 1.000037, 210007808, 1.000037, 31643, 31643, 31656, 0, 7914, 0, 0, 0, 697404, 183374121, 288423, 29380671, 31641.823527, 31654.823044, 0.000000
129, 1, 2.000117, 210016680, 1.000079, 31664, 31664, 31641, 0, 7911, 0, 0, 2, 612083, 183448568, 245324, 29444535, 31661.485173, 31638.487000, 0.000000
129, 2, 3.000137, 210004304, 1.000020, 31714, 31714, 31723, 0, 7930, 0, 0, 2, 595080, 183381684, 236209, 29604519, 31713.350027, 31722.349843, 0.000000
129, 3, 4.000144, 210001537, 1.000007, 31711, 31711, 31702, 0, 7926, 0, 0, 1, 580294, 183437182, 229482, 29500492, 31710.767907, 31701.767973, 0.000000
129, 4, 5.000534, 210081804, 1.000390, 31684, 31684, 31678, 0, 7919, 0, 0, 0, 570249, 183325902, 224180, 29769762, 31671.662530, 31665.664866, 0.000000
129, 5, 6.000556, 210004613, 1.000022, 31620, 31620, 31646, 0, 7912, 0, 0, 0, 564771, 183117113, 222756, 30035477, 31619.305429, 31645.304858, 0.000000
129, 6, 7.000597, 210008540, 1.000041, 31636, 31636, 31634, 0, 7908, 0, 0, 1, 565756, 183162063, 223036, 29926882, 31634.713522, 31632.713603, 0.000000
129, 7, 8.000779, 210038270, 1.000182, 31631, 31631, 31616, 0, 7904, 0, 0, 2, 565041, 183342242, 221994, 29570391, 31625.236677, 31610.239410, 0.000000
