ThreadID, cIDX, Time, cycles, deltaT, RX, OnRX, TX, SupTX, OnTX, Idle, OnIdle, Blocked, CacheMiss, CacheHit, CacheWB, CPUIdle, RX/s, TX/s, Sup/s
1744, 0, 0, 0, 0, 0, 0, 0, 0, 0, 0, 0, 0, 0, 0, 0, 0, 0, 0, 0
1744, 0, 1.000010, 210002012, 1.000010, 30562, 30562, 30551, 0, 7921, 0, 0, 0, 0, 0, 0, 29096356, 30561.707190, 30550.707295, 0.000000
1744, 1, 2.000011, 210000401, 1.000002, 30552, 30552, 30567, 0, 7925, 0, 0, 4, 0, 0, 0, 29089857, 30551.941660, 30566.941632, 0.000000
1744, 2, 3.000039, 210005744, 1.000027, 30564, 30564, 30546, 0, 7920, 0, 0, 3, 0, 0, 0, 29279335, 30563.164025, 30545.164517, 0.000000
1744, 3, 4.000056, 210003655, 1.000017, 30520, 30520, 30543, 0, 7916, 0, 0, 12, 0, 0, 0, 29421179, 30519.468816, 30542.468416, 0.000000
1744, 4, 5.000154, 210020502, 1.000098, 30530, 30530, 30508, 0, 7911, 0, 0, 1, 0, 0, 0, 29655302, 30527.019691, 30505.021838, 0.000000
1744, 5, 6.000161, 210001465, 1.000007, 30420, 30420, 30427, 0, 7888, 0, 0, 10, 0, 0, 0, 30061197, 30419.787786, 30426.787737, 0.000000
1744, 6, 7.000190, 210006022, 1.000029, 30497, 30497, 30490, 0, 7904, 0, 0, 3, 0, 0, 0, 29697482, 30496.125487, 30489.125688, 0.000000
1744, 7, 8.000232, 210008986, 1.000043, 30498, 30498, 30520, 0, 7914, 0, 0, 1, 0, 0, 0, 29664762, 30496.695032, 30518.694091, 0.000000
