ThreadID, cIDX, Time, cycles, deltaT, RX, OnRX, TX, SupTX, OnTX, Idle, OnIdle, Blocked, CacheMiss, CacheHit, CacheWB, CPUIdle, RX/s, TX/s, Sup/s
9620, 0, 0, 0, 0, 0, 0, 0, 0, 0, 0, 0, 0, 0, 0, 0, 0, 0, 0, 0
9620, 0, 1.000110, 210023193, 1.000110, 31526, 31526, 31520, 0, 7880, 0, 0, 1, 0, 0, 0, 29791263, 31522.518563, 31516.519226, 0.000000
9620, 1, 2.000288, 210037206, 1.000177, 31663, 31663, 31680, 0, 7920, 0, 0, 7, 0, 0, 0, 29760102, 31657.391215, 31674.388203, 0.000000
9620, 2, 3.000536, 210052251, 1.000249, 31708, 31708, 31673, 0, 7919, 0, 0, 7, 0, 0, 0, 29875717, 31700.112559, 31665.121265, 0.000000
9620, 3, 4.000583, 210009715, 1.000046, 31717, 31717, 31730, 0, 7932, 0, 0, 11, 0, 0, 0, 29994681, 31715.532779, 31728.532178, 0.000000
9620, 4, 5.000585, 210000381, 1.000002, 31713, 31713, 31722, 0, 7931, 0, 0, 10, 0, 0, 0, 30247976, 31712.942464, 31721.942447, 0.000000
9620, 5, 6.000917, 210069762, 1.000332, 31584, 31584, 31571, 0, 7892, 0, 0, 2, 0, 0, 0, 30613734, 31573.511280, 31560.515597, 0.000000
9620, 6, 7.001112, 210041023, 1.000195, 31723, 31723, 31724, 0, 7931, 0, 0, 0, 0, 0, 0, 30355809, 31716.804198, 31717.804003, 0.000000
9620, 7, 8.001117, 210001009, 1.000005, 31656, 31656, 31674, 0, 7919, 0, 0, 1, 0, 0, 0, 30410776, 31655.847901, 31673.847815, 0.000000
