ThreadID, cIDX, Time, cycles, deltaT, RX, OnRX, TX, SupTX, OnTX, Idle, OnIdle, Blocked, CacheMiss, CacheHit, CacheWB, CPUIdle, RX/s, TX/s, Sup/s
1487, 0, 0, 0, 0, 0, 0, 0, 0, 0, 0, 0, 0, 0, 0, 0, 0, 0, 0, 0
1487, 0, 1.000021, 210004478, 1.000021, 27202, 27202, 27197, 0, 6800, 0, 0, 0, 650173, 182055761, 266772, 29192969, 27201.419962, 27196.420069, 0.000000
1487, 1, 2.000305, 210059633, 1.000284, 27152, 27152, 27167, 0, 6791, 0, 0, 3, 564484, 182121768, 223127, 29208323, 27144.291926, 27159.287668, 0.000000
1487, 2, 3.000308, 210000658, 1.000003, 27134, 27134, 27124, 0, 6781, 0, 0, 5, 547298, 182044430, 216495, 29322750, 27133.914980, 27123.915012, 0.000000
1487, 3, 4.000350, 210008835, 1.000042, 27164, 27164, 27160, 0, 6790, 0, 0, 2, 538082, 182023828, 211399, 29284112, 27162.857220, 27158.857388, 0.000000
1487, 4, 5.000395, 210009389, 1.000045, 27132, 27132, 27148, 0, 6787, 0, 0, 6, 525035, 181878403, 204634, 29661810, 27130.786995, 27146.786280, 0.000000
1487, 5, 6.000399, 210000766, 1.000004, 27043, 27043, 27034, 0, 6759, 0, 0, 2, 519341, 181714485, 202310, 29912226, 27042.901358, 27033.901391, 0.000000
1487, 6, 7.000417, 210003716, 1.000018, 27104, 27104, 27102, 0, 6775, 0, 0, 0, 519810, 181871859, 201085, 29708838, 27103.520397, 27101.520432, 0.000000
1487, 7, 8.000447, 210006422, 1.000031, 27112, 27112, 27112, 0, 6778, 0, 0, 0, 523521, 181884911, 203618, 29623831, 27111.170915, 27111.170915, 0.000000
