ThreadID, cIDX, Time, cycles, deltaT, RX, OnRX, TX, SupTX, OnTX, Idle, OnIdle, Blocked, CacheMiss, CacheHit, CacheWB, CPUIdle, RX/s, TX/s, Sup/s
9496, 0, 0, 0, 0, 0, 0, 0, 0, 0, 0, 0, 0, 0, 0, 0, 0, 0, 0, 0
9496, 0, 1.000005, 210000959, 1.000005, 27097, 27097, 27098, 0, 6775, 0, 0, 0, 0, 0, 0, 29845207, 27096.876258, 27097.876253, 0.000000
9496, 1, 2.000043, 210007988, 1.000038, 27195, 27195, 27190, 0, 6797, 0, 0, 8, 0, 0, 0, 29758488, 27193.965593, 27188.965784, 0.000000
9496, 2, 3.000070, 210005706, 1.000027, 27193, 27193, 27189, 0, 6798, 0, 0, 6, 0, 0, 0, 29966746, 27192.261147, 27188.261256, 0.000000
9496, 3, 4.000087, 210003578, 1.000017, 27096, 27096, 27111, 0, 6777, 0, 0, 6, 0, 0, 0, 29948697, 27095.538344, 27110.538088, 0.000000
9496, 4, 5.000176, 210018808, 1.000090, 27079, 27079, 27076, 0, 6769, 0, 0, 0, 0, 0, 0, 30199721, 27076.574970, 27073.575239, 0.000000
9496, 5, 6.000193, 210003440, 1.000016, 27161, 27161, 27166, 0, 6792, 0, 0, 1, 0, 0, 0, 30603138, 27160.555084, 27165.555002, 0.000000
9496, 6, 7.000194, 210000319, 1.000002, 27110, 27110, 27098, 0, 6774, 0, 0, 2, 0, 0, 0, 30377714, 27109.958819, 27097.958837, 0.000000
9496, 7, 8.000239, 210009314, 1.000044, 27052, 27052, 27044, 0, 6761, 0, 0, 0, 0, 0, 0, 30351892, 27050.800233, 27042.800587, 0.000000
