ThreadID, cIDX, Time, cycles, deltaT, RX, OnRX, TX, SupTX, OnTX, Idle, OnIdle, Blocked, CacheMiss, CacheHit, CacheWB, CPUIdle, RX/s, TX/s, Sup/s
2047, 0, 0, 0, 0, 0, 0, 0, 0, 0, 0, 0, 0, 0, 0, 0, 0, 0, 0, 0
2047, 0, 1.000188, 210039461, 1.000188, 27208, 27208, 27204, 0, 6801, 0, 0, 0, 0, 0, 0, 30905390, 27202.888318, 27198.889070, 0.000000
2047, 1, 2.000469, 210058987, 1.000281, 27206, 27206, 27212, 0, 6803, 0, 0, 0, 0, 0, 0, 30834172, 27198.360240, 27204.358555, 0.000000
2047, 2, 3.000740, 210056936, 1.000271, 27144, 27144, 27144, 0, 6786, 0, 0, 0, 0, 0, 0, 31122510, 27136.642610, 27136.642610, 0.000000
2047, 3, 4.000790, 210010433, 1.000050, 27057, 27057, 27056, 0, 6764, 0, 0, 0, 0, 0, 0, 31239586, 27055.655849, 27054.655899, 0.000000
2047, 4, 5.000795, 210001165, 1.000006, 27134, 27134, 27135, 0, 6784, 0, 0, 1, 0, 0, 0, 31249574, 27133.849472, 27134.849466, 0.000000
2047, 5, 6.000799, 210000885, 1.000004, 27157, 27157, 27152, 0, 6788, 0, 0, 0, 0, 0, 0, 31751415, 27156.885553, 27151.885574, 0.000000
2047, 6, 7.000855, 210011719, 1.000056, 26949, 26949, 26953, 0, 6738, 0, 0, 0, 0, 0, 0, 31593932, 26947.496201, 26951.495978, 0.000000
2047, 7, 8.000865, 210002148, 1.000010, 27135, 27135, 27132, 0, 6783, 0, 0, 0, 0, 0, 0, 31410399, 27134.722451, 27131.722481, 0.000000
