ThreadID, cIDX, Time, cycles, deltaT, RX, OnRX, TX, SupTX, OnTX, Idle, OnIdle, Blocked, CacheMiss, CacheHit, CacheWB, CPUIdle, RX/s, TX/s, Sup/s
1227, 0, 0, 0, 0, 0, 0, 0, 0, 0, 0, 0, 0, 0, 0, 0, 0, 0, 0, 0
1227, 0, 1.000003, 210000650, 1.000003, 27166, 27166, 27164, 0, 6791, 0, 0, 1, 660813, 182081812, 270041, 29188598, 27165.915915, 27163.915921, 0.000000
1227, 1, 2.000370, 210076985, 1.000367, 27152, 27152, 27156, 0, 6789, 0, 0, 3, 563992, 182116056, 223498, 29270038, 27142.049854, 27146.048388, 0.000000
1227, 2, 3.000374, 210000891, 1.000004, 27155, 27155, 27160, 0, 6790, 0, 0, 6, 546134, 181991784, 215011, 29386980, 27154.884786, 27159.884764, 0.000000
1227, 3, 4.000617, 210051133, 1.000243, 27045, 27045, 27040, 0, 6760, 0, 0, 0, 538422, 182067704, 213401, 29193481, 27038.416403, 27033.417620, 0.000000
1227, 4, 5.000691, 210015482, 1.000074, 27113, 27113, 27116, 0, 6779, 0, 0, 3, 527655, 181939144, 208697, 29436793, 27111.001274, 27114.001053, 0.000000
1227, 5, 6.000788, 210020407, 1.000097, 27136, 27136, 27132, 0, 6783, 0, 0, 0, 515823, 181798718, 202184, 29710354, 27133.363283, 27129.363672, 0.000000
1227, 6, 7.000808, 210004138, 1.000020, 27026, 27026, 27025, 0, 6757, 0, 0, 0, 511038, 181877700, 199407, 29716451, 27025.467470, 27024.467489, 0.000000
1227, 7, 8.000898, 210018965, 1.000090, 27149, 27149, 27151, 0, 6787, 0, 0, 0, 510301, 181899594, 198588, 29614263, 27146.548408, 27148.548228, 0.000000
