ThreadID, cIDX, Time, cycles, deltaT, RX, OnRX, TX, SupTX, OnTX, Idle, OnIdle, Blocked, CacheMiss, CacheHit, CacheWB, CPUIdle, RX/s, TX/s, Sup/s
2487, 0, 0, 0, 0, 0, 0, 0, 0, 0, 0, 0, 0, 0, 0, 0, 0, 0, 0, 0
2487, 0, 1.000003, 210000626, 1.000003, 31593, 31593, 31580, 0, 7895, 0, 0, 4, 0, 0, 0, 28179275, 31592.905823, 31579.905862, 0.000000
2487, 1, 2.000005, 210000462, 1.000002, 31648, 31648, 31655, 0, 7914, 0, 0, 5, 0, 0, 0, 28021964, 31647.930375, 31654.930359, 0.000000
2487, 2, 3.000019, 210002862, 1.000014, 31665, 31665, 31677, 0, 7919, 0, 0, 3, 0, 0, 0, 28276411, 31664.568457, 31676.568294, 0.000000
2487, 3, 4.000109, 210018998, 1.000090, 31721, 31721, 31704, 0, 7926, 0, 0, 4, 0, 0, 0, 28423779, 31718.130566, 31701.132104, 0.000000
2487, 4, 5.000388, 210058480, 1.000278, 31681, 31681, 31689, 0, 7923, 0, 0, 9, 0, 0, 0, 28729008, 31672.180052, 31680.177825, 0.000000
2487, 5, 6.000392, 210000933, 1.000004, 31598, 31598, 31595, 0, 7898, 0, 0, 2, 0, 0, 0, 29164418, 31597.859615, 31594.859629, 0.000000
2487, 6, 7.000454, 210013072, 1.000062, 31568, 31568, 31576, 0, 7894, 0, 0, 2, 0, 0, 0, 29130805, 31566.035089, 31574.034592, 0.000000
2487, 7, 8.000847, 210082534, 1.000393, 31734, 31734, 31712, 0, 7928, 0, 0, 2, 0, 0, 0, 28822241, 31721.532833, 31699.541476, 0.000000
