ThreadID, cIDX, Time, cycles, deltaT, RX, OnRX, TX, SupTX, OnTX, Idle, OnIdle, Blocked, CacheMiss, CacheHit, CacheWB, CPUIdle, RX/s, TX/s, Sup/s
8214, 0, 0, 0, 0, 0, 0, 0, 0, 0, 0, 0, 0, 0, 0, 0, 0, 0, 0, 0
8214, 0, 1.000381, 210079927, 1.000381, 31519, 31519, 31521, 0, 7881, 0, 0, 6, 0, 0, 0, 29715427, 31507.008283, 31509.007522, 0.000000
8214, 1, 2.000497, 210024357, 1.000116, 31655, 31655, 31659, 0, 7914, 0, 0, 1, 0, 0, 0, 29609546, 31651.328898, 31655.328434, 0.000000
8214, 2, 3.000508, 210002422, 1.000012, 31692, 31692, 31692, 0, 7923, 0, 0, 7, 0, 0, 0, 29738829, 31691.634490, 31691.634490, 0.000000
8214, 3, 4.000512, 210000915, 1.000004, 31616, 31616, 31608, 0, 7902, 0, 0, 0, 0, 0, 0, 29615408, 31615.862245, 31607.862280, 0.000000
8214, 4, 5.000519, 210001455, 1.000007, 31652, 31652, 31657, 0, 7915, 0, 0, 0, 0, 0, 0, 30055964, 31651.780698, 31656.780664, 0.000000
8214, 5, 6.000554, 210007246, 1.000035, 31663, 31663, 31643, 0, 7910, 0, 0, 0, 0, 0, 0, 30401916, 31661.907513, 31641.908203, 0.000000
8214, 6, 7.000773, 210045907, 1.000219, 31536, 31536, 31536, 0, 7884, 0, 0, 1, 0, 0, 0, 30350698, 31529.107587, 31529.107587, 0.000000
8214, 7, 8.000799, 210005633, 1.000027, 31700, 31700, 31707, 0, 7927, 0, 0, 0, 0, 0, 0, 29800759, 31699.149708, 31706.149520, 0.000000
