ThreadID, cIDX, Time, cycles, deltaT, RX, OnRX, TX, SupTX, OnTX, Idle, OnIdle, Blocked, CacheMiss, CacheHit, CacheWB, CPUIdle, RX/s, TX/s, Sup/s
10523, 0, 0, 0, 0, 0, 0, 0, 0, 0, 0, 0, 0, 0, 0, 0, 0, 0, 0, 0
10523, 0, 1.000009, 210001839, 1.000009, 27246, 27246, 27249, 0, 6813, 0, 0, 1, 0, 0, 0, 29732613, 27245.761405, 27248.761379, 0.000000
10523, 1, 2.000042, 210007000, 1.000033, 27187, 27187, 27191, 0, 6797, 0, 0, 3, 0, 0, 0, 29885763, 27186.093797, 27190.093664, 0.000000
10523, 2, 3.000066, 210004945, 1.000024, 27133, 27133, 27120, 0, 6780, 0, 0, 5, 0, 0, 0, 29721943, 27132.361097, 27119.361404, 0.000000
10523, 3, 4.000099, 210007061, 1.000034, 27087, 27087, 27092, 0, 6773, 0, 0, 3, 0, 0, 0, 30089896, 27086.089262, 27091.089094, 0.000000
10523, 4, 5.000124, 210005281, 1.000025, 27106, 27106, 27100, 0, 6775, 0, 0, 5, 0, 0, 0, 30333196, 27105.318366, 27099.318517, 0.000000
10523, 5, 6.000227, 210021455, 1.000102, 27213, 27213, 27212, 0, 6803, 0, 0, 3, 0, 0, 0, 30798251, 27210.220023, 27209.220125, 0.000000
10523, 6, 7.000271, 210009270, 1.000044, 27154, 27154, 27164, 0, 6791, 0, 0, 2, 0, 0, 0, 30775235, 27152.801398, 27162.800956, 0.000000
10523, 7, 8.000409, 210028984, 1.000138, 27079, 27079, 27072, 0, 6768, 0, 0, 0, 0, 0, 0, 30433394, 27075.263098, 27068.264064, 0.000000
