ThreadID, cIDX, Time, cycles, deltaT, RX, OnRX, TX, SupTX, OnTX, Idle, OnIdle, Blocked, CacheMiss, CacheHit, CacheWB, CPUIdle, RX/s, TX/s, Sup/s
2041, 0, 0, 0, 0, 0, 0, 0, 0, 0, 0, 0, 0, 0, 0, 0, 0, 0, 0, 0
2041, 0, 1.000012, 210002492, 1.000012, 27151, 27151, 27152, 0, 6788, 0, 0, 0, 0, 0, 0, 30871493, 27150.677812, 27151.677800, 0.000000
2041, 1, 2.000040, 210005926, 1.000028, 27171, 27171, 27170, 0, 6793, 0, 0, 0, 0, 0, 0, 30795814, 27170.233282, 27169.233310, 0.000000
2041, 2, 3.000072, 210006713, 1.000032, 27160, 27160, 27162, 0, 6790, 0, 0, 5, 0, 0, 0, 31103636, 27159.131813, 27161.131749, 0.000000
2041, 3, 4.000276, 210042913, 1.000204, 27075, 27075, 27072, 0, 6768, 0, 0, 0, 0, 0, 0, 31260952, 27069.468419, 27066.469031, 0.000000
2041, 4, 5.000357, 210016868, 1.000080, 27195, 27195, 27196, 0, 6799, 0, 0, 1, 0, 0, 0, 31301730, 27192.815769, 27193.815689, 0.000000
2041, 5, 6.000383, 210005573, 1.000027, 27096, 27096, 27092, 0, 6773, 0, 0, 0, 0, 0, 0, 31755331, 27095.280943, 27091.281049, 0.000000
2041, 6, 7.000388, 210001045, 1.000005, 27140, 27140, 27141, 0, 6786, 0, 0, 0, 0, 0, 0, 31596149, 27139.864947, 27140.864942, 0.000000
2041, 7, 8.000521, 210027814, 1.000132, 27155, 27155, 27159, 0, 6789, 0, 0, 0, 0, 0, 0, 31401527, 27151.403861, 27155.403331, 0.000000
