ThreadID, cIDX, Time, cycles, deltaT, RX, OnRX, TX, SupTX, OnTX, Idle, OnIdle, Blocked, CacheMiss, CacheHit, CacheWB, CPUIdle, RX/s, TX/s, Sup/s
3039, 0, 0, 0, 0, 0, 0, 0, 0, 0, 0, 0, 0, 0, 0, 0, 0, 0, 0, 0
3039, 0, 1.000177, 210037074, 1.000177, 27157, 27157, 27152, 0, 6788, 0, 0, 1, 0, 0, 0, 29161267, 27152.206472, 27147.207354, 0.000000
3039, 1, 2.000231, 210011388, 1.000054, 27185, 27185, 27189, 0, 6798, 0, 0, 10, 0, 0, 0, 28919927, 27183.525876, 27187.525659, 0.000000
3039, 2, 3.000304, 210015378, 1.000073, 27172, 27172, 27168, 0, 6792, 0, 0, 10, 0, 0, 0, 29026209, 27170.010379, 27166.010672, 0.000000
3039, 3, 4.000351, 210009792, 1.000047, 27123, 27123, 27125, 0, 6781, 0, 0, 12, 0, 0, 0, 29080441, 27121.735352, 27123.735259, 0.000000
3039, 4, 5.000359, 210001720, 1.000008, 27142, 27142, 27151, 0, 6788, 0, 0, 14, 0, 0, 0, 29505055, 27141.777696, 27150.777622, 0.000000
3039, 5, 6.000366, 210001526, 1.000007, 27120, 27120, 27116, 0, 6779, 0, 0, 3, 0, 0, 0, 29834141, 27119.802929, 27115.802958, 0.000000
3039, 6, 7.000392, 210005368, 1.000026, 27150, 27150, 27155, 0, 6788, 0, 0, 0, 0, 0, 0, 29870419, 27149.306012, 27154.305884, 0.000000
3039, 7, 8.000493, 210021266, 1.000101, 27087, 27087, 27088, 0, 6772, 0, 0, 0, 0, 0, 0, 29276516, 27084.257268, 27085.257166, 0.000000
