ThreadID, cIDX, Time, cycles, deltaT, RX, OnRX, TX, SupTX, OnTX, Idle, OnIdle, Blocked, CacheMiss, CacheHit, CacheWB, CPUIdle, RX/s, TX/s, Sup/s
2491, 0, 0, 0, 0, 0, 0, 0, 0, 0, 0, 0, 0, 0, 0, 0, 0, 0, 0, 0
2491, 0, 1.000611, 210128344, 1.000611, 27229, 27229, 27229, 0, 6808, 0, 0, 3, 0, 0, 0, 28305261, 27212.368837, 27212.368837, 0.000000
2491, 1, 2.000719, 210022619, 1.000108, 27138, 27138, 27139, 0, 6784, 0, 0, 3, 0, 0, 0, 28032456, 27135.077294, 27136.077186, 0.000000
2491, 2, 3.000726, 210001418, 1.000007, 27123, 27123, 27124, 0, 6781, 0, 0, 2, 0, 0, 0, 28262572, 27122.816856, 27123.816850, 0.000000
2491, 3, 4.000757, 210006614, 1.000031, 27157, 27157, 27152, 0, 6788, 0, 0, 3, 0, 0, 0, 28400431, 27156.144711, 27151.144868, 0.000000
2491, 4, 5.000810, 210011062, 1.000053, 27161, 27161, 27168, 0, 6792, 0, 0, 1, 0, 0, 0, 28643925, 27159.569337, 27166.568969, 0.000000
2491, 5, 6.000815, 210001139, 1.000005, 27095, 27095, 27089, 0, 6773, 0, 0, 5, 0, 0, 0, 29162645, 27094.853043, 27088.853075, 0.000000
2491, 6, 7.000914, 210020739, 1.000099, 27158, 27158, 27151, 0, 6787, 0, 0, 2, 0, 0, 0, 29131939, 27155.318218, 27148.318910, 0.000000
2491, 7, 8.000916, 210000374, 1.000002, 27163, 27163, 27172, 0, 6793, 0, 0, 0, 0, 0, 0, 28809562, 27162.951624, 27171.951608, 0.000000
