ThreadID, cIDX, Time, cycles, deltaT, RX, OnRX, TX, SupTX, OnTX, Idle, OnIdle, Blocked, CacheMiss, CacheHit, CacheWB, CPUIdle, RX/s, TX/s, Sup/s
2142, 0, 0, 0, 0, 0, 0, 0, 0, 0, 0, 0, 0, 0, 0, 0, 0, 0, 0, 0
2142, 0, 1.000027, 210005572, 1.000027, 27278, 27278, 27277, 0, 6820, 0, 0, 3, 0, 0, 0, 29066865, 27277.276243, 27276.276269, 0.000000
2142, 1, 2.000029, 210000545, 1.000003, 27191, 27191, 27195, 0, 6798, 0, 0, 5, 0, 0, 0, 28953876, 27190.929433, 27194.929423, 0.000000
2142, 2, 3.000613, 210122525, 1.000583, 27109, 27109, 27108, 0, 6777, 0, 0, 2, 0, 0, 0, 29386432, 27093.192412, 27092.192995, 0.000000
2142, 3, 4.000731, 210024960, 1.000119, 27079, 27079, 27080, 0, 6770, 0, 0, 7, 0, 0, 0, 29490674, 27075.781850, 27076.781731, 0.000000
2142, 4, 5.000815, 210017451, 1.000083, 27108, 27108, 27104, 0, 6776, 0, 0, 5, 0, 0, 0, 29619637, 27105.747512, 27101.747845, 0.000000
2142, 5, 6.000821, 210001456, 1.000007, 27158, 27158, 27157, 0, 6790, 0, 0, 4, 0, 0, 0, 30151607, 27157.811706, 27156.811713, 0.000000
2142, 6, 7.000826, 210000903, 1.000004, 26987, 26987, 26988, 0, 6747, 0, 0, 4, 0, 0, 0, 29841665, 26986.883956, 26987.883952, 0.000000
2142, 7, 8.000831, 210001073, 1.000005, 27107, 27107, 27111, 0, 6777, 0, 0, 1, 0, 0, 0, 29610783, 27106.861497, 27110.861476, 0.000000
