ThreadID, cIDX, Time, cycles, deltaT, RX, OnRX, TX, SupTX, OnTX, Idle, OnIdle, Blocked, CacheMiss, CacheHit, CacheWB, CPUIdle, RX/s, TX/s, Sup/s
1284, 0, 0, 0, 0, 0, 0, 0, 0, 0, 0, 0, 0, 0, 0, 0, 0, 0, 0, 0
1284, 0, 1.000124, 210026137, 1.000124, 31516, 31516, 31511, 0, 7878, 0, 0, 0, 676903, 182103313, 280362, 31678176, 31512.077947, 31507.078569, 0.000000
1284, 1, 2.000146, 210004613, 1.000022, 31680, 31680, 31701, 0, 7925, 0, 0, 6, 579399, 182080254, 234561, 31810777, 31679.304111, 31700.303650, 0.000000
1284, 2, 3.000217, 210014905, 1.000071, 31704, 31704, 31705, 0, 7927, 0, 0, 1, 540246, 182038458, 214946, 32010818, 31701.749931, 31702.749860, 0.000000
1284, 3, 4.000220, 210000475, 1.000002, 31721, 31721, 31692, 0, 7923, 0, 0, 4, 529142, 182017730, 209604, 31975351, 31720.928250, 31691.928316, 0.000000
1284, 4, 5.000420, 210042099, 1.000200, 31701, 31701, 31699, 0, 7924, 0, 0, 7, 523951, 181919310, 207604, 32283326, 31694.646129, 31692.646530, 0.000000
1284, 5, 6.000477, 210011878, 1.000057, 31578, 31578, 31600, 0, 7900, 0, 0, 1, 516295, 181767449, 203335, 32488368, 31576.213989, 31598.212745, 0.000000
1284, 6, 7.000482, 210001152, 1.000005, 31724, 31724, 31728, 0, 7932, 0, 0, 0, 515220, 181882276, 202833, 32274024, 31723.825972, 31727.825950, 0.000000
1284, 7, 8.000504, 210004582, 1.000022, 31669, 31669, 31640, 0, 7910, 0, 0, 0, 516105, 181918701, 203045, 32293328, 31668.309028, 31639.309660, 0.000000
