ThreadID, cIDX, Time, cycles, deltaT, RX, OnRX, TX, SupTX, OnTX, Idle, OnIdle, Blocked, CacheMiss, CacheHit, CacheWB, CPUIdle, RX/s, TX/s, Sup/s
1645, 0, 0, 0, 0, 0, 0, 0, 0, 0, 0, 0, 0, 0, 0, 0, 0, 0, 0, 0
1645, 0, 1.000010, 210002184, 1.000010, 27249, 27249, 27249, 0, 6813, 0, 0, 0, 0, 0, 0, 28966361, 27248.716613, 27248.716613, 0.000000
1645, 1, 2.000012, 210000260, 1.000001, 27147, 27147, 27151, 0, 6787, 0, 0, 5, 0, 0, 0, 29090779, 27146.966389, 27150.966385, 0.000000
1645, 2, 3.000015, 210000602, 1.000003, 27130, 27130, 27132, 0, 6783, 0, 0, 0, 0, 0, 0, 29077162, 27129.922228, 27131.922222, 0.000000
1645, 3, 4.000035, 210004307, 1.000021, 27050, 27050, 27044, 0, 6761, 0, 0, 2, 0, 0, 0, 29277926, 27049.445229, 27043.445352, 0.000000
1645, 4, 5.000052, 210003506, 1.000017, 27095, 27095, 27096, 0, 6774, 0, 0, 2, 0, 0, 0, 29426055, 27094.547650, 27095.547633, 0.000000
1645, 5, 6.000214, 210033997, 1.000162, 27164, 27164, 27160, 0, 6790, 0, 0, 0, 0, 0, 0, 29696697, 27159.603119, 27155.603766, 0.000000
1645, 6, 7.000243, 210006237, 1.000030, 26959, 26959, 26968, 0, 6742, 0, 0, 0, 0, 0, 0, 29439552, 26958.199341, 26967.199074, 0.000000
1645, 7, 8.000246, 210000477, 1.000002, 27174, 27174, 27173, 0, 6794, 0, 0, 0, 0, 0, 0, 29521914, 27173.938276, 27172.938279, 0.000000
