ThreadID, cIDX, Time, cycles, deltaT, RX, OnRX, TX, SupTX, OnTX, Idle, OnIdle, Blocked, CacheMiss, CacheHit, CacheWB, CPUIdle, RX/s, TX/s, Sup/s
8195, 0, 0, 0, 0, 0, 0, 0, 0, 0, 0, 0, 0, 0, 0, 0, 0, 0, 0, 0
8195, 0, 1.000363, 210076208, 1.000363, 31583, 31583, 31586, 0, 7897, 0, 0, 1, 662306, 182143149, 271454, 31682886, 31571.542837, 31574.541749, 0.000000
8195, 1, 2.000371, 210001735, 1.000008, 31744, 31744, 31727, 0, 7932, 0, 0, 2, 581526, 182219765, 232805, 31553902, 31743.737736, 31726.737877, 0.000000
8195, 2, 3.000373, 210000434, 1.000002, 31704, 31704, 31709, 0, 7927, 0, 0, 3, 569099, 182189975, 228461, 31745025, 31703.934479, 31708.934468, 0.000000
8195, 3, 4.000379, 210001209, 1.000006, 31583, 31583, 31583, 0, 7896, 0, 0, 3, 551870, 182222836, 220093, 31559649, 31582.818173, 31582.818173, 0.000000
8195, 4, 5.000863, 210101539, 1.000484, 31597, 31597, 31591, 0, 7897, 0, 0, 0, 532269, 182096464, 209647, 31999807, 31581.729632, 31575.732532, 0.000000
8195, 5, 6.000866, 210000726, 1.000003, 31701, 31701, 31728, 0, 7932, 0, 0, 1, 526336, 181813959, 207549, 32310251, 31700.890405, 31727.890312, 0.000000
8195, 6, 7.000984, 210024836, 1.000118, 31530, 31530, 31504, 0, 7876, 0, 0, 1, 525867, 181912105, 207517, 32315646, 31526.271493, 31500.274568, 0.000000
8195, 7, 8.000990, 210001260, 1.000006, 31581, 31581, 31608, 0, 7902, 0, 0, 6, 526879, 182135868, 208011, 31757789, 31580.810515, 31607.810353, 0.000000
