ThreadID, cIDX, Time, cycles, deltaT, RX, OnRX, TX, SupTX, OnTX, Idle, OnIdle, Blocked, CacheMiss, CacheHit, CacheWB, CPUIdle, RX/s, TX/s, Sup/s
922, 0, 0, 0, 0, 0, 0, 0, 0, 0, 0, 0, 0, 0, 0, 0, 0, 0, 0, 0
922, 0, 1.000007, 210001387, 1.000007, 27142, 27142, 27146, 0, 6787, 0, 0, 0, 0, 0, 0, 27403980, 27141.820735, 27145.820708, 0.000000
922, 1, 2.000008, 210000359, 1.000002, 27141, 27141, 27133, 0, 6783, 0, 0, 0, 0, 0, 0, 27415771, 27140.953602, 27132.953616, 0.000000
922, 2, 3.000107, 210020726, 1.000099, 27141, 27141, 27145, 0, 6786, 0, 0, 1, 0, 0, 0, 27692446, 27138.321577, 27142.321182, 0.000000
922, 3, 4.000115, 210001623, 1.000008, 27060, 27060, 27056, 0, 6764, 0, 0, 0, 0, 0, 0, 27673585, 27059.790866, 27055.790897, 0.000000
922, 4, 5.000130, 210003204, 1.000015, 27112, 27112, 27108, 0, 6777, 0, 0, 0, 0, 0, 0, 27912730, 27111.586355, 27107.586416, 0.000000
922, 5, 6.000154, 210004977, 1.000024, 27138, 27138, 27145, 0, 6787, 0, 0, 0, 0, 0, 0, 28178586, 27137.356845, 27144.356679, 0.000000
922, 6, 7.000283, 210027082, 1.000129, 27013, 27013, 27013, 0, 6753, 0, 0, 0, 0, 0, 0, 28265296, 27009.516801, 27009.516801, 0.000000
922, 7, 8.000284, 210000324, 1.000002, 27160, 27160, 27162, 0, 6790, 0, 0, 0, 0, 0, 0, 28029320, 27159.958096, 27161.958093, 0.000000
