ThreadID, cIDX, Time, cycles, deltaT, RX, OnRX, TX, SupTX, OnTX, Idle, OnIdle, Blocked, CacheMiss, CacheHit, CacheWB, CPUIdle, RX/s, TX/s, Sup/s
223, 0, 0, 0, 0, 0, 0, 0, 0, 0, 0, 0, 0, 0, 0, 0, 0, 0, 0, 0
223, 0, 1.000405, 210085119, 1.000405, 27202, 27202, 27204, 0, 6801, 0, 0, 0, 0, 0, 0, 26767800, 27190.978719, 27192.977909, 0.000000
223, 1, 2.000453, 210010116, 1.000048, 27112, 27112, 27108, 0, 6777, 0, 0, 0, 0, 0, 0, 26606328, 27110.694039, 27106.694232, 0.000000
223, 2, 3.000456, 210000595, 1.000003, 27158, 27158, 27164, 0, 6791, 0, 0, 1, 0, 0, 0, 26759746, 27157.923053, 27163.923036, 0.000000
223, 3, 4.000461, 210001001, 1.000005, 27188, 27188, 27193, 0, 6799, 0, 0, 1, 0, 0, 0, 26615596, 27187.870404, 27192.870381, 0.000000
223, 4, 5.000493, 210006739, 1.000032, 27158, 27158, 27147, 0, 6786, 0, 0, 0, 0, 0, 0, 26892963, 27157.128515, 27146.128868, 0.000000
223, 5, 6.000495, 210000363, 1.000002, 27098, 27098, 27104, 0, 6776, 0, 0, 0, 0, 0, 0, 27374447, 27097.953159, 27103.953149, 0.000000
223, 6, 7.000543, 210010056, 1.000048, 27151, 27151, 27144, 0, 6786, 0, 0, 0, 0, 0, 0, 27276652, 27149.699917, 27142.700252, 0.000000
223, 7, 8.000546, 210000773, 1.000004, 27204, 27204, 27210, 0, 6803, 0, 0, 0, 0, 0, 0, 27189740, 27203.899864, 27209.899842, 0.000000
