ThreadID, cIDX, Time, cycles, deltaT, RX, OnRX, TX, SupTX, OnTX, Idle, OnIdle, Blocked, CacheMiss, CacheHit, CacheWB, CPUIdle, RX/s, TX/s, Sup/s
10172, 0, 0, 0, 0, 0, 0, 0, 0, 0, 0, 0, 0, 0, 0, 0, 0, 0, 0, 0
10172, 0, 1.000228, 210047859, 1.000228, 27228, 27228, 27228, 0, 6807, 0, 0, 0, 0, 0, 0, 28237048, 27221.796153, 27221.796153, 0.000000
10172, 1, 2.000322, 210019864, 1.000095, 27176, 27176, 27177, 0, 6795, 0, 0, 10, 0, 0, 0, 28275163, 27173.429652, 27174.429558, 0.000000
10172, 2, 3.000345, 210004669, 1.000022, 27117, 27117, 27123, 0, 6780, 0, 0, 10, 0, 0, 0, 28403717, 27116.397112, 27122.396979, 0.000000
10172, 3, 4.000361, 210003516, 1.000017, 27146, 27146, 27144, 0, 6786, 0, 0, 4, 0, 0, 0, 28510994, 27145.545506, 27143.545539, 0.000000
10172, 4, 5.000382, 210004222, 1.000020, 27112, 27112, 27104, 0, 6776, 0, 0, 0, 0, 0, 0, 28770399, 27111.454931, 27103.455091, 0.000000
10172, 5, 6.000391, 210001995, 1.000009, 27088, 27088, 27092, 0, 6773, 0, 0, 3, 0, 0, 0, 29128502, 27087.742666, 27091.742628, 0.000000
10172, 6, 7.000542, 210031666, 1.000151, 27107, 27107, 27104, 0, 6776, 0, 0, 0, 0, 0, 0, 29066409, 27102.913139, 27099.913591, 0.000000
10172, 7, 8.000577, 210007435, 1.000035, 27108, 27108, 27108, 0, 6777, 0, 0, 0, 0, 0, 0, 28824689, 27107.040282, 27107.040282, 0.000000
