ThreadID, cIDX, Time, cycles, deltaT, RX, OnRX, TX, SupTX, OnTX, Idle, OnIdle, Blocked, CacheMiss, CacheHit, CacheWB, CPUIdle, RX/s, TX/s, Sup/s
941, 0, 0, 0, 0, 0, 0, 0, 0, 0, 0, 0, 0, 0, 0, 0, 0, 0, 0, 0
941, 0, 1.000007, 210001410, 1.000007, 27275, 27275, 27281, 0, 6821, 0, 0, 0, 0, 0, 0, 25861294, 27274.816869, 27280.816829, 0.000000
941, 1, 2.000045, 210008038, 1.000038, 27114, 27114, 27111, 0, 6777, 0, 0, 0, 0, 0, 0, 25840145, 27112.962219, 27109.962334, 0.000000
941, 2, 3.000104, 210012444, 1.000059, 27099, 27099, 27096, 0, 6774, 0, 0, 0, 0, 0, 0, 26151387, 27097.394286, 27094.394464, 0.000000
941, 3, 4.000110, 210001145, 1.000005, 27160, 27160, 27162, 0, 6791, 0, 0, 0, 0, 0, 0, 26101026, 27159.851914, 27161.851903, 0.000000
941, 4, 5.000193, 210017490, 1.000083, 27145, 27145, 27138, 0, 6784, 0, 0, 0, 0, 0, 0, 26435418, 27142.739398, 27135.739981, 0.000000
941, 5, 6.000266, 210015412, 1.000073, 27050, 27050, 27048, 0, 6762, 0, 0, 0, 0, 0, 0, 26528017, 27048.014933, 27046.015080, 0.000000
941, 6, 7.000483, 210045511, 1.000217, 27099, 27099, 27108, 0, 6777, 0, 0, 0, 0, 0, 0, 26650481, 27093.128403, 27102.126453, 0.000000
941, 7, 8.000509, 210005497, 1.000026, 27127, 27127, 27124, 0, 6781, 0, 0, 0, 0, 0, 0, 26638802, 27126.289937, 27123.290016, 0.000000
