ThreadID, cIDX, Time, cycles, deltaT, RX, OnRX, TX, SupTX, OnTX, Idle, OnIdle, Blocked, CacheMiss, CacheHit, CacheWB, CPUIdle, RX/s, TX/s, Sup/s
1039, 0, 0, 0, 0, 0, 0, 0, 0, 0, 0, 0, 0, 0, 0, 0, 0, 0, 0, 0
1039, 0, 1.000020, 210004127, 1.000020, 26136, 26136, 26133, 0, 6818, 0, 0, 1, 657395, 182072907, 270996, 31669645, 26135.486375, 26132.486434, 0.000000
1039, 1, 2.000342, 210067630, 1.000322, 25976, 25976, 25980, 0, 6778, 0, 0, 2, 569623, 182154880, 228669, 31718286, 25967.637184, 25971.635896, 0.000000
1039, 2, 3.000363, 210004402, 1.000021, 25966, 25966, 25969, 0, 6774, 0, 0, 4, 541322, 182049745, 215542, 31866383, 25965.455715, 25968.455652, 0.000000
1039, 3, 4.000379, 210003476, 1.000017, 26086, 26086, 26083, 0, 6803, 0, 0, 7, 534116, 182138360, 210619, 31759555, 26085.568222, 26082.568271, 0.000000
1039, 4, 5.000418, 210008180, 1.000039, 26018, 26018, 26019, 0, 6788, 0, 0, 4, 524012, 181922214, 206935, 32124457, 26016.986576, 26017.986537, 0.000000
1039, 5, 6.000466, 210010056, 1.000048, 25933, 25933, 25934, 0, 6766, 0, 0, 0, 517317, 181862283, 203061, 32290404, 25931.758239, 25932.758191, 0.000000
1039, 6, 7.000499, 210006867, 1.000033, 26004, 26004, 26000, 0, 6779, 0, 0, 0, 510455, 181909223, 198330, 32237287, 26003.149697, 25999.149828, 0.000000
1039, 7, 8.000556, 210011932, 1.000057, 26052, 26052, 26062, 0, 6801, 0, 0, 0, 509880, 181853199, 198511, 32369432, 26050.519834, 26060.519266, 0.000000
