ThreadID, cIDX, Time, cycles, deltaT, RX, OnRX, TX, SupTX, OnTX, Idle, OnIdle, Blocked, CacheMiss, CacheHit, CacheWB, CPUIdle, RX/s, TX/s, Sup/s
11107, 0, 0, 0, 0, 0, 0, 0, 0, 0, 0, 0, 0, 0, 0, 0, 0, 0, 0, 0
11107, 0, 1.000004, 210000835, 1.000004, 31557, 31557, 31557, 0, 7890, 0, 0, 0, 0, 0, 0, 28933070, 31556.874524, 31556.874524, 0.000000
11107, 1, 2.000063, 210012422, 1.000059, 31667, 31667, 31663, 0, 7915, 0, 0, 4, 0, 0, 0, 28887832, 31665.126932, 31661.127169, 0.000000
11107, 2, 3.000173, 210023041, 1.000110, 31696, 31696, 31700, 0, 7925, 0, 0, 7, 0, 0, 0, 29012239, 31692.522727, 31696.522288, 0.000000
11107, 3, 4.000347, 210036560, 1.000174, 31682, 31682, 31684, 0, 7921, 0, 0, 4, 0, 0, 0, 29103279, 31676.485275, 31678.484927, 0.000000
11107, 4, 5.000359, 210002532, 1.000012, 31639, 31639, 31650, 0, 7913, 0, 0, 6, 0, 0, 0, 29353348, 31638.618529, 31649.618396, 0.000000
11107, 5, 6.000399, 210008356, 1.000040, 31593, 31593, 31566, 0, 7891, 0, 0, 4, 0, 0, 0, 29708301, 31591.742950, 31564.744024, 0.000000
11107, 6, 7.000431, 210006779, 1.000032, 31638, 31638, 31652, 0, 7913, 0, 0, 0, 0, 0, 0, 29684688, 31636.978728, 31650.978276, 0.000000
11107, 7, 8.000442, 210002272, 1.000011, 31608, 31608, 31621, 0, 7906, 0, 0, 0, 0, 0, 0, 29301820, 31607.658035, 31620.657895, 0.000000
