ThreadID, cIDX, Time, cycles, deltaT, RX, OnRX, TX, SupTX, OnTX, Idle, OnIdle, Blocked, CacheMiss, CacheHit, CacheWB, CPUIdle, RX/s, TX/s, Sup/s
9160, 0, 0, 0, 0, 0, 0, 0, 0, 0, 0, 0, 0, 0, 0, 0, 0, 0, 0, 0
9160, 0, 1.000004, 210000884, 1.000004, 27073, 27073, 27077, 0, 6770, 0, 0, 0, 662861, 182102090, 272442, 29033793, 27072.886036, 27076.886019, 0.000000
9160, 1, 2.000024, 210004205, 1.000020, 27168, 27168, 27171, 0, 6792, 0, 0, 5, 568673, 182194343, 228696, 29003199, 27167.456004, 27170.455944, 0.000000
9160, 2, 3.000068, 210009184, 1.000044, 27149, 27149, 27140, 0, 6785, 0, 0, 0, 554895, 182100007, 223582, 29151776, 27147.812736, 27138.813129, 0.000000
9160, 3, 4.000086, 210003744, 1.000018, 27162, 27162, 27156, 0, 6789, 0, 0, 0, 539688, 182189350, 215658, 29080267, 27161.515749, 27155.515856, 0.000000
9160, 4, 5.000101, 210003135, 1.000015, 27100, 27100, 27112, 0, 6778, 0, 0, 4, 530532, 181892200, 211770, 29680899, 27099.595442, 27111.595263, 0.000000
9160, 5, 6.000137, 210007608, 1.000036, 27107, 27107, 27108, 0, 6777, 0, 0, 0, 516962, 181883049, 205048, 29700578, 27106.017988, 27107.017951, 0.000000
9160, 6, 7.000268, 210027567, 1.000131, 27099, 27099, 27084, 0, 6771, 0, 0, 0, 509246, 181871156, 199672, 29783122, 27095.443142, 27080.445111, 0.000000
9160, 7, 8.000281, 210002589, 1.000012, 27086, 27086, 27092, 0, 6773, 0, 0, 0, 506296, 181962400, 197474, 29616324, 27085.666072, 27091.665998, 0.000000
