ThreadID, cIDX, Time, cycles, deltaT, RX, OnRX, TX, SupTX, OnTX, Idle, OnIdle, Blocked, CacheMiss, CacheHit, CacheWB, CPUIdle, RX/s, TX/s, Sup/s
2360, 0, 0, 0, 0, 0, 0, 0, 0, 0, 0, 0, 0, 0, 0, 0, 0, 0, 0, 0
2360, 0, 1.000480, 210100796, 1.000480, 27126, 27126, 27117, 0, 6780, 0, 0, 3, 0, 0, 0, 28216647, 27112.986283, 27103.990601, 0.000000
2360, 1, 2.000500, 210004165, 1.000020, 27125, 27125, 27133, 0, 6783, 0, 0, 4, 0, 0, 0, 28097612, 27124.462032, 27132.461873, 0.000000
2360, 2, 3.000503, 210000601, 1.000003, 27150, 27150, 27150, 0, 6787, 0, 0, 7, 0, 0, 0, 28485902, 27149.922300, 27149.922300, 0.000000
2360, 3, 4.000505, 210000407, 1.000002, 27215, 27215, 27212, 0, 6803, 0, 0, 2, 0, 0, 0, 28611405, 27214.947255, 27211.947261, 0.000000
2360, 4, 5.000519, 210003095, 1.000015, 27179, 27179, 27180, 0, 6795, 0, 0, 6, 0, 0, 0, 28639072, 27178.599439, 27179.599424, 0.000000
2360, 5, 6.000538, 210003844, 1.000018, 27031, 27031, 27036, 0, 6759, 0, 0, 7, 0, 0, 0, 29186883, 27030.505213, 27035.505122, 0.000000
2360, 6, 7.000599, 210012827, 1.000061, 27190, 27190, 27181, 0, 6796, 0, 0, 1, 0, 0, 0, 28967477, 27188.339310, 27179.339860, 0.000000
2360, 7, 8.000610, 210002276, 1.000011, 27124, 27124, 27127, 0, 6781, 0, 0, 3, 0, 0, 0, 28725812, 27123.706031, 27126.705998, 0.000000
