ThreadID, cIDX, Time, cycles, deltaT, RX, OnRX, TX, SupTX, OnTX, Idle, OnIdle, Blocked, CacheMiss, CacheHit, CacheWB, CPUIdle, RX/s, TX/s, Sup/s
9395, 0, 0, 0, 0, 0, 0, 0, 0, 0, 0, 0, 0, 0, 0, 0, 0, 0, 0, 0
9395, 0, 1.000022, 210004545, 1.000022, 31536, 31536, 31520, 0, 7880, 0, 0, 1, 0, 0, 0, 28480580, 31535.317486, 31519.317832, 0.000000
9395, 1, 2.000300, 210058506, 1.000279, 31674, 31674, 31700, 0, 7925, 0, 0, 6, 0, 0, 0, 28322493, 31665.178081, 31691.170840, 0.000000
9395, 2, 3.000675, 210078656, 1.000375, 31702, 31702, 31694, 0, 7924, 0, 0, 17, 0, 0, 0, 28379670, 31690.130386, 31682.133382, 0.000000
9395, 3, 4.000744, 210014533, 1.000069, 31730, 31730, 31723, 0, 7931, 0, 0, 9, 0, 0, 0, 28231195, 31727.804285, 31720.804769, 0.000000
9395, 4, 5.000751, 210001512, 1.000007, 31686, 31686, 31688, 0, 7922, 0, 0, 4, 0, 0, 0, 28443544, 31685.771862, 31687.771848, 0.000000
9395, 5, 6.000765, 210002987, 1.000014, 31599, 31599, 31600, 0, 7900, 0, 0, 8, 0, 0, 0, 29075757, 31598.550548, 31599.550534, 0.000000
9395, 6, 7.000773, 210001619, 1.000008, 31717, 31717, 31728, 0, 7932, 0, 0, 0, 0, 0, 0, 28942690, 31716.755479, 31727.755394, 0.000000
9395, 7, 8.000821, 210009952, 1.000047, 31669, 31669, 31671, 0, 7917, 0, 0, 0, 0, 0, 0, 28807498, 31667.499262, 31669.499167, 0.000000
