ThreadID, cIDX, Time, cycles, deltaT, RX, OnRX, TX, SupTX, OnTX, Idle, OnIdle, Blocked, CacheMiss, CacheHit, CacheWB, CPUIdle, RX/s, TX/s, Sup/s
2097, 0, 0, 0, 0, 0, 0, 0, 0, 0, 0, 0, 0, 0, 0, 0, 0, 0, 0, 0
2097, 0, 1.000029, 210006043, 1.000029, 31673, 31673, 31669, 0, 7918, 0, 0, 1, 0, 0, 0, 28278978, 31672.088598, 31668.088713, 0.000000
2097, 1, 2.000030, 210000242, 1.000001, 31671, 31671, 31675, 0, 7918, 0, 0, 5, 0, 0, 0, 28140748, 31670.963503, 31674.963498, 0.000000
2097, 2, 3.000096, 210013925, 1.000066, 31709, 31709, 31712, 0, 7928, 0, 0, 13, 0, 0, 0, 28443216, 31706.897531, 31709.897332, 0.000000
2097, 3, 4.000375, 210058542, 1.000279, 31675, 31675, 31668, 0, 7917, 0, 0, 11, 0, 0, 0, 28774193, 31666.172376, 31659.174327, 0.000000
2097, 4, 5.000381, 210001309, 1.000006, 31631, 31631, 31629, 0, 7908, 0, 0, 11, 0, 0, 0, 28833203, 31630.802835, 31628.802847, 0.000000
2097, 5, 6.000422, 210008542, 1.000041, 31550, 31550, 31555, 0, 7888, 0, 0, 3, 0, 0, 0, 29322350, 31548.716718, 31553.716515, 0.000000
2097, 6, 7.000481, 210012476, 1.000059, 31656, 31656, 31664, 0, 7916, 0, 0, 2, 0, 0, 0, 29044393, 31654.119444, 31662.118969, 0.000000
2097, 7, 8.000487, 210001114, 1.000005, 31617, 31617, 31599, 0, 7900, 0, 0, 3, 0, 0, 0, 28815899, 31616.832280, 31598.832376, 0.000000
