ThreadID, cIDX, Time, cycles, deltaT, RX, OnRX, TX, SupTX, OnTX, Idle, OnIdle, Blocked, CacheMiss, CacheHit, CacheWB, CPUIdle, RX/s, TX/s, Sup/s
10844, 0, 0, 0, 0, 0, 0, 0, 0, 0, 0, 0, 0, 0, 0, 0, 0, 0, 0, 0
10844, 0, 1.000008, 210001663, 1.000008, 27246, 27246, 27241, 0, 6811, 0, 0, 0, 0, 0, 0, 29046885, 27245.784239, 27240.784279, 0.000000
10844, 1, 2.000012, 210000779, 1.000004, 27165, 27165, 27175, 0, 6793, 0, 0, 4, 0, 0, 0, 29066705, 27164.899231, 27174.899194, 0.000000
10844, 2, 3.000016, 210000990, 1.000005, 27141, 27141, 27134, 0, 6784, 0, 0, 0, 0, 0, 0, 29277787, 27140.872050, 27133.872083, 0.000000
10844, 3, 4.000031, 210003050, 1.000015, 27111, 27111, 27112, 0, 6778, 0, 0, 4, 0, 0, 0, 29154800, 27110.606251, 27111.606236, 0.000000
10844, 4, 5.000170, 210029226, 1.000139, 27149, 27149, 27146, 0, 6786, 0, 0, 4, 0, 0, 0, 29460514, 27145.222161, 27142.222578, 0.000000
10844, 5, 6.000207, 210007762, 1.000037, 27163, 27163, 27168, 0, 6792, 0, 0, 3, 0, 0, 0, 29927115, 27161.996041, 27166.995856, 0.000000
10844, 6, 7.000229, 210004649, 1.000022, 27150, 27150, 27152, 0, 6788, 0, 0, 3, 0, 0, 0, 29723351, 27149.398964, 27151.398920, 0.000000
10844, 7, 8.000253, 210005077, 1.000024, 27134, 27134, 27132, 0, 6783, 0, 0, 0, 0, 0, 0, 29717708, 27133.344019, 27131.344067, 0.000000
