ThreadID, cIDX, Time, cycles, deltaT, RX, OnRX, TX, SupTX, OnTX, Idle, OnIdle, Blocked, CacheMiss, CacheHit, CacheWB, CPUIdle, RX/s, TX/s, Sup/s
9997, 0, 0, 0, 0, 0, 0, 0, 0, 0, 0, 0, 0, 0, 0, 0, 0, 0, 0, 0
9997, 0, 1.000025, 210005274, 1.000025, 27243, 27243, 27240, 0, 6810, 0, 0, 0, 672235, 182114816, 277738, 31578821, 27242.315829, 27239.315904, 0.000000
9997, 1, 2.000048, 210004782, 1.000023, 27163, 27163, 27172, 0, 6793, 0, 0, 6, 573654, 182170269, 231996, 31586048, 27162.381474, 27171.381269, 0.000000
9997, 2, 3.000075, 210005613, 1.000027, 27136, 27136, 27130, 0, 6783, 0, 0, 1, 551945, 182067357, 224578, 31808014, 27135.274713, 27129.274873, 0.000000
9997, 3, 4.000082, 210001572, 1.000007, 27038, 27038, 27039, 0, 6760, 0, 0, 7, 535687, 182044433, 216421, 31880798, 27037.797603, 27038.797595, 0.000000
9997, 4, 5.000084, 210000388, 1.000002, 27101, 27101, 27105, 0, 6776, 0, 0, 10, 534130, 181874328, 215214, 32246868, 27100.949928, 27104.949920, 0.000000
9997, 5, 6.000148, 210013533, 1.000064, 27156, 27156, 27154, 0, 6788, 0, 0, 0, 527258, 181718455, 213475, 32460728, 27154.250103, 27152.250231, 0.000000
9997, 6, 7.000276, 210026881, 1.000128, 26970, 26970, 26968, 0, 6742, 0, 0, 2, 527492, 181817398, 212315, 32317595, 26966.548153, 26964.548409, 0.000000
9997, 7, 8.000303, 210005580, 1.000027, 27157, 27157, 27156, 0, 6789, 0, 0, 0, 526516, 181892241, 213229, 32200869, 27156.278419, 27155.278445, 0.000000
