ThreadID, cIDX, Time, cycles, deltaT, RX, OnRX, TX, SupTX, OnTX, Idle, OnIdle, Blocked, CacheMiss, CacheHit, CacheWB, CPUIdle, RX/s, TX/s, Sup/s
10204, 0, 0, 0, 0, 0, 0, 0, 0, 0, 0, 0, 0, 0, 0, 0, 0, 0, 0, 0
10204, 0, 1.000197, 210041282, 1.000197, 27233, 27233, 27236, 0, 6809, 0, 0, 0, 0, 0, 0, 29087708, 27227.647563, 27230.646973, 0.000000
10204, 1, 2.000310, 210023716, 1.000113, 27170, 27170, 27173, 0, 6794, 0, 0, 1, 0, 0, 0, 29156641, 27166.931948, 27169.931609, 0.000000
10204, 2, 3.000394, 210017826, 1.000085, 27119, 27119, 27119, 0, 6779, 0, 0, 3, 0, 0, 0, 29284475, 27116.698180, 27116.698180, 0.000000
10204, 3, 4.000412, 210003762, 1.000018, 27138, 27138, 27132, 0, 6783, 0, 0, 2, 0, 0, 0, 29268555, 27137.513851, 27131.513958, 0.000000
10204, 4, 5.000490, 210016329, 1.000078, 27124, 27124, 27120, 0, 6780, 0, 0, 2, 0, 0, 0, 29565261, 27121.891079, 27117.891390, 0.000000
10204, 5, 6.000558, 210014171, 1.000067, 27089, 27089, 27092, 0, 6773, 0, 0, 1, 0, 0, 0, 29953053, 27087.172132, 27090.171929, 0.000000
10204, 6, 7.000566, 210001754, 1.000008, 27091, 27091, 27085, 0, 6772, 0, 0, 0, 0, 0, 0, 29978361, 27090.773728, 27084.773778, 0.000000
10204, 7, 8.000569, 210000569, 1.000003, 27126, 27126, 27130, 0, 6782, 0, 0, 0, 0, 0, 0, 29573672, 27125.926502, 27129.926491, 0.000000
