ThreadID, cIDX, Time, cycles, deltaT, RX, OnRX, TX, SupTX, OnTX, Idle, OnIdle, Blocked, CacheMiss, CacheHit, CacheWB, CPUIdle, RX/s, TX/s, Sup/s
8994, 0, 0, 0, 0, 0, 0, 0, 0, 0, 0, 0, 0, 0, 0, 0, 0, 0, 0, 0
8994, 0, 1.000046, 210009620, 1.000046, 31550, 31550, 31564, 0, 7891, 0, 0, 0, 0, 0, 0, 27795417, 31548.554776, 31562.554134, 0.000000
8994, 1, 2.000062, 210003462, 1.000016, 31713, 31713, 31708, 0, 7927, 0, 0, 0, 0, 0, 0, 27612665, 31712.477197, 31707.477280, 0.000000
8994, 2, 3.000249, 210039166, 1.000187, 31716, 31716, 31692, 0, 7923, 0, 0, 0, 0, 0, 0, 27789124, 31710.085918, 31686.090393, 0.000000
8994, 3, 4.000266, 210003541, 1.000017, 31690, 31690, 31704, 0, 7926, 0, 0, 1, 0, 0, 0, 27676258, 31689.465655, 31703.465419, 0.000000
8994, 4, 5.000275, 210001951, 1.000009, 31662, 31662, 31676, 0, 7919, 0, 0, 0, 0, 0, 0, 28379170, 31661.705848, 31675.705718, 0.000000
8994, 5, 6.000436, 210033865, 1.000161, 31598, 31598, 31572, 0, 7893, 0, 0, 0, 0, 0, 0, 28387654, 31592.905268, 31566.909460, 0.000000
8994, 6, 7.000447, 210002347, 1.000011, 31700, 31700, 31724, 0, 7931, 0, 0, 0, 0, 0, 0, 28346354, 31699.645719, 31723.645450, 0.000000
8994, 7, 8.000592, 210030291, 1.000144, 31695, 31695, 31668, 0, 7917, 0, 0, 0, 0, 0, 0, 28422849, 31690.428882, 31663.432776, 0.000000
