ThreadID, cIDX, Time, cycles, deltaT, RX, OnRX, TX, SupTX, OnTX, Idle, OnIdle, Blocked, CacheMiss, CacheHit, CacheWB, CPUIdle, RX/s, TX/s, Sup/s
10529, 0, 0, 0, 0, 0, 0, 0, 0, 0, 0, 0, 0, 0, 0, 0, 0, 0, 0, 0
10529, 0, 1.000757, 210158960, 1.000757, 31617, 31617, 31628, 0, 7907, 0, 0, 1, 0, 0, 0, 28415827, 31593.085539, 31604.077219, 0.000000
10529, 1, 2.000854, 210020482, 1.000098, 31677, 31677, 31649, 0, 7913, 0, 0, 4, 0, 0, 0, 28368679, 31673.910738, 31645.913469, 0.000000
10529, 2, 3.001371, 210108459, 1.000516, 31725, 31725, 31727, 0, 7931, 0, 0, 2, 0, 0, 0, 28140733, 31708.623402, 31710.622370, 0.000000
10529, 3, 4.001576, 210043082, 1.000205, 31703, 31703, 31704, 0, 7926, 0, 0, 2, 0, 0, 0, 28554647, 31696.497388, 31697.497183, 0.000000
10529, 4, 5.001597, 210004461, 1.000021, 31622, 31622, 31620, 0, 7905, 0, 0, 3, 0, 0, 0, 28776368, 31621.328273, 31619.328315, 0.000000
10529, 5, 6.001599, 210000419, 1.000002, 31582, 31582, 31600, 0, 7900, 0, 0, 3, 0, 0, 0, 29312848, 31581.936987, 31599.936951, 0.000000
10529, 6, 7.001645, 210009571, 1.000046, 31682, 31682, 31692, 0, 7923, 0, 0, 0, 0, 0, 0, 29220705, 31680.556121, 31690.555665, 0.000000
10529, 7, 8.001655, 210002101, 1.000010, 31572, 31572, 31561, 0, 7891, 0, 0, 0, 0, 0, 0, 28903040, 31571.684133, 31560.684243, 0.000000
