ThreadID, cIDX, Time, cycles, deltaT, RX, OnRX, TX, SupTX, OnTX, Idle, OnIdle, Blocked, CacheMiss, CacheHit, CacheWB, CPUIdle, RX/s, TX/s, Sup/s
2568, 0, 0, 0, 0, 0, 0, 0, 0, 0, 0, 0, 0, 0, 0, 0, 0, 0, 0, 0
2568, 0, 1.000458, 210096133, 1.000458, 27114, 27114, 27116, 0, 6779, 0, 0, 1, 652710, 182139168, 270307, 31686207, 27101.593536, 27103.592621, 0.000000
2568, 1, 2.000460, 210000381, 1.000002, 27104, 27104, 27104, 0, 6776, 0, 0, 0, 566113, 182149598, 227753, 31650553, 27103.950826, 27103.950826, 0.000000
2568, 2, 3.000627, 210035071, 1.000167, 27159, 27159, 27160, 0, 6790, 0, 0, 5, 547825, 182106000, 218692, 31902063, 27154.465075, 27155.464908, 0.000000
2568, 3, 4.000676, 210010274, 1.000049, 27207, 27207, 27212, 0, 6803, 0, 0, 10, 531456, 182030088, 211357, 31869929, 27205.668995, 27210.668750, 0.000000
2568, 4, 5.000690, 210003136, 1.000015, 27182, 27182, 27183, 0, 6796, 0, 0, 3, 519452, 181939153, 203999, 32085545, 27181.594088, 27182.594073, 0.000000
2568, 5, 6.000847, 210032957, 1.000157, 27076, 27076, 27053, 0, 6763, 0, 0, 0, 512973, 181650775, 201892, 32705376, 27071.751411, 27048.755020, 0.000000
2568, 6, 7.000857, 210002023, 1.000010, 27077, 27077, 27093, 0, 6774, 0, 0, 0, 507601, 181691743, 199519, 32538327, 27076.739161, 27092.739007, 0.000000
2568, 7, 8.000886, 210006111, 1.000029, 27200, 27200, 27192, 0, 6798, 0, 0, 1, 506657, 181882786, 199289, 32176400, 27199.208503, 27191.208736, 0.000000
