ThreadID, cIDX, Time, cycles, deltaT, RX, OnRX, TX, SupTX, OnTX, Idle, OnIdle, Blocked, CacheMiss, CacheHit, CacheWB, CPUIdle, RX/s, TX/s, Sup/s
997, 0, 0, 0, 0, 0, 0, 0, 0, 0, 0, 0, 0, 0, 0, 0, 0, 0, 0, 0
997, 0, 1.000002, 210000491, 1.000002, 31511, 31511, 31511, 0, 7878, 0, 0, 0, 0, 0, 0, 26748950, 31510.926324, 31510.926324, 0.000000
997, 1, 2.000060, 210012046, 1.000057, 31716, 31716, 31721, 0, 7930, 0, 0, 0, 0, 0, 0, 26813652, 31714.180814, 31719.180527, 0.000000
997, 2, 3.000420, 210075728, 1.000361, 31725, 31725, 31708, 0, 7927, 0, 0, 0, 0, 0, 0, 27092494, 31713.563787, 31696.569915, 0.000000
997, 3, 4.000631, 210044186, 1.000210, 31622, 31622, 31624, 0, 7906, 0, 0, 0, 0, 0, 0, 26936637, 31615.347830, 31617.347409, 0.000000
997, 4, 5.000787, 210032875, 1.000157, 31715, 31715, 31710, 0, 7928, 0, 0, 0, 0, 0, 0, 27287696, 31710.035869, 31705.036652, 0.000000
997, 5, 6.001189, 210084269, 1.000401, 31616, 31616, 31623, 0, 7906, 0, 0, 0, 0, 0, 0, 27341782, 31603.318190, 31610.315383, 0.000000
997, 6, 7.001605, 210087538, 1.000417, 31678, 31678, 31667, 0, 7916, 0, 0, 0, 0, 0, 0, 27493661, 31664.800603, 31653.805187, 0.000000
997, 7, 8.001609, 210000655, 1.000003, 31639, 31639, 31668, 0, 7917, 0, 0, 1, 0, 0, 0, 27571353, 31638.901317, 31667.901226, 0.000000
