ThreadID, cIDX, Time, cycles, deltaT, RX, OnRX, TX, SupTX, OnTX, Idle, OnIdle, Blocked, CacheMiss, CacheHit, CacheWB, CPUIdle, RX/s, TX/s, Sup/s
10869, 0, 0, 0, 0, 0, 0, 0, 0, 0, 0, 0, 0, 0, 0, 0, 0, 0, 0, 0
10869, 0, 1.000078, 210016348, 1.000078, 30448, 30448, 30430, 0, 7890, 0, 0, 0, 0, 0, 0, 30869224, 30445.629880, 30427.631281, 0.000000
10869, 1, 2.000623, 210114424, 1.000545, 30552, 30552, 30578, 0, 7928, 0, 0, 3, 0, 0, 0, 30997912, 30535.362008, 30561.347849, 0.000000
10869, 2, 3.000650, 210005634, 1.000027, 30512, 30512, 30507, 0, 7909, 0, 0, 3, 0, 0, 0, 30967635, 30511.181429, 30506.181563, 0.000000
10869, 3, 4.000802, 210031945, 1.000152, 30586, 30586, 30582, 0, 7929, 0, 0, 6, 0, 0, 0, 30859556, 30581.347994, 30577.348603, 0.000000
10869, 4, 5.000975, 210036359, 1.000173, 30508, 30508, 30490, 0, 7903, 0, 0, 0, 0, 0, 0, 31239930, 30502.718817, 30484.721933, 0.000000
10869, 5, 6.000986, 210002367, 1.000011, 30475, 30475, 30485, 0, 7903, 0, 0, 0, 0, 0, 0, 31696557, 30474.656507, 30484.656394, 0.000000
10869, 6, 7.001024, 210007983, 1.000038, 30535, 30535, 30554, 0, 7923, 0, 0, 0, 0, 0, 0, 31547867, 30533.839278, 30552.838556, 0.000000
10869, 7, 8.001353, 210069063, 1.000329, 30565, 30565, 30542, 0, 7918, 0, 0, 0, 0, 0, 0, 31446476, 30554.951349, 30531.958911, 0.000000
