ThreadID, cIDX, Time, cycles, deltaT, RX, OnRX, TX, SupTX, OnTX, Idle, OnIdle, Blocked, CacheMiss, CacheHit, CacheWB, CPUIdle, RX/s, TX/s, Sup/s
2454, 0, 0, 0, 0, 0, 0, 0, 0, 0, 0, 0, 0, 0, 0, 0, 0, 0, 0, 0
2454, 0, 1.000012, 210002615, 1.000012, 31632, 31632, 31644, 0, 7911, 0, 0, 1, 0, 0, 0, 29648904, 31631.606111, 31643.605962, 0.000000
2454, 1, 2.000038, 210005428, 1.000026, 31663, 31663, 31656, 0, 7914, 0, 0, 0, 0, 0, 0, 29603293, 31662.181608, 31655.181789, 0.000000
2454, 2, 3.000600, 210117979, 1.000562, 31695, 31695, 31687, 0, 7922, 0, 0, 2, 0, 0, 0, 29898539, 31677.203596, 31669.208088, 0.000000
2454, 3, 4.000603, 210000592, 1.000003, 31680, 31680, 31675, 0, 7919, 0, 0, 6, 0, 0, 0, 29910798, 31679.910693, 31674.910707, 0.000000
2454, 4, 5.000906, 210063548, 1.000303, 31689, 31689, 31682, 0, 7920, 0, 0, 2, 0, 0, 0, 30139669, 31679.413508, 31672.415625, 0.000000
2454, 5, 6.001046, 210029571, 1.000141, 31552, 31552, 31564, 0, 7891, 0, 0, 0, 0, 0, 0, 30516582, 31547.557653, 31559.555964, 0.000000
2454, 6, 7.001047, 210000218, 1.000001, 31685, 31685, 31674, 0, 7919, 0, 0, 0, 0, 0, 0, 30515313, 31684.967108, 31673.967119, 0.000000
2454, 7, 8.001052, 210000911, 1.000004, 31595, 31595, 31594, 0, 7898, 0, 0, 4, 0, 0, 0, 30327561, 31594.862938, 31593.862943, 0.000000
