ThreadID, cIDX, Time, cycles, deltaT, RX, OnRX, TX, SupTX, OnTX, Idle, OnIdle, Blocked, CacheMiss, CacheHit, CacheWB, CPUIdle, RX/s, TX/s, Sup/s
617, 0, 0, 0, 0, 0, 0, 0, 0, 0, 0, 0, 0, 0, 0, 0, 0, 0, 0, 0
617, 0, 1.000077, 210016075, 1.000077, 27115, 27115, 27116, 0, 6779, 0, 0, 0, 0, 0, 0, 26720006, 27112.924570, 27113.924494, 0.000000
617, 1, 2.000085, 210001742, 1.000008, 27130, 27130, 27125, 0, 6782, 0, 0, 1, 0, 0, 0, 26665604, 27129.774952, 27124.774994, 0.000000
617, 2, 3.000096, 210002250, 1.000011, 27130, 27130, 27135, 0, 6783, 0, 0, 0, 0, 0, 0, 26822435, 27129.709325, 27134.709271, 0.000000
617, 3, 4.000148, 210010956, 1.000052, 27096, 27096, 27097, 0, 6775, 0, 0, 0, 0, 0, 0, 26642179, 27094.586437, 27095.586385, 0.000000
617, 4, 5.000157, 210001964, 1.000009, 27098, 27098, 27087, 0, 6771, 0, 0, 0, 0, 0, 0, 27331427, 27097.746572, 27086.746674, 0.000000
617, 5, 6.000251, 210019655, 1.000094, 27158, 27158, 27160, 0, 6790, 0, 0, 0, 0, 0, 0, 27485445, 27155.458378, 27157.458191, 0.000000
617, 6, 7.000316, 210013746, 1.000065, 26975, 26975, 26980, 0, 6745, 0, 0, 1, 0, 0, 0, 27418548, 26973.234409, 26978.234082, 0.000000
617, 7, 8.000326, 210002175, 1.000010, 27188, 27188, 27192, 0, 6798, 0, 0, 1, 0, 0, 0, 27413289, 27187.718413, 27191.718371, 0.000000
