ThreadID, cIDX, Time, cycles, deltaT, RX, OnRX, TX, SupTX, OnTX, Idle, OnIdle, Blocked, CacheMiss, CacheHit, CacheWB, CPUIdle, RX/s, TX/s, Sup/s
9736, 0, 0, 0, 0, 0, 0, 0, 0, 0, 0, 0, 0, 0, 0, 0, 0, 0, 0, 0
9736, 0, 1.000003, 210000570, 1.000003, 27158, 27158, 27157, 0, 6790, 0, 0, 0, 633433, 182057724, 262748, 31743975, 27157.926286, 27156.926288, 0.000000
9736, 1, 2.000086, 210017537, 1.000084, 27201, 27201, 27199, 0, 6799, 0, 0, 7, 553840, 182160227, 223595, 31766914, 27198.728647, 27196.728814, 0.000000
9736, 2, 3.000224, 210028970, 1.000138, 27165, 27165, 27172, 0, 6793, 0, 0, 7, 539454, 182066559, 216962, 31892891, 27161.253040, 27168.252075, 0.000000
9736, 3, 4.000267, 210008890, 1.000042, 27051, 27051, 27044, 0, 6761, 0, 0, 4, 535224, 181978964, 215224, 32016381, 27049.854889, 27042.855186, 0.000000
9736, 4, 5.000380, 210023868, 1.000114, 27104, 27104, 27116, 0, 6779, 0, 0, 8, 533089, 181862898, 214037, 32303031, 27100.919787, 27112.918423, 0.000000
9736, 5, 6.000381, 210000210, 1.000001, 27196, 27196, 27192, 0, 6798, 0, 0, 1, 520534, 181701035, 207514, 32570690, 27195.972804, 27191.972808, 0.000000
9736, 6, 7.000423, 210008706, 1.000041, 27161, 27161, 27156, 0, 6789, 0, 0, 1, 520316, 181858039, 206545, 32339283, 27159.874029, 27154.874236, 0.000000
9736, 7, 8.000526, 210021623, 1.000103, 27048, 27048, 27040, 0, 6760, 0, 0, 0, 521550, 181975535, 207722, 32124461, 27045.215244, 27037.216068, 0.000000
