ThreadID, cIDX, Time, cycles, deltaT, RX, OnRX, TX, SupTX, OnTX, Idle, OnIdle, Blocked, CacheMiss, CacheHit, CacheWB, CPUIdle, RX/s, TX/s, Sup/s
595, 0, 0, 0, 0, 0, 0, 0, 0, 0, 0, 0, 0, 0, 0, 0, 0, 0, 0, 0
595, 0, 1.000002, 210000458, 1.000002, 31548, 31548, 31538, 0, 7885, 0, 0, 0, 0, 0, 0, 26676817, 31547.931195, 31537.931217, 0.000000
595, 1, 2.000070, 210014175, 1.000068, 31697, 31697, 31718, 0, 7929, 0, 0, 4, 0, 0, 0, 26685400, 31694.860597, 31715.859180, 0.000000
595, 2, 3.000078, 210001656, 1.000008, 31696, 31696, 31685, 0, 7922, 0, 0, 0, 0, 0, 0, 26826758, 31695.750056, 31684.750143, 0.000000
595, 3, 4.000091, 210002899, 1.000014, 31714, 31714, 31699, 0, 7924, 0, 0, 0, 0, 0, 0, 26699635, 31713.562202, 31698.562409, 0.000000
595, 4, 5.000098, 210001384, 1.000007, 31658, 31658, 31684, 0, 7921, 0, 0, 0, 0, 0, 0, 27425579, 31657.791360, 31683.791189, 0.000000
595, 5, 6.000324, 210047384, 1.000226, 31625, 31625, 31600, 0, 7900, 0, 0, 0, 0, 0, 0, 27553597, 31617.865805, 31592.871445, 0.000000
595, 6, 7.000351, 210005825, 1.000028, 31620, 31620, 31637, 0, 7910, 0, 0, 0, 0, 0, 0, 27531295, 31619.122946, 31636.122474, 0.000000
595, 7, 8.000377, 210005443, 1.000026, 31636, 31636, 31619, 0, 7904, 0, 0, 0, 0, 0, 0, 27433577, 31635.180046, 31618.180487, 0.000000
