ThreadID, cIDX, Time, cycles, deltaT, RX, OnRX, TX, SupTX, OnTX, Idle, OnIdle, Blocked, CacheMiss, CacheHit, CacheWB, CPUIdle, RX/s, TX/s, Sup/s
797, 0, 0, 0, 0, 0, 0, 0, 0, 0, 0, 0, 0, 0, 0, 0, 0, 0, 0, 0
797, 0, 1.000023, 210004771, 1.000023, 27230, 27230, 27228, 0, 6807, 0, 0, 0, 0, 0, 0, 27561390, 27229.381374, 27227.381420, 0.000000
797, 1, 2.000048, 210005216, 1.000025, 27113, 27113, 27116, 0, 6779, 0, 0, 0, 0, 0, 0, 27672694, 27112.326581, 27115.326507, 0.000000
797, 2, 3.000061, 210002880, 1.000014, 27083, 27083, 27077, 0, 6770, 0, 0, 0, 0, 0, 0, 27812571, 27082.628581, 27076.628663, 0.000000
797, 3, 4.000063, 210000405, 1.000002, 27174, 27174, 27177, 0, 6794, 0, 0, 0, 0, 0, 0, 27758704, 27173.947593, 27176.947587, 0.000000
797, 4, 5.000092, 210005991, 1.000029, 27139, 27139, 27140, 0, 6785, 0, 0, 1, 0, 0, 0, 28099067, 27138.225785, 27139.225757, 0.000000
797, 5, 6.000125, 210006885, 1.000033, 27082, 27082, 27079, 0, 6770, 0, 0, 0, 0, 0, 0, 28418700, 27081.112126, 27078.112225, 0.000000
797, 6, 7.000241, 210024463, 1.000116, 27076, 27076, 27083, 0, 6770, 0, 0, 0, 0, 0, 0, 28283075, 27072.846271, 27079.845456, 0.000000
797, 7, 8.000286, 210009415, 1.000045, 27205, 27205, 27200, 0, 6800, 0, 0, 1, 0, 0, 0, 28105373, 27203.780364, 27198.780588, 0.000000
