ThreadID, cIDX, Time, cycles, deltaT, RX, OnRX, TX, SupTX, OnTX, Idle, OnIdle, Blocked, CacheMiss, CacheHit, CacheWB, CPUIdle, RX/s, TX/s, Sup/s
10510, 0, 0, 0, 0, 0, 0, 0, 0, 0, 0, 0, 0, 0, 0, 0, 0, 0, 0, 0
10510, 0, 1.000773, 210162385, 1.000773, 26155, 26155, 26162, 0, 6826, 0, 0, 1, 651158, 182113921, 268888, 31751164, 26134.790962, 26141.785553, 0.000000
10510, 1, 2.000859, 210017980, 1.000086, 26043, 26043, 26041, 0, 6793, 0, 0, 2, 565234, 182074330, 229096, 31720673, 26040.770414, 26038.770585, 0.000000
10510, 2, 3.000905, 210009739, 1.000046, 25990, 25990, 25988, 0, 6780, 0, 0, 4, 550036, 182132161, 223231, 31670622, 25988.794739, 25986.794831, 0.000000
10510, 3, 4.000914, 210001761, 1.000008, 25995, 25995, 25997, 0, 6781, 0, 0, 5, 535668, 181982958, 215010, 31926186, 25994.782015, 25996.781998, 0.000000
10510, 4, 5.000920, 210001370, 1.000007, 25975, 25975, 25973, 0, 6775, 0, 0, 2, 523540, 181896860, 208853, 32158592, 25974.830545, 25972.830558, 0.000000
10510, 5, 6.000928, 210001748, 1.000008, 25991, 25991, 25991, 0, 6780, 0, 0, 0, 519126, 181619989, 207241, 32673474, 25990.783658, 25990.783658, 0.000000
10510, 6, 7.000944, 210003221, 1.000015, 25896, 25896, 25897, 0, 6755, 0, 0, 0, 516068, 181675661, 205794, 32602812, 25895.602811, 25896.602795, 0.000000
10510, 7, 8.000982, 210008083, 1.000038, 25996, 25996, 25996, 0, 6783, 0, 0, 0, 514824, 181836043, 205470, 32367979, 25994.999440, 25994.999440, 0.000000
