ThreadID, cIDX, Time, cycles, deltaT, RX, OnRX, TX, SupTX, OnTX, Idle, OnIdle, Blocked, CacheMiss, CacheHit, CacheWB, CPUIdle, RX/s, TX/s, Sup/s
1971, 0, 0, 0, 0, 0, 0, 0, 0, 0, 0, 0, 0, 0, 0, 0, 0, 0, 0, 0
1971, 0, 1.000029, 210006144, 1.000029, 31650, 31650, 31668, 0, 7917, 0, 0, 0, 0, 0, 0, 28380501, 31649.074039, 31667.073512, 0.000000
1971, 1, 2.000126, 210020389, 1.000097, 31653, 31653, 31620, 0, 7905, 0, 0, 0, 0, 0, 0, 28271176, 31649.927094, 31616.930297, 0.000000
1971, 2, 3.000132, 210001108, 1.000005, 31624, 31624, 31634, 0, 7909, 0, 0, 13, 0, 0, 0, 28450067, 31623.833147, 31633.833094, 0.000000
1971, 3, 4.000139, 210001508, 1.000007, 31739, 31739, 31749, 0, 7937, 0, 0, 9, 0, 0, 0, 28584345, 31738.772085, 31748.772014, 0.000000
1971, 4, 5.000197, 210012145, 1.000058, 31624, 31624, 31629, 0, 7907, 0, 0, 2, 0, 0, 0, 28723460, 31622.171184, 31627.170895, 0.000000
1971, 5, 6.000211, 210002917, 1.000014, 31610, 31610, 31596, 0, 7899, 0, 0, 0, 0, 0, 0, 29154888, 31609.560928, 31595.561123, 0.000000
1971, 6, 7.000249, 210008165, 1.000039, 31682, 31682, 31700, 0, 7925, 0, 0, 1, 0, 0, 0, 28967751, 31680.768222, 31698.767522, 0.000000
1971, 7, 8.000741, 210103337, 1.000492, 31684, 31684, 31656, 0, 7914, 0, 0, 0, 0, 0, 0, 28891119, 31668.416575, 31640.430347, 0.000000
