ThreadID, cIDX, Time, cycles, deltaT, RX, OnRX, TX, SupTX, OnTX, Idle, OnIdle, Blocked, CacheMiss, CacheHit, CacheWB, CPUIdle, RX/s, TX/s, Sup/s
2595, 0, 0, 0, 0, 0, 0, 0, 0, 0, 0, 0, 0, 0, 0, 0, 0, 0, 0, 0
2595, 0, 1.000416, 210087336, 1.000416, 31596, 31596, 31581, 0, 7896, 0, 0, 1, 0, 0, 0, 28265391, 31582.865138, 31567.871373, 0.000000
2595, 1, 2.000435, 210004013, 1.000019, 31674, 31674, 31689, 0, 7922, 0, 0, 8, 0, 0, 0, 28181489, 31673.394737, 31688.394450, 0.000000
2595, 2, 3.000454, 210003942, 1.000019, 31710, 31710, 31714, 0, 7928, 0, 0, 1, 0, 0, 0, 28257276, 31709.404769, 31713.404694, 0.000000
2595, 3, 4.000457, 210000710, 1.000003, 31684, 31684, 31681, 0, 7921, 0, 0, 9, 0, 0, 0, 28494020, 31683.892878, 31680.892888, 0.000000
2595, 4, 5.000462, 210000967, 1.000005, 31633, 31633, 31637, 0, 7909, 0, 0, 6, 0, 0, 0, 28719293, 31632.854338, 31636.854320, 0.000000
2595, 5, 6.000487, 210005385, 1.000026, 31558, 31558, 31564, 0, 7891, 0, 0, 5, 0, 0, 0, 29302042, 31557.190783, 31563.190630, 0.000000
2595, 6, 7.000496, 210001816, 1.000009, 31639, 31639, 31626, 0, 7906, 0, 0, 0, 0, 0, 0, 29196303, 31638.726400, 31625.726513, 0.000000
2595, 7, 8.000549, 210011192, 1.000053, 31630, 31630, 31620, 0, 7905, 0, 0, 1, 0, 0, 0, 28836912, 31628.314361, 31618.314894, 0.000000
