ThreadID, cIDX, Time, cycles, deltaT, RX, OnRX, TX, SupTX, OnTX, Idle, OnIdle, Blocked, CacheMiss, CacheHit, CacheWB, CPUIdle, RX/s, TX/s, Sup/s
1874, 0, 0, 0, 0, 0, 0, 0, 0, 0, 0, 0, 0, 0, 0, 0, 0, 0, 0, 0
1874, 0, 1.000036, 210007665, 1.000036, 31649, 31649, 31656, 0, 7914, 0, 0, 0, 0, 0, 0, 29102761, 31647.844854, 31654.844598, 0.000000
1874, 1, 2.000047, 210002204, 1.000010, 31640, 31640, 31640, 0, 7910, 0, 0, 0, 0, 0, 0, 29036063, 31639.667934, 31639.667934, 0.000000
1874, 2, 3.000049, 210000416, 1.000002, 31640, 31640, 31625, 0, 7907, 0, 0, 0, 0, 0, 0, 29264263, 31639.937323, 31624.937353, 0.000000
1874, 3, 4.000090, 210008532, 1.000041, 31711, 31711, 31703, 0, 7925, 0, 0, 10, 0, 0, 0, 29318331, 31709.711680, 31701.712005, 0.000000
1874, 4, 5.000096, 210001332, 1.000006, 31685, 31685, 31700, 0, 7925, 0, 0, 10, 0, 0, 0, 29580392, 31684.799028, 31699.798933, 0.000000
1874, 5, 6.000244, 210031004, 1.000148, 31591, 31591, 31580, 0, 7895, 0, 0, 7, 0, 0, 0, 30054124, 31586.336653, 31575.338277, 0.000000
1874, 6, 7.000538, 210061742, 1.000294, 31612, 31612, 31608, 0, 7902, 0, 0, 1, 0, 0, 0, 29914084, 31602.708503, 31598.709678, 0.000000
1874, 7, 8.000585, 210010057, 1.000048, 31738, 31738, 31740, 0, 7935, 0, 0, 0, 0, 0, 0, 29525174, 31736.480125, 31738.480029, 0.000000
