ThreadID, cIDX, Time, cycles, deltaT, RX, OnRX, TX, SupTX, OnTX, Idle, OnIdle, Blocked, CacheMiss, CacheHit, CacheWB, CPUIdle, RX/s, TX/s, Sup/s
9949, 0, 0, 0, 0, 0, 0, 0, 0, 0, 0, 0, 0, 0, 0, 0, 0, 0, 0, 0
9949, 0, 1.000002, 210000437, 1.000002, 27236, 27236, 27234, 0, 6809, 0, 0, 0, 0, 0, 0, 28977550, 27235.943323, 27233.943327, 0.000000
9949, 1, 2.000005, 210000536, 1.000003, 27171, 27171, 27171, 0, 6793, 0, 0, 11, 0, 0, 0, 29030875, 27170.930649, 27170.930649, 0.000000
9949, 2, 3.000061, 210011861, 1.000056, 27127, 27127, 27131, 0, 6782, 0, 0, 10, 0, 0, 0, 29150994, 27125.467928, 27129.467702, 0.000000
9949, 3, 4.000086, 210005293, 1.000025, 27056, 27056, 27053, 0, 6764, 0, 0, 3, 0, 0, 0, 29266673, 27055.318077, 27052.318153, 0.000000
9949, 4, 5.000179, 210019413, 1.000092, 27097, 27097, 27103, 0, 6775, 0, 0, 8, 0, 0, 0, 29589999, 27094.495307, 27100.494753, 0.000000
9949, 5, 6.000208, 210006096, 1.000029, 27160, 27160, 27156, 0, 6789, 0, 0, 6, 0, 0, 0, 29932459, 27159.211607, 27155.211723, 0.000000
9949, 6, 7.000223, 210003213, 1.000015, 26948, 26948, 26940, 0, 6735, 0, 0, 6, 0, 0, 0, 29731201, 26947.587702, 26939.587824, 0.000000
9949, 7, 8.000265, 210008819, 1.000042, 27168, 27168, 27172, 0, 6793, 0, 0, 0, 0, 0, 0, 29481209, 27166.859121, 27170.858953, 0.000000
