ThreadID, cIDX, Time, cycles, deltaT, RX, OnRX, TX, SupTX, OnTX, Idle, OnIdle, Blocked, CacheMiss, CacheHit, CacheWB, CPUIdle, RX/s, TX/s, Sup/s
11258, 0, 0, 0, 0, 0, 0, 0, 0, 0, 0, 0, 0, 0, 0, 0, 0, 0, 0, 0
11258, 0, 1.000015, 210003170, 1.000015, 26103, 26103, 26111, 0, 6812, 0, 0, 0, 0, 0, 0, 30819059, 26102.605975, 26110.605854, 0.000000
11258, 1, 2.000022, 210001529, 1.000007, 25993, 25993, 25982, 0, 6779, 0, 0, 0, 0, 0, 0, 30738716, 25992.810748, 25981.810828, 0.000000
11258, 2, 3.000088, 210013720, 1.000065, 25977, 25977, 25984, 0, 6778, 0, 0, 6, 0, 0, 0, 30899606, 25975.302947, 25982.302490, 0.000000
11258, 3, 4.000108, 210004281, 1.000020, 26074, 26074, 26068, 0, 6799, 0, 0, 7, 0, 0, 0, 30972154, 26073.468474, 26067.468596, 0.000000
11258, 4, 5.000207, 210020794, 1.000099, 26047, 26047, 26055, 0, 6798, 0, 0, 9, 0, 0, 0, 31355506, 26044.421106, 26052.420314, 0.000000
11258, 5, 6.000238, 210006396, 1.000030, 25909, 25909, 25902, 0, 6757, 0, 0, 0, 0, 0, 0, 31650879, 25908.210910, 25901.211123, 0.000000
11258, 6, 7.000239, 210000258, 1.000001, 26034, 26034, 26036, 0, 6791, 0, 0, 4, 0, 0, 0, 31450641, 26033.968015, 26035.968013, 0.000000
11258, 7, 8.000251, 210002460, 1.000012, 26024, 26024, 26020, 0, 6786, 0, 0, 0, 0, 0, 0, 31204443, 26023.695151, 26019.695198, 0.000000
