ThreadID, cIDX, Time, cycles, deltaT, RX, OnRX, TX, SupTX, OnTX, Idle, OnIdle, Blocked, CacheMiss, CacheHit, CacheWB, CPUIdle, RX/s, TX/s, Sup/s
9495, 0, 0, 0, 0, 0, 0, 0, 0, 0, 0, 0, 0, 0, 0, 0, 0, 0, 0, 0
9495, 0, 1.000004, 210000791, 1.000004, 30515, 30515, 30503, 0, 7908, 0, 0, 0, 0, 0, 0, 29846310, 30514.885061, 30502.885106, 0.000000
9495, 1, 2.000008, 210000858, 1.000004, 30594, 30594, 30613, 0, 7937, 0, 0, 4, 0, 0, 0, 29756071, 30593.875002, 30612.874925, 0.000000
9495, 2, 3.000013, 210001154, 1.000005, 30555, 30555, 30549, 0, 7919, 0, 0, 12, 0, 0, 0, 29967463, 30554.832094, 30548.832127, 0.000000
9495, 3, 4.000127, 210023790, 1.000113, 30450, 30450, 30450, 0, 7895, 0, 0, 5, 0, 0, 0, 29954688, 30446.550841, 30446.550841, 0.000000
9495, 4, 5.000128, 210000254, 1.000001, 30493, 30493, 30479, 0, 7904, 0, 0, 8, 0, 0, 0, 30193537, 30492.963118, 30478.963135, 0.000000
9495, 5, 6.000135, 210001569, 1.000007, 30600, 30600, 30605, 0, 7935, 0, 0, 4, 0, 0, 0, 30602632, 30599.771376, 30604.771339, 0.000000
9495, 6, 7.000147, 210002547, 1.000012, 30530, 30530, 30537, 0, 7915, 0, 0, 6, 0, 0, 0, 30378658, 30529.629719, 30536.629634, 0.000000
9495, 7, 8.000186, 210008093, 1.000039, 30430, 30430, 30430, 0, 7889, 0, 0, 0, 0, 0, 0, 30351411, 30428.827331, 30428.827331, 0.000000
