ThreadID, cIDX, Time, cycles, deltaT, RX, OnRX, TX, SupTX, OnTX, Idle, OnIdle, Blocked, CacheMiss, CacheHit, CacheWB, CPUIdle, RX/s, TX/s, Sup/s
1563, 0, 0, 0, 0, 0, 0, 0, 0, 0, 0, 0, 0, 0, 0, 0, 0, 0, 0, 0
1563, 0, 1.000035, 210007406, 1.000035, 27179, 27179, 27180, 0, 6795, 0, 0, 0, 0, 0, 0, 29771194, 27178.041521, 27179.041486, 0.000000
1563, 1, 2.000107, 210015165, 1.000072, 27176, 27176, 27176, 0, 6794, 0, 0, 4, 0, 0, 0, 29896329, 27174.037646, 27174.037646, 0.000000
1563, 2, 3.000172, 210013467, 1.000064, 27134, 27134, 27136, 0, 6784, 0, 0, 3, 0, 0, 0, 29939814, 27132.260047, 27134.259919, 0.000000
1563, 3, 4.000451, 210058655, 1.000279, 27149, 27149, 27152, 0, 6788, 0, 0, 1, 0, 0, 0, 30069695, 27141.419143, 27144.418305, 0.000000
1563, 4, 5.000475, 210005105, 1.000024, 27090, 27090, 27084, 0, 6771, 0, 0, 0, 0, 0, 0, 30290713, 27089.341471, 27083.341617, 0.000000
1563, 5, 6.000520, 210009413, 1.000045, 27112, 27112, 27112, 0, 6778, 0, 0, 0, 0, 0, 0, 30643382, 27110.784791, 27110.784791, 0.000000
1563, 6, 7.000709, 210039720, 1.000189, 27103, 27103, 27100, 0, 6775, 0, 0, 0, 0, 0, 0, 30231105, 27097.874631, 27094.875198, 0.000000
1563, 7, 8.000723, 210002906, 1.000014, 27105, 27105, 27108, 0, 6777, 0, 0, 0, 0, 0, 0, 30379812, 27104.624924, 27107.624882, 0.000000
