ThreadID, cIDX, Time, cycles, deltaT, RX, OnRX, TX, SupTX, OnTX, Idle, OnIdle, Blocked, CacheMiss, CacheHit, CacheWB, CPUIdle, RX/s, TX/s, Sup/s
11106, 0, 0, 0, 0, 0, 0, 0, 0, 0, 0, 0, 0, 0, 0, 0, 0, 0, 0, 0
11106, 0, 1.000001, 210000314, 1.000001, 31616, 31616, 31609, 0, 7903, 0, 0, 0, 0, 0, 0, 28932749, 31615.952727, 31608.952737, 0.000000
11106, 1, 2.000078, 210015965, 1.000076, 31730, 31730, 31731, 0, 7932, 0, 0, 3, 0, 0, 0, 28890693, 31727.587948, 31728.587872, 0.000000
11106, 2, 3.000093, 210003228, 1.000015, 31701, 31701, 31712, 0, 7928, 0, 0, 8, 0, 0, 0, 28995086, 31700.512718, 31711.512549, 0.000000
11106, 3, 4.000128, 210007410, 1.000035, 31584, 31584, 31592, 0, 7898, 0, 0, 5, 0, 0, 0, 29076309, 31582.885575, 31590.885293, 0.000000
11106, 4, 5.000155, 210005583, 1.000027, 31596, 31596, 31596, 0, 7899, 0, 0, 3, 0, 0, 0, 29364381, 31595.160020, 31595.160020, 0.000000
11106, 5, 6.000157, 210000396, 1.000002, 31691, 31691, 31676, 0, 7919, 0, 0, 5, 0, 0, 0, 29727144, 31690.940240, 31675.940268, 0.000000
11106, 6, 7.000241, 210017630, 1.000084, 31518, 31518, 31508, 0, 7877, 0, 0, 1, 0, 0, 0, 29687406, 31515.354211, 31505.355050, 0.000000
11106, 7, 8.000243, 210000466, 1.000002, 31596, 31596, 31607, 0, 7902, 0, 0, 0, 0, 0, 0, 29301751, 31595.929887, 31606.929863, 0.000000
