ThreadID, cIDX, Time, cycles, deltaT, RX, OnRX, TX, SupTX, OnTX, Idle, OnIdle, Blocked, CacheMiss, CacheHit, CacheWB, CPUIdle, RX/s, TX/s, Sup/s
8238, 0, 0, 0, 0, 0, 0, 0, 0, 0, 0, 0, 0, 0, 0, 0, 0, 0, 0, 0
8238, 0, 1.000369, 210077573, 1.000369, 27222, 27222, 27220, 0, 6805, 0, 0, 0, 0, 0, 0, 28258680, 27211.948036, 27209.948774, 0.000000
8238, 1, 2.000374, 210001026, 1.000005, 27138, 27138, 27137, 0, 6785, 0, 0, 3, 0, 0, 0, 28114283, 27137.867412, 27136.867417, 0.000000
8238, 2, 3.000405, 210006470, 1.000031, 27155, 27155, 27160, 0, 6790, 0, 0, 6, 0, 0, 0, 28053808, 27154.163393, 27159.163239, 0.000000
8238, 3, 4.000410, 210001057, 1.000005, 27183, 27183, 27179, 0, 6794, 0, 0, 5, 0, 0, 0, 28209818, 27182.863180, 27178.863200, 0.000000
8238, 4, 5.000419, 210001853, 1.000009, 27147, 27147, 27152, 0, 6788, 0, 0, 0, 0, 0, 0, 28541963, 27146.760462, 27151.760418, 0.000000
8238, 5, 6.000459, 210008491, 1.000040, 27103, 27103, 27097, 0, 6775, 0, 0, 0, 0, 0, 0, 28916432, 27101.904180, 27095.904422, 0.000000
8238, 6, 7.000552, 210019550, 1.000093, 27156, 27156, 27159, 0, 6789, 0, 0, 2, 0, 0, 0, 28628376, 27153.472141, 27156.471862, 0.000000
8238, 7, 8.000562, 210002081, 1.000010, 27210, 27210, 27212, 0, 6803, 0, 0, 1, 0, 0, 0, 28079721, 27209.730365, 27211.730345, 0.000000
