ThreadID, cIDX, Time, cycles, deltaT, RX, OnRX, TX, SupTX, OnTX, Idle, OnIdle, Blocked, CacheMiss, CacheHit, CacheWB, CPUIdle, RX/s, TX/s, Sup/s
9135, 0, 0, 0, 0, 0, 0, 0, 0, 0, 0, 0, 0, 0, 0, 0, 0, 0, 0, 0
9135, 0, 1.000008, 210001587, 1.000008, 27218, 27218, 27224, 0, 6806, 0, 0, 0, 0, 0, 0, 28220866, 27217.794311, 27223.794266, 0.000000
9135, 1, 2.000018, 210002259, 1.000011, 27119, 27119, 27116, 0, 6779, 0, 0, 0, 0, 0, 0, 28114654, 27118.708280, 27115.708312, 0.000000
9135, 2, 3.000074, 210011717, 1.000056, 27127, 27127, 27120, 0, 6780, 0, 0, 2, 0, 0, 0, 28293182, 27125.486527, 27118.486918, 0.000000
9135, 3, 4.000087, 210002605, 1.000012, 27216, 27216, 27215, 0, 6804, 0, 0, 2, 0, 0, 0, 28199922, 27215.662396, 27214.662409, 0.000000
9135, 4, 5.000088, 210000363, 1.000002, 27101, 27101, 27103, 0, 6776, 0, 0, 4, 0, 0, 0, 28808073, 27100.953154, 27102.953151, 0.000000
9135, 5, 6.000113, 210005275, 1.000025, 27080, 27080, 27082, 0, 6770, 0, 0, 0, 0, 0, 0, 28889275, 27079.319793, 27081.319743, 0.000000
9135, 6, 7.000119, 210001100, 1.000005, 27195, 27195, 27188, 0, 6797, 0, 0, 0, 0, 0, 0, 28690529, 27194.857551, 27187.857587, 0.000000
9135, 7, 8.000145, 210005580, 1.000027, 27118, 27118, 27124, 0, 6781, 0, 0, 0, 0, 0, 0, 28757294, 27117.279455, 27123.279296, 0.000000
