ThreadID, cIDX, Time, cycles, deltaT, RX, OnRX, TX, SupTX, OnTX, Idle, OnIdle, Blocked, CacheMiss, CacheHit, CacheWB, CPUIdle, RX/s, TX/s, Sup/s
8791, 0, 0, 0, 0, 0, 0, 0, 0, 0, 0, 0, 0, 0, 0, 0, 0, 0, 0, 0
8791, 0, 1.000017, 210003511, 1.000017, 31568, 31568, 31556, 0, 7889, 0, 0, 0, 0, 0, 0, 28487355, 31567.472222, 31555.472423, 0.000000
8791, 1, 2.000018, 210000289, 1.000001, 31682, 31682, 31692, 0, 7923, 0, 0, 6, 0, 0, 0, 28317676, 31681.956400, 31691.956386, 0.000000
8791, 2, 3.000198, 210037813, 1.000180, 31706, 31706, 31696, 0, 7924, 0, 0, 2, 0, 0, 0, 28426339, 31700.291985, 31690.293785, 0.000000
8791, 3, 4.000202, 210000826, 1.000004, 31685, 31685, 31705, 0, 7927, 0, 0, 9, 0, 0, 0, 28365347, 31684.875373, 31704.875294, 0.000000
8791, 4, 5.000431, 210048038, 1.000229, 31604, 31604, 31583, 0, 7895, 0, 0, 3, 0, 0, 0, 29164147, 31596.772163, 31575.776966, 0.000000
8791, 5, 6.000433, 210000365, 1.000002, 31648, 31648, 31670, 0, 7918, 0, 0, 0, 0, 0, 0, 29269319, 31647.944993, 31669.944955, 0.000000
8791, 6, 7.000579, 210030678, 1.000146, 31618, 31618, 31595, 0, 7899, 0, 0, 0, 0, 0, 0, 29289706, 31613.381737, 31590.385096, 0.000000
8791, 7, 8.000906, 210068736, 1.000327, 31611, 31611, 31607, 0, 7901, 0, 0, 0, 0, 0, 0, 28924032, 31600.656654, 31596.657962, 0.000000
