ThreadID, cIDX, Time, cycles, deltaT, RX, OnRX, TX, SupTX, OnTX, Idle, OnIdle, Blocked, CacheMiss, CacheHit, CacheWB, CPUIdle, RX/s, TX/s, Sup/s
10318, 0, 0, 0, 0, 0, 0, 0, 0, 0, 0, 0, 0, 0, 0, 0, 0, 0, 0, 0
10318, 0, 1.000036, 210007478, 1.000036, 27231, 27231, 27228, 0, 6807, 0, 0, 1, 663938, 182130781, 274312, 29077225, 27230.030352, 27227.030458, 0.000000
10318, 1, 2.000048, 210002576, 1.000012, 27191, 27191, 27188, 0, 6797, 0, 0, 3, 572598, 182117918, 230379, 29075568, 27190.666461, 27187.666498, 0.000000
10318, 2, 3.000096, 210010190, 1.000049, 27111, 27111, 27112, 0, 6778, 0, 0, 5, 558167, 182034148, 224226, 29184579, 27109.684535, 27110.684486, 0.000000
10318, 3, 4.000140, 210009248, 1.000044, 27048, 27048, 27052, 0, 6763, 0, 0, 3, 539056, 181986820, 214840, 29399696, 27046.808910, 27050.808734, 0.000000
10318, 4, 5.000156, 210003210, 1.000015, 27118, 27118, 27120, 0, 6780, 0, 0, 6, 534080, 181938332, 213132, 29535991, 27117.585488, 27119.585458, 0.000000
10318, 5, 6.000182, 210005464, 1.000026, 27141, 27141, 27144, 0, 6786, 0, 0, 4, 528536, 181698021, 212106, 29913391, 27140.293835, 27143.293757, 0.000000
10318, 6, 7.000299, 210024546, 1.000117, 26977, 26977, 26972, 0, 6743, 0, 0, 0, 520707, 181743269, 207487, 29877349, 26973.847143, 26968.847727, 0.000000
10318, 7, 8.000308, 210002044, 1.000010, 27136, 27136, 27140, 0, 6785, 0, 0, 0, 517025, 181856641, 205365, 29715236, 27135.735879, 27139.735840, 0.000000
