ThreadID, cIDX, Time, cycles, deltaT, RX, OnRX, TX, SupTX, OnTX, Idle, OnIdle, Blocked, CacheMiss, CacheHit, CacheWB, CPUIdle, RX/s, TX/s, Sup/s
824, 0, 0, 0, 0, 0, 0, 0, 0, 0, 0, 0, 0, 0, 0, 0, 0, 0, 0, 0
824, 0, 1.000008, 210001665, 1.000008, 30439, 30439, 30425, 0, 7889, 0, 0, 0, 0, 0, 0, 25767596, 30438.758664, 30424.758775, 0.000000
824, 1, 2.000019, 210002376, 1.000011, 30547, 30547, 30545, 0, 7917, 0, 0, 0, 0, 0, 0, 25889917, 30546.654386, 30544.654409, 0.000000
824, 2, 3.000024, 210001021, 1.000005, 30560, 30560, 30589, 0, 7932, 0, 0, 0, 0, 0, 0, 26148355, 30559.851421, 30588.851280, 0.000000
824, 3, 4.000068, 210009121, 1.000043, 30565, 30565, 30551, 0, 7921, 0, 0, 0, 0, 0, 0, 25999817, 30563.672518, 30549.673126, 0.000000
824, 4, 5.000109, 210008676, 1.000041, 30501, 30501, 30492, 0, 7906, 0, 0, 0, 0, 0, 0, 26389212, 30499.739925, 30490.740297, 0.000000
824, 5, 6.000112, 210000755, 1.000004, 30499, 30499, 30506, 0, 7910, 0, 0, 0, 0, 0, 0, 26686864, 30498.890349, 30505.890324, 0.000000
824, 6, 7.000522, 210086052, 1.000410, 30494, 30494, 30487, 0, 7903, 0, 0, 0, 0, 0, 0, 26586032, 30481.509548, 30474.512416, 0.000000
824, 7, 8.000534, 210002410, 1.000011, 30475, 30475, 30492, 0, 7907, 0, 0, 0, 0, 0, 0, 26262346, 30474.650267, 30491.650072, 0.000000
