ThreadID, cIDX, Time, cycles, deltaT, RX, OnRX, TX, SupTX, OnTX, Idle, OnIdle, Blocked, CacheMiss, CacheHit, CacheWB, CPUIdle, RX/s, TX/s, Sup/s
8200, 0, 0, 0, 0, 0, 0, 0, 0, 0, 0, 0, 0, 0, 0, 0, 0, 0, 0, 0
8200, 0, 1.000326, 210068403, 1.000326, 27142, 27142, 27136, 0, 6784, 0, 0, 0, 662420, 182141492, 271497, 31672038, 27133.161954, 27127.163908, 0.000000
8200, 1, 2.000391, 210013683, 1.000065, 27186, 27186, 27190, 0, 6798, 0, 0, 1, 581532, 182220880, 232808, 31565309, 27184.228753, 27188.228493, 0.000000
8200, 2, 3.000438, 210009998, 1.000048, 27112, 27112, 27114, 0, 6778, 0, 0, 2, 569117, 182197113, 228471, 31748105, 27110.709272, 27112.709177, 0.000000
8200, 3, 4.000445, 210001410, 1.000007, 27176, 27176, 27178, 0, 6795, 0, 0, 3, 551877, 182223690, 220090, 31558434, 27175.817534, 27177.817520, 0.000000
8200, 4, 5.000451, 210001298, 1.000006, 27111, 27111, 27115, 0, 6779, 0, 0, 1, 532031, 182013218, 209551, 31985681, 27110.832429, 27114.832405, 0.000000
8200, 5, 6.000480, 210006024, 1.000029, 27023, 27023, 27016, 0, 6754, 0, 0, 0, 526334, 181815206, 207549, 32308603, 27022.224848, 27015.225049, 0.000000
8200, 6, 7.000520, 210008385, 1.000040, 27183, 27183, 27187, 0, 6796, 0, 0, 3, 525808, 181897093, 207504, 32315657, 27181.914665, 27185.914505, 0.000000
8200, 7, 8.000567, 210009816, 1.000047, 27084, 27084, 27084, 0, 6771, 0, 0, 1, 526926, 182143456, 208034, 31761034, 27082.734076, 27082.734076, 0.000000
