ThreadID, cIDX, Time, cycles, deltaT, RX, OnRX, TX, SupTX, OnTX, Idle, OnIdle, Blocked, CacheMiss, CacheHit, CacheWB, CPUIdle, RX/s, TX/s, Sup/s
3048, 0, 0, 0, 0, 0, 0, 0, 0, 0, 0, 0, 0, 0, 0, 0, 0, 0, 0, 0
3048, 0, 1.000027, 210005609, 1.000027, 27153, 27153, 27152, 0, 6788, 0, 0, 0, 0, 0, 0, 28965672, 27152.274776, 27151.274802, 0.000000
3048, 1, 2.000032, 210001183, 1.000006, 27181, 27181, 27187, 0, 6797, 0, 0, 1, 0, 0, 0, 28837687, 27180.846881, 27186.846847, 0.000000
3048, 2, 3.000058, 210005346, 1.000025, 27113, 27113, 27117, 0, 6779, 0, 0, 4, 0, 0, 0, 29026898, 27112.309798, 27116.309696, 0.000000
3048, 3, 4.000084, 210005446, 1.000026, 27180, 27180, 27174, 0, 6794, 0, 0, 4, 0, 0, 0, 28962205, 27179.295150, 27173.295306, 0.000000
3048, 4, 5.000168, 210017694, 1.000084, 27103, 27103, 27103, 0, 6776, 0, 0, 10, 0, 0, 0, 29340515, 27100.716571, 27100.716571, 0.000000
3048, 5, 6.000200, 210006697, 1.000032, 27019, 27019, 27011, 0, 6752, 0, 0, 6, 0, 0, 0, 29694945, 27018.138379, 27010.138634, 0.000000
3048, 6, 7.000201, 210000223, 1.000001, 27185, 27185, 27196, 0, 6799, 0, 0, 7, 0, 0, 0, 29732407, 27184.971132, 27195.971120, 0.000000
3048, 7, 8.000242, 210008628, 1.000041, 27078, 27078, 27076, 0, 6769, 0, 0, 0, 0, 0, 0, 29133718, 27076.887527, 27074.887609, 0.000000
