ThreadID, cIDX, Time, cycles, deltaT, RX, OnRX, TX, SupTX, OnTX, Idle, OnIdle, Blocked, CacheMiss, CacheHit, CacheWB, CPUIdle, RX/s, TX/s, Sup/s
2456, 0, 0, 0, 0, 0, 0, 0, 0, 0, 0, 0, 0, 0, 0, 0, 0, 0, 0, 0
2456, 0, 1.000013, 210002691, 1.000013, 27141, 27141, 27137, 0, 6785, 0, 0, 0, 0, 0, 0, 29648578, 27140.652212, 27136.652263, 0.000000
2456, 1, 2.000016, 210000746, 1.000004, 27127, 27127, 27139, 0, 6784, 0, 0, 6, 0, 0, 0, 29601122, 27126.903635, 27138.903592, 0.000000
2456, 2, 3.000031, 210003005, 1.000014, 27154, 27154, 27144, 0, 6786, 0, 0, 0, 0, 0, 0, 29784913, 27153.611445, 27143.611588, 0.000000
2456, 3, 4.000046, 210003193, 1.000015, 27212, 27212, 27212, 0, 6803, 0, 0, 0, 0, 0, 0, 29924035, 27211.586254, 27211.586254, 0.000000
2456, 4, 5.000073, 210005592, 1.000027, 27185, 27185, 27181, 0, 6796, 0, 0, 2, 0, 0, 0, 30172450, 27184.276122, 27180.276228, 0.000000
2456, 5, 6.000075, 210000555, 1.000003, 27045, 27045, 27055, 0, 6763, 0, 0, 3, 0, 0, 0, 30540257, 27044.928524, 27054.928498, 0.000000
2456, 6, 7.000153, 210016296, 1.000078, 27110, 27110, 27108, 0, 6777, 0, 0, 0, 0, 0, 0, 30533947, 27107.896427, 27105.896582, 0.000000
2456, 7, 8.000238, 210017959, 1.000086, 27201, 27201, 27192, 0, 6798, 0, 0, 1, 0, 0, 0, 30326625, 27198.673995, 27189.674765, 0.000000
