ThreadID, cIDX, Time, cycles, deltaT, RX, OnRX, TX, SupTX, OnTX, Idle, OnIdle, Blocked, CacheMiss, CacheHit, CacheWB, CPUIdle, RX/s, TX/s, Sup/s
8318, 0, 0, 0, 0, 0, 0, 0, 0, 0, 0, 0, 0, 0, 0, 0, 0, 0, 0, 0
8318, 0, 1.000022, 210004613, 1.000022, 27225, 27225, 27224, 0, 6806, 0, 0, 0, 0, 0, 0, 31438626, 27224.401971, 27223.401993, 0.000000
8318, 1, 2.000033, 210002333, 1.000011, 27093, 27093, 27100, 0, 6775, 0, 0, 0, 0, 0, 0, 31238914, 27092.699013, 27099.698935, 0.000000
8318, 2, 3.000047, 210002974, 1.000014, 27148, 27148, 27133, 0, 6784, 0, 0, 3, 0, 0, 0, 31412083, 27147.615538, 27132.615750, 0.000000
8318, 3, 4.000049, 210000452, 1.000002, 27185, 27185, 27194, 0, 6798, 0, 0, 7, 0, 0, 0, 31502088, 27184.941488, 27193.941468, 0.000000
8318, 4, 5.000073, 210004935, 1.000023, 27161, 27161, 27162, 0, 6791, 0, 0, 3, 0, 0, 0, 31650526, 27160.361731, 27161.361708, 0.000000
8318, 5, 6.000176, 210021732, 1.000103, 27101, 27101, 27099, 0, 6774, 0, 0, 0, 0, 0, 0, 32097845, 27098.195724, 27096.195931, 0.000000
8318, 6, 7.000205, 210006085, 1.000029, 27149, 27149, 27152, 0, 6788, 0, 0, 3, 0, 0, 0, 31953998, 27148.213348, 27151.213261, 0.000000
8318, 7, 8.000226, 210004410, 1.000021, 27198, 27198, 27196, 0, 6799, 0, 0, 0, 0, 0, 0, 31781442, 27197.428854, 27195.428896, 0.000000
