ThreadID, cIDX, Time, cycles, deltaT, RX, OnRX, TX, SupTX, OnTX, Idle, OnIdle, Blocked, CacheMiss, CacheHit, CacheWB, CPUIdle, RX/s, TX/s, Sup/s
598, 0, 0, 0, 0, 0, 0, 0, 0, 0, 0, 0, 0, 0, 0, 0, 0, 0, 0, 0
598, 0, 1.000017, 210003607, 1.000017, 31536, 31536, 31530, 0, 7883, 0, 0, 2, 0, 0, 0, 26679095, 31535.458341, 31529.458444, 0.000000
598, 1, 2.000209, 210040289, 1.000192, 31720, 31720, 31738, 0, 7934, 0, 0, 1, 0, 0, 0, 26698995, 31713.915610, 31731.912157, 0.000000
598, 2, 3.000296, 210018198, 1.000087, 31725, 31725, 31696, 0, 7924, 0, 0, 0, 0, 0, 0, 26827262, 31722.251040, 31693.253553, 0.000000
598, 3, 4.000437, 210029586, 1.000141, 31633, 31633, 31640, 0, 7910, 0, 0, 0, 0, 0, 0, 26690449, 31628.543990, 31635.543004, 0.000000
598, 4, 5.000446, 210001966, 1.000009, 31632, 31632, 31636, 0, 7909, 0, 0, 1, 0, 0, 0, 27423453, 31631.703867, 31635.703830, 0.000000
598, 5, 6.000452, 210001319, 1.000006, 31668, 31668, 31667, 0, 7917, 0, 0, 0, 0, 0, 0, 27549793, 31667.801096, 31666.801102, 0.000000
598, 6, 7.000461, 210001862, 1.000009, 31568, 31568, 31585, 0, 7896, 0, 0, 1, 0, 0, 0, 27533962, 31567.720100, 31584.719949, 0.000000
598, 7, 8.000470, 210001826, 1.000009, 31589, 31589, 31576, 0, 7894, 0, 0, 0, 0, 0, 0, 27430795, 31588.725329, 31575.725442, 0.000000
