ThreadID, cIDX, Time, cycles, deltaT, RX, OnRX, TX, SupTX, OnTX, Idle, OnIdle, Blocked, CacheMiss, CacheHit, CacheWB, CPUIdle, RX/s, TX/s, Sup/s
11162, 0, 0, 0, 0, 0, 0, 0, 0, 0, 0, 0, 0, 0, 0, 0, 0, 0, 0, 0
11162, 0, 1.000238, 210050016, 1.000238, 27231, 27231, 27228, 0, 6807, 0, 0, 0, 0, 0, 0, 29845508, 27224.515898, 27221.516613, 0.000000
11162, 1, 2.000593, 210074460, 1.000355, 27120, 27120, 27128, 0, 6782, 0, 0, 6, 0, 0, 0, 29839708, 27110.387431, 27118.384596, 0.000000
11162, 2, 3.000598, 210001075, 1.000005, 27116, 27116, 27114, 0, 6779, 0, 0, 10, 0, 0, 0, 29935735, 27115.861193, 27113.861203, 0.000000
11162, 3, 4.000657, 210012464, 1.000059, 27221, 27221, 27215, 0, 6804, 0, 0, 3, 0, 0, 0, 29898416, 27219.384465, 27213.384821, 0.000000
11162, 4, 5.000708, 210010649, 1.000051, 27164, 27164, 27167, 0, 6791, 0, 0, 5, 0, 0, 0, 30219820, 27162.622596, 27165.622444, 0.000000
11162, 5, 6.000728, 210004154, 1.000020, 27048, 27048, 27048, 0, 6762, 0, 0, 3, 0, 0, 0, 30624938, 27047.464975, 27047.464975, 0.000000
11162, 6, 7.000757, 210006052, 1.000029, 27196, 27196, 27200, 0, 6800, 0, 0, 0, 0, 0, 0, 30459699, 27195.216260, 27199.216144, 0.000000
11162, 7, 8.000765, 210001861, 1.000009, 27105, 27105, 27101, 0, 6776, 0, 0, 0, 0, 0, 0, 30042964, 27104.759800, 27100.759836, 0.000000
