ThreadID, cIDX, Time, cycles, deltaT, RX, OnRX, TX, SupTX, OnTX, Idle, OnIdle, Blocked, CacheMiss, CacheHit, CacheWB, CPUIdle, RX/s, TX/s, Sup/s
232, 0, 0, 0, 0, 0, 0, 0, 0, 0, 0, 0, 0, 0, 0, 0, 0, 0, 0, 0
232, 0, 1.000055, 210011583, 1.000055, 30470, 30470, 30464, 0, 7898, 0, 0, 0, 0, 0, 0, 26779360, 30468.319455, 30462.319785, 0.000000
232, 1, 2.000122, 210014117, 1.000067, 30534, 30534, 30534, 0, 7916, 0, 0, 2, 0, 0, 0, 26712976, 30531.947526, 30531.947526, 0.000000
232, 2, 3.000142, 210004097, 1.000020, 30526, 30526, 30539, 0, 7919, 0, 0, 4, 0, 0, 0, 26927381, 30525.404464, 30538.404210, 0.000000
232, 3, 4.000190, 210010145, 1.000048, 30549, 30549, 30533, 0, 7916, 0, 0, 0, 0, 0, 0, 26883625, 30547.524264, 30531.525037, 0.000000
232, 4, 5.000193, 210000591, 1.000003, 30480, 30480, 30483, 0, 7904, 0, 0, 0, 0, 0, 0, 27015356, 30479.914221, 30482.914212, 0.000000
232, 5, 6.000403, 210044077, 1.000210, 30535, 30535, 30529, 0, 7915, 0, 0, 1, 0, 0, 0, 27555639, 30528.592339, 30522.593598, 0.000000
232, 6, 7.000443, 210008491, 1.000040, 30412, 30412, 30413, 0, 7886, 0, 0, 2, 0, 0, 0, 27418170, 30410.770391, 30411.770351, 0.000000
232, 7, 8.000575, 210027611, 1.000131, 30558, 30558, 30570, 0, 7925, 0, 0, 0, 0, 0, 0, 27303994, 30553.982733, 30565.981156, 0.000000
