ThreadID, cIDX, Time, cycles, deltaT, RX, OnRX, TX, SupTX, OnTX, Idle, OnIdle, Blocked, CacheMiss, CacheHit, CacheWB, CPUIdle, RX/s, TX/s, Sup/s
2084, 0, 0, 0, 0, 0, 0, 0, 0, 0, 0, 0, 0, 0, 0, 0, 0, 0, 0, 0
2084, 0, 1.000537, 210112833, 1.000537, 31580, 31580, 31567, 0, 7892, 0, 0, 6, 0, 0, 0, 28330053, 31563.041178, 31550.048159, 0.000000
2084, 1, 2.000562, 210005113, 1.000024, 31688, 31688, 31690, 0, 7923, 0, 0, 4, 0, 0, 0, 28120780, 31687.228491, 31689.228443, 0.000000
2084, 2, 3.000707, 210030470, 1.000145, 31625, 31625, 31639, 0, 7909, 0, 0, 6, 0, 0, 0, 28485943, 31620.412029, 31634.409998, 0.000000
2084, 3, 4.000721, 210003079, 1.000015, 31731, 31731, 31716, 0, 7929, 0, 0, 5, 0, 0, 0, 28664173, 31730.534770, 31715.534990, 0.000000
2084, 4, 5.000725, 210000815, 1.000004, 31636, 31636, 31656, 0, 7914, 0, 0, 6, 0, 0, 0, 28733539, 31635.877223, 31655.877145, 0.000000
2084, 5, 6.001214, 210102551, 1.000488, 31629, 31629, 31608, 0, 7902, 0, 0, 7, 0, 0, 0, 29276730, 31613.561893, 31592.572143, 0.000000
2084, 6, 7.001356, 210029908, 1.000142, 31695, 31695, 31720, 0, 7930, 0, 0, 6, 0, 0, 0, 29021416, 31690.486671, 31715.483111, 0.000000
2084, 7, 8.001360, 210000744, 1.000004, 31681, 31681, 31664, 0, 7916, 0, 0, 2, 0, 0, 0, 28838291, 31680.887759, 31663.887819, 0.000000
