ThreadID, cIDX, Time, cycles, deltaT, RX, OnRX, TX, SupTX, OnTX, Idle, OnIdle, Blocked, CacheMiss, CacheHit, CacheWB, CPUIdle, RX/s, TX/s, Sup/s
10081, 0, 0, 0, 0, 0, 0, 0, 0, 0, 0, 0, 0, 0, 0, 0, 0, 0, 0, 0
10081, 0, 1.000017, 210003586, 1.000017, 31642, 31642, 31636, 0, 7909, 0, 0, 0, 0, 0, 0, 28876819, 31641.459684, 31635.459787, 0.000000
10081, 1, 2.000074, 210011900, 1.000057, 31627, 31627, 31628, 0, 7907, 0, 0, 12, 0, 0, 0, 29090011, 31625.207905, 31626.207848, 0.000000
10081, 2, 3.000173, 210020939, 1.000100, 31659, 31659, 31661, 0, 7916, 0, 0, 12, 0, 0, 0, 29202349, 31655.843611, 31657.843412, 0.000000
10081, 3, 4.000189, 210003195, 1.000015, 31664, 31664, 31657, 0, 7914, 0, 0, 12, 0, 0, 0, 29348941, 31663.518262, 31656.518369, 0.000000
10081, 4, 5.000210, 210004411, 1.000021, 31692, 31692, 31696, 0, 7924, 0, 0, 15, 0, 0, 0, 29526170, 31691.334331, 31695.334247, 0.000000
10081, 5, 6.000262, 210010894, 1.000052, 31585, 31585, 31602, 0, 7900, 0, 0, 5, 0, 0, 0, 29860961, 31583.361576, 31600.360694, 0.000000
10081, 6, 7.000664, 210084553, 1.000403, 31569, 31569, 31540, 0, 7885, 0, 0, 0, 0, 0, 0, 29732577, 31556.294384, 31527.306056, 0.000000
10081, 7, 8.000781, 210024434, 1.000116, 31759, 31759, 31776, 0, 7944, 0, 0, 0, 0, 0, 0, 29560569, 31755.305195, 31772.303217, 0.000000
