ThreadID, cIDX, Time, cycles, deltaT, RX, OnRX, TX, SupTX, OnTX, Idle, OnIdle, Blocked, CacheMiss, CacheHit, CacheWB, CPUIdle, RX/s, TX/s, Sup/s
8705, 0, 0, 0, 0, 0, 0, 0, 0, 0, 0, 0, 0, 0, 0, 0, 0, 0, 0, 0
8705, 0, 1.000185, 210038940, 1.000185, 31613, 31613, 31601, 0, 7901, 0, 0, 3, 645838, 182417120, 259494, 31139572, 31607.139133, 31595.141358, 0.000000
8705, 1, 2.000218, 210006787, 1.000032, 31721, 31721, 31721, 0, 7930, 0, 0, 8, 566545, 182483754, 217924, 31150033, 31719.974841, 31719.974841, 0.000000
8705, 2, 3.000221, 210000598, 1.000003, 31688, 31688, 31710, 0, 7927, 0, 0, 8, 550463, 182446559, 210319, 31248665, 31687.909765, 31709.909702, 0.000000
8705, 3, 4.000225, 210000940, 1.000004, 31687, 31687, 31687, 0, 7922, 0, 0, 8, 542059, 182480255, 207384, 31190506, 31686.858164, 31686.858164, 0.000000
8705, 4, 5.000580, 210074552, 1.000355, 31679, 31679, 31657, 0, 7914, 0, 0, 2, 530963, 182192240, 203106, 31783147, 31667.757644, 31645.765452, 0.000000
8705, 5, 6.000608, 210005922, 1.000028, 31581, 31581, 31587, 0, 7897, 0, 0, 0, 529312, 182113572, 202614, 31797543, 31580.109441, 31586.109272, 0.000000
8705, 6, 7.000615, 210001355, 1.000006, 31716, 31716, 31718, 0, 7930, 0, 0, 0, 526998, 182097099, 200488, 31897278, 31715.795358, 31717.795345, 0.000000
8705, 7, 8.000620, 210001150, 1.000005, 31660, 31660, 31678, 0, 7919, 0, 0, 2, 524721, 182193377, 198215, 31791756, 31659.826625, 31677.826526, 0.000000
