ThreadID, cIDX, Time, cycles, deltaT, RX, OnRX, TX, SupTX, OnTX, Idle, OnIdle, Blocked, CacheMiss, CacheHit, CacheWB, CPUIdle, RX/s, TX/s, Sup/s
2283, 0, 0, 0, 0, 0, 0, 0, 0, 0, 0, 0, 0, 0, 0, 0, 0, 0, 0, 0
2283, 0, 1.000023, 210004791, 1.000023, 27271, 27271, 27269, 0, 6818, 0, 0, 2, 0, 0, 0, 28895330, 27270.377846, 27268.377891, 0.000000
2283, 1, 2.000709, 210144144, 1.000686, 27170, 27170, 27172, 0, 6793, 0, 0, 3, 0, 0, 0, 28843635, 27151.363304, 27153.361932, 0.000000
2283, 2, 3.000770, 210012774, 1.000061, 27140, 27140, 27139, 0, 6784, 0, 0, 3, 0, 0, 0, 29202533, 27138.349213, 27137.349274, 0.000000
2283, 3, 4.000812, 210008846, 1.000042, 27069, 27069, 27068, 0, 6767, 0, 0, 5, 0, 0, 0, 29344525, 27067.859799, 27066.859841, 0.000000
2283, 4, 5.000816, 210000804, 1.000004, 27143, 27143, 27143, 0, 6786, 0, 0, 4, 0, 0, 0, 29403578, 27142.896081, 27142.896081, 0.000000
2283, 5, 6.000874, 210012095, 1.000058, 27195, 27195, 27205, 0, 6801, 0, 0, 2, 0, 0, 0, 29877094, 27193.433788, 27203.433212, 0.000000
2283, 6, 7.000902, 210005910, 1.000028, 27159, 27159, 27152, 0, 6788, 0, 0, 3, 0, 0, 0, 29685195, 27158.235690, 27151.235887, 0.000000
2283, 7, 8.000920, 210003805, 1.000018, 27100, 27100, 27100, 0, 6775, 0, 0, 4, 0, 0, 0, 29450740, 27099.508983, 27099.508983, 0.000000
