ThreadID, cIDX, Time, cycles, deltaT, RX, OnRX, TX, SupTX, OnTX, Idle, OnIdle, Blocked, CacheMiss, CacheHit, CacheWB, CPUIdle, RX/s, TX/s, Sup/s
1702, 0, 0, 0, 0, 0, 0, 0, 0, 0, 0, 0, 0, 0, 0, 0, 0, 0, 0, 0
1702, 0, 1.000055, 210011648, 1.000055, 31555, 31555, 31540, 0, 7885, 0, 0, 0, 0, 0, 0, 28325165, 31553.249846, 31538.250678, 0.000000
1702, 1, 2.000060, 210000963, 1.000005, 31688, 31688, 31704, 0, 7926, 0, 0, 6, 0, 0, 0, 28329785, 31687.854689, 31703.854615, 0.000000
1702, 2, 3.000113, 210011024, 1.000052, 31699, 31699, 31688, 0, 7922, 0, 0, 0, 0, 0, 0, 28453161, 31697.336041, 31686.336618, 0.000000
1702, 3, 4.000130, 210003724, 1.000018, 31695, 31695, 31704, 0, 7926, 0, 0, 6, 0, 0, 0, 28576025, 31694.437952, 31703.437792, 0.000000
1702, 4, 5.000183, 210011144, 1.000053, 31702, 31702, 31704, 0, 7926, 0, 0, 0, 0, 0, 0, 28830512, 31700.317770, 31702.317664, 0.000000
1702, 5, 6.000195, 210002402, 1.000011, 31525, 31525, 31536, 0, 7884, 0, 0, 0, 0, 0, 0, 29020809, 31524.639418, 31535.639292, 0.000000
1702, 6, 7.000197, 210000467, 1.000002, 31707, 31707, 31704, 0, 7926, 0, 0, 0, 0, 0, 0, 28907650, 31706.929490, 31703.929496, 0.000000
1702, 7, 8.000228, 210006448, 1.000031, 31665, 31665, 31665, 0, 7917, 0, 0, 0, 0, 0, 0, 28962004, 31664.027764, 31664.027764, 0.000000
