ThreadID, cIDX, Time, cycles, deltaT, RX, OnRX, TX, SupTX, OnTX, Idle, OnIdle, Blocked, CacheMiss, CacheHit, CacheWB, CPUIdle, RX/s, TX/s, Sup/s
9929, 0, 0, 0, 0, 0, 0, 0, 0, 0, 0, 0, 0, 0, 0, 0, 0, 0, 0, 0
9929, 0, 1.000019, 210003965, 1.000019, 27171, 27171, 27172, 0, 6793, 0, 0, 0, 653291, 182136996, 270644, 28998907, 27170.486995, 27171.486976, 0.000000
9929, 1, 2.000070, 210010683, 1.000051, 27187, 27187, 27180, 0, 6795, 0, 0, 5, 564276, 182157852, 231897, 29055110, 27185.617029, 27178.617385, 0.000000
9929, 2, 3.000098, 210005991, 1.000029, 27167, 27167, 27172, 0, 6793, 0, 0, 5, 541175, 182092129, 219085, 29120686, 27166.224986, 27171.224844, 0.000000
9929, 3, 4.000113, 210003195, 1.000015, 27057, 27057, 27060, 0, 6765, 0, 0, 5, 525386, 182038319, 211007, 29227665, 27056.588353, 27059.588308, 0.000000
9929, 4, 5.000117, 210000668, 1.000003, 27113, 27113, 27107, 0, 6777, 0, 0, 0, 516977, 181887591, 206077, 29624213, 27112.913755, 27106.913774, 0.000000
9929, 5, 6.000144, 210005695, 1.000027, 27181, 27181, 27173, 0, 6793, 0, 0, 6, 508183, 181696077, 202452, 29912563, 27180.262897, 27172.263114, 0.000000
9929, 6, 7.000158, 210003001, 1.000014, 27154, 27154, 27172, 0, 6793, 0, 0, 8, 510662, 181834521, 202133, 29747688, 27153.611962, 27171.611705, 0.000000
9929, 7, 8.000163, 210000934, 1.000004, 27055, 27055, 27051, 0, 6763, 0, 0, 0, 510968, 181948613, 203215, 29502790, 27054.879670, 27050.879688, 0.000000
