ThreadID, cIDX, Time, cycles, deltaT, RX, OnRX, TX, SupTX, OnTX, Idle, OnIdle, Blocked, CacheMiss, CacheHit, CacheWB, CPUIdle, RX/s, TX/s, Sup/s
9469, 0, 0, 0, 0, 0, 0, 0, 0, 0, 0, 0, 0, 0, 0, 0, 0, 0, 0, 0
9469, 0, 1.000003, 210000583, 1.000003, 27245, 27245, 27254, 0, 6814, 0, 0, 0, 0, 0, 0, 31003025, 27244.924363, 27253.924338, 0.000000
9469, 1, 2.000037, 210007083, 1.000034, 27151, 27151, 27143, 0, 6786, 0, 0, 8, 0, 0, 0, 30852310, 27150.084266, 27142.084536, 0.000000
9469, 2, 3.000058, 210004422, 1.000021, 27142, 27142, 27147, 0, 6786, 0, 0, 9, 0, 0, 0, 30962226, 27141.428479, 27146.428374, 0.000000
9469, 3, 4.000061, 210000742, 1.000004, 27186, 27186, 27180, 0, 6795, 0, 0, 5, 0, 0, 0, 30964300, 27185.903943, 27179.903964, 0.000000
9469, 4, 5.000070, 210001812, 1.000009, 27081, 27081, 27084, 0, 6771, 0, 0, 12, 0, 0, 0, 31138853, 27080.766332, 27083.766306, 0.000000
9469, 5, 6.000103, 210006998, 1.000033, 27038, 27038, 27036, 0, 6759, 0, 0, 5, 0, 0, 0, 31680217, 27037.099021, 27035.099088, 0.000000
9469, 6, 7.000157, 210011298, 1.000054, 27167, 27167, 27168, 0, 6792, 0, 0, 9, 0, 0, 0, 31375812, 27165.538494, 27166.538440, 0.000000
9469, 7, 8.000234, 210016139, 1.000077, 27053, 27053, 27048, 0, 6762, 0, 0, 1, 0, 0, 0, 31401691, 27050.921072, 27045.921457, 0.000000
