ThreadID, cIDX, Time, cycles, deltaT, RX, OnRX, TX, SupTX, OnTX, Idle, OnIdle, Blocked, CacheMiss, CacheHit, CacheWB, CPUIdle, RX/s, TX/s, Sup/s
11069, 0, 0, 0, 0, 0, 0, 0, 0, 0, 0, 0, 0, 0, 0, 0, 0, 0, 0, 0
11069, 0, 1.000019, 210004003, 1.000019, 27197, 27197, 27188, 0, 6797, 0, 0, 0, 0, 0, 0, 28313569, 27196.481583, 27187.481755, 0.000000
11069, 1, 2.000522, 210105715, 1.000503, 27167, 27167, 27180, 0, 6795, 0, 0, 4, 0, 0, 0, 28289330, 27153.330884, 27166.324343, 0.000000
11069, 2, 3.000627, 210021865, 1.000104, 27160, 27160, 27164, 0, 6791, 0, 0, 4, 0, 0, 0, 28388705, 27157.172421, 27161.172005, 0.000000
11069, 3, 4.000655, 210005893, 1.000028, 27154, 27154, 27146, 0, 6787, 0, 0, 4, 0, 0, 0, 28382367, 27153.238028, 27145.238253, 0.000000
11069, 4, 5.000675, 210004197, 1.000020, 27140, 27140, 27142, 0, 6785, 0, 0, 1, 0, 0, 0, 28767640, 27139.457599, 27141.457559, 0.000000
11069, 5, 6.000684, 210002009, 1.000010, 27152, 27152, 27148, 0, 6787, 0, 0, 0, 0, 0, 0, 29064839, 27151.740248, 27147.740287, 0.000000
11069, 6, 7.000723, 210008152, 1.000039, 27153, 27153, 27153, 0, 6789, 0, 0, 0, 0, 0, 0, 28933169, 27151.945987, 27151.945987, 0.000000
11069, 7, 8.000892, 210035552, 1.000169, 27138, 27138, 27131, 0, 6782, 0, 0, 0, 0, 0, 0, 28721257, 27133.406443, 27126.407628, 0.000000
