ThreadID, cIDX, Time, cycles, deltaT, RX, OnRX, TX, SupTX, OnTX, Idle, OnIdle, Blocked, CacheMiss, CacheHit, CacheWB, CPUIdle, RX/s, TX/s, Sup/s
381, 0, 0, 0, 0, 0, 0, 0, 0, 0, 0, 0, 0, 0, 0, 0, 0, 0, 0, 0
381, 0, 1.000032, 210006795, 1.000032, 27282, 27282, 27288, 0, 6822, 0, 0, 0, 0, 0, 0, 28639465, 27281.117261, 27287.117067, 0.000000
381, 1, 2.000085, 210011148, 1.000053, 27119, 27119, 27112, 0, 6778, 0, 0, 0, 0, 0, 0, 28667007, 27117.560445, 27110.560817, 0.000000
381, 2, 3.000137, 210010892, 1.000052, 27080, 27080, 27076, 0, 6769, 0, 0, 0, 0, 0, 0, 28918632, 27078.595524, 27074.595731, 0.000000
381, 3, 4.000194, 210011820, 1.000056, 27227, 27227, 27236, 0, 6809, 0, 0, 1, 0, 0, 0, 28632566, 27225.467595, 27234.467089, 0.000000
381, 4, 5.000270, 210016144, 1.000077, 27121, 27121, 27120, 0, 6780, 0, 0, 0, 0, 0, 0, 29202187, 27118.915201, 27117.915278, 0.000000
381, 5, 6.000293, 210004698, 1.000022, 27085, 27085, 27084, 0, 6771, 0, 0, 1, 0, 0, 0, 29278983, 27084.394083, 27083.394106, 0.000000
381, 6, 7.000334, 210008738, 1.000042, 27203, 27203, 27208, 0, 6802, 0, 0, 0, 0, 0, 0, 29445450, 27201.868143, 27206.867935, 0.000000
381, 7, 8.000404, 210014700, 1.000070, 27086, 27086, 27080, 0, 6770, 0, 0, 2, 0, 0, 0, 29071599, 27084.104113, 27078.104533, 0.000000
