ThreadID, cIDX, Time, cycles, deltaT, RX, OnRX, TX, SupTX, OnTX, Idle, OnIdle, Blocked, CacheMiss, CacheHit, CacheWB, CPUIdle, RX/s, TX/s, Sup/s
9585, 0, 0, 0, 0, 0, 0, 0, 0, 0, 0, 0, 0, 0, 0, 0, 0, 0, 0, 0
9585, 0, 1.000056, 210011686, 1.000056, 31677, 31677, 31668, 0, 7917, 0, 0, 0, 0, 0, 0, 30868641, 31675.237348, 31666.237849, 0.000000
9585, 1, 2.000343, 210060398, 1.000288, 31678, 31678, 31692, 0, 7923, 0, 0, 10, 0, 0, 0, 30773939, 31668.891725, 31682.887700, 0.000000
9585, 2, 3.000505, 210033969, 1.000162, 31656, 31656, 31650, 0, 7913, 0, 0, 12, 0, 0, 0, 30940737, 31650.880244, 31644.881214, 0.000000
9585, 3, 4.000535, 210006204, 1.000030, 31726, 31726, 31726, 0, 7931, 0, 0, 15, 0, 0, 0, 31048253, 31725.062751, 31725.062751, 0.000000
9585, 4, 5.000539, 210000857, 1.000004, 31613, 31613, 31609, 0, 7903, 0, 0, 10, 0, 0, 0, 31219166, 31612.870989, 31608.871006, 0.000000
9585, 5, 6.000556, 210003710, 1.000018, 31614, 31614, 31619, 0, 7904, 0, 0, 4, 0, 0, 0, 31760683, 31613.441496, 31618.441408, 0.000000
9585, 6, 7.000634, 210016386, 1.000078, 31710, 31710, 31696, 0, 7924, 0, 0, 1, 0, 0, 0, 31553811, 31707.525907, 31693.526999, 0.000000
9585, 7, 8.001295, 210138813, 1.000661, 31685, 31685, 31684, 0, 7921, 0, 0, 0, 0, 0, 0, 31492667, 31664.069598, 31663.070258, 0.000000
