ThreadID, cIDX, Time, cycles, deltaT, RX, OnRX, TX, SupTX, OnTX, Idle, OnIdle, Blocked, CacheMiss, CacheHit, CacheWB, CPUIdle, RX/s, TX/s, Sup/s
1839, 0, 0, 0, 0, 0, 0, 0, 0, 0, 0, 0, 0, 0, 0, 0, 0, 0, 0, 0
1839, 0, 1.000077, 210016169, 1.000077, 27217, 27217, 27213, 0, 6804, 0, 0, 1, 0, 0, 0, 28212260, 27214.904582, 27210.904890, 0.000000
1839, 1, 2.000144, 210013998, 1.000067, 27130, 27130, 27131, 0, 6782, 0, 0, 2, 0, 0, 0, 28281207, 27128.191712, 27129.191646, 0.000000
1839, 2, 3.000191, 210009977, 1.000048, 27153, 27153, 27156, 0, 6789, 0, 0, 0, 0, 0, 0, 28406711, 27151.710035, 27154.709893, 0.000000
1839, 3, 4.000194, 210000682, 1.000003, 27186, 27186, 27188, 0, 6797, 0, 0, 2, 0, 0, 0, 28550818, 27185.911711, 27187.911704, 0.000000
1839, 4, 5.000239, 210009444, 1.000045, 27091, 27091, 27088, 0, 6772, 0, 0, 0, 0, 0, 0, 28801821, 27089.781734, 27086.781869, 0.000000
1839, 5, 6.000268, 210005981, 1.000028, 27067, 27067, 27068, 0, 6767, 0, 0, 0, 0, 0, 0, 29263952, 27066.229128, 27067.229100, 0.000000
1839, 6, 7.000413, 210030375, 1.000145, 27130, 27130, 27132, 0, 6783, 0, 0, 0, 0, 0, 0, 29055436, 27126.076407, 27128.076118, 0.000000
1839, 7, 8.000518, 210022168, 1.000106, 27074, 27074, 27072, 0, 6768, 0, 0, 0, 0, 0, 0, 28670892, 27071.142319, 27069.142530, 0.000000
