ThreadID, cIDX, Time, cycles, deltaT, RX, OnRX, TX, SupTX, OnTX, Idle, OnIdle, Blocked, CacheMiss, CacheHit, CacheWB, CPUIdle, RX/s, TX/s, Sup/s
10387, 0, 0, 0, 0, 0, 0, 0, 0, 0, 0, 0, 0, 0, 0, 0, 0, 0, 0, 0
10387, 0, 1.000057, 210011919, 1.000057, 31630, 31630, 31632, 0, 7908, 0, 0, 1, 0, 0, 0, 29587270, 31628.204873, 31630.204760, 0.000000
10387, 1, 2.000104, 210009953, 1.000047, 31646, 31646, 31640, 0, 7910, 0, 0, 9, 0, 0, 0, 29813565, 31644.500201, 31638.500486, 0.000000
10387, 2, 3.000515, 210086335, 1.000411, 31612, 31612, 31628, 0, 7907, 0, 0, 9, 0, 0, 0, 29971811, 31599.009045, 31615.002470, 0.000000
10387, 3, 4.000691, 210036960, 1.000176, 31740, 31740, 31717, 0, 7930, 0, 0, 8, 0, 0, 0, 30034141, 31734.414743, 31711.418790, 0.000000
10387, 4, 5.000693, 210000318, 1.000002, 31679, 31679, 31694, 0, 7923, 0, 0, 6, 0, 0, 0, 29916102, 31678.952029, 31693.952006, 0.000000
10387, 5, 6.000695, 210000466, 1.000002, 31609, 31609, 31594, 0, 7899, 0, 0, 3, 0, 0, 0, 30504989, 31608.929858, 31593.929892, 0.000000
10387, 6, 7.000704, 210001816, 1.000009, 31601, 31601, 31615, 0, 7903, 0, 0, 0, 0, 0, 0, 30606743, 31600.726729, 31614.726608, 0.000000
10387, 7, 8.000709, 210001223, 1.000006, 31739, 31739, 31733, 0, 7934, 0, 0, 0, 0, 0, 0, 30309865, 31738.815159, 31732.815194, 0.000000
