ThreadID, cIDX, Time, cycles, deltaT, RX, OnRX, TX, SupTX, OnTX, Idle, OnIdle, Blocked, CacheMiss, CacheHit, CacheWB, CPUIdle, RX/s, TX/s, Sup/s
518, 0, 0, 0, 0, 0, 0, 0, 0, 0, 0, 0, 0, 0, 0, 0, 0, 0, 0, 0
518, 0, 1.000075, 210015771, 1.000075, 30434, 30434, 30420, 0, 7887, 0, 0, 0, 694205, 183277284, 288506, 29969267, 30431.714578, 30417.715630, 0.000000
518, 1, 2.000095, 210004130, 1.000020, 30564, 30564, 30588, 0, 7930, 0, 0, 0, 622749, 183342865, 256213, 29951747, 30563.398920, 30587.398448, 0.000000
518, 2, 3.000190, 210019953, 1.000095, 30567, 30567, 30541, 0, 7919, 0, 0, 0, 599823, 183315302, 246160, 30105848, 30564.095974, 30538.098444, 0.000000
518, 3, 4.000215, 210005309, 1.000025, 30533, 30533, 30564, 0, 7923, 0, 0, 0, 596189, 183337908, 243409, 30051247, 30532.228116, 30563.227333, 0.000000
518, 4, 5.000252, 210007675, 1.000037, 30498, 30498, 30492, 0, 7907, 0, 0, 0, 589003, 183017462, 241174, 30560318, 30496.885411, 30490.885631, 0.000000
518, 5, 6.000252, 210000179, 1.000001, 30518, 30518, 30515, 0, 7912, 0, 0, 0, 578298, 182927233, 234710, 30792793, 30517.973987, 30514.973990, 0.000000
518, 6, 7.000370, 210024671, 1.000117, 30457, 30457, 30440, 0, 7890, 0, 0, 0, 576274, 183002245, 233827, 30689595, 30453.422303, 30436.424300, 0.000000
518, 7, 8.000393, 210004938, 1.000024, 30478, 30478, 30492, 0, 7905, 0, 0, 0, 571776, 183002904, 231077, 30676981, 30477.283348, 30491.283019, 0.000000
