ThreadID, cIDX, Time, cycles, deltaT, RX, OnRX, TX, SupTX, OnTX, Idle, OnIdle, Blocked, CacheMiss, CacheHit, CacheWB, CPUIdle, RX/s, TX/s, Sup/s
494, 0, 0, 0, 0, 0, 0, 0, 0, 0, 0, 0, 0, 0, 0, 0, 0, 0, 0, 0
494, 0, 1.000088, 210018444, 1.000088, 27283, 27283, 27284, 0, 6821, 0, 0, 0, 0, 0, 0, 26777394, 27280.603984, 27281.603896, 0.000000
494, 1, 2.000100, 210002545, 1.000012, 27111, 27111, 27116, 0, 6779, 0, 0, 1, 0, 0, 0, 26837726, 27110.671444, 27115.671384, 0.000000
494, 2, 3.000155, 210011552, 1.000055, 27118, 27118, 27116, 0, 6779, 0, 0, 0, 0, 0, 0, 27022798, 27116.508334, 27114.508444, 0.000000
494, 3, 4.000158, 210000662, 1.000003, 27201, 27201, 27203, 0, 6801, 0, 0, 0, 0, 0, 0, 26868816, 27200.914252, 27202.914246, 0.000000
494, 4, 5.000171, 210002703, 1.000013, 27094, 27094, 27089, 0, 6772, 0, 0, 0, 0, 0, 0, 27409368, 27093.651266, 27088.651330, 0.000000
494, 5, 6.000179, 210001749, 1.000008, 27095, 27095, 27100, 0, 6775, 0, 0, 1, 0, 0, 0, 27514273, 27094.774339, 27099.774298, 0.000000
494, 6, 7.000191, 210002536, 1.000012, 27201, 27201, 27196, 0, 6799, 0, 0, 1, 0, 0, 0, 27569692, 27200.671520, 27195.671580, 0.000000
494, 7, 8.000227, 210007466, 1.000036, 27087, 27087, 27084, 0, 6771, 0, 0, 0, 0, 0, 0, 27529163, 27086.037027, 27083.037134, 0.000000
