ThreadID, cIDX, Time, cycles, deltaT, RX, OnRX, TX, SupTX, OnTX, Idle, OnIdle, Blocked, CacheMiss, CacheHit, CacheWB, CPUIdle, RX/s, TX/s, Sup/s
9919, 0, 0, 0, 0, 0, 0, 0, 0, 0, 0, 0, 0, 0, 0, 0, 0, 0, 0, 0
9919, 0, 1.000020, 210004096, 1.000020, 27195, 27195, 27192, 0, 6798, 0, 0, 0, 0, 0, 0, 28089016, 27194.469578, 27191.469637, 0.000000
9919, 1, 2.000039, 210004002, 1.000019, 27134, 27134, 27144, 0, 6786, 0, 0, 11, 0, 0, 0, 28221881, 27133.482913, 27143.482723, 0.000000
9919, 2, 3.000041, 210000535, 1.000003, 27177, 27177, 27168, 0, 6792, 0, 0, 5, 0, 0, 0, 28288833, 27176.930764, 27167.930786, 0.000000
9919, 3, 4.000085, 210009297, 1.000044, 27185, 27185, 27192, 0, 6798, 0, 0, 12, 0, 0, 0, 28405484, 27183.796534, 27190.796225, 0.000000
9919, 4, 5.000091, 210001280, 1.000006, 27092, 27092, 27087, 0, 6772, 0, 0, 1, 0, 0, 0, 28707111, 27091.834869, 27086.834899, 0.000000
9919, 5, 6.000161, 210014699, 1.000070, 27026, 27026, 27025, 0, 6756, 0, 0, 6, 0, 0, 0, 29139601, 27024.108441, 27023.108511, 0.000000
9919, 6, 7.000163, 210000409, 1.000002, 27159, 27159, 27158, 0, 6790, 0, 0, 0, 0, 0, 0, 28890289, 27158.947105, 27157.947107, 0.000000
9919, 7, 8.000315, 210031846, 1.000152, 27072, 27072, 27062, 0, 6765, 0, 0, 0, 0, 0, 0, 28749728, 27067.895218, 27057.896734, 0.000000
