ThreadID, cIDX, Time, cycles, deltaT, RX, OnRX, TX, SupTX, OnTX, Idle, OnIdle, Blocked, CacheMiss, CacheHit, CacheWB, CPUIdle, RX/s, TX/s, Sup/s
9726, 0, 0, 0, 0, 0, 0, 0, 0, 0, 0, 0, 0, 0, 0, 0, 0, 0, 0, 0
9726, 0, 1.000002, 210000475, 1.000002, 27219, 27219, 27220, 0, 6805, 0, 0, 0, 0, 0, 0, 30921578, 27218.938433, 27219.938431, 0.000000
9726, 1, 2.000033, 210006442, 1.000031, 27139, 27139, 27144, 0, 6786, 0, 0, 0, 0, 0, 0, 30914947, 27138.167504, 27143.167351, 0.000000
9726, 2, 3.000075, 210008926, 1.000043, 27166, 27166, 27156, 0, 6789, 0, 0, 2, 0, 0, 0, 31012417, 27164.845365, 27154.845790, 0.000000
9726, 3, 4.000147, 210015074, 1.000072, 27183, 27183, 27196, 0, 6799, 0, 0, 8, 0, 0, 0, 31132402, 27181.048918, 27194.047985, 0.000000
9726, 4, 5.000351, 210042890, 1.000204, 27089, 27089, 27080, 0, 6770, 0, 0, 2, 0, 0, 0, 31355369, 27083.468524, 27074.470362, 0.000000
9726, 5, 6.000364, 210002573, 1.000012, 27046, 27046, 27045, 0, 6762, 0, 0, 5, 0, 0, 0, 31691555, 27045.668626, 27044.668638, 0.000000
9726, 6, 7.000438, 210015563, 1.000074, 27174, 27174, 27175, 0, 6793, 0, 0, 6, 0, 0, 0, 31371016, 27171.986297, 27172.986223, 0.000000
9726, 7, 8.000474, 210007534, 1.000036, 27038, 27038, 27036, 0, 6759, 0, 0, 0, 0, 0, 0, 31282518, 27037.030014, 27035.030086, 0.000000
