ThreadID, cIDX, Time, cycles, deltaT, RX, OnRX, TX, SupTX, OnTX, Idle, OnIdle, Blocked, CacheMiss, CacheHit, CacheWB, CPUIdle, RX/s, TX/s, Sup/s
2088, 0, 0, 0, 0, 0, 0, 0, 0, 0, 0, 0, 0, 0, 0, 0, 0, 0, 0, 0
2088, 0, 1.000454, 210095414, 1.000454, 27159, 27159, 27164, 0, 6791, 0, 0, 6, 0, 0, 0, 28319830, 27146.665848, 27151.663577, 0.000000
2088, 1, 2.000536, 210017172, 1.000082, 27148, 27148, 27146, 0, 6787, 0, 0, 6, 0, 0, 0, 28129901, 27145.780251, 27143.780414, 0.000000
2088, 2, 3.000542, 210001234, 1.000006, 27155, 27155, 27152, 0, 6788, 0, 0, 8, 0, 0, 0, 28485030, 27154.840433, 27151.840451, 0.000000
2088, 3, 4.000597, 210011525, 1.000055, 27138, 27138, 27146, 0, 6786, 0, 0, 11, 0, 0, 0, 28655591, 27136.510722, 27144.510283, 0.000000
2088, 4, 5.000621, 210005103, 1.000024, 27188, 27188, 27188, 0, 6797, 0, 0, 5, 0, 0, 0, 28739126, 27187.339348, 27187.339348, 0.000000
2088, 5, 6.000659, 210007913, 1.000038, 27050, 27050, 27040, 0, 6760, 0, 0, 8, 0, 0, 0, 29267540, 27048.980769, 27038.981145, 0.000000
2088, 6, 7.000759, 210021093, 1.000100, 27208, 27208, 27208, 0, 6802, 0, 0, 3, 0, 0, 0, 29013872, 27205.267425, 27205.267425, 0.000000
2088, 7, 8.000851, 210019334, 1.000092, 27113, 27113, 27113, 0, 6779, 0, 0, 1, 0, 0, 0, 28846235, 27110.504026, 27110.504026, 0.000000
