ThreadID, cIDX, Time, cycles, deltaT, RX, OnRX, TX, SupTX, OnTX, Idle, OnIdle, Blocked, CacheMiss, CacheHit, CacheWB, CPUIdle, RX/s, TX/s, Sup/s
1930, 0, 0, 0, 0, 0, 0, 0, 0, 0, 0, 0, 0, 0, 0, 0, 0, 0, 0, 0
1930, 0, 1.000009, 210001898, 1.000009, 27218, 27218, 27217, 0, 6805, 0, 0, 0, 640811, 182072507, 263084, 31736227, 27217.754003, 27216.754012, 0.000000
1930, 1, 2.000022, 210002635, 1.000013, 27192, 27192, 27191, 0, 6797, 0, 0, 3, 573525, 182165694, 230695, 31611868, 27191.658809, 27190.658822, 0.000000
1930, 2, 3.000043, 210004447, 1.000021, 27136, 27136, 27136, 0, 6784, 0, 0, 2, 561771, 182037041, 225076, 31854898, 27135.425375, 27135.425375, 0.000000
1930, 3, 4.000079, 210007671, 1.000037, 27071, 27071, 27076, 0, 6769, 0, 0, 3, 541588, 182001001, 214341, 31980751, 27070.011171, 27075.010989, 0.000000
1930, 4, 5.000163, 210017524, 1.000083, 27107, 27107, 27100, 0, 6775, 0, 0, 0, 525373, 181890981, 205657, 32262550, 27104.738174, 27097.738758, 0.000000
1930, 5, 6.000210, 210009886, 1.000047, 27211, 27211, 27208, 0, 6802, 0, 0, 4, 511858, 181677319, 200877, 32606803, 27209.719070, 27206.719211, 0.000000
1930, 6, 7.000234, 210005161, 1.000025, 27153, 27153, 27164, 0, 6791, 0, 0, 1, 512729, 181776014, 201531, 32429591, 27152.332699, 27163.332429, 0.000000
1930, 7, 8.000305, 210014800, 1.000070, 27048, 27048, 27052, 0, 6763, 0, 0, 0, 513502, 181872978, 201201, 32370999, 27046.093894, 27050.093612, 0.000000
