ThreadID, cIDX, Time, cycles, deltaT, RX, OnRX, TX, SupTX, OnTX, Idle, OnIdle, Blocked, CacheMiss, CacheHit, CacheWB, CPUIdle, RX/s, TX/s, Sup/s
10425, 0, 0, 0, 0, 0, 0, 0, 0, 0, 0, 0, 0, 0, 0, 0, 0, 0, 0, 0
10425, 0, 1.000018, 210003764, 1.000018, 27173, 27173, 27173, 0, 6794, 0, 0, 0, 0, 0, 0, 28071147, 27172.512965, 27172.512965, 0.000000
10425, 1, 2.000027, 210001913, 1.000009, 27138, 27138, 27139, 0, 6784, 0, 0, 4, 0, 0, 0, 28417108, 27137.752788, 27138.752779, 0.000000
10425, 2, 3.000053, 210005395, 1.000026, 27165, 27165, 27161, 0, 6791, 0, 0, 2, 0, 0, 0, 28327584, 27164.302136, 27160.302239, 0.000000
10425, 3, 4.000078, 210005215, 1.000025, 27102, 27102, 27103, 0, 6775, 0, 0, 7, 0, 0, 0, 28502949, 27101.326984, 27102.326959, 0.000000
10425, 4, 5.000183, 210022108, 1.000105, 27191, 27191, 27192, 0, 6798, 0, 0, 6, 0, 0, 0, 28630177, 27188.137736, 27189.137631, 0.000000
10425, 5, 6.000188, 210001072, 1.000005, 27070, 27070, 27068, 0, 6767, 0, 0, 1, 0, 0, 0, 29178509, 27069.861815, 27067.861825, 0.000000
10425, 6, 7.000198, 210002196, 1.000010, 27139, 27139, 27144, 0, 6786, 0, 0, 1, 0, 0, 0, 29156920, 27138.716207, 27143.716154, 0.000000
10425, 7, 8.000204, 210001117, 1.000005, 27156, 27156, 27162, 0, 6791, 0, 0, 0, 0, 0, 0, 28793310, 27155.855557, 27161.855525, 0.000000
