ThreadID, cIDX, Time, cycles, deltaT, RX, OnRX, TX, SupTX, OnTX, Idle, OnIdle, Blocked, CacheMiss, CacheHit, CacheWB, CPUIdle, RX/s, TX/s, Sup/s
10541, 0, 0, 0, 0, 0, 0, 0, 0, 0, 0, 0, 0, 0, 0, 0, 0, 0, 0, 0
10541, 0, 1.000016, 210003315, 1.000016, 27215, 27215, 27212, 0, 6803, 0, 0, 0, 0, 0, 0, 28268783, 27214.570399, 27211.570446, 0.000000
10541, 1, 2.000047, 210006587, 1.000031, 27195, 27195, 27204, 0, 6801, 0, 0, 4, 0, 0, 0, 28360628, 27194.147010, 27203.146728, 0.000000
10541, 2, 3.000726, 210142656, 1.000679, 27122, 27122, 27120, 0, 6780, 0, 0, 2, 0, 0, 0, 28276203, 27103.588145, 27101.589503, 0.000000
10541, 3, 4.000744, 210003665, 1.000017, 27155, 27155, 27153, 0, 6789, 0, 0, 0, 0, 0, 0, 28552399, 27154.526089, 27152.526124, 0.000000
10541, 4, 5.000790, 210009697, 1.000046, 27138, 27138, 27135, 0, 6783, 0, 0, 6, 0, 0, 0, 28777826, 27136.746928, 27133.747067, 0.000000
10541, 5, 6.000885, 210019876, 1.000095, 27079, 27079, 27088, 0, 6772, 0, 0, 0, 0, 0, 0, 29313902, 27076.437280, 27085.436428, 0.000000
10541, 6, 7.000932, 210009951, 1.000047, 27112, 27112, 27100, 0, 6775, 0, 0, 0, 0, 0, 0, 29221232, 27110.715339, 27098.715908, 0.000000
10541, 7, 8.000940, 210001594, 1.000008, 27113, 27113, 27113, 0, 6779, 0, 0, 0, 0, 0, 0, 28899244, 27112.794201, 27112.794201, 0.000000
