ThreadID, cIDX, Time, cycles, deltaT, RX, OnRX, TX, SupTX, OnTX, Idle, OnIdle, Blocked, CacheMiss, CacheHit, CacheWB, CPUIdle, RX/s, TX/s, Sup/s
10419, 0, 0, 0, 0, 0, 0, 0, 0, 0, 0, 0, 0, 0, 0, 0, 0, 0, 0, 0
10419, 0, 1.000051, 210010798, 1.000051, 31609, 31609, 31612, 0, 7903, 0, 0, 1, 0, 0, 0, 28075170, 31607.374779, 31610.374625, 0.000000
10419, 1, 2.000565, 210107895, 1.000514, 31643, 31643, 31640, 0, 7910, 0, 0, 8, 0, 0, 0, 28520456, 31626.750627, 31623.752168, 0.000000
10419, 2, 3.000833, 210056213, 1.000268, 31629, 31629, 31621, 0, 7906, 0, 0, 13, 0, 0, 0, 28362469, 31620.535785, 31612.537926, 0.000000
10419, 3, 4.000865, 210006659, 1.000032, 31733, 31733, 31744, 0, 7936, 0, 0, 12, 0, 0, 0, 28484704, 31731.993794, 31742.993445, 0.000000
10419, 4, 5.001264, 210083961, 1.000400, 31702, 31702, 31685, 0, 7921, 0, 0, 3, 0, 0, 0, 28571156, 31689.330153, 31672.336947, 0.000000
10419, 5, 6.001265, 210000158, 1.000001, 31601, 31601, 31606, 0, 7901, 0, 0, 3, 0, 0, 0, 29153140, 31600.976224, 31605.976220, 0.000000
10419, 6, 7.001688, 210088816, 1.000423, 31615, 31615, 31608, 0, 7902, 0, 0, 0, 0, 0, 0, 29164322, 31601.634615, 31594.637575, 0.000000
10419, 7, 8.001691, 210000519, 1.000002, 31736, 31736, 31738, 0, 7935, 0, 0, 0, 0, 0, 0, 28789277, 31735.921567, 31737.921562, 0.000000
