ThreadID, cIDX, Time, cycles, deltaT, RX, OnRX, TX, SupTX, OnTX, Idle, OnIdle, Blocked, CacheMiss, CacheHit, CacheWB, CPUIdle, RX/s, TX/s, Sup/s
2800, 0, 0, 0, 0, 0, 0, 0, 0, 0, 0, 0, 0, 0, 0, 0, 0, 0, 0, 0
2800, 0, 1.000001, 210000204, 1.000001, 30612, 30612, 30621, 0, 7938, 0, 0, 0, 0, 0, 0, 30831513, 30611.970263, 30620.970254, 0.000000
2800, 1, 2.000017, 210003384, 1.000016, 30550, 30550, 30541, 0, 7919, 0, 0, 0, 0, 0, 0, 30658589, 30549.507717, 30540.507862, 0.000000
2800, 2, 3.000023, 210001149, 1.000005, 30555, 30555, 30554, 0, 7923, 0, 0, 3, 0, 0, 0, 30801426, 30554.832821, 30553.832827, 0.000000
2800, 3, 4.000255, 210048758, 1.000232, 30543, 30543, 30552, 0, 7919, 0, 0, 9, 0, 0, 0, 30905547, 30535.910143, 30544.908054, 0.000000
2800, 4, 5.000875, 210130178, 1.000620, 30523, 30523, 30502, 0, 7908, 0, 0, 2, 0, 0, 0, 31163177, 30504.090659, 30483.103669, 0.000000
2800, 5, 6.000882, 210001624, 1.000008, 30473, 30473, 30486, 0, 7904, 0, 0, 0, 0, 0, 0, 31686579, 30472.764344, 30485.764243, 0.000000
2800, 6, 7.000911, 210006033, 1.000029, 30458, 30458, 30465, 0, 7899, 0, 0, 1, 0, 0, 0, 31527439, 30457.125010, 30464.124809, 0.000000
2800, 7, 8.000927, 210003415, 1.000016, 30493, 30493, 30492, 0, 7905, 0, 0, 0, 0, 0, 0, 31385653, 30492.504134, 30491.504150, 0.000000
