ThreadID, cIDX, Time, cycles, deltaT, RX, OnRX, TX, SupTX, OnTX, Idle, OnIdle, Blocked, CacheMiss, CacheHit, CacheWB, CPUIdle, RX/s, TX/s, Sup/s
2138, 0, 0, 0, 0, 0, 0, 0, 0, 0, 0, 0, 0, 0, 0, 0, 0, 0, 0, 0
2138, 0, 1.000017, 210003587, 1.000017, 27255, 27255, 27252, 0, 6813, 0, 0, 6, 0, 0, 0, 29066026, 27254.534467, 27251.534518, 0.000000
2138, 1, 2.000561, 210114196, 1.000544, 27144, 27144, 27141, 0, 6786, 0, 0, 12, 0, 0, 0, 29055052, 27129.247374, 27126.249004, 0.000000
2138, 2, 3.000642, 210016936, 1.000081, 27158, 27158, 27167, 0, 6791, 0, 0, 3, 0, 0, 0, 29286625, 27155.809949, 27164.809223, 0.000000
2138, 3, 4.000642, 210000179, 1.000001, 27087, 27087, 27091, 0, 6773, 0, 0, 10, 0, 0, 0, 29481821, 27086.976912, 27090.976908, 0.000000
2138, 4, 5.000732, 210018734, 1.000089, 27136, 27136, 27137, 0, 6784, 0, 0, 4, 0, 0, 0, 29625004, 27133.579426, 27134.579337, 0.000000
2138, 5, 6.000787, 210011681, 1.000056, 27174, 27174, 27160, 0, 6790, 0, 0, 3, 0, 0, 0, 30153773, 27172.488563, 27158.489341, 0.000000
2138, 6, 7.000821, 210007154, 1.000034, 27154, 27154, 27172, 0, 6793, 0, 0, 2, 0, 0, 0, 29842422, 27153.074985, 27171.074372, 0.000000
2138, 7, 8.000862, 210008629, 1.000041, 27128, 27128, 27116, 0, 6779, 0, 0, 4, 0, 0, 0, 29611812, 27126.885343, 27114.885836, 0.000000
