ThreadID, cIDX, Time, cycles, deltaT, RX, OnRX, TX, SupTX, OnTX, Idle, OnIdle, Blocked, CacheMiss, CacheHit, CacheWB, CPUIdle, RX/s, TX/s, Sup/s
1663, 0, 0, 0, 0, 0, 0, 0, 0, 0, 0, 0, 0, 0, 0, 0, 0, 0, 0, 0
1663, 0, 1.000026, 210005495, 1.000026, 27199, 27199, 27196, 0, 6799, 0, 0, 0, 0, 0, 0, 30812239, 27198.288311, 27195.288390, 0.000000
1663, 1, 2.000036, 210001966, 1.000009, 27139, 27139, 27144, 0, 6786, 0, 0, 0, 0, 0, 0, 30926135, 27138.745930, 27143.745883, 0.000000
1663, 2, 3.000039, 210000828, 1.000004, 27171, 27171, 27165, 0, 6792, 0, 0, 0, 0, 0, 0, 30953963, 27170.892869, 27164.892893, 0.000000
1663, 3, 4.000087, 210009881, 1.000047, 27190, 27190, 27191, 0, 6797, 0, 0, 9, 0, 0, 0, 31190858, 27188.720706, 27189.720659, 0.000000
1663, 4, 5.000107, 210004400, 1.000021, 27086, 27086, 27092, 0, 6773, 0, 0, 2, 0, 0, 0, 31276527, 27085.432496, 27091.432370, 0.000000
1663, 5, 6.000169, 210012931, 1.000062, 27042, 27042, 27036, 0, 6759, 0, 0, 0, 0, 0, 0, 31602490, 27040.334959, 27034.335329, 0.000000
1663, 6, 7.000316, 210030896, 1.000147, 27184, 27184, 27184, 0, 6796, 0, 0, 1, 0, 0, 0, 31490125, 27180.001175, 27180.001175, 0.000000
1663, 7, 8.000348, 210006706, 1.000032, 27036, 27036, 27033, 0, 6759, 0, 0, 1, 0, 0, 0, 31415672, 27035.136678, 27032.136774, 0.000000
