ThreadID, cIDX, Time, cycles, deltaT, RX, OnRX, TX, SupTX, OnTX, Idle, OnIdle, Blocked, CacheMiss, CacheHit, CacheWB, CPUIdle, RX/s, TX/s, Sup/s
9174, 0, 0, 0, 0, 0, 0, 0, 0, 0, 0, 0, 0, 0, 0, 0, 0, 0, 0, 0
9174, 0, 1.000193, 210040459, 1.000193, 31576, 31576, 31588, 0, 7897, 0, 0, 0, 0, 0, 0, 29045057, 31569.917680, 31581.915368, 0.000000
9174, 1, 2.000213, 210004314, 1.000021, 31722, 31722, 31723, 0, 7931, 0, 0, 0, 0, 0, 0, 28937769, 31721.348353, 31722.348332, 0.000000
9174, 2, 3.000318, 210021966, 1.000105, 31684, 31684, 31681, 0, 7920, 0, 0, 8, 0, 0, 0, 29159418, 31680.686200, 31677.686514, 0.000000
9174, 3, 4.000777, 210096438, 1.000459, 31611, 31611, 31588, 0, 7897, 0, 0, 0, 0, 0, 0, 29065285, 31596.489989, 31573.500546, 0.000000
9174, 4, 5.001244, 210098019, 1.000467, 31675, 31675, 31676, 0, 7919, 0, 0, 0, 0, 0, 0, 29612513, 31660.222365, 31661.221899, 0.000000
9174, 5, 6.001338, 210019859, 1.000095, 31705, 31705, 31700, 0, 7925, 0, 0, 0, 0, 0, 0, 29684333, 31702.002047, 31697.002520, 0.000000
9174, 6, 7.001350, 210002440, 1.000012, 31633, 31633, 31653, 0, 7914, 0, 0, 0, 0, 0, 0, 29732567, 31632.632459, 31652.632227, 0.000000
9174, 7, 8.001391, 210008676, 1.000041, 31569, 31569, 31579, 0, 7894, 0, 0, 0, 0, 0, 0, 29544138, 31567.695803, 31577.695390, 0.000000
