ThreadID, cIDX, Time, cycles, deltaT, RX, OnRX, TX, SupTX, OnTX, Idle, OnIdle, Blocked, CacheMiss, CacheHit, CacheWB, CPUIdle, RX/s, TX/s, Sup/s
877, 0, 0, 0, 0, 0, 0, 0, 0, 0, 0, 0, 0, 0, 0, 0, 0, 0, 0, 0
877, 0, 1.000017, 210003535, 1.000017, 27257, 27257, 27260, 0, 6815, 0, 0, 0, 0, 0, 0, 26493737, 27256.541182, 27259.541131, 0.000000
877, 1, 2.000075, 210012139, 1.000058, 27095, 27095, 27092, 0, 6773, 0, 0, 0, 0, 0, 0, 26677129, 27093.433871, 27090.434044, 0.000000
877, 2, 3.000080, 210001187, 1.000006, 27114, 27114, 27117, 0, 6780, 0, 0, 0, 0, 0, 0, 26865339, 27113.846742, 27116.846725, 0.000000
877, 3, 4.000083, 210000653, 1.000003, 27150, 27150, 27147, 0, 6786, 0, 0, 0, 0, 0, 0, 26775240, 27149.915577, 27146.915586, 0.000000
877, 4, 5.000097, 210002952, 1.000014, 27137, 27137, 27136, 0, 6784, 0, 0, 0, 0, 0, 0, 27118870, 27136.618537, 27135.618551, 0.000000
877, 5, 6.000259, 210033833, 1.000161, 27072, 27072, 27072, 0, 6768, 0, 0, 0, 0, 0, 0, 27450739, 27067.639146, 27067.639146, 0.000000
877, 6, 7.000270, 210002353, 1.000011, 27080, 27080, 27085, 0, 6772, 0, 0, 0, 0, 0, 0, 27491040, 27079.696578, 27084.696522, 0.000000
877, 7, 8.000379, 210022980, 1.000109, 27183, 27183, 27171, 0, 6792, 0, 0, 0, 0, 0, 0, 27226252, 27180.025729, 27168.027042, 0.000000
