ThreadID, cIDX, Time, cycles, deltaT, RX, OnRX, TX, SupTX, OnTX, Idle, OnIdle, Blocked, CacheMiss, CacheHit, CacheWB, CPUIdle, RX/s, TX/s, Sup/s
11189, 0, 0, 0, 0, 0, 0, 0, 0, 0, 0, 0, 0, 0, 0, 0, 0, 0, 0, 0
11189, 0, 1.000415, 210087208, 1.000415, 31480, 31480, 31488, 0, 7872, 0, 0, 0, 0, 0, 0, 28326097, 31466.932532, 31474.929211, 0.000000
11189, 1, 2.000478, 210013220, 1.000063, 31678, 31678, 31657, 0, 7915, 0, 0, 6, 0, 0, 0, 28252426, 31676.005920, 31655.007242, 0.000000
11189, 2, 3.000482, 210000739, 1.000004, 31692, 31692, 31696, 0, 7924, 0, 0, 9, 0, 0, 0, 28367014, 31691.888475, 31695.888461, 0.000000
11189, 3, 4.000491, 210001997, 1.000010, 31614, 31614, 31607, 0, 7901, 0, 0, 9, 0, 0, 0, 28469979, 31613.699369, 31606.699435, 0.000000
11189, 4, 5.000585, 210019767, 1.000094, 31681, 31681, 31683, 0, 7921, 0, 0, 9, 0, 0, 0, 28728518, 31678.018193, 31680.018005, 0.000000
11189, 5, 6.000711, 210026438, 1.000126, 31609, 31609, 31629, 0, 7907, 0, 0, 2, 0, 0, 0, 29059146, 31605.021078, 31625.018561, 0.000000
11189, 6, 7.000725, 210002950, 1.000014, 31562, 31562, 31553, 0, 7889, 0, 0, 0, 0, 0, 0, 28934810, 31561.556635, 31552.556762, 0.000000
11189, 7, 8.000735, 210001985, 1.000009, 31702, 31702, 31704, 0, 7926, 0, 0, 0, 0, 0, 0, 28578170, 31701.700343, 31703.700325, 0.000000
