ThreadID, cIDX, Time, cycles, deltaT, RX, OnRX, TX, SupTX, OnTX, Idle, OnIdle, Blocked, CacheMiss, CacheHit, CacheWB, CPUIdle, RX/s, TX/s, Sup/s
2071, 0, 0, 0, 0, 0, 0, 0, 0, 0, 0, 0, 0, 0, 0, 0, 0, 0, 0, 0
2071, 0, 1.000002, 210000420, 1.000002, 31610, 31610, 31600, 0, 7900, 0, 0, 2, 0, 0, 0, 29705346, 31609.936780, 31599.936800, 0.000000
2071, 1, 2.000040, 210007900, 1.000038, 31646, 31646, 31660, 0, 7915, 0, 0, 5, 0, 0, 0, 29671733, 31644.809552, 31658.809026, 0.000000
2071, 2, 3.000051, 210002417, 1.000012, 31692, 31692, 31696, 0, 7924, 0, 0, 8, 0, 0, 0, 29959225, 31691.635244, 31695.635198, 0.000000
2071, 3, 4.000092, 210008630, 1.000041, 31736, 31736, 31716, 0, 7929, 0, 0, 9, 0, 0, 0, 30188334, 31734.695855, 31714.696677, 0.000000
2071, 4, 5.000100, 210001540, 1.000007, 31714, 31714, 31717, 0, 7930, 0, 0, 12, 0, 0, 0, 30270193, 31713.767432, 31716.767410, 0.000000
2071, 5, 6.000205, 210022187, 1.000106, 31536, 31536, 31555, 0, 7888, 0, 0, 8, 0, 0, 0, 30717878, 31532.668498, 31551.666491, 0.000000
2071, 6, 7.000225, 210004053, 1.000019, 31718, 31718, 31696, 0, 7924, 0, 0, 3, 0, 0, 0, 30482617, 31717.387854, 31695.388279, 0.000000
2071, 7, 8.000244, 210004038, 1.000019, 31617, 31617, 31617, 0, 7905, 0, 0, 5, 0, 0, 0, 30401530, 31616.392062, 31616.392062, 0.000000
