ThreadID, cIDX, Time, cycles, deltaT, RX, OnRX, TX, SupTX, OnTX, Idle, OnIdle, Blocked, CacheMiss, CacheHit, CacheWB, CPUIdle, RX/s, TX/s, Sup/s
552, 0, 0, 0, 0, 0, 0, 0, 0, 0, 0, 0, 0, 0, 0, 0, 0, 0, 0, 0
552, 0, 1.000009, 210001979, 1.000009, 30441, 30441, 30437, 0, 7891, 0, 0, 0, 0, 0, 0, 25863036, 30440.713133, 30436.713170, 0.000000
552, 1, 2.000034, 210005113, 1.000024, 30572, 30572, 30574, 0, 7926, 0, 0, 0, 0, 0, 0, 25897930, 30571.255663, 30573.255614, 0.000000
552, 2, 3.000104, 210014849, 1.000071, 30556, 30556, 30550, 0, 7922, 0, 0, 0, 0, 0, 0, 25846083, 30553.839553, 30547.839977, 0.000000
552, 3, 4.000114, 210001931, 1.000009, 30499, 30499, 30504, 0, 7909, 0, 0, 0, 0, 0, 0, 25931887, 30498.719557, 30503.719511, 0.000000
552, 4, 5.000217, 210021625, 1.000103, 30472, 30472, 30459, 0, 7897, 0, 0, 0, 0, 0, 0, 26576555, 30468.862433, 30455.863771, 0.000000
552, 5, 6.000221, 210000840, 1.000004, 30557, 30557, 30573, 0, 7927, 0, 0, 0, 0, 0, 0, 26624202, 30556.877772, 30572.877708, 0.000000
552, 6, 7.000267, 210009660, 1.000046, 30401, 30401, 30392, 0, 7880, 0, 0, 0, 0, 0, 0, 26629889, 30399.601618, 30390.602032, 0.000000
552, 7, 8.000274, 210001571, 1.000007, 30507, 30507, 30530, 0, 7915, 0, 0, 0, 0, 0, 0, 26683581, 30506.771780, 30529.771608, 0.000000
