ThreadID, cIDX, Time, cycles, deltaT, RX, OnRX, TX, SupTX, OnTX, Idle, OnIdle, Blocked, CacheMiss, CacheHit, CacheWB, CPUIdle, RX/s, TX/s, Sup/s
10686, 0, 0, 0, 0, 0, 0, 0, 0, 0, 0, 0, 0, 0, 0, 0, 0, 0, 0, 0
10686, 0, 1.000027, 210005600, 1.000027, 27240, 27240, 27236, 0, 6809, 0, 0, 1, 0, 0, 0, 28264902, 27239.273619, 27235.273726, 0.000000
10686, 1, 2.000044, 210003552, 1.000017, 27148, 27148, 27156, 0, 6789, 0, 0, 3, 0, 0, 0, 28316141, 27147.540819, 27155.540683, 0.000000
10686, 2, 3.000085, 210008659, 1.000041, 27148, 27148, 27137, 0, 6785, 0, 0, 6, 0, 0, 0, 28432397, 27146.880644, 27135.881097, 0.000000
10686, 3, 4.000129, 210009351, 1.000045, 27155, 27155, 27156, 0, 6789, 0, 0, 4, 0, 0, 0, 28651868, 27153.790880, 27154.790836, 0.000000
10686, 4, 5.000141, 210002512, 1.000012, 27124, 27124, 27132, 0, 6783, 0, 0, 7, 0, 0, 0, 28793569, 27123.675549, 27131.675453, 0.000000
10686, 5, 6.000162, 210004328, 1.000021, 27057, 27057, 27061, 0, 6765, 0, 0, 4, 0, 0, 0, 29384343, 27056.442380, 27060.442297, 0.000000
10686, 6, 7.000179, 210003588, 1.000017, 27107, 27107, 27106, 0, 6776, 0, 0, 0, 0, 0, 0, 29108710, 27106.536865, 27105.536883, 0.000000
10686, 7, 8.000204, 210005350, 1.000025, 27106, 27106, 27108, 0, 6777, 0, 0, 0, 0, 0, 0, 28951626, 27105.309460, 27107.309409, 0.000000
