ThreadID, cIDX, Time, cycles, deltaT, RX, OnRX, TX, SupTX, OnTX, Idle, OnIdle, Blocked, CacheMiss, CacheHit, CacheWB, CPUIdle, RX/s, TX/s, Sup/s
1030, 0, 0, 0, 0, 0, 0, 0, 0, 0, 0, 0, 0, 0, 0, 0, 0, 0, 0, 0
1030, 0, 1.000340, 210071407, 1.000340, 30521, 30521, 30517, 0, 7915, 0, 0, 5, 657371, 182087370, 270986, 31722514, 30510.625370, 30506.626730, 0.000000
1030, 1, 2.000365, 210005252, 1.000025, 30561, 30561, 30577, 0, 7925, 0, 0, 4, 569608, 182143535, 228662, 31670365, 30560.235703, 30576.235303, 0.000000
1030, 2, 3.000386, 210004307, 1.000021, 30576, 30576, 30562, 0, 7924, 0, 0, 10, 541329, 182051366, 215546, 31864401, 30575.372914, 30561.373201, 0.000000
1030, 3, 4.000390, 210000877, 1.000004, 30454, 30454, 30449, 0, 7893, 0, 0, 10, 534110, 182137635, 210618, 31757006, 30453.872819, 30448.872840, 0.000000
1030, 4, 5.000394, 210000976, 1.000005, 30522, 30522, 30534, 0, 7916, 0, 0, 7, 524000, 181916191, 206926, 32122893, 30521.858146, 30533.858090, 0.000000
1030, 5, 6.000399, 210000911, 1.000004, 30559, 30559, 30551, 0, 7920, 0, 0, 4, 517303, 181855330, 203054, 32286802, 30558.867433, 30550.867467, 0.000000
1030, 6, 7.000420, 210004370, 1.000021, 30561, 30561, 30562, 0, 7923, 0, 0, 1, 510444, 181905584, 198325, 32240751, 30560.364053, 30561.364033, 0.000000
1030, 7, 8.000433, 210002908, 1.000014, 30485, 30485, 30495, 0, 7908, 0, 0, 1, 509847, 181845626, 198503, 32365623, 30484.577861, 30494.577723, 0.000000
