ThreadID, cIDX, Time, cycles, deltaT, RX, OnRX, TX, SupTX, OnTX, Idle, OnIdle, Blocked, CacheMiss, CacheHit, CacheWB, CPUIdle, RX/s, TX/s, Sup/s
9439, 0, 0, 0, 0, 0, 0, 0, 0, 0, 0, 0, 0, 0, 0, 0, 0, 0, 0, 0
9439, 0, 1.000016, 210003386, 1.000016, 27220, 27220, 27214, 0, 6804, 0, 0, 1, 0, 0, 0, 29265562, 27219.561117, 27213.561214, 0.000000
9439, 1, 2.000597, 210121991, 1.000581, 27111, 27111, 27108, 0, 6777, 0, 0, 11, 0, 0, 0, 29234254, 27095.260105, 27092.261847, 0.000000
9439, 2, 3.000692, 210019898, 1.000095, 27099, 27099, 27111, 0, 6778, 0, 0, 9, 0, 0, 0, 29127271, 27096.432549, 27108.431412, 0.000000
9439, 3, 4.000696, 210000843, 1.000004, 27218, 27218, 27219, 0, 6804, 0, 0, 11, 0, 0, 0, 29113353, 27217.890740, 27218.890736, 0.000000
9439, 4, 5.000730, 210007252, 1.000035, 27159, 27159, 27149, 0, 6788, 0, 0, 8, 0, 0, 0, 29254535, 27158.062142, 27148.062487, 0.000000
9439, 5, 6.000779, 210010160, 1.000048, 27059, 27059, 27059, 0, 6764, 0, 0, 7, 0, 0, 0, 29892232, 27057.690923, 27057.690923, 0.000000
9439, 6, 7.000803, 210005201, 1.000025, 27110, 27110, 27116, 0, 6779, 0, 0, 0, 0, 0, 0, 29838690, 27109.328592, 27115.328444, 0.000000
9439, 7, 8.000878, 210015614, 1.000074, 27195, 27195, 27196, 0, 6799, 0, 0, 0, 0, 0, 0, 29649772, 27192.978137, 27193.978063, 0.000000
