ThreadID, cIDX, Time, cycles, deltaT, RX, OnRX, TX, SupTX, OnTX, Idle, OnIdle, Blocked, CacheMiss, CacheHit, CacheWB, CPUIdle, RX/s, TX/s, Sup/s
39, 0, 0, 0, 0, 0, 0, 0, 0, 0, 0, 0, 0, 0, 0, 0, 0, 0, 0, 0
39, 0, 1.000056, 210011729, 1.000056, 31552, 31552, 31560, 0, 7890, 0, 0, 0, 0, 0, 0, 25746462, 31550.237844, 31558.237397, 0.000000
39, 1, 2.000059, 210000644, 1.000003, 31648, 31648, 31636, 0, 7909, 0, 0, 2, 0, 0, 0, 25740014, 31647.902946, 31635.902983, 0.000000
39, 2, 3.000108, 210010233, 1.000049, 31678, 31678, 31668, 0, 7917, 0, 0, 3, 0, 0, 0, 25937817, 31676.456452, 31666.456939, 0.000000
39, 3, 4.000111, 210000634, 1.000003, 31635, 31635, 31650, 0, 7913, 0, 0, 3, 0, 0, 0, 25966282, 31634.904493, 31649.904447, 0.000000
39, 4, 5.000117, 210001408, 1.000007, 31617, 31617, 31621, 0, 7905, 0, 0, 0, 0, 0, 0, 26292897, 31616.788017, 31620.787990, 0.000000
39, 5, 6.000136, 210003868, 1.000018, 31682, 31682, 31685, 0, 7921, 0, 0, 0, 0, 0, 0, 26480764, 31681.416458, 31684.416403, 0.000000
39, 6, 7.000145, 210001847, 1.000009, 31528, 31528, 31525, 0, 7882, 0, 0, 0, 0, 0, 0, 26282832, 31527.722706, 31524.722733, 0.000000
39, 7, 8.000356, 210044448, 1.000212, 31708, 31708, 31683, 0, 7920, 0, 0, 0, 0, 0, 0, 25906773, 31701.290195, 31676.295486, 0.000000
