ThreadID, cIDX, Time, cycles, deltaT, RX, OnRX, TX, SupTX, OnTX, Idle, OnIdle, Blocked, CacheMiss, CacheHit, CacheWB, CPUIdle, RX/s, TX/s, Sup/s
2370, 0, 0, 0, 0, 0, 0, 0, 0, 0, 0, 0, 0, 0, 0, 0, 0, 0, 0, 0
2370, 0, 1.000464, 210097369, 1.000464, 31630, 31630, 31633, 0, 7909, 0, 0, 1, 656284, 182174731, 273097, 28991585, 31615.341171, 31618.339780, 0.000000
2370, 1, 2.000486, 210004774, 1.000023, 31673, 31673, 31664, 0, 7916, 0, 0, 7, 555858, 182200494, 224886, 28839010, 31672.279984, 31663.280188, 0.000000
2370, 2, 3.000488, 210000382, 1.000002, 31706, 31706, 31705, 0, 7926, 0, 0, 11, 531473, 182045424, 211992, 29304716, 31705.942325, 31704.942327, 0.000000
2370, 3, 4.000510, 210004644, 1.000022, 31679, 31679, 31694, 0, 7923, 0, 0, 9, 517710, 182012060, 205611, 29348197, 31678.299457, 31693.299125, 0.000000
2370, 4, 5.000594, 210017630, 1.000084, 31639, 31639, 31644, 0, 7911, 0, 0, 7, 503437, 182001405, 198727, 29468462, 31636.344054, 31641.343634, 0.000000
2370, 5, 6.000880, 210060086, 1.000286, 31569, 31569, 31540, 0, 7885, 0, 0, 3, 491516, 181747945, 192757, 30011022, 31559.969941, 31530.978236, 0.000000
2370, 6, 7.000902, 210004437, 1.000021, 31660, 31660, 31666, 0, 7917, 0, 0, 3, 485013, 181757391, 189523, 29865832, 31659.331084, 31665.330957, 0.000000
2370, 7, 8.001240, 210070976, 1.000338, 31608, 31608, 31602, 0, 7900, 0, 0, 2, 486904, 181931355, 189965, 29625282, 31597.320707, 31591.322735, 0.000000
