ThreadID, cIDX, Time, cycles, deltaT, RX, OnRX, TX, SupTX, OnTX, Idle, OnIdle, Blocked, CacheMiss, CacheHit, CacheWB, CPUIdle, RX/s, TX/s, Sup/s
9973, 0, 0, 0, 0, 0, 0, 0, 0, 0, 0, 0, 0, 0, 0, 0, 0, 0, 0, 0
9973, 0, 1.000021, 210004448, 1.000021, 30440, 30440, 30443, 0, 7893, 0, 0, 0, 0, 0, 0, 30696996, 30439.355265, 30442.355202, 0.000000
9973, 1, 2.000384, 210076247, 1.000363, 30535, 30535, 30529, 0, 7916, 0, 0, 13, 0, 0, 0, 30813707, 30523.917347, 30517.919525, 0.000000
9973, 2, 3.000436, 210010793, 1.000051, 30550, 30550, 30546, 0, 7919, 0, 0, 15, 0, 0, 0, 30970646, 30548.429956, 30544.430162, 0.000000
9973, 3, 4.000459, 210004908, 1.000023, 30573, 30573, 30582, 0, 7927, 0, 0, 16, 0, 0, 0, 31035579, 30572.285482, 30581.285272, 0.000000
9973, 4, 5.000476, 210003542, 1.000017, 30600, 30600, 30603, 0, 7935, 0, 0, 8, 0, 0, 0, 31341811, 30599.483889, 30602.483838, 0.000000
9973, 5, 6.000481, 210001140, 1.000005, 30430, 30430, 30422, 0, 7887, 0, 0, 1, 0, 0, 0, 31702191, 30429.834809, 30421.834853, 0.000000
9973, 6, 7.000518, 210007720, 1.000037, 30531, 30531, 30546, 0, 7918, 0, 0, 5, 0, 0, 0, 31444350, 30529.877664, 30544.877112, 0.000000
9973, 7, 8.000548, 210006183, 1.000029, 30568, 30568, 30560, 0, 7921, 0, 0, 0, 0, 0, 0, 31355196, 30567.100017, 30559.100253, 0.000000
