ThreadID, cIDX, Time, cycles, deltaT, RX, OnRX, TX, SupTX, OnTX, Idle, OnIdle, Blocked, CacheMiss, CacheHit, CacheWB, CPUIdle, RX/s, TX/s, Sup/s
10011, 0, 0, 0, 0, 0, 0, 0, 0, 0, 0, 0, 0, 0, 0, 0, 0, 0, 0, 0
10011, 0, 1.000408, 210085699, 1.000408, 27209, 27209, 27212, 0, 6803, 0, 0, 0, 0, 0, 0, 29770872, 27197.900796, 27200.899572, 0.000000
10011, 1, 2.000410, 210000442, 1.000002, 27179, 27179, 27173, 0, 6794, 0, 0, 6, 0, 0, 0, 29674401, 27178.942795, 27172.942807, 0.000000
10011, 2, 3.000420, 210002103, 1.000010, 27123, 27123, 27123, 0, 6780, 0, 0, 0, 0, 0, 0, 29903629, 27122.728385, 27122.728385, 0.000000
10011, 3, 4.000469, 210010338, 1.000049, 27142, 27142, 27144, 0, 6786, 0, 0, 4, 0, 0, 0, 29933392, 27140.663904, 27142.663805, 0.000000
10011, 4, 5.000472, 210000438, 1.000002, 27120, 27120, 27126, 0, 6782, 0, 0, 4, 0, 0, 0, 30230644, 27119.943436, 27125.943423, 0.000000
10011, 5, 6.000497, 210005357, 1.000026, 27086, 27086, 27086, 0, 6771, 0, 0, 1, 0, 0, 0, 30564094, 27085.309067, 27085.309067, 0.000000
10011, 6, 7.000513, 210003394, 1.000016, 27093, 27093, 27084, 0, 6771, 0, 0, 0, 0, 0, 0, 30462821, 27092.562133, 27083.562278, 0.000000
10011, 7, 8.000526, 210002595, 1.000012, 27144, 27144, 27148, 0, 6787, 0, 0, 0, 0, 0, 0, 30286298, 27143.664582, 27147.664532, 0.000000
