ThreadID, cIDX, Time, cycles, deltaT, RX, OnRX, TX, SupTX, OnTX, Idle, OnIdle, Blocked, CacheMiss, CacheHit, CacheWB, CPUIdle, RX/s, TX/s, Sup/s
10988, 0, 0, 0, 0, 0, 0, 0, 0, 0, 0, 0, 0, 0, 0, 0, 0, 0, 0, 0
10988, 0, 1.000007, 210001474, 1.000007, 27282, 27282, 27284, 0, 6821, 0, 0, 0, 0, 0, 0, 28888086, 27281.808508, 27283.808494, 0.000000
10988, 1, 2.000518, 210107365, 1.000511, 27094, 27094, 27100, 0, 6775, 0, 0, 4, 0, 0, 0, 29029136, 27080.154948, 27086.151882, 0.000000
10988, 2, 3.000632, 210023951, 1.000114, 27139, 27139, 27129, 0, 6783, 0, 0, 4, 0, 0, 0, 29125310, 27135.905085, 27125.906226, 0.000000
10988, 3, 4.000644, 210002516, 1.000012, 27173, 27173, 27177, 0, 6794, 0, 0, 6, 0, 0, 0, 29092758, 27172.674445, 27176.674398, 0.000000
10988, 4, 5.000651, 210001457, 1.000007, 27150, 27150, 27150, 0, 6787, 0, 0, 3, 0, 0, 0, 29535105, 27149.811632, 27149.811632, 0.000000
10988, 5, 6.000667, 210003378, 1.000016, 27126, 27126, 27128, 0, 6782, 0, 0, 1, 0, 0, 0, 29953870, 27125.563666, 27127.563634, 0.000000
10988, 6, 7.000688, 210004243, 1.000020, 27141, 27141, 27136, 0, 6784, 0, 0, 0, 0, 0, 0, 29542579, 27140.451634, 27135.451735, 0.000000
10988, 7, 8.000720, 210006918, 1.000033, 27179, 27179, 27181, 0, 6796, 0, 0, 0, 0, 0, 0, 29544321, 27178.104676, 27180.104610, 0.000000
