ThreadID, cIDX, Time, cycles, deltaT, RX, OnRX, TX, SupTX, OnTX, Idle, OnIdle, Blocked, CacheMiss, CacheHit, CacheWB, CPUIdle, RX/s, TX/s, Sup/s
2412, 0, 0, 0, 0, 0, 0, 0, 0, 0, 0, 0, 0, 0, 0, 0, 0, 0, 0, 0
2412, 0, 1.000025, 210005331, 1.000025, 27224, 27224, 27224, 0, 6806, 0, 0, 0, 0, 0, 0, 28742809, 27223.308917, 27223.308917, 0.000000
2412, 1, 2.000911, 210185888, 1.000885, 27197, 27197, 27204, 0, 6801, 0, 0, 3, 0, 0, 0, 28920461, 27172.947025, 27179.940834, 0.000000
2412, 2, 3.001089, 210037569, 1.000179, 27145, 27145, 27136, 0, 6784, 0, 0, 3, 0, 0, 0, 29114151, 27140.144628, 27131.146238, 0.000000
2412, 3, 4.001093, 210000639, 1.000003, 27094, 27094, 27096, 0, 6774, 0, 0, 4, 0, 0, 0, 29124011, 27093.917557, 27095.917551, 0.000000
2412, 4, 5.001122, 210006136, 1.000029, 27135, 27135, 27139, 0, 6785, 0, 0, 3, 0, 0, 0, 29178282, 27134.207164, 27138.207047, 0.000000
2412, 5, 6.001146, 210005016, 1.000024, 27190, 27190, 27190, 0, 6798, 0, 0, 1, 0, 0, 0, 29731491, 27189.350563, 27189.350563, 0.000000
2412, 6, 7.001147, 210000339, 1.000002, 27154, 27154, 27145, 0, 6786, 0, 0, 2, 0, 0, 0, 29665769, 27153.956166, 27144.956180, 0.000000
2412, 7, 8.001169, 210004637, 1.000022, 27080, 27080, 27094, 0, 6773, 0, 0, 1, 0, 0, 0, 29558502, 27079.402061, 27093.401752, 0.000000
