ThreadID, cIDX, Time, cycles, deltaT, RX, OnRX, TX, SupTX, OnTX, Idle, OnIdle, Blocked, CacheMiss, CacheHit, CacheWB, CPUIdle, RX/s, TX/s, Sup/s
1143, 0, 0, 0, 0, 0, 0, 0, 0, 0, 0, 0, 0, 0, 0, 0, 0, 0, 0, 0
1143, 0, 1.000093, 210019569, 1.000093, 31615, 31615, 31605, 0, 7902, 0, 0, 1, 0, 0, 0, 30899364, 31612.054208, 31602.055140, 0.000000
1143, 1, 2.000308, 210045084, 1.000215, 31724, 31724, 31740, 0, 7935, 0, 0, 5, 0, 0, 0, 30981936, 31717.190772, 31733.187338, 0.000000
1143, 2, 3.000309, 210000303, 1.000001, 31685, 31685, 31672, 0, 7918, 0, 0, 4, 0, 0, 0, 31107890, 31684.954283, 31671.954302, 0.000000
1143, 3, 4.000317, 210001517, 1.000007, 31580, 31580, 31585, 0, 7896, 0, 0, 7, 0, 0, 0, 30873759, 31579.771874, 31584.771838, 0.000000
1143, 4, 5.000720, 210084773, 1.000404, 31664, 31664, 31654, 0, 7913, 0, 0, 1, 0, 0, 0, 31284580, 31651.223004, 31641.227039, 0.000000
1143, 5, 6.000787, 210014056, 1.000067, 31722, 31722, 31727, 0, 7932, 0, 0, 0, 0, 0, 0, 31475764, 31719.876883, 31724.876548, 0.000000
1143, 6, 7.000876, 210018705, 1.000089, 31644, 31644, 31653, 0, 7913, 0, 0, 1, 0, 0, 0, 31343461, 31641.181675, 31650.180873, 0.000000
1143, 7, 8.000901, 210005221, 1.000025, 31564, 31564, 31564, 0, 7891, 0, 0, 0, 0, 0, 0, 31369578, 31563.215278, 31563.215278, 0.000000
