ThreadID, cIDX, Time, cycles, deltaT, RX, OnRX, TX, SupTX, OnTX, Idle, OnIdle, Blocked, CacheMiss, CacheHit, CacheWB, CPUIdle, RX/s, TX/s, Sup/s
2428, 0, 0, 0, 0, 0, 0, 0, 0, 0, 0, 0, 0, 0, 0, 0, 0, 0, 0, 0
2428, 0, 1.000574, 210120465, 1.000574, 27229, 27229, 27232, 0, 6808, 0, 0, 1, 0, 0, 0, 30751851, 27213.389234, 27216.387514, 0.000000
2428, 1, 2.000906, 210069830, 1.000333, 27198, 27198, 27192, 0, 6798, 0, 0, 0, 0, 0, 0, 30770244, 27188.959024, 27182.961018, 0.000000
2428, 2, 3.001119, 210044619, 1.000212, 27149, 27149, 27152, 0, 6788, 0, 0, 8, 0, 0, 0, 30959841, 27143.232839, 27146.232201, 0.000000
2428, 3, 4.001139, 210004333, 1.000021, 27095, 27095, 27097, 0, 6775, 0, 0, 1, 0, 0, 0, 31048663, 27094.440951, 27096.440910, 0.000000
2428, 4, 5.001166, 210005707, 1.000027, 27129, 27129, 27123, 0, 6780, 0, 0, 1, 0, 0, 0, 31167745, 27128.262757, 27122.262920, 0.000000
2428, 5, 6.001240, 210015443, 1.000074, 27196, 27196, 27200, 0, 6800, 0, 0, 4, 0, 0, 0, 31651673, 27194.000205, 27197.999911, 0.000000
2428, 6, 7.001256, 210003353, 1.000016, 27157, 27157, 27160, 0, 6790, 0, 0, 0, 0, 0, 0, 31596996, 27156.566400, 27159.566352, 0.000000
2428, 7, 8.001275, 210004011, 1.000019, 27082, 27082, 27076, 0, 6769, 0, 0, 0, 0, 0, 0, 31535154, 27081.482744, 27075.482858, 0.000000
