ThreadID, cIDX, Time, cycles, deltaT, RX, OnRX, TX, SupTX, OnTX, Idle, OnIdle, Blocked, CacheMiss, CacheHit, CacheWB, CPUIdle, RX/s, TX/s, Sup/s
10242, 0, 0, 0, 0, 0, 0, 0, 0, 0, 0, 0, 0, 0, 0, 0, 0, 0, 0, 0
10242, 0, 1.000774, 210162495, 1.000774, 31626, 31626, 31624, 0, 7906, 0, 0, 8, 658605, 182113432, 276014, 31841652, 31601.547174, 31599.548721, 0.000000
10242, 1, 2.000798, 210005138, 1.000024, 31637, 31637, 31640, 0, 7910, 0, 0, 1, 559998, 182113333, 228378, 31758461, 31636.225967, 31639.225894, 0.000000
10242, 2, 3.000808, 210002071, 1.000010, 31654, 31654, 31653, 0, 7914, 0, 0, 5, 546524, 182048367, 222570, 31930669, 31653.687834, 31652.687844, 0.000000
10242, 3, 4.000815, 210001451, 1.000007, 31688, 31688, 31673, 0, 7918, 0, 0, 9, 537265, 181983493, 217535, 32106558, 31687.781053, 31672.781156, 0.000000
10242, 4, 5.000820, 210001149, 1.000005, 31682, 31682, 31705, 0, 7926, 0, 0, 5, 533186, 181934390, 214777, 32204450, 31681.826655, 31704.826529, 0.000000
10242, 5, 6.000878, 210012166, 1.000058, 31595, 31595, 31593, 0, 7898, 0, 0, 2, 524193, 181711785, 211595, 32608305, 31593.169702, 31591.169818, 0.000000
10242, 6, 7.000895, 210003405, 1.000016, 31599, 31599, 31592, 0, 7898, 0, 0, 0, 519008, 181727045, 208182, 32520493, 31598.487653, 31591.487767, 0.000000
10242, 7, 8.000898, 210000677, 1.000003, 31735, 31735, 31730, 0, 7933, 0, 0, 0, 516175, 181878651, 207198, 32249474, 31734.897693, 31729.897709, 0.000000
