ThreadID, cIDX, Time, cycles, deltaT, RX, OnRX, TX, SupTX, OnTX, Idle, OnIdle, Blocked, CacheMiss, CacheHit, CacheWB, CPUIdle, RX/s, TX/s, Sup/s
461, 0, 0, 0, 0, 0, 0, 0, 0, 0, 0, 0, 0, 0, 0, 0, 0, 0, 0, 0
461, 0, 1.000047, 210009920, 1.000047, 27292, 27292, 27293, 0, 6824, 0, 0, 1, 694837, 183269265, 293347, 26684456, 27290.710839, 27291.710792, 0.000000
461, 1, 2.000075, 210005750, 1.000027, 27114, 27114, 27119, 0, 6779, 0, 0, 2, 610877, 183317810, 251632, 26767678, 27113.257613, 27118.257476, 0.000000
461, 2, 3.000123, 210010099, 1.000048, 27073, 27073, 27064, 0, 6766, 0, 0, 0, 591859, 183240107, 240120, 26959269, 27071.698109, 27062.698542, 0.000000
461, 3, 4.000154, 210006666, 1.000032, 27228, 27228, 27229, 0, 6808, 0, 0, 1, 583264, 183322887, 234142, 26788009, 27227.135733, 27228.135701, 0.000000
461, 4, 5.000320, 210034764, 1.000166, 27142, 27142, 27143, 0, 6785, 0, 0, 0, 570577, 183024503, 229304, 27472520, 27137.507579, 27138.507414, 0.000000
461, 5, 6.000422, 210021413, 1.000102, 27066, 27066, 27060, 0, 6765, 0, 0, 0, 565544, 182964838, 226846, 27331362, 27063.240452, 27057.241063, 0.000000
461, 6, 7.000502, 210016811, 1.000080, 27197, 27197, 27200, 0, 6800, 0, 0, 0, 562715, 182972556, 224516, 27472028, 27194.822990, 27197.822750, 0.000000
461, 7, 8.000573, 210014828, 1.000071, 27094, 27094, 27096, 0, 6774, 0, 0, 0, 559904, 183003253, 223699, 27419386, 27092.087041, 27094.086899, 0.000000
