ThreadID, cIDX, Time, cycles, deltaT, RX, OnRX, TX, SupTX, OnTX, Idle, OnIdle, Blocked, CacheMiss, CacheHit, CacheWB, CPUIdle, RX/s, TX/s, Sup/s
2238, 0, 0, 0, 0, 0, 0, 0, 0, 0, 0, 0, 0, 0, 0, 0, 0, 0, 0, 0
2238, 0, 1.000018, 210003797, 1.000018, 27288, 27288, 27284, 0, 6821, 0, 0, 4, 0, 0, 0, 28236400, 27287.506616, 27283.506688, 0.000000
2238, 1, 2.000738, 210151148, 1.000720, 27171, 27171, 27176, 0, 6794, 0, 0, 4, 0, 0, 0, 28196977, 27151.457674, 27156.454078, 0.000000
2238, 2, 3.000848, 210023200, 1.000110, 27120, 27120, 27116, 0, 6779, 0, 0, 0, 0, 0, 0, 28489933, 27117.004217, 27113.004659, 0.000000
2238, 3, 4.000861, 210002618, 1.000012, 27145, 27145, 27149, 0, 6788, 0, 0, 5, 0, 0, 0, 28674387, 27144.661597, 27148.661547, 0.000000
2238, 4, 5.000985, 210026089, 1.000124, 27085, 27085, 27075, 0, 6768, 0, 0, 1, 0, 0, 0, 28768831, 27081.635558, 27071.636800, 0.000000
2238, 5, 6.001091, 210022333, 1.000106, 27119, 27119, 27124, 0, 6781, 0, 0, 5, 0, 0, 0, 29190268, 27116.116266, 27121.115734, 0.000000
2238, 6, 7.001337, 210051634, 1.000246, 27056, 27056, 27052, 0, 6763, 0, 0, 4, 0, 0, 0, 28956409, 27049.349209, 27045.350192, 0.000000
2238, 7, 8.001493, 210032652, 1.000155, 27121, 27121, 27128, 0, 6782, 0, 0, 3, 0, 0, 0, 28688247, 27116.783728, 27123.782639, 0.000000
