ThreadID, cIDX, Time, cycles, deltaT, RX, OnRX, TX, SupTX, OnTX, Idle, OnIdle, Blocked, CacheMiss, CacheHit, CacheWB, CPUIdle, RX/s, TX/s, Sup/s
10745, 0, 0, 0, 0, 0, 0, 0, 0, 0, 0, 0, 0, 0, 0, 0, 0, 0, 0, 0
10745, 0, 1.000039, 210008191, 1.000039, 27190, 27190, 27188, 0, 6797, 0, 0, 0, 0, 0, 0, 30759497, 27188.939502, 27186.939580, 0.000000
10745, 1, 2.000053, 210002884, 1.000014, 27152, 27152, 27160, 0, 6790, 0, 0, 6, 0, 0, 0, 30830902, 27151.627118, 27159.627008, 0.000000
10745, 2, 3.000083, 210006337, 1.000030, 27141, 27141, 27132, 0, 6783, 0, 0, 0, 0, 0, 0, 30979680, 27140.181013, 27131.181284, 0.000000
10745, 3, 4.000112, 210006026, 1.000029, 27176, 27176, 27180, 0, 6795, 0, 0, 7, 0, 0, 0, 31129823, 27175.220201, 27179.220086, 0.000000
10745, 4, 5.000342, 210048320, 1.000230, 27169, 27169, 27168, 0, 6792, 0, 0, 9, 0, 0, 0, 31390618, 27162.749981, 27161.750211, 0.000000
10745, 5, 6.000403, 210012860, 1.000061, 27028, 27028, 27021, 0, 6756, 0, 0, 2, 0, 0, 0, 31873502, 27026.344958, 27019.345387, 0.000000
10745, 6, 7.000474, 210015003, 1.000071, 27195, 27195, 27200, 0, 6800, 0, 0, 0, 0, 0, 0, 31569399, 27193.057250, 27198.056893, 0.000000
10745, 7, 8.000586, 210023501, 1.000112, 27131, 27131, 27127, 0, 6781, 0, 0, 0, 0, 0, 0, 31419275, 27127.964122, 27123.964570, 0.000000
