ThreadID, cIDX, Time, cycles, deltaT, RX, OnRX, TX, SupTX, OnTX, Idle, OnIdle, Blocked, CacheMiss, CacheHit, CacheWB, CPUIdle, RX/s, TX/s, Sup/s
1427, 0, 0, 0, 0, 0, 0, 0, 0, 0, 0, 0, 0, 0, 0, 0, 0, 0, 0, 0
1427, 0, 1.000020, 210004181, 1.000020, 31538, 31538, 31544, 0, 7886, 0, 0, 0, 0, 0, 0, 29799593, 31537.372106, 31543.371986, 0.000000
1427, 1, 2.000048, 210005918, 1.000028, 31684, 31684, 31665, 0, 7917, 0, 0, 0, 0, 0, 0, 29866020, 31683.107140, 31664.107675, 0.000000
1427, 2, 3.000336, 210060445, 1.000288, 31633, 31633, 31659, 0, 7914, 0, 0, 5, 0, 0, 0, 30008274, 31623.897588, 31649.890107, 0.000000
1427, 3, 4.000347, 210002238, 1.000011, 31743, 31743, 31740, 0, 7935, 0, 0, 4, 0, 0, 0, 29965418, 31742.661714, 31739.661746, 0.000000
1427, 4, 5.000352, 210001065, 1.000005, 31647, 31647, 31638, 0, 7910, 0, 0, 7, 0, 0, 0, 30380245, 31646.839505, 31637.839551, 0.000000
1427, 5, 6.000824, 210099289, 1.000473, 31650, 31650, 31634, 0, 7908, 0, 0, 1, 0, 0, 0, 30531586, 31635.042801, 31619.050362, 0.000000
1427, 6, 7.000954, 210027174, 1.000129, 31637, 31637, 31656, 0, 7914, 0, 0, 0, 0, 0, 0, 30357300, 31632.906702, 31651.904244, 0.000000
1427, 7, 8.001392, 210092018, 1.000438, 31746, 31746, 31728, 0, 7932, 0, 0, 0, 0, 0, 0, 30193220, 31732.095600, 31714.103484, 0.000000
