ThreadID, cIDX, Time, cycles, deltaT, RX, OnRX, TX, SupTX, OnTX, Idle, OnIdle, Blocked, CacheMiss, CacheHit, CacheWB, CPUIdle, RX/s, TX/s, Sup/s
10856, 0, 0, 0, 0, 0, 0, 0, 0, 0, 0, 0, 0, 0, 0, 0, 0, 0, 0, 0
10856, 0, 1.000003, 210000538, 1.000003, 27143, 27143, 27152, 0, 6788, 0, 0, 0, 0, 0, 0, 28902318, 27142.930462, 27151.930439, 0.000000
10856, 1, 2.000017, 210003078, 1.000015, 27109, 27109, 27104, 0, 6776, 0, 0, 0, 0, 0, 0, 28936339, 27108.602665, 27103.602739, 0.000000
10856, 2, 3.000036, 210003882, 1.000018, 27145, 27145, 27140, 0, 6785, 0, 0, 0, 0, 0, 0, 29119777, 27144.498215, 27139.498307, 0.000000
10856, 3, 4.000042, 210001411, 1.000007, 27217, 27217, 27221, 0, 6806, 0, 0, 7, 0, 0, 0, 28966755, 27216.817129, 27220.817102, 0.000000
10856, 4, 5.000147, 210021888, 1.000104, 27166, 27166, 27155, 0, 6788, 0, 0, 3, 0, 0, 0, 29338372, 27163.168822, 27152.169968, 0.000000
10856, 5, 6.000148, 210000329, 1.000002, 27068, 27068, 27080, 0, 6770, 0, 0, 3, 0, 0, 0, 29759224, 27067.957594, 27079.957575, 0.000000
10856, 6, 7.000157, 210001942, 1.000009, 27082, 27082, 27080, 0, 6770, 0, 0, 3, 0, 0, 0, 29603494, 27081.749558, 27079.749577, 0.000000
10856, 7, 8.000167, 210001924, 1.000009, 27208, 27208, 27203, 0, 6801, 0, 0, 0, 0, 0, 0, 29560348, 27207.750725, 27202.750771, 0.000000
