ThreadID, cIDX, Time, cycles, deltaT, RX, OnRX, TX, SupTX, OnTX, Idle, OnIdle, Blocked, CacheMiss, CacheHit, CacheWB, CPUIdle, RX/s, TX/s, Sup/s
8852, 0, 0, 0, 0, 0, 0, 0, 0, 0, 0, 0, 0, 0, 0, 0, 0, 0, 0, 0
8852, 0, 1.000004, 210000902, 1.000004, 31645, 31645, 31650, 0, 7913, 0, 0, 0, 0, 0, 0, 29413041, 31644.864078, 31649.864056, 0.000000
8852, 1, 2.000014, 210001942, 1.000009, 31680, 31680, 31663, 0, 7916, 0, 0, 4, 0, 0, 0, 29250591, 31679.707038, 31662.707195, 0.000000
8852, 2, 3.000017, 210000773, 1.000004, 31692, 31692, 31688, 0, 7922, 0, 0, 6, 0, 0, 0, 29381932, 31691.883344, 31687.883358, 0.000000
8852, 3, 4.000356, 210071109, 1.000339, 31621, 31621, 31619, 0, 7904, 0, 0, 7, 0, 0, 0, 29321303, 31610.296302, 31608.296979, 0.000000
8852, 4, 5.000441, 210017979, 1.000086, 31624, 31624, 31628, 0, 7907, 0, 0, 0, 0, 0, 0, 29907691, 31621.292766, 31625.292423, 0.000000
8852, 5, 6.000837, 210083028, 1.000395, 31680, 31680, 31680, 0, 7920, 0, 0, 0, 0, 0, 0, 30169393, 31667.479583, 31667.479583, 0.000000
8852, 6, 7.000842, 210001071, 1.000005, 31678, 31678, 31681, 0, 7921, 0, 0, 0, 0, 0, 0, 30037610, 31677.838443, 31680.838428, 0.000000
8852, 7, 8.000845, 210000543, 1.000003, 31625, 31625, 31639, 0, 7909, 0, 0, 3, 0, 0, 0, 29903198, 31624.918227, 31638.918191, 0.000000
