ThreadID, cIDX, Time, cycles, deltaT, RX, OnRX, TX, SupTX, OnTX, Idle, OnIdle, Blocked, CacheMiss, CacheHit, CacheWB, CPUIdle, RX/s, TX/s, Sup/s
2199, 0, 0, 0, 0, 0, 0, 0, 0, 0, 0, 0, 0, 0, 0, 0, 0, 0, 0, 0
2199, 0, 1.000021, 210004313, 1.000021, 31625, 31625, 31628, 0, 7907, 0, 0, 2, 0, 0, 0, 29767189, 31624.350496, 31627.350434, 0.000000
2199, 1, 2.000036, 210003234, 1.000015, 31668, 31668, 31652, 0, 7913, 0, 0, 0, 0, 0, 0, 29713524, 31667.512320, 31651.512567, 0.000000
2199, 2, 3.000611, 210120720, 1.000575, 31677, 31677, 31689, 0, 7923, 0, 0, 3, 0, 0, 0, 30082902, 31658.800712, 31670.793818, 0.000000
2199, 3, 4.000617, 210001348, 1.000006, 31734, 31734, 31747, 0, 7936, 0, 0, 7, 0, 0, 0, 30207373, 31733.796299, 31746.796216, 0.000000
2199, 4, 5.000764, 210030785, 1.000147, 31743, 31743, 31728, 0, 7932, 0, 0, 7, 0, 0, 0, 30301932, 31738.347309, 31723.349508, 0.000000
2199, 5, 6.000787, 210004939, 1.000024, 31554, 31554, 31560, 0, 7890, 0, 0, 3, 0, 0, 0, 30769370, 31553.257897, 31559.257756, 0.000000
2199, 6, 7.000888, 210021190, 1.000101, 31650, 31650, 31632, 0, 7908, 0, 0, 4, 0, 0, 0, 30581841, 31646.806687, 31628.808503, 0.000000
2199, 7, 8.000892, 210000881, 1.000004, 31687, 31687, 31710, 0, 7928, 0, 0, 2, 0, 0, 0, 30291399, 31686.867066, 31709.866970, 0.000000
