ThreadID, cIDX, Time, cycles, deltaT, RX, OnRX, TX, SupTX, OnTX, Idle, OnIdle, Blocked, CacheMiss, CacheHit, CacheWB, CPUIdle, RX/s, TX/s, Sup/s
8694, 0, 0, 0, 0, 0, 0, 0, 0, 0, 0, 0, 0, 0, 0, 0, 0, 0, 0, 0
8694, 0, 1.000211, 210044359, 1.000211, 31538, 31538, 31524, 0, 7881, 0, 0, 0, 0, 0, 0, 30365817, 31531.339530, 31517.342487, 0.000000
8694, 1, 2.000582, 210077893, 1.000371, 31683, 31683, 31687, 0, 7922, 0, 0, 6, 0, 0, 0, 30317868, 31671.252529, 31675.251046, 0.000000
8694, 2, 3.000588, 210001318, 1.000006, 31699, 31699, 31709, 0, 7927, 0, 0, 4, 0, 0, 0, 30415078, 31698.801052, 31708.800990, 0.000000
8694, 3, 4.000647, 210012322, 1.000059, 31686, 31686, 31676, 0, 7919, 0, 0, 0, 0, 0, 0, 30265671, 31684.140895, 31674.141482, 0.000000
8694, 4, 5.000984, 210070724, 1.000337, 31657, 31657, 31652, 0, 7913, 0, 0, 0, 0, 0, 0, 30924690, 31646.342115, 31641.343798, 0.000000
8694, 5, 6.001016, 210006765, 1.000032, 31626, 31626, 31644, 0, 7911, 0, 0, 0, 0, 0, 0, 30962425, 31624.981224, 31642.980644, 0.000000
8694, 6, 7.001022, 210001295, 1.000006, 31585, 31585, 31583, 0, 7896, 0, 0, 0, 0, 0, 0, 30966960, 31584.805227, 31582.805239, 0.000000
8694, 7, 8.001108, 210018089, 1.000086, 31662, 31662, 31673, 0, 7918, 0, 0, 1, 0, 0, 0, 30943796, 31659.272931, 31670.271983, 0.000000
