ThreadID, cIDX, Time, cycles, deltaT, RX, OnRX, TX, SupTX, OnTX, Idle, OnIdle, Blocked, CacheMiss, CacheHit, CacheWB, CPUIdle, RX/s, TX/s, Sup/s
9519, 0, 0, 0, 0, 0, 0, 0, 0, 0, 0, 0, 0, 0, 0, 0, 0, 0, 0, 0
9519, 0, 1.000033, 210007006, 1.000033, 27196, 27196, 27189, 0, 6798, 0, 0, 1, 0, 0, 0, 28419211, 27195.092720, 27188.092953, 0.000000
9519, 1, 2.000366, 210069823, 1.000332, 27107, 27107, 27111, 0, 6777, 0, 0, 10, 0, 0, 0, 28228838, 27097.990176, 27101.988847, 0.000000
9519, 2, 3.000637, 210056961, 1.000271, 27104, 27104, 27097, 0, 6775, 0, 0, 14, 0, 0, 0, 28463380, 27096.650227, 27089.652125, 0.000000
9519, 3, 4.000674, 210007787, 1.000037, 27207, 27207, 27220, 0, 6805, 0, 0, 12, 0, 0, 0, 28385786, 27205.991176, 27218.990694, 0.000000
9519, 4, 5.000699, 210005309, 1.000025, 27146, 27146, 27143, 0, 6785, 0, 0, 1, 0, 0, 0, 28690715, 27145.313741, 27142.313816, 0.000000
9519, 5, 6.000862, 210034179, 1.000163, 27080, 27080, 27072, 0, 6768, 0, 0, 7, 0, 0, 0, 29077346, 27075.593254, 27067.594556, 0.000000
9519, 6, 7.000999, 210028768, 1.000137, 27085, 27085, 27096, 0, 6774, 0, 0, 0, 0, 0, 0, 28830760, 27081.290121, 27092.288614, 0.000000
9519, 7, 8.001013, 210002942, 1.000014, 27196, 27196, 27193, 0, 6799, 0, 0, 1, 0, 0, 0, 28970969, 27195.619002, 27192.619044, 0.000000
