ThreadID, cIDX, Time, cycles, deltaT, RX, OnRX, TX, SupTX, OnTX, Idle, OnIdle, Blocked, CacheMiss, CacheHit, CacheWB, CPUIdle, RX/s, TX/s, Sup/s
1818, 0, 0, 0, 0, 0, 0, 0, 0, 0, 0, 0, 0, 0, 0, 0, 0, 0, 0, 0
1818, 0, 1.000015, 210003200, 1.000015, 27169, 27169, 27165, 0, 6792, 0, 0, 0, 0, 0, 0, 29710732, 27168.586002, 27164.586063, 0.000000
1818, 1, 2.000040, 210005194, 1.000025, 27176, 27176, 27186, 0, 6796, 0, 0, 7, 0, 0, 0, 29854573, 27175.327864, 27185.327616, 0.000000
1818, 2, 3.000046, 210001280, 1.000006, 27188, 27188, 27185, 0, 6796, 0, 0, 0, 0, 0, 0, 29919825, 27187.834284, 27184.834302, 0.000000
1818, 3, 4.000053, 210001396, 1.000007, 27066, 27066, 27068, 0, 6767, 0, 0, 0, 0, 0, 0, 30134034, 27065.820077, 27067.820063, 0.000000
1818, 4, 5.000177, 210026060, 1.000124, 27104, 27104, 27096, 0, 6774, 0, 0, 0, 0, 0, 0, 30234878, 27100.636940, 27092.637933, 0.000000
1818, 5, 6.000323, 210030796, 1.000147, 27189, 27189, 27196, 0, 6799, 0, 0, 3, 0, 0, 0, 30677784, 27185.013383, 27192.012356, 0.000000
1818, 6, 7.000325, 210000422, 1.000002, 27146, 27146, 27144, 0, 6786, 0, 0, 0, 0, 0, 0, 30546330, 27145.945450, 27143.945454, 0.000000
1818, 7, 8.000360, 210007346, 1.000035, 27048, 27048, 27044, 0, 6761, 0, 0, 1, 0, 0, 0, 30289277, 27047.053868, 27043.054008, 0.000000
