ThreadID, cIDX, Time, cycles, deltaT, RX, OnRX, TX, SupTX, OnTX, Idle, OnIdle, Blocked, CacheMiss, CacheHit, CacheWB, CPUIdle, RX/s, TX/s, Sup/s
8333, 0, 0, 0, 0, 0, 0, 0, 0, 0, 0, 0, 0, 0, 0, 0, 0, 0, 0, 0
8333, 0, 1.000013, 210002802, 1.000013, 27265, 27265, 27264, 0, 6816, 0, 0, 1, 653806, 182335214, 269122, 31709633, 27264.636212, 27263.636225, 0.000000
8333, 1, 2.000057, 210009171, 1.000044, 27104, 27104, 27097, 0, 6775, 0, 0, 6, 571484, 182455858, 227722, 31604655, 27102.816381, 27095.816687, 0.000000
8333, 2, 3.000337, 210058703, 1.000280, 27111, 27111, 27117, 0, 6779, 0, 0, 6, 552899, 182392411, 220125, 31741697, 27103.423561, 27109.421884, 0.000000
8333, 3, 4.000354, 210003721, 1.000018, 27208, 27208, 27216, 0, 6804, 0, 0, 7, 545606, 182395044, 215510, 31782881, 27207.517909, 27215.517767, 0.000000
8333, 4, 5.000400, 210009585, 1.000046, 27128, 27128, 27122, 0, 6780, 0, 0, 0, 536837, 182251174, 211572, 32006751, 27126.761857, 27120.762131, 0.000000
8333, 5, 6.000461, 210012792, 1.000061, 27084, 27084, 27080, 0, 6770, 0, 0, 0, 528486, 182068026, 207628, 32380526, 27082.350298, 27078.350542, 0.000000
8333, 6, 7.000495, 210007136, 1.000034, 27130, 27130, 27136, 0, 6784, 0, 0, 1, 515642, 182123987, 200011, 32222163, 27129.078128, 27135.077924, 0.000000
8333, 7, 8.000501, 210001403, 1.000007, 27174, 27174, 27169, 0, 6793, 0, 0, 1, 516770, 182298797, 201313, 31905500, 27173.818453, 27168.818486, 0.000000
