ThreadID, cIDX, Time, cycles, deltaT, RX, OnRX, TX, SupTX, OnTX, Idle, OnIdle, Blocked, CacheMiss, CacheHit, CacheWB, CPUIdle, RX/s, TX/s, Sup/s
9768, 0, 0, 0, 0, 0, 0, 0, 0, 0, 0, 0, 0, 0, 0, 0, 0, 0, 0, 0
9768, 0, 1.000428, 210089935, 1.000428, 27169, 27169, 27169, 0, 6793, 0, 0, 2, 0, 0, 0, 28462559, 27157.369533, 27157.369533, 0.000000
9768, 1, 2.000477, 210010210, 1.000049, 27198, 27198, 27196, 0, 6799, 0, 0, 6, 0, 0, 0, 28163494, 27196.677723, 27194.677821, 0.000000
9768, 2, 3.000539, 210013103, 1.000062, 27170, 27170, 27175, 0, 6793, 0, 0, 3, 0, 0, 0, 28412943, 27168.304827, 27173.304515, 0.000000
9768, 3, 4.000556, 210003417, 1.000016, 27047, 27047, 27046, 0, 6762, 0, 0, 7, 0, 0, 0, 28602234, 27046.559914, 27045.559930, 0.000000
9768, 4, 5.000562, 210001452, 1.000007, 27099, 27099, 27102, 0, 6775, 0, 0, 6, 0, 0, 0, 28811753, 27098.812631, 27101.812610, 0.000000
9768, 5, 6.000697, 210028239, 1.000134, 27209, 27209, 27200, 0, 6800, 0, 0, 1, 0, 0, 0, 29090817, 27205.341659, 27196.342869, 0.000000
9768, 6, 7.000703, 210001203, 1.000006, 27163, 27163, 27167, 0, 6792, 0, 0, 0, 0, 0, 0, 28845170, 27162.844396, 27166.844373, 0.000000
9768, 7, 8.000787, 210017738, 1.000084, 27051, 27051, 27053, 0, 6763, 0, 0, 0, 0, 0, 0, 28655533, 27048.715285, 27050.715116, 0.000000
