ThreadID, cIDX, Time, cycles, deltaT, RX, OnRX, TX, SupTX, OnTX, Idle, OnIdle, Blocked, CacheMiss, CacheHit, CacheWB, CPUIdle, RX/s, TX/s, Sup/s
10173, 0, 0, 0, 0, 0, 0, 0, 0, 0, 0, 0, 0, 0, 0, 0, 0, 0, 0, 0
10173, 0, 1.000427, 210089681, 1.000427, 27268, 27268, 27272, 0, 6818, 0, 0, 0, 0, 0, 0, 28262473, 27256.360107, 27260.358399, 0.000000
10173, 1, 2.000437, 210002064, 1.000010, 27189, 27189, 27185, 0, 6797, 0, 0, 6, 0, 0, 0, 28263645, 27188.732774, 27184.732813, 0.000000
10173, 2, 3.000441, 210000844, 1.000004, 27118, 27118, 27124, 0, 6781, 0, 0, 2, 0, 0, 0, 28398267, 27117.891012, 27123.890988, 0.000000
10173, 3, 4.000547, 210022241, 1.000106, 27069, 27069, 27067, 0, 6766, 0, 0, 11, 0, 0, 0, 28512969, 27066.133439, 27064.133650, 0.000000
10173, 4, 5.000614, 210014045, 1.000067, 27085, 27085, 27076, 0, 6769, 0, 0, 4, 0, 0, 0, 28771501, 27083.188651, 27074.189252, 0.000000
10173, 5, 6.000617, 210000678, 1.000003, 27164, 27164, 27166, 0, 6792, 0, 0, 2, 0, 0, 0, 29123810, 27163.912299, 27165.912293, 0.000000
10173, 6, 7.000619, 210000344, 1.000002, 26986, 26986, 26994, 0, 6748, 0, 0, 0, 0, 0, 0, 29061237, 26985.955794, 26993.955781, 0.000000
10173, 7, 8.000629, 210002117, 1.000010, 27115, 27115, 27109, 0, 6778, 0, 0, 0, 0, 0, 0, 28824859, 27114.726658, 27108.726718, 0.000000
