ThreadID, cIDX, Time, cycles, deltaT, RX, OnRX, TX, SupTX, OnTX, Idle, OnIdle, Blocked, CacheMiss, CacheHit, CacheWB, CPUIdle, RX/s, TX/s, Sup/s
10870, 0, 0, 0, 0, 0, 0, 0, 0, 0, 0, 0, 0, 0, 0, 0, 0, 0, 0, 0
10870, 0, 1.000002, 210000417, 1.000002, 31603, 31603, 31588, 0, 7897, 0, 0, 0, 0, 0, 0, 30860862, 31602.937246, 31587.937275, 0.000000
10870, 1, 2.000018, 210003271, 1.000016, 31697, 31697, 31724, 0, 7931, 0, 0, 2, 0, 0, 0, 30885081, 31696.506289, 31723.505869, 0.000000
10870, 2, 3.000141, 210025856, 1.000123, 31678, 31678, 31656, 0, 7914, 0, 0, 2, 0, 0, 0, 30985240, 31674.100164, 31652.102873, 0.000000
10870, 3, 4.000356, 210045286, 1.000216, 31682, 31682, 31700, 0, 7925, 0, 0, 3, 0, 0, 0, 30911239, 31675.169325, 31693.165444, 0.000000
10870, 4, 5.000872, 210108357, 1.000516, 31679, 31679, 31656, 0, 7914, 0, 0, 1, 0, 0, 0, 31286476, 31662.662518, 31639.674380, 0.000000
10870, 5, 6.000881, 210001849, 1.000009, 31554, 31554, 31577, 0, 7895, 0, 0, 4, 0, 0, 0, 31700336, 31553.722177, 31576.721974, 0.000000
10870, 6, 7.000891, 210002076, 1.000010, 31689, 31689, 31691, 0, 7922, 0, 0, 0, 0, 0, 0, 31540864, 31688.686735, 31690.686715, 0.000000
10870, 7, 8.000893, 210000522, 1.000002, 31617, 31617, 31602, 0, 7901, 0, 0, 0, 0, 0, 0, 31437428, 31616.921409, 31601.921447, 0.000000
