ThreadID, cIDX, Time, cycles, deltaT, RX, OnRX, TX, SupTX, OnTX, Idle, OnIdle, Blocked, CacheMiss, CacheHit, CacheWB, CPUIdle, RX/s, TX/s, Sup/s
230, 0, 0, 0, 0, 0, 0, 0, 0, 0, 0, 0, 0, 0, 0, 0, 0, 0, 0, 0
230, 0, 1.000051, 210010636, 1.000051, 31509, 31509, 31513, 0, 7879, 0, 0, 0, 0, 0, 0, 26777360, 31507.404225, 31511.404022, 0.000000
230, 1, 2.000055, 210000889, 1.000004, 31680, 31680, 31687, 0, 7921, 0, 0, 2, 0, 0, 0, 26702606, 31679.865889, 31686.865859, 0.000000
230, 2, 3.000233, 210037434, 1.000178, 31708, 31708, 31704, 0, 7926, 0, 0, 0, 0, 0, 0, 26947041, 31702.348830, 31698.349543, 0.000000
230, 3, 4.000248, 210003215, 1.000015, 31703, 31703, 31684, 0, 7921, 0, 0, 0, 0, 0, 0, 26877342, 31702.514650, 31683.514940, 0.000000
230, 4, 5.000254, 210001165, 1.000006, 31583, 31583, 31591, 0, 7898, 0, 0, 0, 0, 0, 0, 27017066, 31582.824791, 31590.824746, 0.000000
230, 5, 6.000313, 210012358, 1.000059, 31658, 31658, 31670, 0, 7918, 0, 0, 1, 0, 0, 0, 27550127, 31656.137112, 31668.136406, 0.000000
230, 6, 7.000315, 210000401, 1.000002, 31610, 31610, 31606, 0, 7901, 0, 0, 1, 0, 0, 0, 27417775, 31609.939640, 31605.939648, 0.000000
230, 7, 8.000418, 210021632, 1.000103, 31604, 31604, 31582, 0, 7896, 0, 0, 1, 0, 0, 0, 27303056, 31600.744822, 31578.747088, 0.000000
