ThreadID, cIDX, Time, cycles, deltaT, RX, OnRX, TX, SupTX, OnTX, Idle, OnIdle, Blocked, CacheMiss, CacheHit, CacheWB, CPUIdle, RX/s, TX/s, Sup/s
1230, 0, 0, 0, 0, 0, 0, 0, 0, 0, 0, 0, 0, 0, 0, 0, 0, 0, 0, 0
1230, 0, 1.000014, 210002947, 1.000014, 27244, 27244, 27244, 0, 6811, 0, 0, 1, 660922, 182079637, 270085, 29186476, 27243.617681, 27243.617681, 0.000000
1230, 1, 2.000018, 210000735, 1.000004, 27146, 27146, 27146, 0, 6787, 0, 0, 0, 563964, 182105298, 223495, 29202238, 27145.904989, 27145.904989, 0.000000
1230, 2, 3.000077, 210012522, 1.000060, 27103, 27103, 27094, 0, 6773, 0, 0, 3, 546122, 181985140, 215005, 29402922, 27101.383983, 27092.384520, 0.000000
1230, 3, 4.000081, 210000867, 1.000004, 27158, 27158, 27166, 0, 6792, 0, 0, 8, 538278, 182035338, 213347, 29169597, 27157.887877, 27165.887844, 0.000000
1230, 4, 5.000171, 210018854, 1.000090, 27150, 27150, 27146, 0, 6786, 0, 0, 7, 527604, 181916342, 208668, 29459511, 27147.562666, 27143.563025, 0.000000
1230, 5, 6.000172, 210000280, 1.000001, 27037, 27037, 27039, 0, 6760, 0, 0, 3, 515774, 181772153, 202178, 29724120, 27036.963951, 27038.963948, 0.000000
1230, 6, 7.000183, 210002145, 1.000010, 27102, 27102, 27097, 0, 6774, 0, 0, 6, 510997, 181859068, 199379, 29743570, 27101.723175, 27096.723226, 0.000000
1230, 7, 8.000205, 210004761, 1.000023, 27111, 27111, 27124, 0, 6781, 0, 0, 0, 510271, 181886214, 198581, 29610459, 27110.385369, 27123.385074, 0.000000
