ThreadID, cIDX, Time, cycles, deltaT, RX, OnRX, TX, SupTX, OnTX, Idle, OnIdle, Blocked, CacheMiss, CacheHit, CacheWB, CPUIdle, RX/s, TX/s, Sup/s
2829, 0, 0, 0, 0, 0, 0, 0, 0, 0, 0, 0, 0, 0, 0, 0, 0, 0, 0, 0
2829, 0, 1.000005, 210001121, 1.000005, 26125, 26125, 26129, 0, 6817, 0, 0, 0, 657413, 182107094, 268726, 31606991, 26124.860543, 26128.860522, 0.000000
2829, 1, 2.000011, 210001152, 1.000005, 26013, 26013, 26007, 0, 6785, 0, 0, 0, 557275, 182201704, 222243, 31591148, 26012.857301, 26006.857334, 0.000000
2829, 2, 3.000067, 210011842, 1.000056, 26017, 26017, 26017, 0, 6788, 0, 0, 4, 544954, 182186414, 216536, 31620185, 26015.532972, 26015.532972, 0.000000
2829, 3, 4.000105, 210007882, 1.000038, 26015, 26015, 26013, 0, 6785, 0, 0, 7, 538774, 182128103, 213603, 31745434, 26014.023607, 26012.023682, 0.000000
2829, 4, 5.000107, 210000401, 1.000002, 26027, 26027, 26032, 0, 6790, 0, 0, 4, 536479, 181931191, 212266, 32032384, 26026.950301, 26031.950291, 0.000000
2829, 5, 6.000139, 210006830, 1.000033, 25987, 25987, 25987, 0, 6779, 0, 0, 5, 527932, 181665192, 208530, 32564282, 25986.154831, 25986.154831, 0.000000
2829, 6, 7.000151, 210002499, 1.000012, 26029, 26029, 26035, 0, 6791, 0, 0, 0, 525830, 181793854, 208196, 32312414, 26028.690259, 26034.690187, 0.000000
2829, 7, 8.000189, 210007952, 1.000038, 26048, 26048, 26044, 0, 6795, 0, 0, 0, 519008, 181862046, 203297, 32259751, 26047.013686, 26043.013838, 0.000000
