ThreadID, cIDX, Time, cycles, deltaT, RX, OnRX, TX, SupTX, OnTX, Idle, OnIdle, Blocked, CacheMiss, CacheHit, CacheWB, CPUIdle, RX/s, TX/s, Sup/s
3064, 0, 0, 0, 0, 0, 0, 0, 0, 0, 0, 0, 0, 0, 0, 0, 0, 0, 0, 0
3064, 0, 1.000278, 210058433, 1.000278, 27148, 27148, 27147, 0, 6787, 0, 0, 2, 0, 0, 0, 30891570, 27140.448106, 27139.448384, 0.000000
3064, 1, 2.000387, 210022892, 1.000109, 27181, 27181, 27177, 0, 6794, 0, 0, 3, 0, 0, 0, 30829753, 27178.037335, 27174.037771, 0.000000
3064, 2, 3.000431, 210009221, 1.000044, 27117, 27117, 27121, 0, 6781, 0, 0, 4, 0, 0, 0, 31017548, 27115.809358, 27119.809182, 0.000000
3064, 3, 4.000447, 210003227, 1.000015, 27180, 27180, 27179, 0, 6794, 0, 0, 4, 0, 0, 0, 30897442, 27179.582340, 27178.582356, 0.000000
3064, 4, 5.000492, 210009606, 1.000046, 27108, 27108, 27108, 0, 6777, 0, 0, 0, 0, 0, 0, 31189268, 27106.760059, 27106.760059, 0.000000
3064, 5, 6.000535, 210008894, 1.000042, 27021, 27021, 27024, 0, 6756, 0, 0, 2, 0, 0, 0, 31582627, 27019.855645, 27022.855518, 0.000000
3064, 6, 7.000536, 210000228, 1.000001, 27186, 27186, 27181, 0, 6796, 0, 0, 0, 0, 0, 0, 31548069, 27185.970484, 27180.970489, 0.000000
3064, 7, 8.000557, 210004484, 1.000021, 27080, 27080, 27080, 0, 6770, 0, 0, 0, 0, 0, 0, 31079670, 27079.421790, 27079.421790, 0.000000
