ThreadID, cIDX, Time, cycles, deltaT, RX, OnRX, TX, SupTX, OnTX, Idle, OnIdle, Blocked, CacheMiss, CacheHit, CacheWB, CPUIdle, RX/s, TX/s, Sup/s
8240, 0, 0, 0, 0, 0, 0, 0, 0, 0, 0, 0, 0, 0, 0, 0, 0, 0, 0, 0
8240, 0, 1.000030, 210006280, 1.000030, 30538, 30538, 30546, 0, 7919, 0, 0, 0, 0, 0, 0, 28253746, 30537.086796, 30545.086556, 0.000000
8240, 1, 2.000397, 210077060, 1.000367, 30541, 30541, 30537, 0, 7918, 0, 0, 3, 0, 0, 0, 28149808, 30529.797018, 30525.798486, 0.000000
8240, 2, 3.000402, 210001097, 1.000005, 30581, 30581, 30576, 0, 7928, 0, 0, 7, 0, 0, 0, 28099625, 30580.840252, 30575.840278, 0.000000
8240, 3, 4.000412, 210002000, 1.000010, 30545, 30545, 30545, 0, 7918, 0, 0, 4, 0, 0, 0, 28205156, 30544.709098, 30544.709098, 0.000000
8240, 4, 5.000417, 210001155, 1.000006, 30557, 30557, 30565, 0, 7925, 0, 0, 0, 0, 0, 0, 28563835, 30556.831937, 30564.831893, 0.000000
8240, 5, 6.000424, 210001437, 1.000007, 30502, 30502, 30493, 0, 7905, 0, 0, 0, 0, 0, 0, 28892677, 30501.791281, 30492.791342, 0.000000
8240, 6, 7.000540, 210024310, 1.000116, 30535, 30535, 30534, 0, 7917, 0, 0, 2, 0, 0, 0, 28575519, 30531.465619, 30530.465735, 0.000000
8240, 7, 8.000563, 210004881, 1.000023, 30487, 30487, 30486, 0, 7904, 0, 0, 0, 0, 0, 0, 28146467, 30486.291411, 30485.291435, 0.000000
