ThreadID, cIDX, Time, cycles, deltaT, RX, OnRX, TX, SupTX, OnTX, Idle, OnIdle, Blocked, CacheMiss, CacheHit, CacheWB, CPUIdle, RX/s, TX/s, Sup/s
10896, 0, 0, 0, 0, 0, 0, 0, 0, 0, 0, 0, 0, 0, 0, 0, 0, 0, 0, 0
10896, 0, 1.000023, 210004870, 1.000023, 31709, 31709, 31720, 0, 7930, 0, 0, 0, 0, 0, 0, 29740544, 31708.264670, 31719.264415, 0.000000
10896, 1, 2.000034, 210002213, 1.000011, 31726, 31726, 31720, 0, 7930, 0, 0, 0, 0, 0, 0, 29757184, 31725.665672, 31719.665735, 0.000000
10896, 2, 3.000066, 210006828, 1.000033, 31677, 31677, 31680, 0, 7920, 0, 0, 5, 0, 0, 0, 29896659, 31675.970078, 31678.969981, 0.000000
10896, 3, 4.000073, 210001387, 1.000007, 31590, 31590, 31576, 0, 7894, 0, 0, 6, 0, 0, 0, 29891298, 31589.791357, 31575.791449, 0.000000
10896, 4, 5.000268, 210040882, 1.000195, 31586, 31586, 31576, 0, 7894, 0, 0, 6, 0, 0, 0, 30279081, 31579.852155, 31569.854101, 0.000000
10896, 5, 6.000280, 210002621, 1.000012, 31685, 31685, 31712, 0, 7928, 0, 0, 3, 0, 0, 0, 30697568, 31684.604546, 31711.604209, 0.000000
10896, 6, 7.000326, 210009638, 1.000046, 31541, 31541, 31525, 0, 7882, 0, 0, 0, 0, 0, 0, 30539857, 31539.552485, 31523.553219, 0.000000
10896, 7, 8.000356, 210006363, 1.000030, 31576, 31576, 31587, 0, 7896, 0, 0, 0, 0, 0, 0, 30370173, 31575.043276, 31586.042943, 0.000000
