ThreadID, cIDX, Time, cycles, deltaT, RX, OnRX, TX, SupTX, OnTX, Idle, OnIdle, Blocked, CacheMiss, CacheHit, CacheWB, CPUIdle, RX/s, TX/s, Sup/s
9559, 0, 0, 0, 0, 0, 0, 0, 0, 0, 0, 0, 0, 0, 0, 0, 0, 0, 0, 0
9559, 0, 1.000036, 210007631, 1.000036, 30536, 30536, 30545, 0, 7919, 0, 0, 0, 0, 0, 0, 29180649, 30534.890420, 30543.890093, 0.000000
9559, 1, 2.000560, 210109968, 1.000524, 30609, 30609, 30592, 0, 7932, 0, 0, 11, 0, 0, 0, 28987953, 30592.979768, 30575.988665, 0.000000
9559, 2, 3.000633, 210015406, 1.000073, 30555, 30555, 30558, 0, 7921, 0, 0, 11, 0, 0, 0, 29210520, 30552.758591, 30555.758371, 0.000000
9559, 3, 4.000657, 210004891, 1.000023, 30421, 30421, 30424, 0, 7888, 0, 0, 11, 0, 0, 0, 29198288, 30420.291497, 30423.291427, 0.000000
9559, 4, 5.000717, 210012647, 1.000060, 30524, 30524, 30526, 0, 7916, 0, 0, 2, 0, 0, 0, 29458252, 30522.161839, 30524.161719, 0.000000
9559, 5, 6.000729, 210002448, 1.000012, 30589, 30589, 30590, 0, 7931, 0, 0, 1, 0, 0, 0, 30002524, 30588.643424, 30589.643412, 0.000000
9559, 6, 7.000934, 210043238, 1.000206, 30551, 30551, 30537, 0, 7915, 0, 0, 0, 0, 0, 0, 29750784, 30544.710989, 30530.713871, 0.000000
9559, 7, 8.000936, 210000227, 1.000001, 30460, 30460, 30459, 0, 7897, 0, 0, 0, 0, 0, 0, 29781489, 30459.967074, 30458.967075, 0.000000
