ThreadID, cIDX, Time, cycles, deltaT, RX, OnRX, TX, SupTX, OnTX, Idle, OnIdle, Blocked, CacheMiss, CacheHit, CacheWB, CPUIdle, RX/s, TX/s, Sup/s
1879, 0, 0, 0, 0, 0, 0, 0, 0, 0, 0, 0, 0, 0, 0, 0, 0, 0, 0, 0
1879, 0, 1.000187, 210039228, 1.000187, 31620, 31620, 31636, 0, 7909, 0, 0, 0, 0, 0, 0, 29128451, 31614.094487, 31630.091499, 0.000000
1879, 1, 2.000329, 210029901, 1.000142, 31692, 31692, 31688, 0, 7922, 0, 0, 3, 0, 0, 0, 29048168, 31687.488154, 31683.488724, 0.000000
1879, 2, 3.000348, 210003907, 1.000019, 31700, 31700, 31696, 0, 7924, 0, 0, 11, 0, 0, 0, 29265758, 31699.410240, 31695.410314, 0.000000
1879, 3, 4.000383, 210007415, 1.000035, 31679, 31679, 31684, 0, 7921, 0, 0, 11, 0, 0, 0, 29312919, 31677.881469, 31682.881293, 0.000000
1879, 4, 5.000392, 210001902, 1.000009, 31693, 31693, 31676, 0, 7919, 0, 0, 0, 0, 0, 0, 29565817, 31692.712955, 31675.713109, 0.000000
1879, 5, 6.000419, 210005550, 1.000026, 31547, 31547, 31564, 0, 7891, 0, 0, 0, 0, 0, 0, 30045244, 31546.166280, 31563.165831, 0.000000
1879, 6, 7.000907, 210102641, 1.000489, 31734, 31734, 31708, 0, 7927, 0, 0, 0, 0, 0, 0, 29913229, 31718.497056, 31692.509758, 0.000000
1879, 7, 8.000910, 210000595, 1.000003, 31632, 31632, 31635, 0, 7909, 0, 0, 0, 0, 0, 0, 29522459, 31631.910376, 31634.910368, 0.000000
