ThreadID, cIDX, Time, cycles, deltaT, RX, OnRX, TX, SupTX, OnTX, Idle, OnIdle, Blocked, CacheMiss, CacheHit, CacheWB, CPUIdle, RX/s, TX/s, Sup/s
1803, 0, 0, 0, 0, 0, 0, 0, 0, 0, 0, 0, 0, 0, 0, 0, 0, 0, 0, 0
1803, 0, 1.000267, 210056020, 1.000267, 27224, 27224, 27228, 0, 6807, 0, 0, 0, 674232, 182131492, 276094, 31672090, 27216.739611, 27220.738544, 0.000000
1803, 1, 2.000381, 210023990, 1.000114, 27184, 27184, 27188, 0, 6797, 0, 0, 6, 578951, 182135526, 231841, 31783320, 27180.894906, 27184.894449, 0.000000
1803, 2, 3.000389, 210001745, 1.000008, 27126, 27126, 27116, 0, 6779, 0, 0, 0, 545088, 182073866, 215711, 31839192, 27125.774598, 27115.774681, 0.000000
1803, 3, 4.000419, 210006216, 1.000030, 27154, 27154, 27160, 0, 6790, 0, 0, 1, 530094, 181998427, 209240, 32041143, 27153.196265, 27159.196088, 0.000000
1803, 4, 5.000481, 210013036, 1.000062, 27102, 27102, 27100, 0, 6775, 0, 0, 0, 522538, 181918981, 204898, 32174077, 27100.317716, 27098.317840, 0.000000
1803, 5, 6.000514, 210006989, 1.000033, 27117, 27117, 27112, 0, 6778, 0, 0, 1, 511960, 181678691, 200253, 32672325, 27116.097550, 27111.097717, 0.000000
1803, 6, 7.000615, 210021137, 1.000101, 27080, 27080, 27080, 0, 6770, 0, 0, 0, 509557, 181786144, 198386, 32426331, 27077.274608, 27077.274608, 0.000000
1803, 7, 8.000728, 210023666, 1.000113, 27139, 27139, 27144, 0, 6786, 0, 0, 0, 508106, 181957789, 197056, 32198061, 27135.941909, 27140.941345, 0.000000
