ThreadID, cIDX, Time, cycles, deltaT, RX, OnRX, TX, SupTX, OnTX, Idle, OnIdle, Blocked, CacheMiss, CacheHit, CacheWB, CPUIdle, RX/s, TX/s, Sup/s
1080, 0, 0, 0, 0, 0, 0, 0, 0, 0, 0, 0, 0, 0, 0, 0, 0, 0, 0, 0
1080, 0, 1.000019, 210003991, 1.000019, 27092, 27092, 27085, 0, 6772, 0, 0, 0, 0, 0, 0, 28350630, 27091.485133, 27084.485266, 0.000000
1080, 1, 2.000285, 210055917, 1.000266, 27198, 27198, 27207, 0, 6801, 0, 0, 7, 0, 0, 0, 28328622, 27190.759878, 27199.757482, 0.000000
1080, 2, 3.000295, 210002077, 1.000010, 27175, 27175, 27166, 0, 6792, 0, 0, 8, 0, 0, 0, 28476060, 27174.731229, 27165.731318, 0.000000
1080, 3, 4.000331, 210007481, 1.000036, 27126, 27126, 27130, 0, 6782, 0, 0, 6, 0, 0, 0, 28237615, 27125.033703, 27129.033560, 0.000000
1080, 4, 5.000402, 210014869, 1.000071, 27094, 27094, 27092, 0, 6773, 0, 0, 0, 0, 0, 0, 28708132, 27092.081752, 27090.081893, 0.000000
1080, 5, 6.000414, 210002647, 1.000013, 27129, 27129, 27139, 0, 6785, 0, 0, 5, 0, 0, 0, 28751503, 27128.658050, 27138.657924, 0.000000
1080, 6, 7.000465, 210010588, 1.000050, 27091, 27091, 27097, 0, 6774, 0, 0, 1, 0, 0, 0, 28764937, 27089.634166, 27095.633864, 0.000000
1080, 7, 8.000494, 210006239, 1.000030, 27089, 27089, 27072, 0, 6768, 0, 0, 0, 0, 0, 0, 29003167, 27088.195223, 27071.195728, 0.000000
