ThreadID, cIDX, Time, cycles, deltaT, RX, OnRX, TX, SupTX, OnTX, Idle, OnIdle, Blocked, CacheMiss, CacheHit, CacheWB, CPUIdle, RX/s, TX/s, Sup/s
268, 0, 0, 0, 0, 0, 0, 0, 0, 0, 0, 0, 0, 0, 0, 0, 0, 0, 0, 0
268, 0, 1.000016, 210003292, 1.000016, 26139, 26139, 26141, 0, 6820, 0, 0, 0, 692168, 183258648, 289890, 29968197, 26138.590246, 26140.590215, 0.000000
268, 1, 2.000023, 210001439, 1.000007, 25989, 25989, 25995, 0, 6782, 0, 0, 0, 600080, 183345533, 241530, 29978027, 25988.821915, 25994.821874, 0.000000
268, 2, 3.000037, 210003064, 1.000015, 25951, 25951, 25944, 0, 6768, 0, 0, 0, 582977, 183268920, 236524, 30107652, 25950.621368, 25943.621470, 0.000000
268, 3, 4.000061, 210004956, 1.000024, 26090, 26090, 26092, 0, 6806, 0, 0, 0, 578293, 183332654, 234641, 30115677, 26089.384291, 26091.384243, 0.000000
268, 4, 5.000232, 210035926, 1.000171, 26030, 26030, 26023, 0, 6789, 0, 0, 0, 571203, 183181520, 232110, 30327540, 26025.547648, 26018.548846, 0.000000
268, 5, 6.000239, 210001501, 1.000007, 25944, 25944, 25946, 0, 6769, 0, 0, 0, 555246, 182960422, 222757, 30802889, 25943.814563, 25945.814549, 0.000000
268, 6, 7.000240, 210000232, 1.000001, 25981, 25981, 25982, 0, 6774, 0, 0, 0, 550275, 182971122, 219750, 30687155, 25980.971297, 25981.971296, 0.000000
268, 7, 8.000275, 210007246, 1.000035, 26077, 26077, 26084, 0, 6807, 0, 0, 0, 544533, 183037914, 216582, 30533587, 26076.100250, 26083.100009, 0.000000
