ThreadID, cIDX, Time, cycles, deltaT, RX, OnRX, TX, SupTX, OnTX, Idle, OnIdle, Blocked, CacheMiss, CacheHit, CacheWB, CPUIdle, RX/s, TX/s, Sup/s
2821, 0, 0, 0, 0, 0, 0, 0, 0, 0, 0, 0, 0, 0, 0, 0, 0, 0, 0, 0
2821, 0, 1.000084, 210017677, 1.000084, 31512, 31512, 31504, 0, 7876, 0, 0, 0, 657420, 182113204, 268719, 31617246, 31509.347663, 31501.348337, 0.000000
2821, 1, 2.000282, 210041640, 1.000198, 31643, 31643, 31633, 0, 7909, 0, 0, 7, 557287, 182205694, 222246, 31630128, 31636.726889, 31626.728871, 0.000000
2821, 2, 3.000310, 210005707, 1.000027, 31667, 31667, 31699, 0, 7924, 0, 0, 6, 544951, 182184565, 216534, 31617790, 31666.139435, 31698.138565, 0.000000
2821, 3, 4.000338, 210005919, 1.000028, 31638, 31638, 31627, 0, 7907, 0, 0, 7, 538805, 182136014, 213615, 31737419, 31637.108286, 31626.108596, 0.000000
2821, 4, 5.000386, 210010022, 1.000048, 31696, 31696, 31691, 0, 7923, 0, 0, 11, 536539, 181949181, 212283, 32026277, 31694.487418, 31689.487657, 0.000000
2821, 5, 6.000432, 210009682, 1.000046, 31612, 31612, 31599, 0, 7900, 0, 0, 1, 527965, 181682299, 208547, 32545211, 31610.542603, 31597.543203, 0.000000
2821, 6, 7.000607, 210036888, 1.000176, 31551, 31551, 31555, 0, 7888, 0, 0, 1, 525915, 181826113, 208238, 32312618, 31545.458815, 31549.458112, 0.000000
2821, 7, 8.000613, 210001164, 1.000006, 31742, 31742, 31756, 0, 7939, 0, 0, 1, 518997, 181855512, 203292, 32255733, 31741.824060, 31755.823982, 0.000000
