ThreadID, cIDX, Time, cycles, deltaT, RX, OnRX, TX, SupTX, OnTX, Idle, OnIdle, Blocked, CacheMiss, CacheHit, CacheWB, CPUIdle, RX/s, TX/s, Sup/s
8384, 0, 0, 0, 0, 0, 0, 0, 0, 0, 0, 0, 0, 0, 0, 0, 0, 0, 0, 0
8384, 0, 1.000042, 210008791, 1.000042, 31666, 31666, 31652, 0, 7913, 0, 0, 0, 645196, 182423080, 256977, 28492701, 31664.674456, 31650.675042, 0.000000
8384, 1, 2.000396, 210074408, 1.000354, 31722, 31722, 31720, 0, 7930, 0, 0, 11, 563107, 182557312, 218385, 28390685, 31710.764121, 31708.764830, 0.000000
8384, 2, 3.000402, 210001276, 1.000006, 31699, 31699, 31704, 0, 7926, 0, 0, 7, 539558, 182451286, 207311, 28442749, 31698.807392, 31703.807362, 0.000000
8384, 3, 4.000433, 210006478, 1.000031, 31677, 31677, 31683, 0, 7921, 0, 0, 6, 532345, 182512323, 202779, 28358684, 31676.022870, 31682.022685, 0.000000
8384, 4, 5.000447, 210002879, 1.000014, 31641, 31641, 31657, 0, 7914, 0, 0, 0, 524609, 182352767, 199619, 28646419, 31640.566223, 31656.566004, 0.000000
8384, 5, 6.000506, 210012490, 1.000059, 31618, 31618, 31620, 0, 7905, 0, 0, 0, 517570, 182171488, 196018, 29077154, 31616.119594, 31618.119475, 0.000000
8384, 6, 7.000831, 210068127, 1.000324, 31727, 31727, 31700, 0, 7925, 0, 0, 2, 504046, 182214156, 188048, 29027826, 31716.710646, 31689.719402, 0.000000
8384, 7, 8.000909, 210016526, 1.000079, 31623, 31623, 31628, 0, 7907, 0, 0, 1, 499535, 182363791, 186352, 28485044, 31620.511616, 31625.511223, 0.000000
