ThreadID, cIDX, Time, cycles, deltaT, RX, OnRX, TX, SupTX, OnTX, Idle, OnIdle, Blocked, CacheMiss, CacheHit, CacheWB, CPUIdle, RX/s, TX/s, Sup/s
2720, 0, 0, 0, 0, 0, 0, 0, 0, 0, 0, 0, 0, 0, 0, 0, 0, 0, 0, 0
2720, 0, 1.000021, 210004494, 1.000021, 30652, 30652, 30655, 0, 7947, 0, 0, 0, 0, 0, 0, 28255495, 30651.344061, 30654.343997, 0.000000
2720, 1, 2.000447, 210089384, 1.000426, 30549, 30549, 30546, 0, 7920, 0, 0, 2, 0, 0, 0, 28172879, 30536.002714, 30533.003990, 0.000000
2720, 2, 3.000571, 210026024, 1.000124, 30550, 30550, 30541, 0, 7920, 0, 0, 6, 0, 0, 0, 28124359, 30546.214597, 30537.215712, 0.000000
2720, 3, 4.000576, 210000981, 1.000005, 30502, 30502, 30512, 0, 7909, 0, 0, 9, 0, 0, 0, 28361212, 30501.857513, 30511.857466, 0.000000
2720, 4, 5.000701, 210026326, 1.000125, 30503, 30503, 30486, 0, 7903, 0, 0, 0, 0, 0, 0, 28829508, 30499.176565, 30482.178696, 0.000000
2720, 5, 6.000734, 210006936, 1.000033, 30496, 30496, 30520, 0, 7913, 0, 0, 4, 0, 0, 0, 29143034, 30494.992794, 30518.992001, 0.000000
2720, 6, 7.000738, 210000833, 1.000004, 30435, 30435, 30433, 0, 7891, 0, 0, 1, 0, 0, 0, 28957738, 30434.879275, 30432.879283, 0.000000
2720, 7, 8.000746, 210001585, 1.000008, 30511, 30511, 30509, 0, 7909, 0, 0, 3, 0, 0, 0, 28717969, 30510.769716, 30508.769731, 0.000000
