ThreadID, cIDX, Time, cycles, deltaT, RX, OnRX, TX, SupTX, OnTX, Idle, OnIdle, Blocked, CacheMiss, CacheHit, CacheWB, CPUIdle, RX/s, TX/s, Sup/s
10013, 0, 0, 0, 0, 0, 0, 0, 0, 0, 0, 0, 0, 0, 0, 0, 0, 0, 0, 0
10013, 0, 1.000006, 210001339, 1.000006, 27246, 27246, 27248, 0, 6812, 0, 0, 0, 0, 0, 0, 29707466, 27245.826275, 27247.826263, 0.000000
10013, 1, 2.000075, 210014354, 1.000068, 27162, 27162, 27160, 0, 6790, 0, 0, 7, 0, 0, 0, 29685599, 27160.143540, 27158.143676, 0.000000
10013, 2, 3.000080, 210001113, 1.000005, 27131, 27131, 27139, 0, 6785, 0, 0, 8, 0, 0, 0, 29910930, 27130.856206, 27138.856164, 0.000000
10013, 3, 4.000151, 210014801, 1.000070, 27036, 27036, 27029, 0, 6757, 0, 0, 8, 0, 0, 0, 29950056, 27034.094611, 27027.095105, 0.000000
10013, 4, 5.000156, 210001178, 1.000006, 27109, 27109, 27105, 0, 6777, 0, 0, 4, 0, 0, 0, 30243193, 27108.847932, 27104.847955, 0.000000
10013, 5, 6.000163, 210001491, 1.000007, 27146, 27146, 27151, 0, 6787, 0, 0, 9, 0, 0, 0, 30573423, 27145.807265, 27150.807229, 0.000000
10013, 6, 7.000171, 210001659, 1.000008, 26973, 26973, 26972, 0, 6743, 0, 0, 4, 0, 0, 0, 30458105, 26972.786915, 26971.786923, 0.000000
10013, 7, 8.000200, 210006127, 1.000029, 27154, 27154, 27149, 0, 6788, 0, 0, 0, 0, 0, 0, 30291531, 27153.207773, 27148.207919, 0.000000
