ThreadID, cIDX, Time, cycles, deltaT, RX, OnRX, TX, SupTX, OnTX, Idle, OnIdle, Blocked, CacheMiss, CacheHit, CacheWB, CPUIdle, RX/s, TX/s, Sup/s
10113, 0, 0, 0, 0, 0, 0, 0, 0, 0, 0, 0, 0, 0, 0, 0, 0, 0, 0, 0
10113, 0, 1.000031, 210006555, 1.000031, 31630, 31630, 31640, 0, 7910, 0, 0, 0, 641719, 182143672, 267746, 31606178, 31629.012723, 31639.012411, 0.000000
10113, 1, 2.000059, 210005791, 1.000028, 31643, 31643, 31632, 0, 7908, 0, 0, 0, 564735, 182130339, 231321, 31780212, 31642.127431, 31631.127734, 0.000000
10113, 2, 3.000135, 210015913, 1.000076, 31665, 31665, 31652, 0, 7913, 0, 0, 1, 548661, 182050477, 223781, 31967303, 31662.600729, 31649.601714, 0.000000
10113, 3, 4.000202, 210014222, 1.000068, 31641, 31641, 31672, 0, 7918, 0, 0, 10, 542076, 182004261, 220517, 32030943, 31638.857296, 31669.855197, 0.000000
10113, 4, 5.000254, 210010844, 1.000052, 31696, 31696, 31672, 0, 7918, 0, 0, 0, 537758, 181905167, 217058, 32212192, 31694.363363, 31670.364603, 0.000000
10113, 5, 6.000281, 210005700, 1.000027, 31576, 31576, 31592, 0, 7898, 0, 0, 7, 524642, 181681778, 211859, 32583571, 31575.142960, 31591.142526, 0.000000
10113, 6, 7.000303, 210004646, 1.000022, 31569, 31569, 31576, 0, 7894, 0, 0, 0, 520668, 181753048, 209305, 32421547, 31568.301589, 31575.301434, 0.000000
10113, 7, 8.000446, 210030077, 1.000143, 31760, 31760, 31732, 0, 7933, 0, 0, 0, 513422, 181915230, 205666, 32292940, 31755.451863, 31727.455873, 0.000000
