ThreadID, cIDX, Time, cycles, deltaT, RX, OnRX, TX, SupTX, OnTX, Idle, OnIdle, Blocked, CacheMiss, CacheHit, CacheWB, CPUIdle, RX/s, TX/s, Sup/s
1651, 0, 0, 0, 0, 0, 0, 0, 0, 0, 0, 0, 0, 0, 0, 0, 0, 0, 0, 0
1651, 0, 1.000022, 210004533, 1.000022, 30522, 30522, 30535, 0, 7916, 0, 0, 0, 0, 0, 0, 30812342, 30521.341175, 30534.340894, 0.000000
1651, 1, 2.000169, 210030910, 1.000147, 30512, 30512, 30492, 0, 7905, 0, 0, 1, 0, 0, 0, 30952424, 30507.509585, 30487.512529, 0.000000
1651, 2, 3.000193, 210005013, 1.000024, 30531, 30531, 30525, 0, 7914, 0, 0, 7, 0, 0, 0, 30950885, 30530.271199, 30524.271342, 0.000000
1651, 3, 4.000206, 210002807, 1.000013, 30567, 30567, 30590, 0, 7932, 0, 0, 14, 0, 0, 0, 31184427, 30566.591427, 30589.591119, 0.000000
1651, 4, 5.000218, 210002622, 1.000012, 30510, 30510, 30499, 0, 7908, 0, 0, 7, 0, 0, 0, 31268873, 30509.619066, 30498.619203, 0.000000
1651, 5, 6.000235, 210003552, 1.000017, 30483, 30483, 30494, 0, 7905, 0, 0, 4, 0, 0, 0, 31597532, 30482.484411, 30493.484224, 0.000000
1651, 6, 7.000482, 210051783, 1.000247, 30529, 30529, 30508, 0, 7908, 0, 0, 0, 0, 0, 0, 31489886, 30521.473841, 30500.479018, 0.000000
1651, 7, 8.000999, 210108518, 1.000517, 30576, 30576, 30578, 0, 7930, 0, 0, 1, 0, 0, 0, 31435756, 30560.207940, 30562.206907, 0.000000
