ThreadID, cIDX, Time, cycles, deltaT, RX, OnRX, TX, SupTX, OnTX, Idle, OnIdle, Blocked, CacheMiss, CacheHit, CacheWB, CPUIdle, RX/s, TX/s, Sup/s
8325, 0, 0, 0, 0, 0, 0, 0, 0, 0, 0, 0, 0, 0, 0, 0, 0, 0, 0, 0
8325, 0, 1.000116, 210024399, 1.000116, 31518, 31518, 31501, 0, 7876, 0, 0, 1, 653820, 182339491, 269132, 31727082, 31514.338484, 31497.340459, 0.000000
8325, 1, 2.000378, 210055048, 1.000262, 31674, 31674, 31676, 0, 7919, 0, 0, 9, 571513, 182470598, 227735, 31639860, 31665.699365, 31667.698841, 0.000000
8325, 2, 3.000386, 210001606, 1.000008, 31712, 31712, 31711, 0, 7927, 0, 0, 4, 552875, 182378331, 220111, 31693276, 31711.757481, 31710.757488, 0.000000
8325, 3, 4.000415, 210006171, 1.000029, 31689, 31689, 31691, 0, 7923, 0, 0, 6, 545611, 182401199, 215515, 31779015, 31688.068823, 31690.068765, 0.000000
8325, 4, 5.000729, 210065924, 1.000314, 31623, 31623, 31621, 0, 7905, 0, 0, 0, 536983, 182297440, 211620, 32021152, 31613.075903, 31611.076530, 0.000000
8325, 5, 6.000738, 210001896, 1.000009, 31634, 31634, 31644, 0, 7911, 0, 0, 0, 528436, 182059035, 207608, 32378269, 31633.714393, 31643.714302, 0.000000
8325, 6, 7.000801, 210013197, 1.000063, 31615, 31615, 31632, 0, 7908, 0, 0, 0, 515675, 182130680, 200031, 32227105, 31613.013348, 31630.012280, 0.000000
8325, 7, 8.000895, 210019758, 1.000094, 31601, 31601, 31572, 0, 7893, 0, 0, 0, 516821, 182314336, 201334, 31897044, 31598.027077, 31569.029805, 0.000000
