ThreadID, cIDX, Time, cycles, deltaT, RX, OnRX, TX, SupTX, OnTX, Idle, OnIdle, Blocked, CacheMiss, CacheHit, CacheWB, CPUIdle, RX/s, TX/s, Sup/s
8700, 0, 0, 0, 0, 0, 0, 0, 0, 0, 0, 0, 0, 0, 0, 0, 0, 0, 0, 0
8700, 0, 1.000072, 210015119, 1.000072, 27268, 27268, 27268, 0, 6817, 0, 0, 0, 0, 0, 0, 30348620, 27266.036975, 27266.036975, 0.000000
8700, 1, 2.000272, 210041974, 1.000200, 27087, 27087, 27086, 0, 6772, 0, 0, 8, 0, 0, 0, 30325188, 27081.587036, 27080.587235, 0.000000
8700, 2, 3.000276, 210000958, 1.000005, 27083, 27083, 27080, 0, 6770, 0, 0, 7, 0, 0, 0, 30419180, 27082.876450, 27079.876464, 0.000000
8700, 3, 4.000299, 210004810, 1.000023, 27198, 27198, 27202, 0, 6800, 0, 0, 3, 0, 0, 0, 30264794, 27197.377051, 27201.376959, 0.000000
8700, 4, 5.000309, 210002102, 1.000010, 27159, 27159, 27160, 0, 6790, 0, 0, 0, 0, 0, 0, 30909685, 27158.728154, 27159.728144, 0.000000
8700, 5, 6.000337, 210005807, 1.000028, 27084, 27084, 27089, 0, 6773, 0, 0, 0, 0, 0, 0, 30953674, 27083.251084, 27088.250945, 0.000000
8700, 6, 7.000479, 210029723, 1.000142, 27095, 27095, 27083, 0, 6770, 0, 0, 0, 0, 0, 0, 30979822, 27091.165568, 27079.167266, 0.000000
8700, 7, 8.000498, 210004175, 1.000020, 27215, 27215, 27220, 0, 6805, 0, 0, 0, 0, 0, 0, 30941176, 27214.458951, 27219.458851, 0.000000
