ThreadID, cIDX, Time, cycles, deltaT, RX, OnRX, TX, SupTX, OnTX, Idle, OnIdle, Blocked, CacheMiss, CacheHit, CacheWB, CPUIdle, RX/s, TX/s, Sup/s
9025, 0, 0, 0, 0, 0, 0, 0, 0, 0, 0, 0, 0, 0, 0, 0, 0, 0, 0, 0
9025, 0, 1.000024, 210005036, 1.000024, 31629, 31629, 31632, 0, 7908, 0, 0, 0, 652742, 182301513, 267748, 28566755, 31628.241525, 31631.241453, 0.000000
9025, 1, 2.000056, 210006723, 1.000032, 31661, 31661, 31655, 0, 7914, 0, 0, 5, 569510, 182415603, 228380, 28437588, 31659.986428, 31653.986620, 0.000000
9025, 2, 3.000318, 210055051, 1.000262, 31715, 31715, 31705, 0, 7926, 0, 0, 5, 553594, 182374427, 218118, 28521256, 31706.688167, 31696.690788, 0.000000
9025, 3, 4.000606, 210060439, 1.000288, 31732, 31732, 31744, 0, 7936, 0, 0, 7, 544133, 182406999, 213745, 28541013, 31722.870007, 31734.866554, 0.000000
9025, 4, 5.000709, 210021626, 1.000103, 31672, 31672, 31664, 0, 7916, 0, 0, 0, 533482, 182076635, 209186, 29229004, 31668.738723, 31660.739547, 0.000000
9025, 5, 6.001009, 210063100, 1.000300, 31619, 31619, 31625, 0, 7907, 0, 0, 0, 517616, 182091181, 201303, 29173862, 31609.502097, 31615.500295, 0.000000
9025, 6, 7.001034, 210005071, 1.000024, 31665, 31665, 31679, 0, 7919, 0, 0, 0, 512909, 182121711, 197957, 29051004, 31664.235384, 31678.235046, 0.000000
9025, 7, 8.001390, 210074776, 1.000356, 31758, 31758, 31732, 0, 7933, 0, 0, 2, 513814, 182121122, 197421, 29239400, 31746.695758, 31720.705012, 0.000000
