ThreadID, cIDX, Time, cycles, deltaT, RX, OnRX, TX, SupTX, OnTX, Idle, OnIdle, Blocked, CacheMiss, CacheHit, CacheWB, CPUIdle, RX/s, TX/s, Sup/s
958, 0, 0, 0, 0, 0, 0, 0, 0, 0, 0, 0, 0, 0, 0, 0, 0, 0, 0, 0
958, 0, 1.000004, 210000745, 1.000004, 27238, 27238, 27240, 0, 6810, 0, 0, 0, 0, 0, 0, 25889381, 27237.903370, 27239.903363, 0.000000
958, 1, 2.000017, 210002920, 1.000014, 27093, 27093, 27089, 0, 6773, 0, 0, 0, 0, 0, 0, 25871845, 27092.623284, 27088.623339, 0.000000
958, 2, 3.000074, 210011817, 1.000056, 27069, 27069, 27067, 0, 6766, 0, 0, 1, 0, 0, 0, 26150010, 27067.476874, 27065.476987, 0.000000
958, 3, 4.000122, 210010197, 1.000049, 27209, 27209, 27212, 0, 6803, 0, 0, 0, 0, 0, 0, 26059586, 27207.678873, 27210.678727, 0.000000
958, 4, 5.000136, 210002808, 1.000013, 27145, 27145, 27141, 0, 6786, 0, 0, 0, 0, 0, 0, 26430770, 27144.637037, 27140.637091, 0.000000
958, 5, 6.000209, 210015502, 1.000074, 27094, 27094, 27103, 0, 6775, 0, 0, 0, 0, 0, 0, 26569033, 27092.000094, 27100.999430, 0.000000
958, 6, 7.000248, 210008090, 1.000039, 27073, 27073, 27060, 0, 6765, 0, 0, 0, 0, 0, 0, 26635176, 27071.957085, 27058.957586, 0.000000
958, 7, 8.000351, 210021591, 1.000103, 27199, 27199, 27208, 0, 6802, 0, 0, 2, 0, 0, 0, 26618961, 27196.203842, 27205.202916, 0.000000
