ThreadID, cIDX, Time, cycles, deltaT, RX, OnRX, TX, SupTX, OnTX, Idle, OnIdle, Blocked, CacheMiss, CacheHit, CacheWB, CPUIdle, RX/s, TX/s, Sup/s
10469, 0, 0, 0, 0, 0, 0, 0, 0, 0, 0, 0, 0, 0, 0, 0, 0, 0, 0, 0
10469, 0, 1.000503, 210105704, 1.000503, 31617, 31617, 31628, 0, 7907, 0, 0, 1, 0, 0, 0, 28990009, 31601.093514, 31612.087980, 0.000000
10469, 1, 2.000843, 210071360, 1.000340, 31650, 31650, 31631, 0, 7908, 0, 0, 13, 0, 0, 0, 29079588, 31639.248682, 31620.255136, 0.000000
10469, 2, 3.000875, 210006736, 1.000032, 31682, 31682, 31676, 0, 7919, 0, 0, 7, 0, 0, 0, 29037397, 31680.983795, 31674.983987, 0.000000
10469, 3, 4.000878, 210000648, 1.000003, 31680, 31680, 31696, 0, 7924, 0, 0, 7, 0, 0, 0, 29239806, 31679.902245, 31695.902196, 0.000000
10469, 4, 5.000928, 210010394, 1.000049, 31718, 31718, 31705, 0, 7926, 0, 0, 0, 0, 0, 0, 29367077, 31716.430188, 31703.430831, 0.000000
10469, 5, 6.001194, 210055990, 1.000267, 31556, 31556, 31552, 0, 7888, 0, 0, 5, 0, 0, 0, 29974941, 31547.588812, 31543.589878, 0.000000
10469, 6, 7.001257, 210013122, 1.000062, 31617, 31617, 31616, 0, 7904, 0, 0, 0, 0, 0, 0, 29828739, 31615.024513, 31614.024575, 0.000000
10469, 7, 8.001745, 210102584, 1.000488, 31693, 31693, 31693, 0, 7924, 0, 0, 0, 0, 0, 0, 29629287, 31677.525680, 31677.525680, 0.000000
