ThreadID, cIDX, Time, cycles, deltaT, RX, OnRX, TX, SupTX, OnTX, Idle, OnIdle, Blocked, CacheMiss, CacheHit, CacheWB, CPUIdle, RX/s, TX/s, Sup/s
1152, 0, 0, 0, 0, 0, 0, 0, 0, 0, 0, 0, 0, 0, 0, 0, 0, 0, 0, 0
1152, 0, 1.000473, 210099329, 1.000473, 30615, 30615, 30622, 0, 7939, 0, 0, 1, 658937, 182071727, 274864, 31801897, 30600.526097, 30607.522787, 0.000000
1152, 1, 2.000519, 210009702, 1.000046, 30519, 30519, 30512, 0, 7911, 0, 0, 0, 576799, 182127338, 234291, 31713839, 30517.590087, 30510.590411, 0.000000
1152, 2, 3.000597, 210016242, 1.000077, 30495, 30495, 30494, 0, 7906, 0, 0, 2, 554300, 182020592, 223106, 31853088, 30492.641612, 30491.641689, 0.000000
1152, 3, 4.000600, 210000816, 1.000004, 30631, 30631, 30643, 0, 7944, 0, 0, 0, 534774, 182115787, 212788, 31683417, 30630.880977, 30642.880931, 0.000000
1152, 4, 5.000640, 210008332, 1.000040, 30492, 30492, 30492, 0, 7905, 0, 0, 5, 526007, 181957341, 208344, 32116023, 30490.790242, 30490.790242, 0.000000
1152, 5, 6.000679, 210008064, 1.000038, 30471, 30471, 30449, 0, 7895, 0, 0, 0, 521428, 181830687, 205133, 32261094, 30469.829959, 30447.830803, 0.000000
1152, 6, 7.000868, 210039710, 1.000189, 30581, 30581, 30578, 0, 7926, 0, 0, 0, 518778, 181926226, 203811, 32190889, 30575.218372, 30572.218939, 0.000000
1152, 7, 8.001131, 210055354, 1.000264, 30533, 30533, 30534, 0, 7917, 0, 0, 1, 516338, 181963091, 202781, 32186163, 30524.953913, 30525.953649, 0.000000
