ThreadID, cIDX, Time, cycles, deltaT, RX, OnRX, TX, SupTX, OnTX, Idle, OnIdle, Blocked, CacheMiss, CacheHit, CacheWB, CPUIdle, RX/s, TX/s, Sup/s
34, 0, 0, 0, 0, 0, 0, 0, 0, 0, 0, 0, 0, 0, 0, 0, 0, 0, 0, 0
34, 0, 1.000083, 210017433, 1.000083, 31732, 31732, 31732, 0, 7933, 0, 0, 0, 0, 0, 0, 25752912, 31729.366009, 31729.366009, 0.000000
34, 1, 2.000131, 210010158, 1.000048, 31680, 31680, 31665, 0, 7917, 0, 0, 3, 0, 0, 0, 25745805, 31678.467667, 31663.468393, 0.000000
34, 2, 3.000146, 210003144, 1.000015, 31687, 31687, 31691, 0, 7922, 0, 0, 2, 0, 0, 0, 25930682, 31686.525607, 31690.525548, 0.000000
34, 3, 4.000151, 210001079, 1.000005, 31614, 31614, 31632, 0, 7908, 0, 0, 0, 0, 0, 0, 25963853, 31613.837565, 31631.837473, 0.000000
34, 4, 5.000159, 210001574, 1.000007, 31627, 31627, 31620, 0, 7905, 0, 0, 0, 0, 0, 0, 26291184, 31626.762950, 31619.763002, 0.000000
34, 5, 6.000509, 210073537, 1.000350, 31646, 31646, 31632, 0, 7908, 0, 0, 1, 0, 0, 0, 26494038, 31634.922203, 31620.927104, 0.000000
34, 6, 7.000513, 210000807, 1.000004, 31578, 31578, 31601, 0, 7901, 0, 0, 0, 0, 0, 0, 26277568, 31577.878651, 31600.878562, 0.000000
34, 7, 8.000518, 210000954, 1.000005, 31619, 31619, 31619, 0, 7904, 0, 0, 1, 0, 0, 0, 25899266, 31618.856360, 31618.856360, 0.000000
