ThreadID, cIDX, Time, cycles, deltaT, RX, OnRX, TX, SupTX, OnTX, Idle, OnIdle, Blocked, CacheMiss, CacheHit, CacheWB, CPUIdle, RX/s, TX/s, Sup/s
10949, 0, 0, 0, 0, 0, 0, 0, 0, 0, 0, 0, 0, 0, 0, 0, 0, 0, 0, 0
10949, 0, 1.000006, 210001162, 1.000006, 31529, 31529, 31535, 0, 7884, 0, 0, 0, 644616, 182124773, 269705, 28958305, 31528.825540, 31534.825507, 0.000000
10949, 1, 2.000155, 210031289, 1.000149, 31691, 31691, 31673, 0, 7918, 0, 0, 5, 563533, 182127263, 229096, 29136383, 31686.278895, 31668.281577, 0.000000
10949, 2, 3.000625, 210098765, 1.000470, 31643, 31643, 31653, 0, 7914, 0, 0, 13, 555827, 182071153, 226446, 29361610, 31628.124992, 31638.120291, 0.000000
10949, 3, 4.000630, 210001160, 1.000006, 31703, 31703, 31706, 0, 7926, 0, 0, 10, 542185, 182071145, 220327, 29078369, 31702.824880, 31705.824863, 0.000000
10949, 4, 5.000641, 210002137, 1.000010, 31646, 31646, 31650, 0, 7913, 0, 0, 5, 527234, 181875223, 212726, 29653730, 31645.677968, 31649.677927, 0.000000
10949, 5, 6.000650, 210001914, 1.000009, 31627, 31627, 31627, 0, 7906, 0, 0, 2, 519466, 181637048, 208704, 29994023, 31626.711745, 31626.711745, 0.000000
10949, 6, 7.000947, 210062474, 1.000297, 31586, 31586, 31564, 0, 7891, 0, 0, 0, 517768, 181865272, 208800, 29660008, 31576.606110, 31554.612653, 0.000000
10949, 7, 8.000951, 210000883, 1.000004, 31733, 31733, 31745, 0, 7937, 0, 0, 0, 515990, 181845344, 205733, 29729713, 31732.866571, 31744.866520, 0.000000
