ThreadID, cIDX, Time, cycles, deltaT, RX, OnRX, TX, SupTX, OnTX, Idle, OnIdle, Blocked, CacheMiss, CacheHit, CacheWB, CPUIdle, RX/s, TX/s, Sup/s
2082, 0, 0, 0, 0, 0, 0, 0, 0, 0, 0, 0, 0, 0, 0, 0, 0, 0, 0, 0
2082, 0, 1.000036, 210007497, 1.000036, 31587, 31587, 31588, 0, 7897, 0, 0, 3, 0, 0, 0, 28233007, 31585.872384, 31586.872349, 0.000000
2082, 1, 2.000068, 210006701, 1.000032, 31670, 31670, 31660, 0, 7915, 0, 0, 5, 0, 0, 0, 28123859, 31668.989458, 31658.989777, 0.000000
2082, 2, 3.000434, 210076894, 1.000366, 31656, 31656, 31672, 0, 7918, 0, 0, 4, 0, 0, 0, 28558486, 31644.413021, 31660.407165, 0.000000
2082, 3, 4.000452, 210003917, 1.000019, 31647, 31647, 31637, 0, 7910, 0, 0, 12, 0, 0, 0, 28666036, 31646.409719, 31636.409906, 0.000000
2082, 4, 5.000768, 210066366, 1.000316, 31705, 31705, 31695, 0, 7923, 0, 0, 6, 0, 0, 0, 28755474, 31694.983480, 31684.986639, 0.000000
2082, 5, 6.000774, 210001089, 1.000005, 31568, 31568, 31579, 0, 7895, 0, 0, 3, 0, 0, 0, 29264223, 31567.836298, 31578.836241, 0.000000
2082, 6, 7.000816, 210008913, 1.000042, 31593, 31593, 31585, 0, 7896, 0, 0, 2, 0, 0, 0, 29011060, 31591.659160, 31583.659499, 0.000000
2082, 7, 8.001026, 210044033, 1.000210, 31739, 31739, 31740, 0, 7935, 0, 0, 4, 0, 0, 0, 28847848, 31732.346331, 31733.346122, 0.000000
