ThreadID, cIDX, Time, cycles, deltaT, RX, OnRX, TX, SupTX, OnTX, Idle, OnIdle, Blocked, CacheMiss, CacheHit, CacheWB, CPUIdle, RX/s, TX/s, Sup/s
1701, 0, 0, 0, 0, 0, 0, 0, 0, 0, 0, 0, 0, 0, 0, 0, 0, 0, 0, 0
1701, 0, 1.000309, 210064961, 1.000309, 31549, 31549, 31564, 0, 7891, 0, 0, 0, 0, 0, 0, 28364917, 31539.243710, 31554.239072, 0.000000
1701, 1, 2.000322, 210002609, 1.000012, 31680, 31680, 31659, 0, 7915, 0, 0, 3, 0, 0, 0, 28327773, 31679.606419, 31658.606680, 0.000000
1701, 2, 3.000326, 210000895, 1.000004, 31676, 31676, 31677, 0, 7919, 0, 0, 7, 0, 0, 0, 28436183, 31675.865000, 31676.864996, 0.000000
1701, 3, 4.000328, 210000403, 1.000002, 31733, 31733, 31743, 0, 7936, 0, 0, 9, 0, 0, 0, 28574744, 31732.939103, 31742.939084, 0.000000
1701, 4, 5.000332, 210000851, 1.000004, 31712, 31712, 31721, 0, 7930, 0, 0, 6, 0, 0, 0, 28823238, 31711.871491, 31720.871455, 0.000000
1701, 5, 6.000564, 210048688, 1.000232, 31582, 31582, 31552, 0, 7888, 0, 0, 0, 0, 0, 0, 29021585, 31574.679486, 31544.686440, 0.000000
1701, 6, 7.001082, 210108907, 1.000519, 31674, 31674, 31672, 0, 7918, 0, 0, 0, 0, 0, 0, 28918509, 31657.582227, 31655.583264, 0.000000
1701, 7, 8.001312, 210048298, 1.000230, 31725, 31725, 31728, 0, 7932, 0, 0, 0, 0, 0, 0, 28966663, 31717.705230, 31720.704540, 0.000000
