ThreadID, cIDX, Time, cycles, deltaT, RX, OnRX, TX, SupTX, OnTX, Idle, OnIdle, Blocked, CacheMiss, CacheHit, CacheWB, CPUIdle, RX/s, TX/s, Sup/s
11249, 0, 0, 0, 0, 0, 0, 0, 0, 0, 0, 0, 0, 0, 0, 0, 0, 0, 0, 0
11249, 0, 1.000228, 210047966, 1.000228, 30577, 30577, 30585, 0, 7930, 0, 0, 0, 0, 0, 0, 30855921, 30570.017517, 30578.015690, 0.000000
11249, 1, 2.000243, 210003091, 1.000015, 30590, 30590, 30585, 0, 7930, 0, 0, 4, 0, 0, 0, 30735759, 30589.549751, 30584.549825, 0.000000
11249, 2, 3.000334, 210019062, 1.000091, 30542, 30542, 30529, 0, 7915, 0, 0, 8, 0, 0, 0, 30907771, 30539.227911, 30526.229091, 0.000000
11249, 3, 4.000446, 210023463, 1.000112, 30466, 30466, 30471, 0, 7898, 0, 0, 11, 0, 0, 0, 30978440, 30462.596458, 30467.595899, 0.000000
11249, 4, 5.000465, 210004123, 1.000020, 30497, 30497, 30507, 0, 7908, 0, 0, 9, 0, 0, 0, 31328227, 30496.401254, 30506.401058, 0.000000
11249, 5, 6.000885, 210088067, 1.000419, 30541, 30541, 30522, 0, 7914, 0, 0, 0, 0, 0, 0, 31650670, 30528.197492, 30509.205456, 0.000000
11249, 6, 7.000905, 210004339, 1.000021, 30433, 30433, 30456, 0, 7894, 0, 0, 0, 0, 0, 0, 31446738, 30432.371209, 30455.370734, 0.000000
11249, 7, 8.000913, 210001648, 1.000008, 30465, 30465, 30464, 0, 7899, 0, 0, 0, 0, 0, 0, 31204106, 30464.760924, 30463.760932, 0.000000
