ThreadID, cIDX, Time, cycles, deltaT, RX, OnRX, TX, SupTX, OnTX, Idle, OnIdle, Blocked, CacheMiss, CacheHit, CacheWB, CPUIdle, RX/s, TX/s, Sup/s
1490, 0, 0, 0, 0, 0, 0, 0, 0, 0, 0, 0, 0, 0, 0, 0, 0, 0, 0, 0
1490, 0, 1.000244, 210051180, 1.000244, 31674, 31674, 31657, 0, 7915, 0, 0, 1, 0, 0, 0, 29214326, 31666.282475, 31649.286617, 0.000000
1490, 1, 2.000248, 210000969, 1.000005, 31668, 31668, 31680, 0, 7920, 0, 0, 5, 0, 0, 0, 29159292, 31667.853875, 31679.853820, 0.000000
1490, 2, 3.000267, 210003826, 1.000018, 31654, 31654, 31672, 0, 7918, 0, 0, 3, 0, 0, 0, 29330620, 31653.423305, 31671.422977, 0.000000
1490, 3, 4.000279, 210002703, 1.000013, 31713, 31713, 31711, 0, 7927, 0, 0, 4, 0, 0, 0, 29316113, 31712.591814, 31710.591839, 0.000000
1490, 4, 5.000296, 210003537, 1.000017, 31602, 31602, 31596, 0, 7899, 0, 0, 2, 0, 0, 0, 29667620, 31601.467741, 31595.467842, 0.000000
1490, 5, 6.000306, 210002004, 1.000010, 31620, 31620, 31610, 0, 7903, 0, 0, 4, 0, 0, 0, 29872735, 31619.698258, 31609.698353, 0.000000
1490, 6, 7.000308, 210000522, 1.000002, 31719, 31719, 31719, 0, 7930, 0, 0, 4, 0, 0, 0, 29645498, 31718.921156, 31718.921156, 0.000000
1490, 7, 8.000446, 210028892, 1.000138, 31643, 31643, 31667, 0, 7916, 0, 0, 0, 0, 0, 0, 29707743, 31638.647125, 31662.643823, 0.000000
