ThreadID, cIDX, Time, cycles, deltaT, RX, OnRX, TX, SupTX, OnTX, Idle, OnIdle, Blocked, CacheMiss, CacheHit, CacheWB, CPUIdle, RX/s, TX/s, Sup/s
183, 0, 0, 0, 0, 0, 0, 0, 0, 0, 0, 0, 0, 0, 0, 0, 0, 0, 0, 0
183, 0, 1.000097, 210020473, 1.000097, 31512, 31512, 31516, 0, 7879, 0, 0, 0, 0, 0, 0, 25969783, 31508.928180, 31512.927790, 0.000000
183, 1, 2.000165, 210014256, 1.000068, 31668, 31668, 31680, 0, 7920, 0, 0, 0, 0, 0, 0, 25851925, 31665.850341, 31677.849527, 0.000000
183, 2, 3.000172, 210001381, 1.000007, 31703, 31703, 31689, 0, 7923, 0, 0, 3, 0, 0, 0, 25976930, 31702.791516, 31688.791608, 0.000000
183, 3, 4.000244, 210015188, 1.000072, 31604, 31604, 31615, 0, 7903, 0, 0, 1, 0, 0, 0, 25885698, 31601.714444, 31612.713648, 0.000000
183, 4, 5.000805, 210117714, 1.000561, 31660, 31660, 31628, 0, 7907, 0, 0, 0, 0, 0, 0, 26194287, 31642.263155, 31610.281083, 0.000000
183, 5, 6.000957, 210031883, 1.000152, 31662, 31662, 31660, 0, 7915, 0, 0, 0, 0, 0, 0, 26497651, 31657.193684, 31655.193988, 0.000000
183, 6, 7.001242, 210059862, 1.000285, 31551, 31551, 31552, 0, 7888, 0, 0, 0, 0, 0, 0, 26358533, 31542.008725, 31543.008440, 0.000000
183, 7, 8.001647, 210085066, 1.000405, 31683, 31683, 31692, 0, 7923, 0, 0, 1, 0, 0, 0, 26142244, 31670.171168, 31679.167524, 0.000000
