ThreadID, cIDX, Time, cycles, deltaT, RX, OnRX, TX, SupTX, OnTX, Idle, OnIdle, Blocked, CacheMiss, CacheHit, CacheWB, CPUIdle, RX/s, TX/s, Sup/s
2618, 0, 0, 0, 0, 0, 0, 0, 0, 0, 0, 0, 0, 0, 0, 0, 0, 0, 0, 0
2618, 0, 1.000040, 210008325, 1.000040, 27231, 27231, 27228, 0, 6807, 0, 0, 1, 0, 0, 0, 28198418, 27229.920528, 27226.920647, 0.000000
2618, 1, 2.000342, 210063554, 1.000303, 27148, 27148, 27151, 0, 6788, 0, 0, 4, 0, 0, 0, 28253503, 27139.786467, 27142.785559, 0.000000
2618, 2, 3.000471, 210027036, 1.000129, 27132, 27132, 27137, 0, 6784, 0, 0, 1, 0, 0, 0, 28282092, 27128.507398, 27133.506755, 0.000000
2618, 3, 4.000612, 210029602, 1.000141, 27144, 27144, 27140, 0, 6785, 0, 0, 2, 0, 0, 0, 28478174, 27140.174269, 27136.174833, 0.000000
2618, 4, 5.000628, 210003331, 1.000016, 27188, 27188, 27190, 0, 6798, 0, 0, 5, 0, 0, 0, 28743727, 27187.568753, 27189.568722, 0.000000
2618, 5, 6.000656, 210005838, 1.000028, 27043, 27043, 27038, 0, 6759, 0, 0, 1, 0, 0, 0, 29306388, 27042.248225, 27037.248364, 0.000000
2618, 6, 7.000715, 210012526, 1.000060, 27207, 27207, 27212, 0, 6803, 0, 0, 1, 0, 0, 0, 29178085, 27205.377264, 27210.376966, 0.000000
2618, 7, 8.000824, 210022832, 1.000109, 27107, 27107, 27100, 0, 6775, 0, 0, 0, 0, 0, 0, 28848793, 27104.053144, 27097.053905, 0.000000
