ThreadID, cIDX, Time, cycles, deltaT, RX, OnRX, TX, SupTX, OnTX, Idle, OnIdle, Blocked, CacheMiss, CacheHit, CacheWB, CPUIdle, RX/s, TX/s, Sup/s
9545, 0, 0, 0, 0, 0, 0, 0, 0, 0, 0, 0, 0, 0, 0, 0, 0, 0, 0, 0
9545, 0, 1.000062, 210012917, 1.000062, 27143, 27143, 27140, 0, 6785, 0, 0, 1, 654798, 182038705, 273174, 29238791, 27141.330550, 27138.330734, 0.000000
9545, 1, 2.000331, 210056601, 1.000270, 27183, 27183, 27192, 0, 6798, 0, 0, 4, 577363, 182193477, 238029, 28976965, 27175.675379, 27184.672954, 0.000000
9545, 2, 3.000618, 210060187, 1.000287, 27133, 27133, 27121, 0, 6781, 0, 0, 4, 566160, 182084681, 233371, 29296105, 27125.225781, 27113.229219, 0.000000
9545, 3, 4.000661, 210009027, 1.000043, 27164, 27164, 27167, 0, 6791, 0, 0, 4, 561936, 182058524, 230383, 29161236, 27162.832386, 27165.832257, 0.000000
9545, 4, 5.000680, 210004033, 1.000019, 27098, 27098, 27100, 0, 6775, 0, 0, 7, 547068, 181931687, 223184, 29455318, 27097.479599, 27099.479561, 0.000000
9545, 5, 6.000788, 210022773, 1.000108, 27110, 27110, 27108, 0, 6777, 0, 0, 0, 533632, 181701039, 216162, 29999744, 27107.060433, 27105.060650, 0.000000
9545, 6, 7.000806, 210003758, 1.000018, 27090, 27090, 27091, 0, 6773, 0, 0, 0, 524552, 181850081, 210636, 29663891, 27089.515227, 27090.515209, 0.000000
9545, 7, 8.000871, 210013595, 1.000065, 27124, 27124, 27113, 0, 6778, 0, 0, 0, 528107, 181851256, 212009, 29794093, 27122.244158, 27111.244870, 0.000000
