ThreadID, cIDX, Time, cycles, deltaT, RX, OnRX, TX, SupTX, OnTX, Idle, OnIdle, Blocked, CacheMiss, CacheHit, CacheWB, CPUIdle, RX/s, TX/s, Sup/s
631, 0, 0, 0, 0, 0, 0, 0, 0, 0, 0, 0, 0, 0, 0, 0, 0, 0, 0, 0
631, 0, 1.000006, 210001273, 1.000006, 31539, 31539, 31550, 0, 7888, 0, 0, 0, 0, 0, 0, 28647999, 31538.808815, 31549.808748, 0.000000
631, 1, 2.000218, 210044607, 1.000212, 31687, 31687, 31662, 0, 7915, 0, 0, 1, 0, 0, 0, 28658717, 31680.270658, 31655.275967, 0.000000
631, 2, 3.000233, 210003000, 1.000014, 31700, 31700, 31717, 0, 7930, 0, 0, 0, 0, 0, 0, 28858486, 31699.547149, 31716.546906, 0.000000
631, 3, 4.000236, 210000634, 1.000003, 31683, 31683, 31679, 0, 7919, 0, 0, 0, 0, 0, 0, 28630774, 31682.904348, 31678.904360, 0.000000
631, 4, 5.000416, 210037949, 1.000181, 31654, 31654, 31640, 0, 7910, 0, 0, 0, 0, 0, 0, 29262843, 31648.280854, 31634.283384, 0.000000
631, 5, 6.000423, 210001468, 1.000007, 31622, 31622, 31637, 0, 7910, 0, 0, 0, 0, 0, 0, 29429533, 31621.778949, 31636.778844, 0.000000
631, 6, 7.000425, 210000370, 1.000002, 31587, 31587, 31586, 0, 7896, 0, 0, 0, 0, 0, 0, 29300616, 31586.944347, 31585.944349, 0.000000
631, 7, 8.000430, 210000935, 1.000004, 31662, 31662, 31671, 0, 7918, 0, 0, 2, 0, 0, 0, 29312333, 31661.859029, 31670.858989, 0.000000
