ThreadID, cIDX, Time, cycles, deltaT, RX, OnRX, TX, SupTX, OnTX, Idle, OnIdle, Blocked, CacheMiss, CacheHit, CacheWB, CPUIdle, RX/s, TX/s, Sup/s
644, 0, 0, 0, 0, 0, 0, 0, 0, 0, 0, 0, 0, 0, 0, 0, 0, 0, 0, 0
644, 0, 1.000081, 210017103, 1.000081, 31609, 31609, 31596, 0, 7899, 0, 0, 0, 703214, 183323689, 289085, 29444426, 31606.425882, 31593.426941, 0.000000
644, 1, 2.000083, 210000366, 1.000002, 31674, 31674, 31673, 0, 7919, 0, 0, 0, 612051, 183407242, 244653, 29471770, 31673.944797, 31672.944799, 0.000000
644, 2, 3.000109, 210005467, 1.000026, 31693, 31693, 31719, 0, 7929, 0, 0, 0, 589264, 183317125, 232290, 29681247, 31692.174947, 31718.174270, 0.000000
644, 3, 4.000169, 210012597, 1.000060, 31681, 31681, 31656, 0, 7914, 0, 0, 0, 579595, 183385497, 226780, 29491496, 31679.099707, 31654.101206, 0.000000
644, 4, 5.000182, 210002608, 1.000012, 31637, 31637, 31633, 0, 7909, 0, 0, 0, 565115, 183092298, 221198, 30042654, 31636.607103, 31632.607153, 0.000000
644, 5, 6.000189, 210001518, 1.000007, 31601, 31601, 31620, 0, 7905, 0, 0, 0, 556010, 182987448, 215602, 30241328, 31600.771572, 31619.771434, 0.000000
644, 6, 7.000393, 210042852, 1.000204, 31664, 31664, 31647, 0, 7911, 0, 0, 0, 558953, 183114280, 217226, 30166053, 31657.540053, 31640.543521, 0.000000
644, 7, 8.000418, 210005193, 1.000025, 31619, 31619, 31644, 0, 7911, 0, 0, 0, 554088, 183089938, 214490, 30108554, 31618.218127, 31643.217508, 0.000000
