ThreadID, cIDX, Time, cycles, deltaT, RX, OnRX, TX, SupTX, OnTX, Idle, OnIdle, Blocked, CacheMiss, CacheHit, CacheWB, CPUIdle, RX/s, TX/s, Sup/s
3016, 0, 0, 0, 0, 0, 0, 0, 0, 0, 0, 0, 0, 0, 0, 0, 0, 0, 0, 0
3016, 0, 1.000460, 210096604, 1.000460, 27172, 27172, 27168, 0, 6792, 0, 0, 1, 663271, 182110879, 273110, 29240954, 27159.506110, 27155.507949, 0.000000
3016, 1, 2.000558, 210020672, 1.000098, 27167, 27167, 27172, 0, 6793, 0, 0, 4, 572666, 182230207, 228521, 28942534, 27164.325995, 27169.325503, 0.000000
3016, 2, 3.000579, 210004335, 1.000021, 27122, 27122, 27124, 0, 6781, 0, 0, 1, 553165, 182133370, 221895, 29012561, 27121.440136, 27123.440095, 0.000000
3016, 3, 4.000613, 210007168, 1.000034, 27172, 27172, 27172, 0, 6793, 0, 0, 1, 545104, 182162721, 217037, 29092425, 27171.072561, 27171.072561, 0.000000
3016, 4, 5.000698, 210017800, 1.000085, 27121, 27121, 27120, 0, 6780, 0, 0, 5, 537800, 181966779, 213456, 29488382, 27118.701367, 27117.701452, 0.000000
3016, 5, 6.000714, 210003341, 1.000016, 27010, 27010, 27012, 0, 6753, 0, 0, 2, 529424, 181760271, 209709, 29891115, 27009.570291, 27011.570259, 0.000000
3016, 6, 7.000736, 210004736, 1.000023, 27193, 27193, 27184, 0, 6796, 0, 0, 0, 520061, 181767370, 204359, 29833798, 27192.386747, 27183.386950, 0.000000
3016, 7, 8.000787, 210010523, 1.000050, 27062, 27062, 27064, 0, 6766, 0, 0, 0, 522378, 182005882, 206041, 29352534, 27060.644004, 27062.643904, 0.000000
