ThreadID, cIDX, Time, cycles, deltaT, RX, OnRX, TX, SupTX, OnTX, Idle, OnIdle, Blocked, CacheMiss, CacheHit, CacheWB, CPUIdle, RX/s, TX/s, Sup/s
8481, 0, 0, 0, 0, 0, 0, 0, 0, 0, 0, 0, 0, 0, 0, 0, 0, 0, 0, 0
8481, 0, 1.000029, 210006134, 1.000029, 31624, 31624, 31636, 0, 7909, 0, 0, 0, 0, 0, 0, 27695183, 31623.076305, 31635.075954, 0.000000
8481, 1, 2.000043, 210002992, 1.000014, 31668, 31668, 31664, 0, 7916, 0, 0, 6, 0, 0, 0, 27571725, 31667.548813, 31663.548870, 0.000000
8481, 2, 3.000103, 210012494, 1.000059, 31725, 31725, 31718, 0, 7930, 0, 0, 7, 0, 0, 0, 27784950, 31723.112626, 31716.113042, 0.000000
8481, 3, 4.000135, 210006807, 1.000032, 31681, 31681, 31689, 0, 7922, 0, 0, 10, 0, 0, 0, 27692163, 31679.973116, 31687.972857, 0.000000
8481, 4, 5.000158, 210004662, 1.000022, 31686, 31686, 31661, 0, 7915, 0, 0, 3, 0, 0, 0, 27883600, 31685.296586, 31660.297141, 0.000000
8481, 5, 6.000160, 210000490, 1.000002, 31624, 31624, 31635, 0, 7909, 0, 0, 0, 0, 0, 0, 28400570, 31623.926211, 31634.926185, 0.000000
8481, 6, 7.000167, 210001403, 1.000007, 31664, 31664, 31667, 0, 7917, 0, 0, 0, 0, 0, 0, 28328904, 31663.788456, 31666.788436, 0.000000
8481, 7, 8.000498, 210069498, 1.000331, 31625, 31625, 31614, 0, 7903, 0, 0, 0, 0, 0, 0, 28241741, 31614.537395, 31603.541034, 0.000000
