ThreadID, cIDX, Time, cycles, deltaT, RX, OnRX, TX, SupTX, OnTX, Idle, OnIdle, Blocked, CacheMiss, CacheHit, CacheWB, CPUIdle, RX/s, TX/s, Sup/s
9962, 0, 0, 0, 0, 0, 0, 0, 0, 0, 0, 0, 0, 0, 0, 0, 0, 0, 0, 0
9962, 0, 1.000042, 210008804, 1.000042, 27187, 27187, 27180, 0, 6795, 0, 0, 0, 0, 0, 0, 28864307, 27185.860265, 27178.860559, 0.000000
9962, 1, 2.000061, 210004105, 1.000020, 27197, 27197, 27208, 0, 6802, 0, 0, 7, 0, 0, 0, 28870345, 27196.468374, 27207.468159, 0.000000
9962, 2, 3.000065, 210000789, 1.000004, 27160, 27160, 27164, 0, 6791, 0, 0, 7, 0, 0, 0, 29051130, 27159.897956, 27163.897941, 0.000000
9962, 3, 4.000077, 210002576, 1.000012, 27104, 27104, 27097, 0, 6775, 0, 0, 0, 0, 0, 0, 29169422, 27103.667528, 27096.667614, 0.000000
9962, 4, 5.000119, 210008794, 1.000042, 27105, 27105, 27107, 0, 6776, 0, 0, 8, 0, 0, 0, 29458816, 27103.864993, 27105.864910, 0.000000
9962, 5, 6.000121, 210000338, 1.000002, 27146, 27146, 27139, 0, 6785, 0, 0, 7, 0, 0, 0, 29821012, 27145.956308, 27138.956319, 0.000000
9962, 6, 7.000181, 210012584, 1.000060, 27085, 27085, 27089, 0, 6772, 0, 0, 5, 0, 0, 0, 29579892, 27083.377061, 27087.376821, 0.000000
9962, 7, 8.000332, 210031641, 1.000151, 27093, 27093, 27088, 0, 6772, 0, 0, 0, 0, 0, 0, 29444651, 27088.918474, 27083.919227, 0.000000
