ThreadID, cIDX, Time, cycles, deltaT, RX, OnRX, TX, SupTX, OnTX, Idle, OnIdle, Blocked, CacheMiss, CacheHit, CacheWB, CPUIdle, RX/s, TX/s, Sup/s
8237, 0, 0, 0, 0, 0, 0, 0, 0, 0, 0, 0, 0, 0, 0, 0, 0, 0, 0, 0
8237, 0, 1.000388, 210081466, 1.000388, 27219, 27219, 27214, 0, 6804, 0, 0, 2, 0, 0, 0, 28258883, 27208.444937, 27203.446876, 0.000000
8237, 1, 2.000421, 210006950, 1.000033, 27125, 27125, 27130, 0, 6782, 0, 0, 1, 0, 0, 0, 28117265, 27124.102321, 27129.102156, 0.000000
8237, 2, 3.000445, 210005111, 1.000024, 27112, 27112, 27105, 0, 6777, 0, 0, 3, 0, 0, 0, 28053636, 27111.340162, 27104.340332, 0.000000
8237, 3, 4.000447, 210000368, 1.000002, 27182, 27182, 27191, 0, 6797, 0, 0, 3, 0, 0, 0, 28207404, 27181.952367, 27190.952351, 0.000000
8237, 4, 5.000654, 210043396, 1.000207, 27158, 27158, 27144, 0, 6786, 0, 0, 0, 0, 0, 0, 28546665, 27152.389023, 27138.391916, 0.000000
8237, 5, 6.000690, 210007681, 1.000037, 27099, 27099, 27109, 0, 6778, 0, 0, 0, 0, 0, 0, 28921275, 27098.008858, 27108.008492, 0.000000
8237, 6, 7.000839, 210031182, 1.000148, 27124, 27124, 27115, 0, 6778, 0, 0, 0, 0, 0, 0, 28627247, 27119.973071, 27110.974408, 0.000000
8237, 7, 8.000859, 210004220, 1.000020, 27193, 27193, 27204, 0, 6801, 0, 0, 3, 0, 0, 0, 28081750, 27192.453561, 27203.453340, 0.000000
