ThreadID, cIDX, Time, cycles, deltaT, RX, OnRX, TX, SupTX, OnTX, Idle, OnIdle, Blocked, CacheMiss, CacheHit, CacheWB, CPUIdle, RX/s, TX/s, Sup/s
10056, 0, 0, 0, 0, 0, 0, 0, 0, 0, 0, 0, 0, 0, 0, 0, 0, 0, 0, 0
10056, 0, 1.000027, 210005712, 1.000027, 27144, 27144, 27142, 0, 6786, 0, 0, 0, 650977, 182118534, 271366, 29114642, 27143.261703, 27141.261758, 0.000000
10056, 1, 2.000029, 210000426, 1.000002, 27166, 27166, 27162, 0, 6790, 0, 0, 8, 566487, 182121357, 229153, 29027161, 27165.944892, 27161.944900, 0.000000
10056, 2, 3.000039, 210001982, 1.000009, 27165, 27165, 27165, 0, 6792, 0, 0, 4, 545637, 181998317, 219096, 29321288, 27164.743617, 27164.743617, 0.000000
10056, 3, 4.000059, 210004265, 1.000020, 27092, 27092, 27095, 0, 6773, 0, 0, 11, 535572, 181967192, 213442, 29422996, 27091.449786, 27094.449725, 0.000000
10056, 4, 5.000152, 210019623, 1.000093, 27163, 27163, 27161, 0, 6791, 0, 0, 9, 529249, 181881181, 209737, 29629617, 27160.462049, 27158.462236, 0.000000
10056, 5, 6.000240, 210018444, 1.000088, 27096, 27096, 27099, 0, 6774, 0, 0, 8, 514040, 181683968, 202544, 29955698, 27093.620406, 27096.620143, 0.000000
10056, 6, 7.000288, 210010049, 1.000048, 27163, 27163, 27164, 0, 6791, 0, 0, 2, 518360, 181772507, 204156, 29826474, 27161.700248, 27162.700200, 0.000000
10056, 7, 8.000295, 210001411, 1.000007, 27139, 27139, 27140, 0, 6785, 0, 0, 0, 517082, 181863243, 203655, 29673489, 27138.817653, 27139.817646, 0.000000
