ThreadID, cIDX, Time, cycles, deltaT, RX, OnRX, TX, SupTX, OnTX, Idle, OnIdle, Blocked, CacheMiss, CacheHit, CacheWB, CPUIdle, RX/s, TX/s, Sup/s
2350, 0, 0, 0, 0, 0, 0, 0, 0, 0, 0, 0, 0, 0, 0, 0, 0, 0, 0, 0
2350, 0, 1.000003, 210000545, 1.000003, 27253, 27253, 27260, 0, 6815, 0, 0, 1, 0, 0, 0, 28062194, 27252.929272, 27259.929254, 0.000000
2350, 1, 2.000489, 210102071, 1.000486, 27158, 27158, 27152, 0, 6788, 0, 0, 0, 0, 0, 0, 28138115, 27144.806202, 27138.809117, 0.000000
2350, 2, 3.000509, 210004195, 1.000020, 27133, 27133, 27138, 0, 6785, 0, 0, 3, 0, 0, 0, 28506674, 27132.457997, 27137.457897, 0.000000
2350, 3, 4.000789, 210058933, 1.000281, 27151, 27151, 27146, 0, 6786, 0, 0, 3, 0, 0, 0, 28643044, 27143.382662, 27138.384065, 0.000000
2350, 4, 5.000801, 210002470, 1.000012, 27126, 27126, 27125, 0, 6782, 0, 0, 5, 0, 0, 0, 28627298, 27125.680950, 27124.680962, 0.000000
2350, 5, 6.000802, 210000289, 1.000001, 27078, 27078, 27075, 0, 6768, 0, 0, 0, 0, 0, 0, 29161204, 27077.962736, 27074.962740, 0.000000
2350, 6, 7.000815, 210002701, 1.000013, 27099, 27099, 27100, 0, 6775, 0, 0, 0, 0, 0, 0, 29024370, 27098.651460, 27099.651447, 0.000000
2350, 7, 8.000941, 210026511, 1.000126, 27112, 27112, 27116, 0, 6779, 0, 0, 3, 0, 0, 0, 28682538, 27108.577736, 27112.577231, 0.000000
