ThreadID, cIDX, Time, cycles, deltaT, RX, OnRX, TX, SupTX, OnTX, Idle, OnIdle, Blocked, CacheMiss, CacheHit, CacheWB, CPUIdle, RX/s, TX/s, Sup/s
719, 0, 0, 0, 0, 0, 0, 0, 0, 0, 0, 0, 0, 0, 0, 0, 0, 0, 0, 0
719, 0, 1.000021, 210004334, 1.000021, 27264, 27264, 27260, 0, 6815, 0, 0, 0, 699774, 183233174, 291898, 26760038, 27263.437335, 27259.437417, 0.000000
719, 1, 2.000073, 210011054, 1.000053, 27101, 27101, 27108, 0, 6777, 0, 0, 0, 608662, 183343934, 247995, 26684962, 27099.573530, 27106.573162, 0.000000
719, 2, 3.000076, 210000646, 1.000003, 27140, 27140, 27144, 0, 6786, 0, 0, 0, 586397, 183222984, 237928, 26919960, 27139.916512, 27143.916500, 0.000000
719, 3, 4.000244, 210035247, 1.000168, 27193, 27193, 27188, 0, 6797, 0, 0, 0, 581303, 183289637, 234544, 26870712, 27188.436615, 27183.437454, 0.000000
719, 4, 5.000247, 210000688, 1.000003, 27092, 27092, 27093, 0, 6774, 0, 0, 0, 571133, 183005510, 229901, 27288719, 27091.911242, 27092.911238, 0.000000
719, 5, 6.000371, 210025875, 1.000123, 27100, 27100, 27095, 0, 6773, 0, 0, 1, 566606, 182927103, 227712, 27586521, 27096.661304, 27091.661920, 0.000000
719, 6, 7.000382, 210002331, 1.000011, 27200, 27200, 27196, 0, 6799, 0, 0, 0, 563174, 183030522, 225135, 27307593, 27199.698083, 27195.698128, 0.000000
719, 7, 8.000425, 210009129, 1.000043, 27082, 27082, 27088, 0, 6772, 0, 0, 0, 558129, 183030252, 223965, 27475415, 27080.822758, 27086.822497, 0.000000
