ThreadID, cIDX, Time, cycles, deltaT, RX, OnRX, TX, SupTX, OnTX, Idle, OnIdle, Blocked, CacheMiss, CacheHit, CacheWB, CPUIdle, RX/s, TX/s, Sup/s
8817, 0, 0, 0, 0, 0, 0, 0, 0, 0, 0, 0, 0, 0, 0, 0, 0, 0, 0, 0
8817, 0, 1.000027, 210005772, 1.000027, 31590, 31590, 31592, 0, 7898, 0, 0, 0, 0, 0, 0, 30948186, 31589.131750, 31591.131695, 0.000000
8817, 1, 2.000029, 210000256, 1.000001, 31700, 31700, 31708, 0, 7927, 0, 0, 4, 0, 0, 0, 30637133, 31699.961356, 31707.961346, 0.000000
8817, 2, 3.000076, 210009843, 1.000047, 31693, 31693, 31696, 0, 7924, 0, 0, 0, 0, 0, 0, 30821061, 31691.514573, 31694.514433, 0.000000
8817, 3, 4.000174, 210020724, 1.000099, 31731, 31731, 31704, 0, 7926, 0, 0, 0, 0, 0, 0, 30849498, 31727.868913, 31700.871577, 0.000000
8817, 4, 5.000520, 210072564, 1.000346, 31693, 31693, 31696, 0, 7924, 0, 0, 2, 0, 0, 0, 31456032, 31682.052493, 31685.051457, 0.000000
8817, 5, 6.000546, 210005457, 1.000026, 31590, 31590, 31597, 0, 7900, 0, 0, 0, 0, 0, 0, 31604090, 31589.179133, 31596.178951, 0.000000
8817, 6, 7.000560, 210002953, 1.000014, 31718, 31718, 31735, 0, 7933, 0, 0, 0, 0, 0, 0, 31592919, 31717.553991, 31734.553752, 0.000000
8817, 7, 8.000566, 210001343, 1.000006, 31658, 31658, 31657, 0, 7915, 0, 0, 1, 0, 0, 0, 31435653, 31657.797541, 31656.797547, 0.000000
