ThreadID, cIDX, Time, cycles, deltaT, RX, OnRX, TX, SupTX, OnTX, Idle, OnIdle, Blocked, CacheMiss, CacheHit, CacheWB, CPUIdle, RX/s, TX/s, Sup/s
2013, 0, 0, 0, 0, 0, 0, 0, 0, 0, 0, 0, 0, 0, 0, 0, 0, 0, 0, 0
2013, 0, 1.000004, 210000865, 1.000004, 27259, 27259, 27260, 0, 6815, 0, 0, 0, 0, 0, 0, 29111174, 27258.887719, 27259.887715, 0.000000
2013, 1, 2.000011, 210001362, 1.000006, 27183, 27183, 27188, 0, 6797, 0, 0, 0, 0, 0, 0, 29069842, 27182.823700, 27187.823668, 0.000000
2013, 2, 3.000017, 210001359, 1.000006, 27108, 27108, 27094, 0, 6774, 0, 0, 3, 0, 0, 0, 29341831, 27107.824574, 27093.824664, 0.000000
2013, 3, 4.000085, 210014183, 1.000068, 27153, 27153, 27162, 0, 6790, 0, 0, 9, 0, 0, 0, 29446783, 27151.166262, 27160.165654, 0.000000
2013, 4, 5.000154, 210014506, 1.000069, 27067, 27067, 27060, 0, 6765, 0, 0, 0, 0, 0, 0, 29510831, 27065.130444, 27058.130927, 0.000000
2013, 5, 6.000196, 210008817, 1.000042, 27113, 27113, 27124, 0, 6781, 0, 0, 0, 0, 0, 0, 29945061, 27111.861689, 27122.861227, 0.000000
2013, 6, 7.000213, 210003690, 1.000018, 27082, 27082, 27080, 0, 6770, 0, 0, 0, 0, 0, 0, 29818168, 27081.524139, 27079.524174, 0.000000
2013, 7, 8.000347, 210028025, 1.000133, 27099, 27099, 27088, 0, 6772, 0, 0, 0, 0, 0, 0, 29698862, 27095.384056, 27084.385524, 0.000000
