ThreadID, cIDX, Time, cycles, deltaT, RX, OnRX, TX, SupTX, OnTX, Idle, OnIdle, Blocked, CacheMiss, CacheHit, CacheWB, CPUIdle, RX/s, TX/s, Sup/s
2032, 0, 0, 0, 0, 0, 0, 0, 0, 0, 0, 0, 0, 0, 0, 0, 0, 0, 0, 0
2032, 0, 1.000004, 210000871, 1.000004, 30556, 30556, 30555, 0, 7922, 0, 0, 0, 0, 0, 0, 30870895, 30555.873266, 30554.873270, 0.000000
2032, 1, 2.000014, 210002112, 1.000010, 30537, 30537, 30541, 0, 7919, 0, 0, 0, 0, 0, 0, 30793672, 30536.692888, 30540.692848, 0.000000
2032, 2, 3.000056, 210008847, 1.000042, 30565, 30565, 30551, 0, 7921, 0, 0, 0, 0, 0, 0, 31105622, 30563.712394, 30549.712984, 0.000000
2032, 3, 4.000112, 210011789, 1.000056, 30560, 30560, 30566, 0, 7922, 0, 0, 10, 0, 0, 0, 31243952, 30558.284516, 30564.284179, 0.000000
2032, 4, 5.000179, 210013874, 1.000066, 30490, 30490, 30506, 0, 7909, 0, 0, 5, 0, 0, 0, 31301641, 30487.985760, 30503.984703, 0.000000
2032, 5, 6.000192, 210002840, 1.000014, 30438, 30438, 30438, 0, 7892, 0, 0, 0, 0, 0, 0, 31760506, 30437.588368, 30437.588368, 0.000000
2032, 6, 7.000337, 210030403, 1.000145, 30549, 30549, 30525, 0, 7915, 0, 0, 0, 0, 0, 0, 31606113, 30544.577872, 30520.581347, 0.000000
2032, 7, 8.000345, 210001675, 1.000008, 30465, 30465, 30487, 0, 7904, 0, 0, 1, 0, 0, 0, 31401938, 30464.757007, 30486.756832, 0.000000
