ThreadID, cIDX, Time, cycles, deltaT, RX, OnRX, TX, SupTX, OnTX, Idle, OnIdle, Blocked, CacheMiss, CacheHit, CacheWB, CPUIdle, RX/s, TX/s, Sup/s
2881, 0, 0, 0, 0, 0, 0, 0, 0, 0, 0, 0, 0, 0, 0, 0, 0, 0, 0, 0
2881, 0, 1.000432, 210090652, 1.000432, 31713, 31713, 31720, 0, 7930, 0, 0, 1, 659063, 182123662, 275034, 29129213, 31699.316160, 31706.313140, 0.000000
2881, 1, 2.000444, 210002659, 1.000013, 31723, 31723, 31720, 0, 7930, 0, 0, 0, 583594, 182215315, 235997, 28890972, 31722.598331, 31719.598369, 0.000000
2881, 2, 3.000449, 210001009, 1.000005, 31689, 31689, 31695, 0, 7924, 0, 0, 9, 566062, 182141035, 227743, 29032460, 31688.847743, 31694.847714, 0.000000
2881, 3, 4.000567, 210024729, 1.000118, 31576, 31576, 31561, 0, 7890, 0, 0, 5, 534025, 182119266, 212372, 29096577, 31572.282138, 31557.283904, 0.000000
2881, 4, 5.000614, 210009861, 1.000047, 31608, 31608, 31624, 0, 7906, 0, 0, 8, 521410, 181916914, 205038, 29506815, 31606.515848, 31622.515097, 0.000000
2881, 5, 6.000823, 210043939, 1.000209, 31686, 31686, 31660, 0, 7915, 0, 0, 3, 512611, 181688653, 201682, 30056947, 31679.371619, 31653.377058, 0.000000
2881, 6, 7.000833, 210001995, 1.000009, 31536, 31536, 31564, 0, 7891, 0, 0, 0, 509039, 181807683, 200908, 29704129, 31535.700411, 31563.700145, 0.000000
2881, 7, 8.000840, 210001570, 1.000007, 31602, 31602, 31593, 0, 7899, 0, 0, 0, 505148, 181878916, 198176, 29678910, 31601.763739, 31592.763806, 0.000000
