ThreadID, cIDX, Time, cycles, deltaT, RX, OnRX, TX, SupTX, OnTX, Idle, OnIdle, Blocked, CacheMiss, CacheHit, CacheWB, CPUIdle, RX/s, TX/s, Sup/s
10739, 0, 0, 0, 0, 0, 0, 0, 0, 0, 0, 0, 0, 0, 0, 0, 0, 0, 0, 0
10739, 0, 1.000729, 210153066, 1.000729, 31556, 31556, 31545, 0, 7887, 0, 0, 1, 0, 0, 0, 30893583, 31533.016035, 31522.024047, 0.000000
10739, 1, 2.000827, 210020524, 1.000098, 31678, 31678, 31677, 0, 7919, 0, 0, 6, 0, 0, 0, 30842989, 31674.904306, 31673.904404, 0.000000
10739, 2, 3.000841, 210002979, 1.000014, 31689, 31689, 31703, 0, 7926, 0, 0, 9, 0, 0, 0, 30962443, 31688.550475, 31702.550277, 0.000000
10739, 3, 4.000996, 210032614, 1.000155, 31623, 31623, 31604, 0, 7901, 0, 0, 9, 0, 0, 0, 31109884, 31618.089560, 31599.092510, 0.000000
10739, 4, 5.001008, 210002528, 1.000012, 31687, 31687, 31719, 0, 7929, 0, 0, 8, 0, 0, 0, 31317658, 31686.618553, 31718.618168, 0.000000
10739, 5, 6.001367, 210075296, 1.000359, 31586, 31586, 31556, 0, 7889, 0, 0, 1, 0, 0, 0, 31862713, 31574.678824, 31544.689576, 0.000000
10739, 6, 7.001541, 210036501, 1.000174, 31598, 31598, 31600, 0, 7900, 0, 0, 0, 0, 0, 0, 31581253, 31592.508771, 31594.508423, 0.000000
10739, 7, 8.001573, 210006755, 1.000032, 31685, 31685, 31708, 0, 7927, 0, 0, 0, 0, 0, 0, 31419687, 31683.980832, 31706.980092, 0.000000
