ThreadID, cIDX, Time, cycles, deltaT, RX, OnRX, TX, SupTX, OnTX, Idle, OnIdle, Blocked, CacheMiss, CacheHit, CacheWB, CPUIdle, RX/s, TX/s, Sup/s
3065, 0, 0, 0, 0, 0, 0, 0, 0, 0, 0, 0, 0, 0, 0, 0, 0, 0, 0, 0
3065, 0, 1.000020, 210004181, 1.000020, 27175, 27175, 27177, 0, 6795, 0, 0, 0, 0, 0, 0, 30841525, 27174.458969, 27176.458930, 0.000000
3065, 1, 2.000149, 210027155, 1.000129, 27126, 27126, 27127, 0, 6781, 0, 0, 5, 0, 0, 0, 30833223, 27122.492803, 27123.492674, 0.000000
3065, 2, 3.000393, 210051279, 1.000244, 27132, 27132, 27136, 0, 6784, 0, 0, 10, 0, 0, 0, 31057819, 27125.376371, 27129.375394, 0.000000
3065, 3, 4.000408, 210003095, 1.000015, 27187, 27187, 27181, 0, 6796, 0, 0, 8, 0, 0, 0, 30902485, 27186.599321, 27180.599410, 0.000000
3065, 4, 5.000415, 210001486, 1.000007, 27143, 27143, 27147, 0, 6786, 0, 0, 8, 0, 0, 0, 31190695, 27142.807932, 27146.807904, 0.000000
3065, 5, 6.000485, 210014585, 1.000069, 27045, 27045, 27044, 0, 6761, 0, 0, 4, 0, 0, 0, 31580867, 27043.121791, 27042.121860, 0.000000
3065, 6, 7.000528, 210009152, 1.000044, 27072, 27072, 27072, 0, 6768, 0, 0, 2, 0, 0, 0, 31550099, 27070.820228, 27070.820228, 0.000000
3065, 7, 8.000535, 210001347, 1.000006, 27172, 27172, 27170, 0, 6793, 0, 0, 0, 0, 0, 0, 31079698, 27171.825712, 27169.825725, 0.000000
