ThreadID, cIDX, Time, cycles, deltaT, RX, OnRX, TX, SupTX, OnTX, Idle, OnIdle, Blocked, CacheMiss, CacheHit, CacheWB, CPUIdle, RX/s, TX/s, Sup/s
2064, 0, 0, 0, 0, 0, 0, 0, 0, 0, 0, 0, 0, 0, 0, 0, 0, 0, 0, 0
2064, 0, 1.000418, 210087831, 1.000418, 30568, 30568, 30567, 0, 7925, 0, 0, 5, 0, 0, 0, 29792794, 30555.220497, 30554.220915, 0.000000
2064, 1, 2.000622, 210042869, 1.000204, 30531, 30531, 30533, 0, 7917, 0, 0, 0, 0, 0, 0, 29696864, 30524.768732, 30526.768324, 0.000000
2064, 2, 3.000623, 210000194, 1.000001, 30573, 30573, 30573, 0, 7927, 0, 0, 4, 0, 0, 0, 29942673, 30572.971756, 30572.971756, 0.000000
2064, 3, 4.000656, 210006905, 1.000033, 30558, 30558, 30559, 0, 7920, 0, 0, 14, 0, 0, 0, 30163461, 30556.995257, 30557.995224, 0.000000
2064, 4, 5.000659, 210000632, 1.000003, 30500, 30500, 30498, 0, 7907, 0, 0, 3, 0, 0, 0, 30242398, 30499.908210, 30497.908216, 0.000000
2064, 5, 6.000666, 210001362, 1.000006, 30443, 30443, 30439, 0, 7892, 0, 0, 5, 0, 0, 0, 30692693, 30442.802557, 30438.802583, 0.000000
2064, 6, 7.000670, 210000922, 1.000004, 30532, 30532, 30547, 0, 7920, 0, 0, 0, 0, 0, 0, 30476085, 30531.865951, 30546.865885, 0.000000
2064, 7, 8.000682, 210002558, 1.000012, 30463, 30463, 30464, 0, 7898, 0, 0, 5, 0, 0, 0, 30399232, 30462.628936, 30463.628924, 0.000000
