ThreadID, cIDX, Time, cycles, deltaT, RX, OnRX, TX, SupTX, OnTX, Idle, OnIdle, Blocked, CacheMiss, CacheHit, CacheWB, CPUIdle, RX/s, TX/s, Sup/s
10494, 0, 0, 0, 0, 0, 0, 0, 0, 0, 0, 0, 0, 0, 0, 0, 0, 0, 0, 0
10494, 0, 1.000005, 210001024, 1.000005, 26148, 26148, 26152, 0, 6823, 0, 0, 1, 0, 0, 0, 30785368, 26147.872498, 26151.872478, 0.000000
10494, 1, 2.000859, 210179457, 1.000855, 26063, 26063, 26062, 0, 6799, 0, 0, 11, 0, 0, 0, 31051708, 26040.746694, 26039.747548, 0.000000
10494, 2, 3.000872, 210002598, 1.000012, 25977, 25977, 25974, 0, 6777, 0, 0, 7, 0, 0, 0, 30882111, 25976.678631, 25973.678668, 0.000000
10494, 3, 4.000886, 210002982, 1.000014, 25964, 25964, 25965, 0, 6771, 0, 0, 5, 0, 0, 0, 31067144, 25963.631316, 25964.631302, 0.000000
10494, 4, 5.001056, 210035626, 1.000170, 25988, 25988, 25989, 0, 6779, 0, 0, 7, 0, 0, 0, 31275298, 25983.591945, 25984.591776, 0.000000
10494, 5, 6.001142, 210018133, 1.000086, 26016, 26016, 26012, 0, 6786, 0, 0, 4, 0, 0, 0, 31893430, 26013.753774, 26009.754120, 0.000000
10494, 6, 7.001166, 210005128, 1.000024, 25873, 25873, 25876, 0, 6749, 0, 0, 0, 0, 0, 0, 31753269, 25872.368221, 25875.368148, 0.000000
10494, 7, 8.001206, 210008281, 1.000039, 25975, 25975, 25979, 0, 6777, 0, 0, 0, 0, 0, 0, 31489469, 25973.975760, 25977.975602, 0.000000
