ThreadID, cIDX, Time, cycles, deltaT, RX, OnRX, TX, SupTX, OnTX, Idle, OnIdle, Blocked, CacheMiss, CacheHit, CacheWB, CPUIdle, RX/s, TX/s, Sup/s
11156, 0, 0, 0, 0, 0, 0, 0, 0, 0, 0, 0, 0, 0, 0, 0, 0, 0, 0, 0
11156, 0, 1.000507, 210106558, 1.000507, 31533, 31533, 31548, 0, 7887, 0, 0, 0, 0, 0, 0, 29888861, 31517.007670, 31532.000063, 0.000000
11156, 1, 2.000526, 210003979, 1.000019, 31691, 31691, 31670, 0, 7918, 0, 0, 7, 0, 0, 0, 29783655, 31690.399542, 31669.399940, 0.000000
11156, 2, 3.000581, 210011445, 1.000055, 31711, 31711, 31706, 0, 7926, 0, 0, 7, 0, 0, 0, 29945793, 31709.271845, 31704.272117, 0.000000
11156, 3, 4.000600, 210003985, 1.000019, 31684, 31684, 31690, 0, 7923, 0, 0, 13, 0, 0, 0, 29901291, 31683.398770, 31689.398656, 0.000000
11156, 4, 5.000758, 210033281, 1.000158, 31638, 31638, 31630, 0, 7907, 0, 0, 5, 0, 0, 0, 30220893, 31632.986774, 31624.988042, 0.000000
11156, 5, 6.000763, 210000969, 1.000005, 31573, 31573, 31600, 0, 7900, 0, 0, 1, 0, 0, 0, 30624835, 31572.854314, 31599.854189, 0.000000
11156, 6, 7.000872, 210022992, 1.000109, 31631, 31631, 31600, 0, 7900, 0, 0, 0, 0, 0, 0, 30462796, 31627.537236, 31596.540630, 0.000000
11156, 7, 8.001170, 210062503, 1.000298, 31633, 31633, 31632, 0, 7908, 0, 0, 0, 0, 0, 0, 30051447, 31623.587766, 31622.588064, 0.000000
