ThreadID, cIDX, Time, cycles, deltaT, RX, OnRX, TX, SupTX, OnTX, Idle, OnIdle, Blocked, CacheMiss, CacheHit, CacheWB, CPUIdle, RX/s, TX/s, Sup/s
1533, 0, 0, 0, 0, 0, 0, 0, 0, 0, 0, 0, 0, 0, 0, 0, 0, 0, 0, 0
1533, 0, 1.000373, 210078248, 1.000373, 27265, 27265, 27272, 0, 6818, 0, 0, 1, 0, 0, 0, 30916827, 27254.844585, 27261.841978, 0.000000
1533, 1, 2.000565, 210040419, 1.000192, 27168, 27168, 27160, 0, 6790, 0, 0, 0, 0, 0, 0, 30931796, 27162.771942, 27154.773482, 0.000000
1533, 2, 3.000713, 210031037, 1.000148, 27106, 27106, 27104, 0, 6776, 0, 0, 1, 0, 0, 0, 31017545, 27101.994454, 27099.994750, 0.000000
1533, 3, 4.000714, 210000324, 1.000002, 27088, 27088, 27091, 0, 6773, 0, 0, 1, 0, 0, 0, 31108594, 27087.958207, 27090.958203, 0.000000
1533, 4, 5.000725, 210002319, 1.000011, 27102, 27102, 27105, 0, 6776, 0, 0, 5, 0, 0, 0, 31312299, 27101.700720, 27104.700687, 0.000000
1533, 5, 6.000745, 210004054, 1.000019, 27128, 27128, 27128, 0, 6782, 0, 0, 3, 0, 0, 0, 31683820, 27127.476311, 27127.476311, 0.000000
1533, 6, 7.000821, 210016098, 1.000077, 26999, 26999, 26996, 0, 6749, 0, 0, 0, 0, 0, 0, 31385960, 26996.930492, 26993.930722, 0.000000
1533, 7, 8.000852, 210006412, 1.000031, 27153, 27153, 27156, 0, 6789, 0, 0, 0, 0, 0, 0, 31469840, 27152.170954, 27155.170862, 0.000000
