ThreadID, cIDX, Time, cycles, deltaT, RX, OnRX, TX, SupTX, OnTX, Idle, OnIdle, Blocked, CacheMiss, CacheHit, CacheWB, CPUIdle, RX/s, TX/s, Sup/s
1523, 0, 0, 0, 0, 0, 0, 0, 0, 0, 0, 0, 0, 0, 0, 0, 0, 0, 0, 0
1523, 0, 1.000051, 210010613, 1.000051, 31601, 31601, 31600, 0, 7900, 0, 0, 0, 0, 0, 0, 30858879, 31599.403026, 31598.403077, 0.000000
1523, 1, 2.000286, 210049487, 1.000236, 31655, 31655, 31650, 0, 7913, 0, 0, 1, 0, 0, 0, 30957962, 31647.542181, 31642.543359, 0.000000
1523, 2, 3.000296, 210002122, 1.000010, 31646, 31646, 31653, 0, 7913, 0, 0, 11, 0, 0, 0, 30994626, 31645.680228, 31652.680157, 0.000000
1523, 3, 4.000315, 210003945, 1.000019, 31734, 31734, 31733, 0, 7933, 0, 0, 2, 0, 0, 0, 31131084, 31733.403865, 31732.403884, 0.000000
1523, 4, 5.000394, 210016532, 1.000079, 31635, 31635, 31640, 0, 7910, 0, 0, 0, 0, 0, 0, 31333032, 31632.509768, 31637.509375, 0.000000
1523, 5, 6.000564, 210035650, 1.000170, 31627, 31627, 31612, 0, 7903, 0, 0, 0, 0, 0, 0, 31689169, 31621.631852, 31606.634398, 0.000000
1523, 6, 7.000917, 210074264, 1.000354, 31657, 31657, 31652, 0, 7913, 0, 0, 0, 0, 0, 0, 31396679, 31645.808836, 31640.810604, 0.000000
1523, 7, 8.000987, 210014691, 1.000070, 31700, 31700, 31732, 0, 7933, 0, 0, 1, 0, 0, 0, 31469343, 31697.782514, 31729.780275, 0.000000
