ThreadID, cIDX, Time, cycles, deltaT, RX, OnRX, TX, SupTX, OnTX, Idle, OnIdle, Blocked, CacheMiss, CacheHit, CacheWB, CPUIdle, RX/s, TX/s, Sup/s
882, 0, 0, 0, 0, 0, 0, 0, 0, 0, 0, 0, 0, 0, 0, 0, 0, 0, 0, 0
882, 0, 1.000033, 210006985, 1.000033, 30475, 30475, 30485, 0, 7904, 0, 0, 0, 0, 0, 0, 28478926, 30473.986377, 30483.986045, 0.000000
882, 1, 2.000046, 210002773, 1.000013, 30549, 30549, 30555, 0, 7922, 0, 0, 0, 0, 0, 0, 28585076, 30548.596613, 30554.596534, 0.000000
882, 2, 3.000070, 210004983, 1.000024, 30553, 30553, 30550, 0, 7920, 0, 0, 0, 0, 0, 0, 28834461, 30552.275038, 30549.275109, 0.000000
882, 3, 4.000071, 210000219, 1.000001, 30564, 30564, 30555, 0, 7921, 0, 0, 0, 0, 0, 0, 28718366, 30563.968126, 30554.968136, 0.000000
882, 4, 5.000079, 210001696, 1.000008, 30578, 30578, 30570, 0, 7927, 0, 0, 0, 0, 0, 0, 28988772, 30577.753048, 30569.753113, 0.000000
882, 5, 6.000314, 210049277, 1.000235, 30467, 30467, 30460, 0, 7896, 0, 0, 0, 0, 0, 0, 29384752, 30459.852523, 30452.854165, 0.000000
882, 6, 7.000316, 210000395, 1.000002, 30575, 30575, 30574, 0, 7926, 0, 0, 0, 0, 0, 0, 29385435, 30574.942490, 30573.942492, 0.000000
882, 7, 8.000318, 210000479, 1.000002, 30583, 30583, 30587, 0, 7927, 0, 0, 0, 0, 0, 0, 29133888, 30582.930242, 30586.930233, 0.000000
