ThreadID, cIDX, Time, cycles, deltaT, RX, OnRX, TX, SupTX, OnTX, Idle, OnIdle, Blocked, CacheMiss, CacheHit, CacheWB, CPUIdle, RX/s, TX/s, Sup/s
8356, 0, 0, 0, 0, 0, 0, 0, 0, 0, 0, 0, 0, 0, 0, 0, 0, 0, 0, 0
8356, 0, 1.000360, 210075693, 1.000360, 31574, 31574, 31577, 0, 7895, 0, 0, 9, 0, 0, 0, 27611478, 31562.623478, 31565.622397, 0.000000
8356, 1, 2.000415, 210011512, 1.000055, 31714, 31714, 31708, 0, 7927, 0, 0, 10, 0, 0, 0, 27485576, 31712.261564, 31706.261893, 0.000000
8356, 2, 3.000433, 210003771, 1.000018, 31713, 31713, 31715, 0, 7928, 0, 0, 6, 0, 0, 0, 27633970, 31712.430535, 31714.430499, 0.000000
8356, 3, 4.000519, 210018065, 1.000086, 31627, 31627, 31623, 0, 7906, 0, 0, 5, 0, 0, 0, 27531446, 31624.279559, 31620.279903, 0.000000
8356, 4, 5.000545, 210005512, 1.000026, 31606, 31606, 31591, 0, 7898, 0, 0, 0, 0, 0, 0, 27773051, 31605.170440, 31590.170833, 0.000000
8356, 5, 6.000549, 210000757, 1.000004, 31652, 31652, 31664, 0, 7916, 0, 0, 5, 0, 0, 0, 28097591, 31651.885902, 31663.885859, 0.000000
8356, 6, 7.000560, 210002232, 1.000011, 31555, 31555, 31550, 0, 7887, 0, 0, 0, 0, 0, 0, 28119207, 31554.664619, 31549.664672, 0.000000
8356, 7, 8.000752, 210040290, 1.000192, 31614, 31614, 31613, 0, 7904, 0, 0, 0, 0, 0, 0, 27619272, 31607.935792, 31606.935984, 0.000000
