ThreadID, cIDX, Time, cycles, deltaT, RX, OnRX, TX, SupTX, OnTX, Idle, OnIdle, Blocked, CacheMiss, CacheHit, CacheWB, CPUIdle, RX/s, TX/s, Sup/s
2416, 0, 0, 0, 0, 0, 0, 0, 0, 0, 0, 0, 0, 0, 0, 0, 0, 0, 0, 0
2416, 0, 1.000004, 210000778, 1.000004, 30546, 30546, 30550, 0, 7921, 0, 0, 1, 0, 0, 0, 30643567, 30545.886835, 30549.886820, 0.000000
2416, 1, 2.000436, 210090768, 1.000432, 30577, 30577, 30579, 0, 7928, 0, 0, 2, 0, 0, 0, 30816829, 30563.789457, 30565.788593, 0.000000
2416, 2, 3.000458, 210004635, 1.000022, 30587, 30587, 30585, 0, 7931, 0, 0, 8, 0, 0, 0, 30966097, 30586.324916, 30584.324960, 0.000000
2416, 3, 4.000514, 210011664, 1.000056, 30438, 30438, 30440, 0, 7891, 0, 0, 6, 0, 0, 0, 31059970, 30436.309480, 30438.309369, 0.000000
2416, 4, 5.000558, 210009415, 1.000045, 30476, 30476, 30469, 0, 7898, 0, 0, 2, 0, 0, 0, 31201296, 30474.633721, 30467.634034, 0.000000
2416, 5, 6.000614, 210011688, 1.000056, 30571, 30571, 30559, 0, 7922, 0, 0, 3, 0, 0, 0, 31649070, 30569.298600, 30557.299268, 0.000000
2416, 6, 7.000618, 210000772, 1.000004, 30361, 30361, 30376, 0, 7878, 0, 0, 0, 0, 0, 0, 31586747, 30360.888388, 30375.888332, 0.000000
2416, 7, 8.000625, 210001482, 1.000007, 30491, 30491, 30489, 0, 7903, 0, 0, 1, 0, 0, 0, 31529922, 30490.784822, 30488.784836, 0.000000
