ThreadID, cIDX, Time, cycles, deltaT, RX, OnRX, TX, SupTX, OnTX, Idle, OnIdle, Blocked, CacheMiss, CacheHit, CacheWB, CPUIdle, RX/s, TX/s, Sup/s
1091, 0, 0, 0, 0, 0, 0, 0, 0, 0, 0, 0, 0, 0, 0, 0, 0, 0, 0, 0
1091, 0, 1.000001, 210000195, 1.000001, 31547, 31547, 31549, 0, 7888, 0, 0, 1, 661503, 182046429, 274123, 29161598, 31546.970706, 31548.970705, 0.000000
1091, 1, 2.000073, 210015049, 1.000072, 31688, 31688, 31687, 0, 7921, 0, 0, 9, 578555, 182110772, 234985, 29167268, 31685.729340, 31684.729412, 0.000000
1091, 2, 3.000139, 210014018, 1.000067, 31688, 31688, 31700, 0, 7925, 0, 0, 0, 536165, 182020677, 215082, 29321762, 31685.884892, 31697.884091, 0.000000
1091, 3, 4.000181, 210008783, 1.000042, 31720, 31720, 31720, 0, 7930, 0, 0, 0, 521764, 182150166, 208939, 29107937, 31718.673404, 31718.673404, 0.000000
1091, 4, 5.000186, 210001112, 1.000005, 31694, 31694, 31684, 0, 7921, 0, 0, 2, 503085, 181902788, 198375, 29631847, 31693.832174, 31683.832227, 0.000000
1091, 5, 6.000280, 210019602, 1.000093, 31598, 31598, 31584, 0, 7896, 0, 0, 2, 498403, 181853584, 196883, 29690804, 31595.050828, 31581.052134, 0.000000
1091, 6, 7.000312, 210006739, 1.000032, 31712, 31712, 31708, 0, 7927, 0, 0, 2, 493320, 181898249, 192859, 29709229, 31710.982379, 31706.982508, 0.000000
1091, 7, 8.000317, 210001121, 1.000005, 31680, 31680, 31682, 0, 7921, 0, 0, 1, 491310, 181886155, 191488, 29826190, 31679.830890, 31681.830879, 0.000000
