ThreadID, cIDX, Time, cycles, deltaT, RX, OnRX, TX, SupTX, OnTX, Idle, OnIdle, Blocked, CacheMiss, CacheHit, CacheWB, CPUIdle, RX/s, TX/s, Sup/s
1897, 0, 0, 0, 0, 0, 0, 0, 0, 0, 0, 0, 0, 0, 0, 0, 0, 0, 0, 0
1897, 0, 1.000239, 210050183, 1.000239, 27217, 27217, 27216, 0, 6804, 0, 0, 0, 0, 0, 0, 29060574, 27210.497598, 27209.497837, 0.000000
1897, 1, 2.000304, 210013642, 1.000065, 27156, 27156, 27152, 0, 6788, 0, 0, 0, 0, 0, 0, 28919325, 27154.236009, 27150.236269, 0.000000
1897, 2, 3.000428, 210026114, 1.000124, 27166, 27166, 27168, 0, 6792, 0, 0, 0, 0, 0, 0, 29213763, 27162.622263, 27164.622015, 0.000000
1897, 3, 4.000463, 210007192, 1.000034, 27071, 27071, 27068, 0, 6767, 0, 0, 4, 0, 0, 0, 29295580, 27070.072914, 27067.073017, 0.000000
1897, 4, 5.000465, 210000486, 1.000002, 27142, 27142, 27147, 0, 6787, 0, 0, 0, 0, 0, 0, 29469615, 27141.937186, 27146.937174, 0.000000
1897, 5, 6.000603, 210028935, 1.000138, 27166, 27166, 27165, 0, 6791, 0, 0, 0, 0, 0, 0, 29872836, 27162.257429, 27161.257567, 0.000000
1897, 6, 7.000609, 210001259, 1.000006, 27157, 27157, 27160, 0, 6790, 0, 0, 0, 0, 0, 0, 29751185, 27156.837188, 27159.837170, 0.000000
1897, 7, 8.000637, 210005899, 1.000028, 27120, 27120, 27120, 0, 6780, 0, 0, 0, 0, 0, 0, 29420285, 27119.238208, 27119.238208, 0.000000
