ThreadID, cIDX, Time, cycles, deltaT, RX, OnRX, TX, SupTX, OnTX, Idle, OnIdle, Blocked, CacheMiss, CacheHit, CacheWB, CPUIdle, RX/s, TX/s, Sup/s
11110, 0, 0, 0, 0, 0, 0, 0, 0, 0, 0, 0, 0, 0, 0, 0, 0, 0, 0, 0
11110, 0, 1.000051, 210010650, 1.000051, 31589, 31589, 31592, 0, 7898, 0, 0, 0, 0, 0, 0, 28936198, 31587.398068, 31590.397916, 0.000000
11110, 1, 2.000456, 210085195, 1.000406, 31712, 31712, 31724, 0, 7931, 0, 0, 0, 0, 0, 0, 28963050, 31699.139961, 31711.135095, 0.000000
11110, 2, 3.000500, 210009054, 1.000043, 31636, 31636, 31605, 0, 7902, 0, 0, 1, 0, 0, 0, 28999116, 31634.636095, 31603.637432, 0.000000
11110, 3, 4.000506, 210001417, 1.000007, 31714, 31714, 31732, 0, 7933, 0, 0, 9, 0, 0, 0, 29059483, 31713.786007, 31731.785886, 0.000000
11110, 4, 5.000513, 210001453, 1.000007, 31603, 31603, 31604, 0, 7901, 0, 0, 11, 0, 0, 0, 29342009, 31602.781339, 31603.781332, 0.000000
11110, 5, 6.000556, 210009037, 1.000043, 31622, 31622, 31620, 0, 7905, 0, 0, 0, 0, 0, 0, 29700637, 31620.639258, 31618.639345, 0.000000
11110, 6, 7.000762, 210043216, 1.000206, 31662, 31662, 31643, 0, 7910, 0, 0, 0, 0, 0, 0, 29689414, 31655.485603, 31636.489512, 0.000000
11110, 7, 8.000837, 210015829, 1.000075, 31627, 31627, 31648, 0, 7912, 0, 0, 0, 0, 0, 0, 29302742, 31624.616257, 31645.614674, 0.000000
