ThreadID, cIDX, Time, cycles, deltaT, RX, OnRX, TX, SupTX, OnTX, Idle, OnIdle, Blocked, CacheMiss, CacheHit, CacheWB, CPUIdle, RX/s, TX/s, Sup/s
31, 0, 0, 0, 0, 0, 0, 0, 0, 0, 0, 0, 0, 0, 0, 0, 0, 0, 0, 0
31, 0, 1.000011, 210002211, 1.000011, 27160, 27160, 27160, 0, 6790, 0, 0, 0, 0, 0, 0, 27588130, 27159.714047, 27159.714047, 0.000000
31, 1, 2.000012, 210000244, 1.000001, 27168, 27168, 27164, 0, 6791, 0, 0, 0, 0, 0, 0, 27518662, 27167.968433, 27163.968438, 0.000000
31, 2, 3.000014, 210000494, 1.000002, 27155, 27155, 27162, 0, 6791, 0, 0, 4, 0, 0, 0, 27672424, 27154.936121, 27161.936105, 0.000000
31, 3, 4.000064, 210010547, 1.000050, 27166, 27166, 27162, 0, 6790, 0, 0, 0, 0, 0, 0, 27783248, 27164.635689, 27160.635889, 0.000000
31, 4, 5.000070, 210001292, 1.000006, 27152, 27152, 27153, 0, 6789, 0, 0, 0, 0, 0, 0, 28065041, 27151.832952, 27152.832945, 0.000000
31, 5, 6.000081, 210002176, 1.000010, 27134, 27134, 27143, 0, 6785, 0, 0, 0, 0, 0, 0, 28381310, 27133.718843, 27142.718750, 0.000000
31, 6, 7.000101, 210004243, 1.000020, 27147, 27147, 27136, 0, 6784, 0, 0, 1, 0, 0, 0, 28108241, 27146.451512, 27135.451735, 0.000000
31, 7, 8.000106, 210001132, 1.000005, 27123, 27123, 27125, 0, 6782, 0, 0, 1, 0, 0, 0, 27782247, 27122.853795, 27124.853784, 0.000000
