ThreadID, cIDX, Time, cycles, deltaT, RX, OnRX, TX, SupTX, OnTX, Idle, OnIdle, Blocked, CacheMiss, CacheHit, CacheWB, CPUIdle, RX/s, TX/s, Sup/s
8540, 0, 0, 0, 0, 0, 0, 0, 0, 0, 0, 0, 0, 0, 0, 0, 0, 0, 0, 0
8540, 0, 1.000019, 210003911, 1.000019, 27285, 27285, 27282, 0, 6821, 0, 0, 1, 0, 0, 0, 28543561, 27284.491859, 27281.491915, 0.000000
8540, 1, 2.000128, 210022900, 1.000109, 27119, 27119, 27122, 0, 6780, 0, 0, 3, 0, 0, 0, 28490827, 27116.043060, 27119.042733, 0.000000
8540, 2, 3.000327, 210041832, 1.000199, 27078, 27078, 27080, 0, 6770, 0, 0, 4, 0, 0, 0, 28711363, 27072.607137, 27074.606738, 0.000000
8540, 3, 4.000375, 210010138, 1.000048, 27223, 27223, 27220, 0, 6805, 0, 0, 2, 0, 0, 0, 28518578, 27221.685841, 27218.685986, 0.000000
8540, 4, 5.000529, 210032323, 1.000154, 27160, 27160, 27160, 0, 6790, 0, 0, 0, 0, 0, 0, 28827677, 27155.820202, 27155.820202, 0.000000
8540, 5, 6.000632, 210021513, 1.000102, 27053, 27053, 27054, 0, 6764, 0, 0, 1, 0, 0, 0, 29217066, 27050.228897, 27051.228795, 0.000000
8540, 6, 7.000675, 210009122, 1.000043, 27190, 27190, 27194, 0, 6798, 0, 0, 0, 0, 0, 0, 29075336, 27188.818969, 27192.818796, 0.000000
8540, 7, 8.000676, 210000193, 1.000001, 27106, 27106, 27100, 0, 6775, 0, 0, 1, 0, 0, 0, 29111359, 27105.975088, 27099.975094, 0.000000
