ThreadID, cIDX, Time, cycles, deltaT, RX, OnRX, TX, SupTX, OnTX, Idle, OnIdle, Blocked, CacheMiss, CacheHit, CacheWB, CPUIdle, RX/s, TX/s, Sup/s
10782, 0, 0, 0, 0, 0, 0, 0, 0, 0, 0, 0, 0, 0, 0, 0, 0, 0, 0, 0
10782, 0, 1.000017, 210003495, 1.000017, 27202, 27202, 27208, 0, 6802, 0, 0, 0, 0, 0, 0, 29636926, 27201.547289, 27207.547189, 0.000000
10782, 1, 2.000044, 210005692, 1.000027, 27172, 27172, 27164, 0, 6791, 0, 0, 5, 0, 0, 0, 29728381, 27171.263529, 27163.263746, 0.000000
10782, 2, 3.000052, 210001652, 1.000008, 27147, 27147, 27156, 0, 6789, 0, 0, 5, 0, 0, 0, 29849892, 27146.786445, 27155.786374, 0.000000
10782, 3, 4.000082, 210006386, 1.000030, 27146, 27146, 27140, 0, 6785, 0, 0, 3, 0, 0, 0, 29991250, 27145.174528, 27139.174711, 0.000000
10782, 4, 5.000105, 210004730, 1.000023, 27156, 27156, 27163, 0, 6791, 0, 0, 4, 0, 0, 0, 30304651, 27155.388357, 27162.388200, 0.000000
10782, 5, 6.000111, 210001333, 1.000006, 27052, 27052, 27041, 0, 6760, 0, 0, 2, 0, 0, 0, 30748617, 27051.828285, 27040.828355, 0.000000
10782, 6, 7.000163, 210010989, 1.000052, 27115, 27115, 27120, 0, 6780, 0, 0, 4, 0, 0, 0, 30454806, 27113.581185, 27118.580923, 0.000000
10782, 7, 8.000231, 210014216, 1.000068, 27116, 27116, 27120, 0, 6780, 0, 0, 0, 0, 0, 0, 30417020, 27114.164500, 27118.164229, 0.000000
