ThreadID, cIDX, Time, cycles, deltaT, RX, OnRX, TX, SupTX, OnTX, Idle, OnIdle, Blocked, CacheMiss, CacheHit, CacheWB, CPUIdle, RX/s, TX/s, Sup/s
1585, 0, 0, 0, 0, 0, 0, 0, 0, 0, 0, 0, 0, 0, 0, 0, 0, 0, 0, 0
1585, 0, 1.000006, 210001264, 1.000006, 31710, 31710, 31696, 0, 7924, 0, 0, 0, 0, 0, 0, 28395301, 31709.809137, 31695.809221, 0.000000
1585, 1, 2.000070, 210013497, 1.000064, 31639, 31639, 31651, 0, 7913, 0, 0, 7, 0, 0, 0, 28375004, 31636.966647, 31648.965876, 0.000000
1585, 2, 3.000204, 210028067, 1.000134, 31610, 31610, 31625, 0, 7906, 0, 0, 3, 0, 0, 0, 28396973, 31605.775813, 31620.773808, 0.000000
1585, 3, 4.000221, 210003504, 1.000017, 31741, 31741, 31740, 0, 7935, 0, 0, 2, 0, 0, 0, 28466514, 31740.470388, 31739.470404, 0.000000
1585, 4, 5.000298, 210016187, 1.000077, 31683, 31683, 31672, 0, 7918, 0, 0, 0, 0, 0, 0, 28792191, 31680.558032, 31669.558880, 0.000000
1585, 5, 6.000887, 210123654, 1.000589, 31602, 31602, 31584, 0, 7896, 0, 0, 1, 0, 0, 0, 29192242, 31583.402790, 31565.413383, 0.000000
1585, 6, 7.001155, 210056330, 1.000268, 31618, 31618, 31620, 0, 7905, 0, 0, 1, 0, 0, 0, 28667129, 31609.521122, 31611.520586, 0.000000
1585, 7, 8.001233, 210016501, 1.000079, 31745, 31745, 31744, 0, 7936, 0, 0, 0, 0, 0, 0, 28840048, 31742.505795, 31741.505873, 0.000000
