ThreadID, cIDX, Time, cycles, deltaT, RX, OnRX, TX, SupTX, OnTX, Idle, OnIdle, Blocked, CacheMiss, CacheHit, CacheWB, CPUIdle, RX/s, TX/s, Sup/s
10117, 0, 0, 0, 0, 0, 0, 0, 0, 0, 0, 0, 0, 0, 0, 0, 0, 0, 0, 0
10117, 0, 1.000050, 210010425, 1.000050, 31561, 31561, 31548, 0, 7887, 0, 0, 0, 641756, 182144402, 267770, 31607669, 31559.433300, 31546.433945, 0.000000
10117, 1, 2.000053, 210000693, 1.000003, 31619, 31619, 31638, 0, 7910, 0, 0, 7, 564730, 182127398, 231317, 31777419, 31618.895658, 31637.895595, 0.000000
10117, 2, 3.000129, 210015945, 1.000076, 31678, 31678, 31674, 0, 7918, 0, 0, 11, 548664, 182051954, 223784, 31966098, 31675.594917, 31671.595221, 0.000000
10117, 3, 4.000161, 210006810, 1.000032, 31747, 31747, 31733, 0, 7934, 0, 0, 11, 542060, 181999505, 220511, 32027977, 31745.970524, 31731.970978, 0.000000
10117, 4, 5.000175, 210002886, 1.000014, 31708, 31708, 31731, 0, 7932, 0, 0, 10, 537751, 181897255, 217056, 32211599, 31707.564247, 31730.563931, 0.000000
10117, 5, 6.000398, 210046769, 1.000223, 31610, 31610, 31588, 0, 7897, 0, 0, 0, 524717, 181714585, 211885, 32595227, 31602.961719, 31580.966618, 0.000000
10117, 6, 7.000403, 210001145, 1.000005, 31593, 31593, 31604, 0, 7901, 0, 0, 5, 520662, 181749494, 209308, 32419515, 31592.827744, 31603.827684, 0.000000
10117, 7, 8.000542, 210029209, 1.000139, 31714, 31714, 31692, 0, 7923, 0, 0, 0, 513427, 181914589, 205672, 32291300, 31709.589498, 31687.592558, 0.000000
