ThreadID, cIDX, Time, cycles, deltaT, RX, OnRX, TX, SupTX, OnTX, Idle, OnIdle, Blocked, CacheMiss, CacheHit, CacheWB, CPUIdle, RX/s, TX/s, Sup/s
11137, 0, 0, 0, 0, 0, 0, 0, 0, 0, 0, 0, 0, 0, 0, 0, 0, 0, 0, 0
11137, 0, 1.000024, 210005096, 1.000024, 31663, 31663, 31664, 0, 7916, 0, 0, 0, 656494, 182072655, 273506, 31780612, 31662.231663, 31663.231639, 0.000000
11137, 1, 2.000053, 210006057, 1.000029, 31726, 31726, 31736, 0, 7934, 0, 0, 3, 548307, 182148023, 220929, 31666364, 31725.084958, 31735.084669, 0.000000
11137, 2, 3.000107, 210011350, 1.000054, 31682, 31682, 31668, 0, 7917, 0, 0, 5, 527046, 182091736, 209238, 31837466, 31680.287756, 31666.288513, 0.000000
11137, 3, 4.000309, 210042477, 1.000202, 31587, 31587, 31604, 0, 7901, 0, 0, 5, 517701, 182071021, 205396, 31867032, 31580.612144, 31597.608707, 0.000000
11137, 4, 5.000354, 210009265, 1.000044, 31585, 31585, 31557, 0, 7890, 0, 0, 5, 509844, 181935783, 200868, 32128321, 31583.606561, 31555.607797, 0.000000
11137, 5, 6.000361, 210001498, 1.000007, 31692, 31692, 31711, 0, 7927, 0, 0, 6, 505306, 181721430, 198374, 32554582, 31691.773932, 31710.773796, 0.000000
11137, 6, 7.000364, 210000740, 1.000004, 31550, 31550, 31534, 0, 7884, 0, 0, 0, 507533, 181754598, 201029, 32449405, 31549.888824, 31533.888881, 0.000000
11137, 7, 8.000796, 210090573, 1.000431, 31590, 31590, 31586, 0, 7896, 0, 0, 0, 510326, 182051015, 201662, 32063718, 31576.381107, 31572.382831, 0.000000
