ThreadID, cIDX, Time, cycles, deltaT, RX, OnRX, TX, SupTX, OnTX, Idle, OnIdle, Blocked, CacheMiss, CacheHit, CacheWB, CPUIdle, RX/s, TX/s, Sup/s
8357, 0, 0, 0, 0, 0, 0, 0, 0, 0, 0, 0, 0, 0, 0, 0, 0, 0, 0, 0
8357, 0, 1.000083, 210017391, 1.000083, 31505, 31505, 31496, 0, 7874, 0, 0, 1, 0, 0, 0, 27563082, 31502.391152, 31493.391897, 0.000000
8357, 1, 2.000160, 210016287, 1.000078, 31661, 31661, 31676, 0, 7919, 0, 0, 6, 0, 0, 0, 27486482, 31658.544654, 31673.543490, 0.000000
8357, 2, 3.000231, 210014848, 1.000071, 31725, 31725, 31704, 0, 7926, 0, 0, 3, 0, 0, 0, 27655106, 31722.757050, 31701.758535, 0.000000
8357, 3, 4.000319, 210018463, 1.000088, 31692, 31692, 31685, 0, 7922, 0, 0, 7, 0, 0, 0, 27556450, 31689.213914, 31682.214530, 0.000000
8357, 4, 5.000789, 210098600, 1.000470, 31630, 31630, 31631, 0, 7907, 0, 0, 1, 0, 0, 0, 27781721, 31615.155932, 31616.155462, 0.000000
8357, 5, 6.000794, 210001124, 1.000005, 31630, 31630, 31638, 0, 7910, 0, 0, 0, 0, 0, 0, 28094700, 31629.830705, 31637.830662, 0.000000
8357, 6, 7.001093, 210062818, 1.000299, 31629, 31629, 31626, 0, 7906, 0, 0, 1, 0, 0, 0, 28125203, 31619.541541, 31616.542438, 0.000000
8357, 7, 8.001099, 210001270, 1.000006, 31592, 31592, 31620, 0, 7905, 0, 0, 0, 0, 0, 0, 27614832, 31591.808945, 31619.808775, 0.000000
