ThreadID, cIDX, Time, cycles, deltaT, RX, OnRX, TX, SupTX, OnTX, Idle, OnIdle, Blocked, CacheMiss, CacheHit, CacheWB, CPUIdle, RX/s, TX/s, Sup/s
2694, 0, 0, 0, 0, 0, 0, 0, 0, 0, 0, 0, 0, 0, 0, 0, 0, 0, 0, 0
2694, 0, 1.000002, 210000525, 1.000002, 31560, 31560, 31549, 0, 7888, 0, 0, 0, 653400, 182107871, 268751, 31605198, 31559.921100, 31548.921128, 0.000000
2694, 1, 2.000005, 210000500, 1.000002, 31716, 31716, 31722, 0, 7930, 0, 0, 8, 562686, 182199375, 225220, 31510414, 31715.924486, 31721.924472, 0.000000
2694, 2, 3.000030, 210005212, 1.000025, 31622, 31622, 31640, 0, 7910, 0, 0, 4, 540317, 182169749, 214645, 31659454, 31621.215192, 31639.214745, 0.000000
2694, 3, 4.000053, 210004914, 1.000023, 31723, 31723, 31713, 0, 7928, 0, 0, 3, 532250, 182056592, 209258, 31880217, 31722.257699, 31712.257933, 0.000000
2694, 4, 5.000183, 210027194, 1.000129, 31631, 31631, 31620, 0, 7905, 0, 0, 0, 527160, 181853625, 207718, 32286976, 31626.904466, 31615.905891, 0.000000
2694, 5, 6.000302, 210024996, 1.000119, 31609, 31609, 31612, 0, 7903, 0, 0, 5, 525766, 181644307, 206807, 32711394, 31605.238074, 31608.237717, 0.000000
2694, 6, 7.000308, 210001411, 1.000007, 31640, 31640, 31658, 0, 7915, 0, 0, 1, 523825, 181749846, 206769, 32476386, 31639.787411, 31657.787290, 0.000000
2694, 7, 8.000313, 210000943, 1.000004, 31661, 31661, 31650, 0, 7912, 0, 0, 0, 524931, 181870503, 207425, 32247002, 31660.857828, 31649.857877, 0.000000
