ThreadID, cIDX, Time, cycles, deltaT, RX, OnRX, TX, SupTX, OnTX, Idle, OnIdle, Blocked, CacheMiss, CacheHit, CacheWB, CPUIdle, RX/s, TX/s, Sup/s
811, 0, 0, 0, 0, 0, 0, 0, 0, 0, 0, 0, 0, 0, 0, 0, 0, 0, 0, 0
811, 0, 1.000002, 210000467, 1.000002, 27233, 27233, 27236, 0, 6809, 0, 0, 0, 0, 0, 0, 25876132, 27232.939439, 27235.939432, 0.000000
811, 1, 2.000029, 210005596, 1.000027, 27175, 27175, 27176, 0, 6794, 0, 0, 0, 0, 0, 0, 25887081, 27174.275870, 27175.275844, 0.000000
811, 2, 3.000034, 210001065, 1.000005, 27071, 27071, 27070, 0, 6768, 0, 0, 0, 0, 0, 0, 26148333, 27070.862712, 27069.862717, 0.000000
811, 3, 4.000039, 210001070, 1.000005, 27190, 27190, 27195, 0, 6799, 0, 0, 0, 0, 0, 0, 26025240, 27189.861461, 27194.861436, 0.000000
811, 4, 5.000044, 210000966, 1.000005, 27059, 27059, 27052, 0, 6763, 0, 0, 0, 0, 0, 0, 26399416, 27058.875529, 27051.875561, 0.000000
811, 5, 6.000085, 210008782, 1.000042, 27065, 27065, 27071, 0, 6767, 0, 0, 0, 0, 0, 0, 26697580, 27063.868215, 27069.867964, 0.000000
811, 6, 7.000111, 210005440, 1.000026, 27150, 27150, 27136, 0, 6784, 0, 0, 1, 0, 0, 0, 26606763, 27149.296704, 27135.297067, 0.000000
811, 7, 8.000143, 210006647, 1.000032, 27077, 27077, 27080, 0, 6770, 0, 0, 0, 0, 0, 0, 26253341, 27076.142976, 27079.142881, 0.000000
