ThreadID, cIDX, Time, cycles, deltaT, RX, OnRX, TX, SupTX, OnTX, Idle, OnIdle, Blocked, CacheMiss, CacheHit, CacheWB, CPUIdle, RX/s, TX/s, Sup/s
2473, 0, 0, 0, 0, 0, 0, 0, 0, 0, 0, 0, 0, 0, 0, 0, 0, 0, 0, 0
2473, 0, 1.000685, 210143797, 1.000685, 27156, 27156, 27160, 0, 6790, 0, 0, 2, 0, 0, 0, 28348451, 27137.417718, 27141.414981, 0.000000
2473, 1, 2.000695, 210002097, 1.000010, 27149, 27149, 27141, 0, 6786, 0, 0, 2, 0, 0, 0, 28042520, 27148.728901, 27140.728980, 0.000000
2473, 2, 3.000807, 210023499, 1.000112, 27147, 27147, 27151, 0, 6787, 0, 0, 3, 0, 0, 0, 28288086, 27143.962591, 27147.962143, 0.000000
2473, 3, 4.000811, 210000845, 1.000004, 27188, 27188, 27189, 0, 6798, 0, 0, 2, 0, 0, 0, 28346878, 27187.890601, 27188.890597, 0.000000
2473, 4, 5.000831, 210004357, 1.000021, 27180, 27180, 27179, 0, 6794, 0, 0, 1, 0, 0, 0, 28659015, 27179.436091, 27178.436112, 0.000000
2473, 5, 6.000964, 210027839, 1.000133, 27026, 27026, 27020, 0, 6755, 0, 0, 2, 0, 0, 0, 29031227, 27022.417728, 27016.418523, 0.000000
2473, 6, 7.000974, 210002074, 1.000010, 27194, 27194, 27200, 0, 6800, 0, 0, 0, 0, 0, 0, 29050737, 27193.731430, 27199.731370, 0.000000
2473, 7, 8.000983, 210001881, 1.000009, 27139, 27139, 27136, 0, 6784, 0, 0, 1, 0, 0, 0, 28802611, 27138.756914, 27135.756941, 0.000000
