ThreadID, cIDX, Time, cycles, deltaT, RX, OnRX, TX, SupTX, OnTX, Idle, OnIdle, Blocked, CacheMiss, CacheHit, CacheWB, CPUIdle, RX/s, TX/s, Sup/s
9188, 0, 0, 0, 0, 0, 0, 0, 0, 0, 0, 0, 0, 0, 0, 0, 0, 0, 0, 0
9188, 0, 1.000160, 210033694, 1.000160, 31519, 31519, 31508, 0, 7877, 0, 0, 0, 0, 0, 0, 28911500, 31513.943663, 31502.945427, 0.000000
9188, 1, 2.000171, 210002179, 1.000010, 31684, 31684, 31677, 0, 7920, 0, 0, 0, 0, 0, 0, 28877503, 31683.671244, 31676.671317, 0.000000
9188, 2, 3.000573, 210084500, 1.000402, 31711, 31711, 31707, 0, 7926, 0, 0, 5, 0, 0, 0, 29091634, 31698.245230, 31694.246839, 0.000000
9188, 3, 4.000583, 210002063, 1.000010, 31700, 31700, 31724, 0, 7931, 0, 0, 0, 0, 0, 0, 28935808, 31699.688588, 31723.688353, 0.000000
9188, 4, 5.000835, 210052976, 1.000252, 31681, 31681, 31664, 0, 7916, 0, 0, 0, 0, 0, 0, 29499725, 31673.009955, 31656.014243, 0.000000
9188, 5, 6.000845, 210002049, 1.000010, 31611, 31611, 31625, 0, 7907, 0, 0, 0, 0, 0, 0, 29422866, 31610.691570, 31624.691433, 0.000000
9188, 6, 7.000880, 210007316, 1.000035, 31629, 31629, 31635, 0, 7908, 0, 0, 0, 0, 0, 0, 29648779, 31627.898144, 31633.897935, 0.000000
9188, 7, 8.001251, 210077848, 1.000371, 31677, 31677, 31658, 0, 7915, 0, 0, 2, 0, 0, 0, 29371240, 31665.261537, 31646.268578, 0.000000
