ThreadID, cIDX, Time, cycles, deltaT, RX, OnRX, TX, SupTX, OnTX, Idle, OnIdle, Blocked, CacheMiss, CacheHit, CacheWB, CPUIdle, RX/s, TX/s, Sup/s
9685, 0, 0, 0, 0, 0, 0, 0, 0, 0, 0, 0, 0, 0, 0, 0, 0, 0, 0, 0
9685, 0, 1.000001, 210000198, 1.000001, 31565, 31565, 31573, 0, 7894, 0, 0, 1, 0, 0, 0, 29184127, 31564.970239, 31572.970231, 0.000000
9685, 1, 2.000002, 210000224, 1.000001, 31695, 31695, 31689, 0, 7922, 0, 0, 9, 0, 0, 0, 28983599, 31694.966192, 31688.966198, 0.000000
9685, 2, 3.000146, 210030267, 1.000144, 31700, 31700, 31682, 0, 7920, 0, 0, 11, 0, 0, 0, 29107340, 31695.431783, 31677.434377, 0.000000
9685, 3, 4.000452, 210064141, 1.000305, 31677, 31677, 31687, 0, 7922, 0, 0, 12, 0, 0, 0, 29379712, 31667.327743, 31677.324689, 0.000000
9685, 4, 5.000459, 210001565, 1.000007, 31698, 31698, 31694, 0, 7924, 0, 0, 8, 0, 0, 0, 29471464, 31697.763776, 31693.763806, 0.000000
9685, 5, 6.000463, 210000919, 1.000004, 31543, 31543, 31557, 0, 7889, 0, 0, 11, 0, 0, 0, 29864359, 31542.861962, 31556.861901, 0.000000
9685, 6, 7.000467, 210000670, 1.000003, 31708, 31708, 31714, 0, 7928, 0, 0, 0, 0, 0, 0, 29730558, 31707.898837, 31713.898818, 0.000000
9685, 7, 8.000516, 210010391, 1.000049, 31655, 31655, 31652, 0, 7913, 0, 0, 0, 0, 0, 0, 29645347, 31653.433758, 31650.433906, 0.000000
