ThreadID, cIDX, Time, cycles, deltaT, RX, OnRX, TX, SupTX, OnTX, Idle, OnIdle, Blocked, CacheMiss, CacheHit, CacheWB, CPUIdle, RX/s, TX/s, Sup/s
9008, 0, 0, 0, 0, 0, 0, 0, 0, 0, 0, 0, 0, 0, 0, 0, 0, 0, 0, 0
9008, 0, 1.000015, 210003215, 1.000015, 31650, 31650, 31664, 0, 7916, 0, 0, 0, 0, 0, 0, 27755336, 31649.515461, 31663.515247, 0.000000
9008, 1, 2.000065, 210010505, 1.000050, 31655, 31655, 31644, 0, 7911, 0, 0, 0, 0, 0, 0, 27674111, 31653.416576, 31642.417126, 0.000000
9008, 2, 3.000403, 210070834, 1.000337, 31662, 31662, 31644, 0, 7911, 0, 0, 0, 0, 0, 0, 27793297, 31651.323858, 31633.329927, 0.000000
9008, 3, 4.000408, 210001088, 1.000005, 31734, 31734, 31748, 0, 7937, 0, 0, 1, 0, 0, 0, 27694305, 31733.835589, 31747.835516, 0.000000
9008, 4, 5.000500, 210019345, 1.000092, 31635, 31635, 31620, 0, 7905, 0, 0, 0, 0, 0, 0, 28413094, 31632.086082, 31617.087464, 0.000000
9008, 5, 6.000528, 210005891, 1.000028, 31637, 31637, 31649, 0, 7913, 0, 0, 0, 0, 0, 0, 28475110, 31636.112532, 31648.112195, 0.000000
9008, 6, 7.000815, 210060240, 1.000287, 31643, 31643, 31647, 0, 7911, 0, 0, 1, 0, 0, 0, 28293017, 31633.925582, 31637.924435, 0.000000
9008, 7, 8.000830, 210003098, 1.000015, 31727, 31727, 31713, 0, 7929, 0, 0, 0, 0, 0, 0, 28411747, 31726.531958, 31712.532165, 0.000000
