ThreadID, cIDX, Time, cycles, deltaT, RX, OnRX, TX, SupTX, OnTX, Idle, OnIdle, Blocked, CacheMiss, CacheHit, CacheWB, CPUIdle, RX/s, TX/s, Sup/s
9981, 0, 0, 0, 0, 0, 0, 0, 0, 0, 0, 0, 0, 0, 0, 0, 0, 0, 0, 0
9981, 0, 1.000020, 210004224, 1.000020, 27241, 27241, 27236, 0, 6809, 0, 0, 0, 0, 0, 0, 30699863, 27240.452078, 27235.452178, 0.000000
9981, 1, 2.000403, 210080342, 1.000383, 27165, 27165, 27164, 0, 6791, 0, 0, 11, 0, 0, 0, 30815692, 27154.611163, 27153.611545, 0.000000
9981, 2, 3.000442, 210008196, 1.000039, 27138, 27138, 27141, 0, 6786, 0, 0, 9, 0, 0, 0, 30968890, 27136.940884, 27139.940767, 0.000000
9981, 3, 4.000480, 210008128, 1.000039, 27046, 27046, 27045, 0, 6761, 0, 0, 8, 0, 0, 0, 31034319, 27044.953232, 27043.953270, 0.000000
9981, 4, 5.000492, 210002482, 1.000012, 27097, 27097, 27099, 0, 6775, 0, 0, 7, 0, 0, 0, 31340263, 27096.679743, 27098.679719, 0.000000
9981, 5, 6.000497, 210001066, 1.000005, 27161, 27161, 27170, 0, 6792, 0, 0, 6, 0, 0, 0, 31702654, 27160.862126, 27169.862081, 0.000000
9981, 6, 7.000556, 210012240, 1.000058, 26963, 26963, 26953, 0, 6738, 0, 0, 1, 0, 0, 0, 31445104, 26961.428534, 26951.429117, 0.000000
9981, 7, 8.000567, 210002484, 1.000012, 27162, 27162, 27176, 0, 6794, 0, 0, 0, 0, 0, 0, 31354750, 27161.678716, 27175.678551, 0.000000
