ThreadID, cIDX, Time, cycles, deltaT, RX, OnRX, TX, SupTX, OnTX, Idle, OnIdle, Blocked, CacheMiss, CacheHit, CacheWB, CPUIdle, RX/s, TX/s, Sup/s
609, 0, 0, 0, 0, 0, 0, 0, 0, 0, 0, 0, 0, 0, 0, 0, 0, 0, 0, 0
609, 0, 1.000021, 210004333, 1.000021, 31636, 31636, 31648, 0, 7912, 0, 0, 0, 0, 0, 0, 26718429, 31635.347257, 31647.347010, 0.000000
609, 1, 2.000026, 210001056, 1.000005, 31682, 31682, 31682, 0, 7921, 0, 0, 1, 0, 0, 0, 26661555, 31681.840686, 31681.840686, 0.000000
609, 2, 3.000066, 210008470, 1.000040, 31683, 31683, 31682, 0, 7920, 0, 0, 0, 0, 0, 0, 26828194, 31681.722171, 31680.722211, 0.000000
609, 3, 4.000072, 210001361, 1.000006, 31704, 31704, 31687, 0, 7922, 0, 0, 0, 0, 0, 0, 26642107, 31703.794529, 31686.794639, 0.000000
609, 4, 5.000192, 210025022, 1.000119, 31714, 31714, 31705, 0, 7926, 0, 0, 0, 0, 0, 0, 27332639, 31710.221652, 31701.222724, 0.000000
609, 5, 6.000499, 210064652, 1.000308, 31591, 31591, 31588, 0, 7897, 0, 0, 1, 0, 0, 0, 27495369, 31581.277177, 31578.278101, 0.000000
609, 6, 7.000505, 210001204, 1.000006, 31707, 31707, 31712, 0, 7928, 0, 0, 1, 0, 0, 0, 27412979, 31706.818214, 31711.818186, 0.000000
609, 7, 8.000508, 210000535, 1.000003, 31701, 31701, 31713, 0, 7929, 0, 0, 1, 0, 0, 0, 27412748, 31700.919238, 31712.919208, 0.000000
