ThreadID, cIDX, Time, cycles, deltaT, RX, OnRX, TX, SupTX, OnTX, Idle, OnIdle, Blocked, CacheMiss, CacheHit, CacheWB, CPUIdle, RX/s, TX/s, Sup/s
260, 0, 0, 0, 0, 0, 0, 0, 0, 0, 0, 0, 0, 0, 0, 0, 0, 0, 0, 0
260, 0, 1.000058, 210012195, 1.000058, 31558, 31558, 31545, 0, 7887, 0, 0, 1, 692053, 183262394, 289815, 29979294, 31556.167488, 31543.168243, 0.000000
260, 1, 2.000061, 210000549, 1.000003, 31709, 31709, 31715, 0, 7928, 0, 0, 4, 600102, 183352458, 241538, 29969821, 31708.917104, 31714.917088, 0.000000
260, 2, 3.000067, 210001367, 1.000007, 31715, 31715, 31728, 0, 7932, 0, 0, 2, 582990, 183269485, 236529, 30104315, 31714.793552, 31727.793467, 0.000000
260, 3, 4.000073, 210001289, 1.000006, 31587, 31587, 31584, 0, 7896, 0, 0, 0, 578278, 183329374, 234639, 30114777, 31586.806117, 31583.806136, 0.000000
260, 4, 5.000082, 210001809, 1.000009, 31574, 31574, 31572, 0, 7893, 0, 0, 0, 571108, 183151819, 232074, 30322794, 31573.728015, 31571.728032, 0.000000
260, 5, 6.000088, 210001213, 1.000006, 31701, 31701, 31696, 0, 7924, 0, 0, 0, 555247, 182959646, 222758, 30802954, 31700.816890, 31695.816919, 0.000000
260, 6, 7.000090, 210000479, 1.000002, 31605, 31605, 31596, 0, 7899, 0, 0, 1, 550287, 182971271, 219744, 30688000, 31604.927911, 31595.927931, 0.000000
260, 7, 8.000185, 210019954, 1.000095, 31565, 31565, 31564, 0, 7891, 0, 0, 0, 544567, 183049867, 216600, 30535097, 31562.001009, 31561.001104, 0.000000
