ThreadID, cIDX, Time, cycles, deltaT, RX, OnRX, TX, SupTX, OnTX, Idle, OnIdle, Blocked, CacheMiss, CacheHit, CacheWB, CPUIdle, RX/s, TX/s, Sup/s
1786, 0, 0, 0, 0, 0, 0, 0, 0, 0, 0, 0, 0, 0, 0, 0, 0, 0, 0, 0
1786, 0, 1.000014, 210003010, 1.000014, 27153, 27153, 27148, 0, 6787, 0, 0, 0, 0, 0, 0, 30848661, 27152.610813, 27147.610884, 0.000000
1786, 1, 2.000018, 210000722, 1.000003, 27183, 27183, 27187, 0, 6797, 0, 0, 4, 0, 0, 0, 30931030, 27182.906543, 27186.906529, 0.000000
1786, 2, 3.000115, 210020388, 1.000097, 27198, 27198, 27201, 0, 6800, 0, 0, 5, 0, 0, 0, 31082879, 27195.359719, 27198.359428, 0.000000
1786, 3, 4.000138, 210004904, 1.000023, 27072, 27072, 27075, 0, 6769, 0, 0, 2, 0, 0, 0, 31234942, 27071.367819, 27074.367749, 0.000000
1786, 4, 5.000152, 210002999, 1.000014, 27093, 27093, 27086, 0, 6772, 0, 0, 2, 0, 0, 0, 31373561, 27092.613092, 27085.613192, 0.000000
1786, 5, 6.000260, 210022485, 1.000107, 27171, 27171, 27171, 0, 6792, 0, 0, 4, 0, 0, 0, 31808392, 27168.091074, 27168.091074, 0.000000
1786, 6, 7.000306, 210009771, 1.000047, 27153, 27153, 27152, 0, 6788, 0, 0, 1, 0, 0, 0, 31607039, 27151.736668, 27150.736715, 0.000000
1786, 7, 8.000465, 210033282, 1.000158, 27064, 27064, 27064, 0, 6766, 0, 0, 1, 0, 0, 0, 31400284, 27059.711422, 27059.711422, 0.000000
