ThreadID, cIDX, Time, cycles, deltaT, RX, OnRX, TX, SupTX, OnTX, Idle, OnIdle, Blocked, CacheMiss, CacheHit, CacheWB, CPUIdle, RX/s, TX/s, Sup/s
1087, 0, 0, 0, 0, 0, 0, 0, 0, 0, 0, 0, 0, 0, 0, 0, 0, 0, 0, 0
1087, 0, 1.000007, 210001457, 1.000007, 27256, 27256, 27250, 0, 6813, 0, 0, 2, 0, 0, 0, 28350664, 27255.810897, 27249.810938, 0.000000
1087, 1, 2.000033, 210005545, 1.000026, 27100, 27100, 27102, 0, 6775, 0, 0, 4, 0, 0, 0, 28285074, 27099.284450, 27101.284397, 0.000000
1087, 2, 3.000052, 210003902, 1.000019, 27084, 27084, 27092, 0, 6773, 0, 0, 4, 0, 0, 0, 28481880, 27083.496763, 27091.496614, 0.000000
1087, 3, 4.000058, 210001253, 1.000006, 27230, 27230, 27226, 0, 6807, 0, 0, 0, 0, 0, 0, 28240917, 27229.837529, 27225.837553, 0.000000
1087, 4, 5.000197, 210029271, 1.000139, 27148, 27148, 27154, 0, 6788, 0, 0, 5, 0, 0, 0, 28728596, 27144.216484, 27150.215648, 0.000000
1087, 5, 6.000223, 210005380, 1.000026, 27060, 27060, 27056, 0, 6764, 0, 0, 0, 0, 0, 0, 28752241, 27059.306766, 27055.306869, 0.000000
1087, 6, 7.000229, 210001250, 1.000006, 27107, 27107, 27112, 0, 6778, 0, 0, 0, 0, 0, 0, 28772261, 27106.838650, 27111.838620, 0.000000
1087, 7, 8.000232, 210000751, 1.000004, 27199, 27199, 27186, 0, 6797, 0, 0, 0, 0, 0, 0, 29003188, 27198.902732, 27185.902778, 0.000000
