ThreadID, cIDX, Time, cycles, deltaT, RX, OnRX, TX, SupTX, OnTX, Idle, OnIdle, Blocked, CacheMiss, CacheHit, CacheWB, CPUIdle, RX/s, TX/s, Sup/s
1024, 0, 0, 0, 0, 0, 0, 0, 0, 0, 0, 0, 0, 0, 0, 0, 0, 0, 0, 0
1024, 0, 1.000059, 210012409, 1.000059, 30588, 30588, 30597, 0, 7932, 0, 0, 1, 657403, 182075931, 270985, 31674471, 30586.192647, 30595.192116, 0.000000
1024, 1, 2.000345, 210060129, 1.000286, 30549, 30549, 30531, 0, 7917, 0, 0, 4, 569622, 182151828, 228669, 31713014, 30540.255452, 30522.260605, 0.000000
1024, 2, 3.000366, 210004338, 1.000021, 30525, 30525, 30528, 0, 7915, 0, 0, 7, 541322, 182049801, 215542, 31866300, 30524.369454, 30527.369392, 0.000000
1024, 3, 4.000400, 210007119, 1.000034, 30594, 30594, 30601, 0, 7932, 0, 0, 2, 534121, 182141595, 210623, 31760138, 30592.962899, 30599.962661, 0.000000
1024, 4, 5.000421, 210004467, 1.000021, 30489, 30489, 30486, 0, 7904, 0, 0, 0, 524010, 181919112, 206933, 32123826, 30488.351469, 30485.351533, 0.000000
1024, 5, 6.000495, 210015501, 1.000074, 30471, 30471, 30480, 0, 7902, 0, 0, 3, 517328, 181866738, 203065, 32291762, 30468.750971, 30477.750307, 0.000000
1024, 6, 7.000514, 210003920, 1.000019, 30582, 30582, 30587, 0, 7930, 0, 0, 1, 510449, 181906916, 198328, 32235969, 30581.429147, 30586.429053, 0.000000
1024, 7, 8.000569, 210011697, 1.000056, 30525, 30525, 30514, 0, 7911, 0, 0, 0, 509875, 181852862, 198509, 32369752, 30523.299852, 30512.300465, 0.000000
