ThreadID, cIDX, Time, cycles, deltaT, RX, OnRX, TX, SupTX, OnTX, Idle, OnIdle, Blocked, CacheMiss, CacheHit, CacheWB, CPUIdle, RX/s, TX/s, Sup/s
1580, 0, 0, 0, 0, 0, 0, 0, 0, 0, 0, 0, 0, 0, 0, 0, 0, 0, 0, 0
1580, 0, 1.000003, 210000721, 1.000003, 27226, 27226, 27227, 0, 6807, 0, 0, 0, 0, 0, 0, 28409089, 27225.906524, 27226.906521, 0.000000
1580, 1, 2.000005, 210000286, 1.000001, 27172, 27172, 27178, 0, 6795, 0, 0, 1, 0, 0, 0, 28373838, 27171.962994, 27177.962986, 0.000000
1580, 2, 3.000008, 210000697, 1.000003, 27142, 27142, 27137, 0, 6784, 0, 0, 2, 0, 0, 0, 28344183, 27141.909915, 27136.909931, 0.000000
1580, 3, 4.000024, 210003266, 1.000016, 27058, 27058, 27054, 0, 6763, 0, 0, 0, 0, 0, 0, 28564972, 27057.579190, 27053.579252, 0.000000
1580, 4, 5.000029, 210001154, 1.000005, 27072, 27072, 27072, 0, 6768, 0, 0, 0, 0, 0, 0, 28763565, 27071.851234, 27071.851234, 0.000000
1580, 5, 6.000053, 210005107, 1.000024, 27166, 27166, 27164, 0, 6791, 0, 0, 0, 0, 0, 0, 29100679, 27165.339365, 27163.339413, 0.000000
1580, 6, 7.000147, 210019695, 1.000094, 27007, 27007, 27016, 0, 6754, 0, 0, 2, 0, 0, 0, 28673264, 27004.467367, 27013.466523, 0.000000
1580, 7, 8.000178, 210006438, 1.000031, 27116, 27116, 27108, 0, 6777, 0, 0, 0, 0, 0, 0, 28809509, 27115.168726, 27107.168972, 0.000000
