ThreadID, cIDX, Time, cycles, deltaT, RX, OnRX, TX, SupTX, OnTX, Idle, OnIdle, Blocked, CacheMiss, CacheHit, CacheWB, CPUIdle, RX/s, TX/s, Sup/s
1182, 0, 0, 0, 0, 0, 0, 0, 0, 0, 0, 0, 0, 0, 0, 0, 0, 0, 0, 0
1182, 0, 1.000010, 210002072, 1.000010, 27244, 27244, 27237, 0, 6810, 0, 0, 1, 0, 0, 0, 29851096, 27243.731195, 27236.731264, 0.000000
1182, 1, 2.000341, 210069616, 1.000332, 27125, 27125, 27132, 0, 6783, 0, 0, 3, 0, 0, 0, 29845937, 27116.010913, 27123.008593, 0.000000
1182, 2, 3.000355, 210002967, 1.000014, 27115, 27115, 27118, 0, 6779, 0, 0, 4, 0, 0, 0, 30005741, 27114.616909, 27117.616867, 0.000000
1182, 3, 4.000478, 210025707, 1.000122, 27159, 27159, 27153, 0, 6788, 0, 0, 5, 0, 0, 0, 29798202, 27155.675757, 27149.676492, 0.000000
1182, 4, 5.000479, 210000257, 1.000001, 27142, 27142, 27144, 0, 6786, 0, 0, 0, 0, 0, 0, 30184775, 27141.966783, 27143.966781, 0.000000
1182, 5, 6.000484, 210001017, 1.000005, 27053, 27053, 27062, 0, 6766, 0, 0, 1, 0, 0, 0, 30361396, 27052.868987, 27061.868943, 0.000000
1182, 6, 7.000567, 210017340, 1.000083, 27100, 27100, 27090, 0, 6772, 0, 0, 0, 0, 0, 0, 30328073, 27097.762499, 27087.763325, 0.000000
1182, 7, 8.000630, 210013290, 1.000063, 27121, 27121, 27120, 0, 6780, 0, 0, 0, 0, 0, 0, 30282361, 27119.283737, 27118.283800, 0.000000
