ThreadID, cIDX, Time, cycles, deltaT, RX, OnRX, TX, SupTX, OnTX, Idle, OnIdle, Blocked, CacheMiss, CacheHit, CacheWB, CPUIdle, RX/s, TX/s, Sup/s
647, 0, 0, 0, 0, 0, 0, 0, 0, 0, 0, 0, 0, 0, 0, 0, 0, 0, 0, 0
647, 0, 1.000087, 210018369, 1.000087, 31552, 31552, 31536, 0, 7884, 0, 0, 0, 703121, 183330054, 289034, 29443741, 31549.240343, 31533.241742, 0.000000
647, 1, 2.000117, 210006154, 1.000029, 31672, 31672, 31700, 0, 7925, 0, 0, 1, 612054, 183411492, 244654, 29474677, 31671.071887, 31699.071066, 0.000000
647, 2, 3.000152, 210007319, 1.000035, 31711, 31711, 31700, 0, 7925, 0, 0, 0, 589265, 183318856, 232293, 29680449, 31709.894835, 31698.895218, 0.000000
647, 3, 4.000432, 210058781, 1.000280, 31687, 31687, 31672, 0, 7918, 0, 0, 0, 579730, 183426941, 226838, 29496584, 31678.132989, 31663.137186, 0.000000
647, 4, 5.000864, 210090714, 1.000432, 31663, 31663, 31664, 0, 7916, 0, 0, 0, 565339, 183165985, 221286, 30060378, 31649.328394, 31650.327963, 0.000000
647, 5, 6.000878, 210002949, 1.000014, 31625, 31625, 31641, 0, 7911, 0, 0, 0, 555994, 182991559, 215593, 30239775, 31624.555901, 31640.555676, 0.000000
647, 6, 7.000880, 210000554, 1.000003, 31586, 31586, 31588, 0, 7897, 0, 0, 0, 558884, 183078182, 217212, 30156704, 31585.916673, 31587.916668, 0.000000
647, 7, 8.000889, 210001862, 1.000009, 31663, 31663, 31664, 0, 7916, 0, 0, 0, 554088, 183085482, 214488, 30105500, 31662.719257, 31663.719248, 0.000000
