ThreadID, cIDX, Time, cycles, deltaT, RX, OnRX, TX, SupTX, OnTX, Idle, OnIdle, Blocked, CacheMiss, CacheHit, CacheWB, CPUIdle, RX/s, TX/s, Sup/s
9941, 0, 0, 0, 0, 0, 0, 0, 0, 0, 0, 0, 0, 0, 0, 0, 0, 0, 0, 0
9941, 0, 1.000014, 210003039, 1.000014, 31554, 31554, 31572, 0, 7893, 0, 0, 0, 0, 0, 0, 28977900, 31553.543375, 31571.543115, 0.000000
9941, 1, 2.000156, 210029750, 1.000142, 31660, 31660, 31656, 0, 7914, 0, 0, 1, 0, 0, 0, 29055077, 31655.515469, 31651.516035, 0.000000
9941, 2, 3.000441, 210059798, 1.000285, 31699, 31699, 31679, 0, 7920, 0, 0, 16, 0, 0, 0, 29190185, 31689.976204, 31669.981897, 0.000000
9941, 3, 4.000445, 210000940, 1.000004, 31710, 31710, 31722, 0, 7931, 0, 0, 12, 0, 0, 0, 29251265, 31709.858061, 31721.858007, 0.000000
9941, 4, 5.000894, 210094221, 1.000449, 31754, 31754, 31735, 0, 7933, 0, 0, 5, 0, 0, 0, 29585739, 31739.759277, 31720.767798, 0.000000
9941, 5, 6.001374, 210100825, 1.000480, 31562, 31562, 31560, 0, 7890, 0, 0, 2, 0, 0, 0, 29931124, 31546.853755, 31544.854714, 0.000000
9941, 6, 7.001411, 210007663, 1.000036, 31663, 31663, 31688, 0, 7922, 0, 0, 0, 0, 0, 0, 29722334, 31661.844644, 31686.843732, 0.000000
9941, 7, 8.001417, 210001388, 1.000007, 31680, 31680, 31659, 0, 7915, 0, 0, 0, 0, 0, 0, 29476565, 31679.790612, 31658.790750, 0.000000
