ThreadID, cIDX, Time, cycles, deltaT, RX, OnRX, TX, SupTX, OnTX, Idle, OnIdle, Blocked, CacheMiss, CacheHit, CacheWB, CPUIdle, RX/s, TX/s, Sup/s
10130, 0, 0, 0, 0, 0, 0, 0, 0, 0, 0, 0, 0, 0, 0, 0, 0, 0, 0, 0
10130, 0, 1.000004, 210000750, 1.000004, 31670, 31670, 31665, 0, 7917, 0, 0, 0, 0, 0, 0, 29659825, 31669.886893, 31664.886911, 0.000000
10130, 1, 2.000012, 210001698, 1.000008, 31639, 31639, 31648, 0, 7912, 0, 0, 10, 0, 0, 0, 29834646, 31638.744178, 31647.744105, 0.000000
10130, 2, 3.000036, 210005191, 1.000025, 31619, 31619, 31615, 0, 7903, 0, 0, 11, 0, 0, 0, 29975288, 31618.218428, 31614.218527, 0.000000
10130, 3, 4.000044, 210001527, 1.000007, 31730, 31730, 31739, 0, 7935, 0, 0, 4, 0, 0, 0, 30074732, 31729.769279, 31738.769214, 0.000000
10130, 4, 5.000048, 210000887, 1.000004, 31674, 31674, 31674, 0, 7919, 0, 0, 0, 0, 0, 0, 30280935, 31673.866216, 31673.866216, 0.000000
10130, 5, 6.000050, 210000452, 1.000002, 31590, 31590, 31593, 0, 7898, 0, 0, 3, 0, 0, 0, 30669548, 31589.932006, 31592.932000, 0.000000
10130, 6, 7.000097, 210009769, 1.000047, 31613, 31613, 31586, 0, 7896, 0, 0, 0, 0, 0, 0, 30534006, 31611.529462, 31584.530718, 0.000000
10130, 7, 8.000282, 210039020, 1.000186, 31747, 31747, 31748, 0, 7937, 0, 0, 0, 0, 0, 0, 30429622, 31741.102201, 31742.102015, 0.000000
