ThreadID, cIDX, Time, cycles, deltaT, RX, OnRX, TX, SupTX, OnTX, Idle, OnIdle, Blocked, CacheMiss, CacheHit, CacheWB, CPUIdle, RX/s, TX/s, Sup/s
1994, 0, 0, 0, 0, 0, 0, 0, 0, 0, 0, 0, 0, 0, 0, 0, 0, 0, 0, 0
1994, 0, 1.000057, 210011900, 1.000057, 27234, 27234, 27241, 0, 6811, 0, 0, 1, 653358, 182097325, 268430, 29123022, 27232.456827, 27239.456431, 0.000000
1994, 1, 2.000407, 210073617, 1.000351, 27194, 27194, 27195, 0, 6798, 0, 0, 4, 561678, 182183320, 224241, 29088588, 27184.470290, 27185.469939, 0.000000
1994, 2, 3.000424, 210003592, 1.000017, 27137, 27137, 27128, 0, 6782, 0, 0, 0, 544603, 182015062, 216445, 29341221, 27136.535836, 27127.535990, 0.000000
1994, 3, 4.000495, 210014869, 1.000071, 27058, 27058, 27052, 0, 6763, 0, 0, 0, 533326, 181979621, 210888, 29488401, 27056.084300, 27050.084725, 0.000000
1994, 4, 5.000522, 210005561, 1.000026, 27118, 27118, 27132, 0, 6783, 0, 0, 1, 529234, 181934541, 208067, 29529572, 27117.281909, 27131.281538, 0.000000
1994, 5, 6.000548, 210005558, 1.000026, 27207, 27207, 27208, 0, 6802, 0, 0, 1, 525831, 181683032, 206824, 29956885, 27206.279940, 27207.279914, 0.000000
1994, 6, 7.000554, 210001236, 1.000006, 27165, 27165, 27164, 0, 6791, 0, 0, 0, 529215, 181779810, 209253, 29799438, 27164.840116, 27163.840121, 0.000000
1994, 7, 8.000573, 210004057, 1.000019, 27077, 27077, 27073, 0, 6769, 0, 0, 0, 530646, 181868429, 209763, 29705605, 27076.476908, 27072.476986, 0.000000
