ThreadID, cIDX, Time, cycles, deltaT, RX, OnRX, TX, SupTX, OnTX, Idle, OnIdle, Blocked, CacheMiss, CacheHit, CacheWB, CPUIdle, RX/s, TX/s, Sup/s
1887, 0, 0, 0, 0, 0, 0, 0, 0, 0, 0, 0, 0, 0, 0, 0, 0, 0, 0, 0
1887, 0, 1.000009, 210001917, 1.000009, 27226, 27226, 27229, 0, 6808, 0, 0, 0, 0, 0, 0, 29100381, 27225.751468, 27228.751440, 0.000000
1887, 1, 2.000031, 210004512, 1.000021, 27154, 27154, 27155, 0, 6788, 0, 0, 3, 0, 0, 0, 29038490, 27153.416589, 27154.416568, 0.000000
1887, 2, 3.000038, 210001577, 1.000008, 27142, 27142, 27137, 0, 6785, 0, 0, 0, 0, 0, 0, 29264481, 27141.796178, 27136.796216, 0.000000
1887, 3, 4.000100, 210012953, 1.000062, 27172, 27172, 27175, 0, 6793, 0, 0, 3, 0, 0, 0, 29319227, 27170.324109, 27173.323924, 0.000000
1887, 4, 5.000107, 210001552, 1.000007, 27074, 27074, 27070, 0, 6768, 0, 0, 2, 0, 0, 0, 29580200, 27073.799912, 27069.799941, 0.000000
1887, 5, 6.000198, 210018996, 1.000090, 27091, 27091, 27094, 0, 6773, 0, 0, 1, 0, 0, 0, 30050146, 27088.549647, 27091.549376, 0.000000
1887, 6, 7.000286, 210018582, 1.000088, 27106, 27106, 27104, 0, 6776, 0, 0, 0, 0, 0, 0, 29911603, 27103.601718, 27101.601895, 0.000000
1887, 7, 8.000288, 210000317, 1.000002, 27072, 27072, 27074, 0, 6769, 0, 0, 0, 0, 0, 0, 29523147, 27071.959134, 27073.959131, 0.000000
