ThreadID, cIDX, Time, cycles, deltaT, RX, OnRX, TX, SupTX, OnTX, Idle, OnIdle, Blocked, CacheMiss, CacheHit, CacheWB, CPUIdle, RX/s, TX/s, Sup/s
8834, 0, 0, 0, 0, 0, 0, 0, 0, 0, 0, 0, 0, 0, 0, 0, 0, 0, 0, 0
8834, 0, 1.000028, 210005813, 1.000028, 30475, 30475, 30489, 0, 7906, 0, 0, 0, 644249, 182272713, 264500, 31767887, 30474.156446, 30488.156059, 0.000000
8834, 1, 2.000036, 210001816, 1.000009, 30584, 30584, 30564, 0, 7925, 0, 0, 0, 566842, 182415877, 226883, 31529894, 30583.735524, 30563.735696, 0.000000
8834, 2, 3.000040, 210000720, 1.000003, 30559, 30559, 30560, 0, 7923, 0, 0, 8, 545519, 182365065, 215768, 31667478, 30558.895227, 30559.895223, 0.000000
8834, 3, 4.000328, 210060534, 1.000288, 30554, 30554, 30545, 0, 7920, 0, 0, 6, 533162, 182468677, 208777, 31636538, 30545.195129, 30536.197723, 0.000000
8834, 4, 5.000331, 210000694, 1.000003, 30533, 30533, 30542, 0, 7917, 0, 0, 0, 520156, 182080974, 202671, 32224114, 30532.899096, 30541.899066, 0.000000
8834, 5, 6.000649, 210066713, 1.000318, 30497, 30497, 30490, 0, 7903, 0, 0, 0, 508067, 182047561, 196279, 32470909, 30487.314761, 30480.316984, 0.000000
8834, 6, 7.000674, 210005185, 1.000025, 30564, 30564, 30583, 0, 7931, 0, 0, 0, 500262, 182038548, 191662, 32396694, 30563.245379, 30582.244910, 0.000000
8834, 7, 8.000675, 210000223, 1.000001, 30491, 30491, 30481, 0, 7904, 0, 0, 1, 499866, 182104048, 191555, 32247912, 30490.967621, 30480.967632, 0.000000
