ThreadID, cIDX, Time, cycles, deltaT, RX, OnRX, TX, SupTX, OnTX, Idle, OnIdle, Blocked, CacheMiss, CacheHit, CacheWB, CPUIdle, RX/s, TX/s, Sup/s
3035, 0, 0, 0, 0, 0, 0, 0, 0, 0, 0, 0, 0, 0, 0, 0, 0, 0, 0, 0
3035, 0, 1.000019, 210003978, 1.000019, 27228, 27228, 27224, 0, 6806, 0, 0, 0, 0, 0, 0, 29129055, 27227.484234, 27223.484309, 0.000000
3035, 1, 2.000197, 210037338, 1.000178, 27140, 27140, 27149, 0, 6788, 0, 0, 3, 0, 0, 0, 28943749, 27135.175366, 27144.173766, 0.000000
3035, 2, 3.000246, 210010398, 1.000050, 27099, 27099, 27090, 0, 6772, 0, 0, 9, 0, 0, 0, 29021252, 27097.658279, 27088.658724, 0.000000
3035, 3, 4.000297, 210010564, 1.000050, 27215, 27215, 27217, 0, 6804, 0, 0, 7, 0, 0, 0, 29083224, 27213.631025, 27215.630924, 0.000000
3035, 4, 5.000324, 210005766, 1.000027, 27156, 27156, 27152, 0, 6788, 0, 0, 7, 0, 0, 0, 29513473, 27155.254394, 27151.254504, 0.000000
3035, 5, 6.000406, 210017312, 1.000082, 27053, 27053, 27064, 0, 6766, 0, 0, 4, 0, 0, 0, 29837089, 27050.769986, 27061.769079, 0.000000
3035, 6, 7.000414, 210001537, 1.000007, 27202, 27202, 27189, 0, 6798, 0, 0, 0, 0, 0, 0, 29870161, 27201.800909, 27188.801004, 0.000000
3035, 7, 8.000507, 210019472, 1.000093, 27105, 27105, 27107, 0, 6776, 0, 0, 0, 0, 0, 0, 29276342, 27102.486954, 27104.486769, 0.000000
