ThreadID, cIDX, Time, cycles, deltaT, RX, OnRX, TX, SupTX, OnTX, Idle, OnIdle, Blocked, CacheMiss, CacheHit, CacheWB, CPUIdle, RX/s, TX/s, Sup/s
9774, 0, 0, 0, 0, 0, 0, 0, 0, 0, 0, 0, 0, 0, 0, 0, 0, 0, 0, 0
9774, 0, 1.000027, 210005579, 1.000027, 27213, 27213, 27208, 0, 6802, 0, 0, 0, 0, 0, 0, 28389540, 27212.277061, 27207.277193, 0.000000
9774, 1, 2.000457, 210090334, 1.000430, 27134, 27134, 27137, 0, 6785, 0, 0, 9, 0, 0, 0, 28230866, 27122.333006, 27125.331716, 0.000000
9774, 2, 3.000480, 210004793, 1.000023, 27155, 27155, 27152, 0, 6788, 0, 0, 8, 0, 0, 0, 28411869, 27154.380234, 27151.380302, 0.000000
9774, 3, 4.000495, 210003276, 1.000016, 27196, 27196, 27194, 0, 6798, 0, 0, 7, 0, 0, 0, 28607675, 27195.575749, 27193.575780, 0.000000
9774, 4, 5.000671, 210036833, 1.000175, 27092, 27092, 27090, 0, 6773, 0, 0, 6, 0, 0, 0, 28814919, 27087.249026, 27085.249376, 0.000000
9774, 5, 6.000684, 210002809, 1.000013, 27060, 27060, 27079, 0, 6769, 0, 0, 2, 0, 0, 0, 29087435, 27059.638045, 27078.637791, 0.000000
9774, 6, 7.000739, 210011634, 1.000055, 27163, 27163, 27156, 0, 6789, 0, 0, 0, 0, 0, 0, 28847327, 27161.495253, 27154.495641, 0.000000
9774, 7, 8.000747, 210001653, 1.000008, 27044, 27044, 27037, 0, 6760, 0, 0, 0, 0, 0, 0, 28653912, 27043.787127, 27036.787182, 0.000000
