ThreadID, cIDX, Time, cycles, deltaT, RX, OnRX, TX, SupTX, OnTX, Idle, OnIdle, Blocked, CacheMiss, CacheHit, CacheWB, CPUIdle, RX/s, TX/s, Sup/s
9161, 0, 0, 0, 0, 0, 0, 0, 0, 0, 0, 0, 0, 0, 0, 0, 0, 0, 0, 0
9161, 0, 1.000057, 210011898, 1.000057, 27116, 27116, 27116, 0, 6779, 0, 0, 0, 662916, 182108794, 272467, 29037971, 27114.463772, 27114.463772, 0.000000
9161, 1, 2.000086, 210006193, 1.000029, 27191, 27191, 27192, 0, 6798, 0, 0, 8, 568680, 182196200, 228698, 29004194, 27190.198148, 27191.198119, 0.000000
9161, 2, 3.000098, 210002389, 1.000011, 27143, 27143, 27143, 0, 6786, 0, 0, 3, 554875, 182095168, 223575, 29147804, 27142.691220, 27142.691220, 0.000000
9161, 3, 4.000117, 210004087, 1.000019, 27100, 27100, 27101, 0, 6775, 0, 0, 3, 539694, 182190090, 215666, 29080322, 27099.472593, 27100.472573, 0.000000
9161, 4, 5.000135, 210003682, 1.000018, 27075, 27075, 27072, 0, 6768, 0, 0, 0, 530525, 181892570, 211765, 29681160, 27074.525293, 27071.525346, 0.000000
9161, 5, 6.000279, 210030321, 1.000144, 27164, 27164, 27160, 0, 6790, 0, 0, 0, 517019, 181902044, 205066, 29706785, 27160.078473, 27156.079050, 0.000000
9161, 6, 7.000340, 210012918, 1.000062, 27020, 27020, 27024, 0, 6756, 0, 0, 0, 509220, 181859214, 199664, 29776422, 27018.337986, 27022.337740, 0.000000
9161, 7, 8.000367, 210005678, 1.000027, 27116, 27116, 27108, 0, 6777, 0, 0, 0, 506301, 181964957, 197476, 29619609, 27115.266855, 27107.267071, 0.000000
