ThreadID, cIDX, Time, cycles, deltaT, RX, OnRX, TX, SupTX, OnTX, Idle, OnIdle, Blocked, CacheMiss, CacheHit, CacheWB, CPUIdle, RX/s, TX/s, Sup/s
1617, 0, 0, 0, 0, 0, 0, 0, 0, 0, 0, 0, 0, 0, 0, 0, 0, 0, 0, 0
1617, 0, 1.000016, 210003340, 1.000016, 31695, 31695, 31688, 0, 7922, 0, 0, 0, 0, 0, 0, 29216467, 31694.495907, 31687.496018, 0.000000
1617, 1, 2.000027, 210002318, 1.000011, 31638, 31638, 31632, 0, 7908, 0, 0, 5, 0, 0, 0, 29238150, 31637.650781, 31631.650847, 0.000000
1617, 2, 3.000201, 210036521, 1.000174, 31628, 31628, 31648, 0, 7912, 0, 0, 6, 0, 0, 0, 29228701, 31622.500546, 31642.497068, 0.000000
1617, 3, 4.000220, 210004097, 1.000020, 31713, 31713, 31712, 0, 7928, 0, 0, 0, 0, 0, 0, 29310747, 31712.381307, 31711.381326, 0.000000
1617, 4, 5.000233, 210002621, 1.000012, 31687, 31687, 31688, 0, 7922, 0, 0, 0, 0, 0, 0, 29561619, 31686.604521, 31687.604509, 0.000000
1617, 5, 6.000248, 210003272, 1.000016, 31583, 31583, 31584, 0, 7896, 0, 0, 0, 0, 0, 0, 29886997, 31582.507914, 31583.507899, 0.000000
1617, 6, 7.000251, 210000558, 1.000003, 31608, 31608, 31604, 0, 7901, 0, 0, 0, 0, 0, 0, 29545805, 31607.916013, 31603.916024, 0.000000
1617, 7, 8.000253, 210000433, 1.000002, 31741, 31741, 31731, 0, 7933, 0, 0, 0, 0, 0, 0, 29676239, 31740.934553, 31730.934574, 0.000000
