ThreadID, cIDX, Time, cycles, deltaT, RX, OnRX, TX, SupTX, OnTX, Idle, OnIdle, Blocked, CacheMiss, CacheHit, CacheWB, CPUIdle, RX/s, TX/s, Sup/s
2690, 0, 0, 0, 0, 0, 0, 0, 0, 0, 0, 0, 0, 0, 0, 0, 0, 0, 0, 0
2690, 0, 1.000021, 210004423, 1.000021, 30526, 30526, 30532, 0, 7916, 0, 0, 1, 653434, 182109731, 268809, 31607566, 30525.357078, 30531.356951, 0.000000
2690, 1, 2.000116, 210020031, 1.000095, 30575, 30575, 30564, 0, 7924, 0, 0, 1, 562695, 182204272, 225224, 31524350, 30572.083860, 30561.084909, 0.000000
2690, 2, 3.000576, 210096495, 1.000460, 30565, 30565, 30569, 0, 7926, 0, 0, 6, 540330, 182174032, 214645, 31744871, 30550.961833, 30554.959996, 0.000000
2690, 3, 4.000975, 210083874, 1.000399, 30526, 30526, 30517, 0, 7911, 0, 0, 3, 532479, 182147073, 209353, 31872383, 30513.812783, 30504.816376, 0.000000
2690, 4, 5.001032, 210011816, 1.000056, 30466, 30466, 30462, 0, 7899, 0, 0, 1, 527250, 181879452, 207749, 32249549, 30464.285876, 30460.286101, 0.000000
2690, 5, 6.001035, 210000768, 1.000004, 30515, 30515, 30537, 0, 7918, 0, 0, 0, 525793, 181648040, 206811, 32683191, 30514.888403, 30536.888322, 0.000000
2690, 6, 7.001042, 210001337, 1.000006, 30430, 30430, 30435, 0, 7889, 0, 0, 0, 523849, 181752073, 206787, 32470839, 30429.806264, 30434.806232, 0.000000
2690, 7, 8.001358, 210066372, 1.000316, 30483, 30483, 30455, 0, 7895, 0, 0, 0, 525049, 181925281, 207464, 32258889, 30473.368674, 30445.377521, 0.000000
