ThreadID, cIDX, Time, cycles, deltaT, RX, OnRX, TX, SupTX, OnTX, Idle, OnIdle, Blocked, CacheMiss, CacheHit, CacheWB, CPUIdle, RX/s, TX/s, Sup/s
1526, 0, 0, 0, 0, 0, 0, 0, 0, 0, 0, 0, 0, 0, 0, 0, 0, 0, 0, 0
1526, 0, 1.000001, 210000156, 1.000001, 30455, 30455, 30466, 0, 7899, 0, 0, 1, 0, 0, 0, 30852371, 30454.977376, 30465.977368, 0.000000
1526, 1, 2.000027, 210005440, 1.000026, 30547, 30547, 30541, 0, 7918, 0, 0, 2, 0, 0, 0, 30918891, 30546.208708, 30540.208863, 0.000000
1526, 2, 3.000041, 210002984, 1.000014, 30558, 30558, 30569, 0, 7926, 0, 0, 5, 0, 0, 0, 31003758, 30557.565792, 30568.565635, 0.000000
1526, 3, 4.000063, 210004651, 1.000022, 30502, 30502, 30498, 0, 7906, 0, 0, 0, 0, 0, 0, 31133064, 30501.324468, 30497.324557, 0.000000
1526, 4, 5.000193, 210027212, 1.000130, 30616, 30616, 30596, 0, 7933, 0, 0, 0, 0, 0, 0, 31345953, 30612.033264, 30592.035855, 0.000000
1526, 5, 6.000225, 210006895, 1.000033, 30441, 30441, 30456, 0, 7895, 0, 0, 5, 0, 0, 0, 31693277, 30440.000553, 30455.000061, 0.000000
1526, 6, 7.000419, 210040741, 1.000194, 30578, 30578, 30561, 0, 7924, 0, 0, 0, 0, 0, 0, 31394005, 30572.068873, 30555.072170, 0.000000
1526, 7, 8.000863, 210093211, 1.000444, 30513, 30513, 30510, 0, 7911, 0, 0, 0, 0, 0, 0, 31485760, 30499.462451, 30496.463781, 0.000000
