ThreadID, cIDX, Time, cycles, deltaT, RX, OnRX, TX, SupTX, OnTX, Idle, OnIdle, Blocked, CacheMiss, CacheHit, CacheWB, CPUIdle, RX/s, TX/s, Sup/s
9326, 0, 0, 0, 0, 0, 0, 0, 0, 0, 0, 0, 0, 0, 0, 0, 0, 0, 0, 0
9326, 0, 1.000077, 210016168, 1.000077, 27228, 27228, 27228, 0, 6807, 0, 0, 0, 0, 0, 0, 29191980, 27225.903865, 27225.903865, 0.000000
9326, 1, 2.000606, 210111132, 1.000529, 27098, 27098, 27098, 0, 6775, 0, 0, 9, 0, 0, 0, 29013357, 27083.667323, 27083.667323, 0.000000
9326, 2, 3.000692, 210018025, 1.000086, 27079, 27079, 27079, 0, 6770, 0, 0, 10, 0, 0, 0, 29161669, 27076.675919, 27076.675919, 0.000000
9326, 3, 4.000697, 210001133, 1.000005, 27200, 27200, 27199, 0, 6799, 0, 0, 7, 0, 0, 0, 28990094, 27199.853250, 27198.853256, 0.000000
9326, 4, 5.000830, 210027867, 1.000133, 27158, 27158, 27151, 0, 6788, 0, 0, 6, 0, 0, 0, 29243564, 27154.396612, 27147.397540, 0.000000
9326, 5, 6.000850, 210004255, 1.000020, 27077, 27077, 27074, 0, 6769, 0, 0, 5, 0, 0, 0, 29620846, 27076.451380, 27073.451440, 0.000000
9326, 6, 7.000938, 210018354, 1.000087, 27062, 27062, 27065, 0, 6766, 0, 0, 0, 0, 0, 0, 29643827, 27059.634988, 27062.634726, 0.000000
9326, 7, 8.001076, 210029075, 1.000138, 27221, 27221, 27230, 0, 6807, 0, 0, 0, 0, 0, 0, 29514062, 27217.231709, 27226.230464, 0.000000
