ThreadID, cIDX, Time, cycles, deltaT, RX, OnRX, TX, SupTX, OnTX, Idle, OnIdle, Blocked, CacheMiss, CacheHit, CacheWB, CPUIdle, RX/s, TX/s, Sup/s
2216, 0, 0, 0, 0, 0, 0, 0, 0, 0, 0, 0, 0, 0, 0, 0, 0, 0, 0, 0
2216, 0, 1.000663, 210139254, 1.000663, 27115, 27115, 27112, 0, 6778, 0, 0, 2, 0, 0, 0, 28385525, 27097.031571, 27094.033559, 0.000000
2216, 1, 2.000726, 210013289, 1.000063, 27151, 27151, 27156, 0, 6789, 0, 0, 1, 0, 0, 0, 28083029, 27149.281968, 27154.281651, 0.000000
2216, 2, 3.000851, 210026114, 1.000124, 27160, 27160, 27152, 0, 6788, 0, 0, 4, 0, 0, 0, 28435718, 27156.623009, 27148.624004, 0.000000
2216, 3, 4.000938, 210018381, 1.000088, 27178, 27178, 27184, 0, 6796, 0, 0, 2, 0, 0, 0, 28656848, 27175.621357, 27181.620832, 0.000000
2216, 4, 5.000978, 210008268, 1.000039, 27193, 27193, 27200, 0, 6800, 0, 0, 2, 0, 0, 0, 28793570, 27191.929415, 27198.929139, 0.000000
2216, 5, 6.001236, 210054281, 1.000258, 27032, 27032, 27016, 0, 6754, 0, 0, 3, 0, 0, 0, 29183294, 27025.014549, 27009.018683, 0.000000
2216, 6, 7.001238, 210000434, 1.000002, 27191, 27191, 27201, 0, 6801, 0, 0, 3, 0, 0, 0, 28980717, 27190.943805, 27200.943785, 0.000000
2216, 7, 8.001254, 210003302, 1.000016, 27139, 27139, 27143, 0, 6785, 0, 0, 1, 0, 0, 0, 28688444, 27138.573278, 27142.573215, 0.000000
