ThreadID, cIDX, Time, cycles, deltaT, RX, OnRX, TX, SupTX, OnTX, Idle, OnIdle, Blocked, CacheMiss, CacheHit, CacheWB, CPUIdle, RX/s, TX/s, Sup/s
1584, 0, 0, 0, 0, 0, 0, 0, 0, 0, 0, 0, 0, 0, 0, 0, 0, 0, 0, 0
1584, 0, 1.000010, 210002007, 1.000010, 30529, 30529, 30528, 0, 7915, 0, 0, 0, 0, 0, 0, 28393213, 30528.708233, 30527.708242, 0.000000
1584, 1, 2.000031, 210004586, 1.000022, 30535, 30535, 30535, 0, 7917, 0, 0, 1, 0, 0, 0, 28366061, 30534.333188, 30534.333188, 0.000000
1584, 2, 3.000036, 210001061, 1.000005, 30533, 30533, 30544, 0, 7919, 0, 0, 7, 0, 0, 0, 28382887, 30532.845736, 30543.845681, 0.000000
1584, 3, 4.000042, 210001247, 1.000006, 30511, 30511, 30508, 0, 7907, 0, 0, 0, 0, 0, 0, 28477602, 30510.818824, 30507.818842, 0.000000
1584, 4, 5.000051, 210001783, 1.000008, 30559, 30559, 30551, 0, 7922, 0, 0, 5, 0, 0, 0, 28785159, 30558.740542, 30550.740610, 0.000000
1584, 5, 6.000084, 210006887, 1.000033, 30431, 30431, 30418, 0, 7886, 0, 0, 3, 0, 0, 0, 29169440, 30430.002041, 30417.002467, 0.000000
1584, 6, 7.000106, 210004742, 1.000023, 30459, 30459, 30483, 0, 7902, 0, 0, 3, 0, 0, 0, 28683476, 30458.312222, 30482.311680, 0.000000
1584, 7, 8.000192, 210017955, 1.000085, 30603, 30603, 30583, 0, 7930, 0, 0, 0, 0, 0, 0, 28845160, 30600.383667, 30580.385377, 0.000000
