ThreadID, cIDX, Time, cycles, deltaT, RX, OnRX, TX, SupTX, OnTX, Idle, OnIdle, Blocked, CacheMiss, CacheHit, CacheWB, CPUIdle, RX/s, TX/s, Sup/s
1881, 0, 0, 0, 0, 0, 0, 0, 0, 0, 0, 0, 0, 0, 0, 0, 0, 0, 0, 0
1881, 0, 1.000084, 210017592, 1.000084, 27222, 27222, 27221, 0, 6806, 0, 0, 1, 0, 0, 0, 29115473, 27219.719765, 27218.719849, 0.000000
1881, 1, 2.000086, 210000374, 1.000002, 27153, 27153, 27154, 0, 6788, 0, 0, 4, 0, 0, 0, 29032400, 27152.951642, 27153.951640, 0.000000
1881, 2, 3.000354, 210056288, 1.000268, 27169, 27169, 27169, 0, 6792, 0, 0, 4, 0, 0, 0, 29294610, 27161.719624, 27161.719624, 0.000000
1881, 3, 4.000388, 210007292, 1.000035, 27070, 27070, 27076, 0, 6769, 0, 0, 3, 0, 0, 0, 29312830, 27069.060059, 27075.059851, 0.000000
1881, 4, 5.000447, 210012342, 1.000059, 27137, 27137, 27136, 0, 6784, 0, 0, 4, 0, 0, 0, 29566838, 27135.405213, 27134.405272, 0.000000
1881, 5, 6.000448, 210000266, 1.000001, 27172, 27172, 27162, 0, 6791, 0, 0, 0, 0, 0, 0, 30045453, 27171.965582, 27161.965595, 0.000000
1881, 6, 7.000498, 210010401, 1.000050, 27156, 27156, 27166, 0, 6791, 0, 0, 0, 0, 0, 0, 29900941, 27154.655069, 27164.654573, 0.000000
1881, 7, 8.000504, 210001317, 1.000006, 27121, 27121, 27116, 0, 6779, 0, 0, 0, 0, 0, 0, 29522627, 27120.829914, 27115.829945, 0.000000
