ThreadID, cIDX, Time, cycles, deltaT, RX, OnRX, TX, SupTX, OnTX, Idle, OnIdle, Blocked, CacheMiss, CacheHit, CacheWB, CPUIdle, RX/s, TX/s, Sup/s
10693, 0, 0, 0, 0, 0, 0, 0, 0, 0, 0, 0, 0, 0, 0, 0, 0, 0, 0, 0
10693, 0, 1.000019, 210003938, 1.000019, 31557, 31557, 31564, 0, 7891, 0, 0, 1, 662769, 182122144, 272078, 29016646, 31556.408242, 31563.408111, 0.000000
10693, 1, 2.000032, 210002760, 1.000013, 31689, 31689, 31678, 0, 7920, 0, 0, 0, 565918, 182120377, 227485, 29103445, 31688.583521, 31677.583666, 0.000000
10693, 2, 3.000038, 210001215, 1.000006, 31641, 31641, 31640, 0, 7910, 0, 0, 8, 544200, 182043610, 216556, 29261989, 31640.816935, 31639.816941, 0.000000
10693, 3, 4.000121, 210017531, 1.000083, 31709, 31709, 31694, 0, 7923, 0, 0, 6, 528950, 181969241, 209768, 29447492, 31706.353123, 31691.354376, 0.000000
10693, 4, 5.000230, 210022835, 1.000109, 31657, 31657, 31692, 0, 7923, 0, 0, 5, 517344, 181888294, 202916, 29631227, 31653.558052, 31688.554247, 0.000000
10693, 5, 6.000270, 210008466, 1.000040, 31562, 31562, 31560, 0, 7890, 0, 0, 0, 508452, 181582509, 198103, 30176915, 31560.727652, 31558.727732, 0.000000
10693, 6, 7.000690, 210088219, 1.000420, 31716, 31716, 31684, 0, 7921, 0, 0, 0, 507705, 181799671, 199143, 29923731, 31702.682005, 31670.695442, 0.000000
10693, 7, 8.000694, 210000738, 1.000004, 31647, 31647, 31673, 0, 7919, 0, 0, 0, 505678, 181856330, 197635, 29743253, 31646.888784, 31672.888692, 0.000000
