ThreadID, cIDX, Time, cycles, deltaT, RX, OnRX, TX, SupTX, OnTX, Idle, OnIdle, Blocked, CacheMiss, CacheHit, CacheWB, CPUIdle, RX/s, TX/s, Sup/s
9315, 0, 0, 0, 0, 0, 0, 0, 0, 0, 0, 0, 0, 0, 0, 0, 0, 0, 0, 0
9315, 0, 1.000005, 210000985, 1.000005, 31506, 31506, 31513, 0, 7879, 0, 0, 1, 0, 0, 0, 29180978, 31505.852223, 31512.852190, 0.000000
9315, 1, 2.000006, 210000248, 1.000001, 31711, 31711, 31699, 0, 7924, 0, 0, 13, 0, 0, 0, 28919468, 31710.962551, 31698.962565, 0.000000
9315, 2, 3.000096, 210018946, 1.000090, 31706, 31706, 31692, 0, 7923, 0, 0, 6, 0, 0, 0, 29160861, 31703.139773, 31689.141036, 0.000000
9315, 3, 4.000153, 210011850, 1.000056, 31706, 31706, 31728, 0, 7932, 0, 0, 5, 0, 0, 0, 29009490, 31704.210977, 31726.209735, 0.000000
9315, 4, 5.000184, 210006691, 1.000032, 31686, 31686, 31684, 0, 7921, 0, 0, 10, 0, 0, 0, 29278434, 31684.990456, 31682.990520, 0.000000
9315, 5, 6.000240, 210011732, 1.000056, 31589, 31589, 31568, 0, 7892, 0, 0, 7, 0, 0, 0, 29630188, 31587.235326, 31566.236500, 0.000000
9315, 6, 7.000391, 210031652, 1.000151, 31735, 31735, 31740, 0, 7935, 0, 0, 6, 0, 0, 0, 29665526, 31730.217501, 31735.216747, 0.000000
9315, 7, 8.000440, 210010370, 1.000049, 31645, 31645, 31676, 0, 7919, 0, 0, 1, 0, 0, 0, 29514068, 31643.437417, 31674.435886, 0.000000
