ThreadID, cIDX, Time, cycles, deltaT, RX, OnRX, TX, SupTX, OnTX, Idle, OnIdle, Blocked, CacheMiss, CacheHit, CacheWB, CPUIdle, RX/s, TX/s, Sup/s
2078, 0, 0, 0, 0, 0, 0, 0, 0, 0, 0, 0, 0, 0, 0, 0, 0, 0, 0, 0
2078, 0, 1.000058, 210012281, 1.000058, 27263, 27263, 27264, 0, 6816, 0, 0, 3, 0, 0, 0, 29714012, 27261.405727, 27262.405669, 0.000000
2078, 1, 2.000559, 210105059, 1.000500, 27188, 27188, 27185, 0, 6797, 0, 0, 3, 0, 0, 0, 29763639, 27174.405163, 27171.406663, 0.000000
2078, 2, 3.000658, 210020833, 1.000099, 27117, 27117, 27123, 0, 6780, 0, 0, 8, 0, 0, 0, 29955702, 27114.310131, 27120.309536, 0.000000
2078, 3, 4.000714, 210011711, 1.000056, 27068, 27068, 27068, 0, 6767, 0, 0, 3, 0, 0, 0, 30164837, 27066.490592, 27066.490592, 0.000000
2078, 4, 5.000741, 210005808, 1.000028, 27098, 27098, 27095, 0, 6774, 0, 0, 4, 0, 0, 0, 30241205, 27097.250567, 27094.250650, 0.000000
2078, 5, 6.000808, 210013906, 1.000066, 27164, 27164, 27161, 0, 6790, 0, 0, 2, 0, 0, 0, 30695181, 27162.201345, 27159.201544, 0.000000
2078, 6, 7.000817, 210001970, 1.000009, 26973, 26973, 26976, 0, 6744, 0, 0, 3, 0, 0, 0, 30475212, 26972.746970, 26975.746942, 0.000000
2078, 7, 8.000871, 210011283, 1.000054, 27117, 27117, 27116, 0, 6779, 0, 0, 1, 0, 0, 0, 30406249, 27115.543121, 27114.543174, 0.000000
