ThreadID, cIDX, Time, cycles, deltaT, RX, OnRX, TX, SupTX, OnTX, Idle, OnIdle, Blocked, CacheMiss, CacheHit, CacheWB, CPUIdle, RX/s, TX/s, Sup/s
2966, 0, 0, 0, 0, 0, 0, 0, 0, 0, 0, 0, 0, 0, 0, 0, 0, 0, 0, 0
2966, 0, 1.000008, 210001599, 1.000008, 31540, 31540, 31556, 0, 7889, 0, 0, 0, 0, 0, 0, 29726036, 31539.759847, 31555.759725, 0.000000
2966, 1, 2.000024, 210003537, 1.000017, 31653, 31653, 31626, 0, 7907, 0, 0, 0, 0, 0, 0, 29673207, 31652.466882, 31625.467337, 0.000000
2966, 2, 3.000072, 210010040, 1.000048, 31669, 31669, 31670, 0, 7917, 0, 0, 14, 0, 0, 0, 29817650, 31667.485993, 31668.485945, 0.000000
2966, 3, 4.000080, 210001625, 1.000008, 31645, 31645, 31656, 0, 7914, 0, 0, 9, 0, 0, 0, 29905450, 31644.755130, 31655.755045, 0.000000
2966, 4, 5.000135, 210011596, 1.000055, 31625, 31625, 31628, 0, 7907, 0, 0, 12, 0, 0, 0, 30249009, 31623.253794, 31626.253628, 0.000000
2966, 5, 6.000139, 210000806, 1.000004, 31666, 31666, 31661, 0, 7916, 0, 0, 3, 0, 0, 0, 30631626, 31665.878463, 31660.878483, 0.000000
2966, 6, 7.000150, 210002225, 1.000011, 31541, 31541, 31540, 0, 7885, 0, 0, 5, 0, 0, 0, 30419162, 31540.665819, 31539.665830, 0.000000
2966, 7, 8.000155, 210001162, 1.000006, 31721, 31721, 31715, 0, 7928, 0, 0, 0, 0, 0, 0, 30331227, 31720.824478, 31714.824511, 0.000000
