ThreadID, cIDX, Time, cycles, deltaT, RX, OnRX, TX, SupTX, OnTX, Idle, OnIdle, Blocked, CacheMiss, CacheHit, CacheWB, CPUIdle, RX/s, TX/s, Sup/s
2783, 0, 0, 0, 0, 0, 0, 0, 0, 0, 0, 0, 0, 0, 0, 0, 0, 0, 0, 0
2783, 0, 1.000561, 210117728, 1.000561, 27170, 27170, 27180, 0, 6795, 0, 0, 0, 0, 0, 0, 29161239, 27154.776774, 27164.771171, 0.000000
2783, 1, 2.000563, 210000552, 1.000003, 27161, 27161, 27149, 0, 6788, 0, 0, 3, 0, 0, 0, 28874923, 27160.928606, 27148.928637, 0.000000
2783, 2, 3.000589, 210005387, 1.000026, 27156, 27156, 27159, 0, 6789, 0, 0, 4, 0, 0, 0, 28998833, 27155.303402, 27158.303325, 0.000000
2783, 3, 4.000613, 210004980, 1.000024, 27199, 27199, 27208, 0, 6802, 0, 0, 4, 0, 0, 0, 29111965, 27198.355010, 27207.354797, 0.000000
2783, 4, 5.000621, 210001769, 1.000008, 27126, 27126, 27112, 0, 6778, 0, 0, 3, 0, 0, 0, 29473193, 27125.771498, 27111.771616, 0.000000
2783, 5, 6.000656, 210007438, 1.000035, 27099, 27099, 27104, 0, 6776, 0, 0, 5, 0, 0, 0, 29991312, 27098.040213, 27103.040036, 0.000000
2783, 6, 7.000660, 210000833, 1.000004, 27095, 27095, 27100, 0, 6775, 0, 0, 2, 0, 0, 0, 29782668, 27094.892524, 27099.892504, 0.000000
2783, 7, 8.000664, 210000834, 1.000004, 27110, 27110, 27105, 0, 6777, 0, 0, 1, 0, 0, 0, 29661645, 27109.892335, 27104.892355, 0.000000
