ThreadID, cIDX, Time, cycles, deltaT, RX, OnRX, TX, SupTX, OnTX, Idle, OnIdle, Blocked, CacheMiss, CacheHit, CacheWB, CPUIdle, RX/s, TX/s, Sup/s
9059, 0, 0, 0, 0, 0, 0, 0, 0, 0, 0, 0, 0, 0, 0, 0, 0, 0, 0, 0
9059, 0, 1.000029, 210006018, 1.000029, 31551, 31551, 31532, 0, 7883, 0, 0, 0, 0, 0, 0, 28519199, 31550.095864, 31531.096409, 0.000000
9059, 1, 2.000121, 210019401, 1.000092, 31704, 31704, 31728, 0, 7932, 0, 0, 3, 0, 0, 0, 28380516, 31701.071274, 31725.069057, 0.000000
9059, 2, 3.000122, 210000266, 1.000001, 31695, 31695, 31704, 0, 7926, 0, 0, 1, 0, 0, 0, 28588504, 31694.959853, 31703.959842, 0.000000
9059, 3, 4.000135, 210002706, 1.000013, 31649, 31649, 31648, 0, 7912, 0, 0, 0, 0, 0, 0, 28648796, 31648.592185, 31647.592198, 0.000000
9059, 4, 5.000469, 210070006, 1.000333, 31730, 31730, 31700, 0, 7925, 0, 0, 0, 0, 0, 0, 29131595, 31719.425952, 31689.435949, 0.000000
9059, 5, 6.000760, 210061154, 1.000291, 31620, 31620, 31636, 0, 7909, 0, 0, 0, 0, 0, 0, 29186914, 31610.794636, 31626.789978, 0.000000
9059, 6, 7.000761, 210000362, 1.000002, 31680, 31680, 31695, 0, 7924, 0, 0, 0, 0, 0, 0, 29044209, 31679.945390, 31694.945364, 0.000000
9059, 7, 8.000999, 210049799, 1.000237, 31628, 31628, 31597, 0, 7899, 0, 0, 0, 0, 0, 0, 29247302, 31620.501574, 31589.508924, 0.000000
