ThreadID, cIDX, Time, cycles, deltaT, RX, OnRX, TX, SupTX, OnTX, Idle, OnIdle, Blocked, CacheMiss, CacheHit, CacheWB, CPUIdle, RX/s, TX/s, Sup/s
9079, 0, 0, 0, 0, 0, 0, 0, 0, 0, 0, 0, 0, 0, 0, 0, 0, 0, 0, 0
9079, 0, 1.000063, 210013148, 1.000063, 30477, 30477, 30488, 0, 7905, 0, 0, 0, 0, 0, 0, 30777417, 30475.091969, 30486.091280, 0.000000
9079, 1, 2.000096, 210006922, 1.000033, 30568, 30568, 30544, 0, 7918, 0, 0, 1, 0, 0, 0, 30725897, 30566.992454, 30542.993245, 0.000000
9079, 2, 3.000160, 210013553, 1.000065, 30553, 30553, 30574, 0, 7927, 0, 0, 4, 0, 0, 0, 30947545, 30551.028295, 30572.026940, 0.000000
9079, 3, 4.000181, 210004476, 1.000021, 30576, 30576, 30555, 0, 7923, 0, 0, 0, 0, 0, 0, 30990544, 30575.348308, 30554.348756, 0.000000
9079, 4, 5.000189, 210001504, 1.000007, 30477, 30477, 30489, 0, 7905, 0, 0, 2, 0, 0, 0, 31429853, 30476.781728, 30488.781642, 0.000000
9079, 5, 6.000192, 210000785, 1.000004, 30517, 30517, 30520, 0, 7914, 0, 0, 0, 0, 0, 0, 31517607, 30516.885925, 30519.885914, 0.000000
9079, 6, 7.000196, 210000747, 1.000004, 30459, 30459, 30470, 0, 7898, 0, 0, 0, 0, 0, 0, 31349956, 30458.891653, 30469.891614, 0.000000
9079, 7, 8.000203, 210001423, 1.000007, 30518, 30518, 30499, 0, 7909, 0, 0, 0, 0, 0, 0, 31494681, 30517.793206, 30498.793334, 0.000000
