ThreadID, cIDX, Time, cycles, deltaT, RX, OnRX, TX, SupTX, OnTX, Idle, OnIdle, Blocked, CacheMiss, CacheHit, CacheWB, CPUIdle, RX/s, TX/s, Sup/s
1118, 0, 0, 0, 0, 0, 0, 0, 0, 0, 0, 0, 0, 0, 0, 0, 0, 0, 0, 0
1118, 0, 1.000002, 210000443, 1.000002, 27225, 27225, 27221, 0, 6806, 0, 0, 1, 0, 0, 0, 29130520, 27224.942568, 27220.942577, 0.000000
1118, 1, 2.000460, 210096162, 1.000458, 27113, 27113, 27115, 0, 6778, 0, 0, 5, 0, 0, 0, 29277801, 27100.590253, 27102.589337, 0.000000
1118, 2, 3.000480, 210004284, 1.000020, 27125, 27125, 27125, 0, 6782, 0, 0, 4, 0, 0, 0, 29330215, 27124.446661, 27124.446661, 0.000000
1118, 3, 4.000486, 210001249, 1.000006, 27150, 27150, 27156, 0, 6789, 0, 0, 6, 0, 0, 0, 29113907, 27149.838523, 27155.838487, 0.000000
1118, 4, 5.000490, 210000811, 1.000004, 27138, 27138, 27135, 0, 6783, 0, 0, 1, 0, 0, 0, 29607594, 27137.895196, 27134.895208, 0.000000
1118, 5, 6.000503, 210002628, 1.000013, 27064, 27064, 27060, 0, 6765, 0, 0, 0, 0, 0, 0, 29675656, 27063.661318, 27059.661368, 0.000000
1118, 6, 7.000505, 210000544, 1.000003, 27085, 27085, 27091, 0, 6773, 0, 0, 2, 0, 0, 0, 29693567, 27084.929837, 27090.929822, 0.000000
1118, 7, 8.000507, 210000303, 1.000001, 27178, 27178, 27170, 0, 6793, 0, 0, 0, 0, 0, 0, 29736929, 27177.960786, 27169.960798, 0.000000
