ThreadID, cIDX, Time, cycles, deltaT, RX, OnRX, TX, SupTX, OnTX, Idle, OnIdle, Blocked, CacheMiss, CacheHit, CacheWB, CPUIdle, RX/s, TX/s, Sup/s
9226, 0, 0, 0, 0, 0, 0, 0, 0, 0, 0, 0, 0, 0, 0, 0, 0, 0, 0, 0
9226, 0, 1.000009, 210001910, 1.000009, 27170, 27170, 27163, 0, 6791, 0, 0, 1, 632069, 182060061, 263210, 31727788, 27169.752885, 27162.752948, 0.000000
9226, 1, 2.000013, 210000797, 1.000004, 27132, 27132, 27141, 0, 6785, 0, 0, 11, 556694, 182174445, 223309, 31607479, 27131.897028, 27140.896994, 0.000000
9226, 2, 3.000017, 210000879, 1.000004, 27136, 27136, 27129, 0, 6783, 0, 0, 13, 544553, 182075302, 217834, 31837563, 27135.886417, 27128.886446, 0.000000
9226, 3, 4.000019, 210000453, 1.000002, 27060, 27060, 27071, 0, 6767, 0, 0, 12, 530643, 182134424, 210385, 31691281, 27059.941628, 27070.941604, 0.000000
9226, 4, 5.000043, 210004980, 1.000024, 27107, 27107, 27104, 0, 6776, 0, 0, 8, 521107, 181893137, 206711, 32207444, 27106.357192, 27103.357263, 0.000000
9226, 5, 6.000074, 210006449, 1.000031, 27147, 27147, 27152, 0, 6788, 0, 0, 7, 521580, 181902881, 206540, 32120206, 27146.166354, 27151.166201, 0.000000
9226, 6, 7.000208, 210028211, 1.000134, 26999, 26999, 26984, 0, 6746, 0, 0, 1, 517046, 181832991, 202900, 32364732, 26995.373493, 26980.375508, 0.000000
9226, 7, 8.000257, 210010274, 1.000049, 27174, 27174, 27180, 0, 6795, 0, 0, 0, 520346, 181975024, 204574, 32073372, 27172.670609, 27178.670316, 0.000000
