ThreadID, cIDX, Time, cycles, deltaT, RX, OnRX, TX, SupTX, OnTX, Idle, OnIdle, Blocked, CacheMiss, CacheHit, CacheWB, CPUIdle, RX/s, TX/s, Sup/s
1987, 0, 0, 0, 0, 0, 0, 0, 0, 0, 0, 0, 0, 0, 0, 0, 0, 0, 0, 0
1987, 0, 1.000016, 210003460, 1.000016, 31659, 31659, 31652, 0, 7913, 0, 0, 0, 653439, 182094713, 268469, 29112738, 31658.478389, 31651.478504, 0.000000
1987, 1, 2.000162, 210030485, 1.000145, 31639, 31639, 31656, 0, 7914, 0, 0, 2, 561571, 182160141, 224203, 29068038, 31634.407738, 31651.405271, 0.000000
1987, 2, 3.000178, 210003412, 1.000016, 31627, 31627, 31620, 0, 7905, 0, 0, 0, 544616, 182016316, 216450, 29339582, 31626.486145, 31619.486259, 0.000000
1987, 3, 4.000204, 210005584, 1.000027, 31751, 31751, 31736, 0, 7934, 0, 0, 0, 533278, 181965804, 210861, 29491674, 31750.155748, 31735.156147, 0.000000
1987, 4, 5.000209, 210000874, 1.000004, 31632, 31632, 31635, 0, 7909, 0, 0, 6, 529206, 181920750, 208061, 29537983, 31631.868351, 31634.868339, 0.000000
1987, 5, 6.000302, 210019596, 1.000093, 31586, 31586, 31605, 0, 7901, 0, 0, 2, 525875, 181687317, 206838, 29971628, 31583.052850, 31602.051077, 0.000000
1987, 6, 7.000404, 210021489, 1.000102, 31708, 31708, 31684, 0, 7921, 0, 0, 0, 529265, 181794876, 209272, 29803337, 31704.755698, 31680.758153, 0.000000
1987, 7, 8.000406, 210000458, 1.000002, 31649, 31649, 31673, 0, 7919, 0, 0, 1, 530635, 181866502, 209768, 29705526, 31648.930975, 31672.930923, 0.000000
