ThreadID, cIDX, Time, cycles, deltaT, RX, OnRX, TX, SupTX, OnTX, Idle, OnIdle, Blocked, CacheMiss, CacheHit, CacheWB, CPUIdle, RX/s, TX/s, Sup/s
10680, 0, 0, 0, 0, 0, 0, 0, 0, 0, 0, 0, 0, 0, 0, 0, 0, 0, 0, 0
10680, 0, 1.000577, 210121184, 1.000577, 27143, 27143, 27140, 0, 6785, 0, 0, 0, 0, 0, 0, 28373264, 27127.345713, 27124.347443, 0.000000
10680, 1, 2.000788, 210044218, 1.000211, 27131, 27131, 27129, 0, 6783, 0, 0, 5, 0, 0, 0, 28340619, 27125.288448, 27123.288869, 0.000000
10680, 2, 3.000809, 210004466, 1.000021, 27138, 27138, 27145, 0, 6786, 0, 0, 4, 0, 0, 0, 28430110, 27137.422877, 27144.422729, 0.000000
10680, 3, 4.000815, 210001179, 1.000006, 27225, 27225, 27222, 0, 6805, 0, 0, 3, 0, 0, 0, 28626056, 27224.847152, 27221.847169, 0.000000
10680, 4, 5.000832, 210003579, 1.000017, 27174, 27174, 27180, 0, 6795, 0, 0, 3, 0, 0, 0, 28750364, 27173.536885, 27179.536783, 0.000000
10680, 5, 6.000929, 210020475, 1.000098, 27038, 27038, 27032, 0, 6758, 0, 0, 3, 0, 0, 0, 29357213, 27035.364052, 27029.364637, 0.000000
10680, 6, 7.000941, 210002472, 1.000012, 27185, 27185, 27186, 0, 6797, 0, 0, 0, 0, 0, 0, 29098219, 27184.679997, 27185.679986, 0.000000
10680, 7, 8.000942, 210000204, 1.000001, 27129, 27129, 27121, 0, 6780, 0, 0, 0, 0, 0, 0, 28951762, 27128.973646, 27120.973654, 0.000000
