ThreadID, cIDX, Time, cycles, deltaT, RX, OnRX, TX, SupTX, OnTX, Idle, OnIdle, Blocked, CacheMiss, CacheHit, CacheWB, CPUIdle, RX/s, TX/s, Sup/s
8456, 0, 0, 0, 0, 0, 0, 0, 0, 0, 0, 0, 0, 0, 0, 0, 0, 0, 0, 0
8456, 0, 1.000146, 210030558, 1.000146, 25997, 25997, 25991, 0, 6781, 0, 0, 0, 648879, 182412092, 261874, 31153931, 25993.217616, 25987.218488, 0.000000
8456, 1, 2.000375, 210048159, 1.000229, 26048, 26048, 26056, 0, 6797, 0, 0, 7, 569859, 182536363, 221665, 31117822, 26042.027819, 26050.025985, 0.000000
8456, 2, 3.000399, 210005099, 1.000024, 25974, 25974, 25978, 0, 6776, 0, 0, 3, 545514, 182430855, 207142, 31232038, 25973.369342, 25977.369245, 0.000000
8456, 3, 4.000436, 210007685, 1.000037, 26037, 26037, 26032, 0, 6791, 0, 0, 3, 534555, 182501768, 203153, 31137430, 26036.047205, 26031.047388, 0.000000
8456, 4, 5.000465, 210006217, 1.000030, 25963, 25963, 25965, 0, 6774, 0, 0, 0, 529217, 182299560, 201027, 31424289, 25962.231394, 25964.231335, 0.000000
8456, 5, 6.000497, 210006550, 1.000031, 25970, 25970, 25962, 0, 6774, 0, 0, 0, 522331, 182123460, 196407, 31730603, 25969.190009, 25961.190258, 0.000000
8456, 6, 7.000563, 210013876, 1.000066, 25933, 25933, 25936, 0, 6762, 0, 0, 1, 517256, 182156631, 193279, 31780740, 25931.286559, 25934.286361, 0.000000
8456, 7, 8.000567, 210000937, 1.000004, 26017, 26017, 26028, 0, 6792, 0, 0, 2, 515896, 182232622, 192027, 31515401, 26016.883915, 26027.883866, 0.000000
