ThreadID, cIDX, Time, cycles, deltaT, RX, OnRX, TX, SupTX, OnTX, Idle, OnIdle, Blocked, CacheMiss, CacheHit, CacheWB, CPUIdle, RX/s, TX/s, Sup/s
8932, 0, 0, 0, 0, 0, 0, 0, 0, 0, 0, 0, 0, 0, 0, 0, 0, 0, 0, 0
8932, 0, 1.000003, 210000647, 1.000003, 31602, 31602, 31608, 0, 7902, 0, 0, 0, 0, 0, 0, 28455119, 31601.902636, 31607.902618, 0.000000
8932, 1, 2.000015, 210002547, 1.000012, 31677, 31677, 31682, 0, 7921, 0, 0, 9, 0, 0, 0, 28390704, 31676.615808, 31681.615747, 0.000000
8932, 2, 3.000031, 210003307, 1.000016, 31712, 31712, 31678, 0, 7919, 0, 0, 6, 0, 0, 0, 28491589, 31711.500619, 31677.501155, 0.000000
8932, 3, 4.000036, 210001086, 1.000005, 31636, 31636, 31664, 0, 7916, 0, 0, 4, 0, 0, 0, 28295084, 31635.836398, 31663.836253, 0.000000
8932, 4, 5.000050, 210002820, 1.000013, 31639, 31639, 31636, 0, 7909, 0, 0, 2, 0, 0, 0, 29026850, 31638.575139, 31635.575179, 0.000000
8932, 5, 6.000468, 210087771, 1.000418, 31656, 31656, 31636, 0, 7909, 0, 0, 0, 0, 0, 0, 29061773, 31642.774676, 31622.783032, 0.000000
8932, 6, 7.000470, 210000600, 1.000003, 31670, 31670, 31685, 0, 7922, 0, 0, 1, 0, 0, 0, 29173728, 31669.909515, 31684.909472, 0.000000
8932, 7, 8.000475, 210001042, 1.000005, 31631, 31631, 31628, 0, 7907, 0, 0, 1, 0, 0, 0, 29038828, 31630.843051, 31627.843066, 0.000000
