ThreadID, cIDX, Time, cycles, deltaT, RX, OnRX, TX, SupTX, OnTX, Idle, OnIdle, Blocked, CacheMiss, CacheHit, CacheWB, CPUIdle, RX/s, TX/s, Sup/s
10556, 0, 0, 0, 0, 0, 0, 0, 0, 0, 0, 0, 0, 0, 0, 0, 0, 0, 0, 0
10556, 0, 1.000019, 210004072, 1.000019, 27215, 27215, 27216, 0, 6804, 0, 0, 1, 0, 0, 0, 28319927, 27214.472298, 27215.472279, 0.000000
10556, 1, 2.000734, 210150163, 1.000715, 27203, 27203, 27212, 0, 6803, 0, 0, 3, 0, 0, 0, 28520036, 27183.562070, 27192.555639, 0.000000
10556, 2, 3.000811, 210016095, 1.000077, 27141, 27141, 27130, 0, 6783, 0, 0, 4, 0, 0, 0, 28250105, 27138.919996, 27127.920839, 0.000000
10556, 3, 4.000833, 210004627, 1.000022, 27109, 27109, 27110, 0, 6777, 0, 0, 6, 0, 0, 0, 28601247, 27108.402712, 27109.402689, 0.000000
10556, 4, 5.000870, 210007749, 1.000037, 27107, 27107, 27108, 0, 6777, 0, 0, 2, 0, 0, 0, 28788971, 27105.999789, 27106.999752, 0.000000
10556, 5, 6.000940, 210014772, 1.000070, 27170, 27170, 27164, 0, 6791, 0, 0, 0, 0, 0, 0, 29314059, 27168.088919, 27162.089341, 0.000000
10556, 6, 7.000954, 210002885, 1.000014, 27131, 27131, 27140, 0, 6785, 0, 0, 0, 0, 0, 0, 29168070, 27130.627277, 27139.627153, 0.000000
10556, 7, 8.001005, 210010723, 1.000051, 27092, 27092, 27096, 0, 6774, 0, 0, 0, 0, 0, 0, 28909343, 27090.616702, 27094.616497, 0.000000
