ThreadID, cIDX, Time, cycles, deltaT, RX, OnRX, TX, SupTX, OnTX, Idle, OnIdle, Blocked, CacheMiss, CacheHit, CacheWB, CPUIdle, RX/s, TX/s, Sup/s
1301, 0, 0, 0, 0, 0, 0, 0, 0, 0, 0, 0, 0, 0, 0, 0, 0, 0, 0, 0
1301, 0, 1.000079, 210016618, 1.000079, 31582, 31582, 31568, 0, 7892, 0, 0, 0, 0, 0, 0, 29789559, 31579.501009, 31565.502117, 0.000000
1301, 1, 2.000317, 210050007, 1.000238, 31675, 31675, 31704, 0, 7926, 0, 0, 5, 0, 0, 0, 29945696, 31667.459073, 31696.452169, 0.000000
1301, 2, 3.000355, 210008027, 1.000038, 31691, 31691, 31682, 0, 7921, 0, 0, 1, 0, 0, 0, 30021739, 31689.788696, 31680.789040, 0.000000
1301, 3, 4.000400, 210009389, 1.000045, 31683, 31683, 31674, 0, 7918, 0, 0, 8, 0, 0, 0, 30038279, 31681.583531, 31672.583934, 0.000000
1301, 4, 5.000431, 210006392, 1.000030, 31675, 31675, 31684, 0, 7921, 0, 0, 0, 0, 0, 0, 30267335, 31674.035903, 31683.035629, 0.000000
1301, 5, 6.000554, 210025993, 1.000124, 31589, 31589, 31569, 0, 7893, 0, 0, 0, 0, 0, 0, 30615581, 31585.090518, 31565.092993, 0.000000
1301, 6, 7.000596, 210008756, 1.000042, 31712, 31712, 31731, 0, 7932, 0, 0, 1, 0, 0, 0, 30314827, 31710.677816, 31729.677024, 0.000000
1301, 7, 8.000625, 210005993, 1.000029, 31636, 31636, 31644, 0, 7911, 0, 0, 2, 0, 0, 0, 30291118, 31635.097195, 31643.096966, 0.000000
