ThreadID, cIDX, Time, cycles, deltaT, RX, OnRX, TX, SupTX, OnTX, Idle, OnIdle, Blocked, CacheMiss, CacheHit, CacheWB, CPUIdle, RX/s, TX/s, Sup/s
2616, 0, 0, 0, 0, 0, 0, 0, 0, 0, 0, 0, 0, 0, 0, 0, 0, 0, 0, 0
2616, 0, 1.000405, 210085111, 1.000405, 27087, 27087, 27083, 0, 6771, 0, 0, 2, 0, 0, 0, 28281590, 27076.026344, 27072.027965, 0.000000
2616, 1, 2.000430, 210005121, 1.000024, 27118, 27118, 27124, 0, 6781, 0, 0, 9, 0, 0, 0, 28193145, 27117.338724, 27123.338578, 0.000000
2616, 2, 3.000470, 210008522, 1.000041, 27147, 27147, 27145, 0, 6786, 0, 0, 5, 0, 0, 0, 28259949, 27145.898394, 27143.898475, 0.000000
2616, 3, 4.000770, 210062991, 1.000300, 27222, 27222, 27216, 0, 6804, 0, 0, 1, 0, 0, 0, 28488744, 27213.837015, 27207.838814, 0.000000
2616, 4, 5.000811, 210008550, 1.000041, 27167, 27167, 27176, 0, 6794, 0, 0, 8, 0, 0, 0, 28733669, 27165.893960, 27174.893594, 0.000000
2616, 5, 6.000844, 210006968, 1.000033, 27081, 27081, 27072, 0, 6768, 0, 0, 4, 0, 0, 0, 29311062, 27080.101456, 27071.101755, 0.000000
2616, 6, 7.000891, 210009906, 1.000047, 27063, 27063, 27069, 0, 6768, 0, 0, 0, 0, 0, 0, 29175233, 27061.723460, 27067.723177, 0.000000
2616, 7, 8.001086, 210040936, 1.000195, 27211, 27211, 27211, 0, 6802, 0, 0, 1, 0, 0, 0, 28855328, 27205.696703, 27205.696703, 0.000000
