ThreadID, cIDX, Time, cycles, deltaT, RX, OnRX, TX, SupTX, OnTX, Idle, OnIdle, Blocked, CacheMiss, CacheHit, CacheWB, CPUIdle, RX/s, TX/s, Sup/s
1982, 0, 0, 0, 0, 0, 0, 0, 0, 0, 0, 0, 0, 0, 0, 0, 0, 0, 0, 0
1982, 0, 1.000022, 210004624, 1.000022, 27248, 27248, 27248, 0, 6812, 0, 0, 0, 0, 0, 0, 28380519, 27247.400038, 27247.400038, 0.000000
1982, 1, 2.000049, 210005576, 1.000027, 27169, 27169, 27169, 0, 6793, 0, 0, 4, 0, 0, 0, 28259400, 27168.278618, 27168.278618, 0.000000
1982, 2, 3.000058, 210001945, 1.000009, 27117, 27117, 27123, 0, 6780, 0, 0, 4, 0, 0, 0, 28457083, 27116.748847, 27122.748792, 0.000000
1982, 3, 4.000073, 210003190, 1.000015, 27048, 27048, 27046, 0, 6762, 0, 0, 0, 0, 0, 0, 28587537, 27047.589134, 27045.589165, 0.000000
1982, 4, 5.000081, 210001766, 1.000008, 27109, 27109, 27102, 0, 6775, 0, 0, 3, 0, 0, 0, 28718706, 27108.772028, 27101.772087, 0.000000
1982, 5, 6.000118, 210007678, 1.000037, 27140, 27140, 27136, 0, 6784, 0, 0, 1, 0, 0, 0, 29156383, 27139.007746, 27135.007892, 0.000000
1982, 6, 7.000177, 210012397, 1.000059, 26978, 26978, 26980, 0, 6745, 0, 0, 1, 0, 0, 0, 28970610, 26976.407493, 26978.407375, 0.000000
1982, 7, 8.000179, 210000510, 1.000002, 27147, 27147, 27155, 0, 6789, 0, 0, 0, 0, 0, 0, 28877061, 27146.934072, 27154.934052, 0.000000
