ThreadID, cIDX, Time, cycles, deltaT, RX, OnRX, TX, SupTX, OnTX, Idle, OnIdle, Blocked, CacheMiss, CacheHit, CacheWB, CPUIdle, RX/s, TX/s, Sup/s
424, 0, 0, 0, 0, 0, 0, 0, 0, 0, 0, 0, 0, 0, 0, 0, 0, 0, 0, 0
424, 0, 1.000031, 210006410, 1.000031, 30430, 30430, 30430, 0, 7889, 0, 0, 0, 0, 0, 0, 25928268, 30429.071189, 30429.071189, 0.000000
424, 1, 2.000033, 210000513, 1.000002, 30536, 30536, 30530, 0, 7915, 0, 0, 2, 0, 0, 0, 25954277, 30535.925405, 30529.925420, 0.000000
424, 2, 3.000170, 210028854, 1.000137, 30561, 30561, 30555, 0, 7923, 0, 0, 2, 0, 0, 0, 26135253, 30556.801495, 30550.802320, 0.000000
424, 3, 4.000173, 210000606, 1.000003, 30475, 30475, 30481, 0, 7903, 0, 0, 0, 0, 0, 0, 25973390, 30474.912058, 30480.912041, 0.000000
424, 4, 5.000202, 210006040, 1.000029, 30499, 30499, 30506, 0, 7910, 0, 0, 0, 0, 0, 0, 26605211, 30498.122816, 30505.122615, 0.000000
424, 5, 6.000221, 210004015, 1.000019, 30533, 30533, 30528, 0, 7915, 0, 0, 0, 0, 0, 0, 26629979, 30532.416249, 30527.416345, 0.000000
424, 6, 7.000248, 210005733, 1.000027, 30401, 30401, 30411, 0, 7884, 0, 0, 0, 0, 0, 0, 26763799, 30400.170075, 30410.169802, 0.000000
424, 7, 8.000255, 210001301, 1.000006, 30548, 30548, 30552, 0, 7921, 0, 0, 0, 0, 0, 0, 26465250, 30547.810749, 30551.810724, 0.000000
