ThreadID, cIDX, Time, cycles, deltaT, RX, OnRX, TX, SupTX, OnTX, Idle, OnIdle, Blocked, CacheMiss, CacheHit, CacheWB, CPUIdle, RX/s, TX/s, Sup/s
280, 0, 0, 0, 0, 0, 0, 0, 0, 0, 0, 0, 0, 0, 0, 0, 0, 0, 0, 0
280, 0, 1.000015, 210003137, 1.000015, 30470, 30470, 30484, 0, 7903, 0, 0, 0, 0, 0, 0, 27563078, 30469.544843, 30483.544634, 0.000000
280, 1, 2.000079, 210013553, 1.000065, 30525, 30525, 30502, 0, 7908, 0, 0, 0, 0, 0, 0, 27591543, 30523.030102, 30500.031586, 0.000000
280, 2, 3.000095, 210003197, 1.000015, 30525, 30525, 30532, 0, 7917, 0, 0, 2, 0, 0, 0, 27743270, 30524.535300, 30531.535194, 0.000000
280, 3, 4.000096, 210000313, 1.000001, 30516, 30516, 30515, 0, 7912, 0, 0, 0, 0, 0, 0, 27674197, 30515.954517, 30514.954518, 0.000000
280, 4, 5.000103, 210001390, 1.000007, 30486, 30486, 30494, 0, 7906, 0, 0, 0, 0, 0, 0, 27829041, 30485.798213, 30493.798160, 0.000000
280, 5, 6.000107, 210000782, 1.000004, 30537, 30537, 30529, 0, 7916, 0, 0, 0, 0, 0, 0, 28345577, 30536.886286, 30528.886316, 0.000000
280, 6, 7.000116, 210001982, 1.000009, 30406, 30406, 30407, 0, 7883, 0, 0, 0, 0, 0, 0, 28322870, 30405.713028, 30406.713019, 0.000000
280, 7, 8.000156, 210008331, 1.000040, 30551, 30551, 30556, 0, 7922, 0, 0, 0, 0, 0, 0, 28235225, 30549.788046, 30554.787848, 0.000000
