ThreadID, cIDX, Time, cycles, deltaT, RX, OnRX, TX, SupTX, OnTX, Idle, OnIdle, Blocked, CacheMiss, CacheHit, CacheWB, CPUIdle, RX/s, TX/s, Sup/s
10170, 0, 0, 0, 0, 0, 0, 0, 0, 0, 0, 0, 0, 0, 0, 0, 0, 0, 0, 0
10170, 0, 1.000001, 210000298, 1.000001, 27202, 27202, 27200, 0, 6800, 0, 0, 0, 0, 0, 0, 28198917, 27201.961399, 27199.961402, 0.000000
10170, 1, 2.000019, 210003706, 1.000018, 27180, 27180, 27190, 0, 6798, 0, 0, 9, 0, 0, 0, 28267171, 27179.520346, 27189.520170, 0.000000
10170, 2, 3.000065, 210009618, 1.000046, 27157, 27157, 27154, 0, 6788, 0, 0, 0, 0, 0, 0, 28410706, 27155.756266, 27152.756404, 0.000000
10170, 3, 4.000077, 210002448, 1.000012, 27068, 27068, 27063, 0, 6766, 0, 0, 0, 0, 0, 0, 28516362, 27067.684468, 27062.684526, 0.000000
10170, 4, 5.000080, 210000676, 1.000003, 27107, 27107, 27103, 0, 6776, 0, 0, 4, 0, 0, 0, 28786829, 27106.912742, 27102.912754, 0.000000
10170, 5, 6.000142, 210013176, 1.000063, 27195, 27195, 27202, 0, 6800, 0, 0, 1, 0, 0, 0, 29140809, 27193.293815, 27200.293376, 0.000000
10170, 6, 7.000151, 210001708, 1.000008, 27147, 27147, 27144, 0, 6786, 0, 0, 4, 0, 0, 0, 29061184, 27146.779206, 27143.779231, 0.000000
10170, 7, 8.000153, 210000428, 1.000002, 27061, 27061, 27059, 0, 6765, 0, 0, 0, 0, 0, 0, 28818939, 27060.944847, 27058.944851, 0.000000
