ThreadID, cIDX, Time, cycles, deltaT, RX, OnRX, TX, SupTX, OnTX, Idle, OnIdle, Blocked, CacheMiss, CacheHit, CacheWB, CPUIdle, RX/s, TX/s, Sup/s
10464, 0, 0, 0, 0, 0, 0, 0, 0, 0, 0, 0, 0, 0, 0, 0, 0, 0, 0, 0
10464, 0, 1.000573, 210120291, 1.000573, 31714, 31714, 31720, 0, 7930, 0, 0, 1, 0, 0, 0, 28996727, 31695.844168, 31701.840733, 0.000000
10464, 1, 2.000937, 210076378, 1.000364, 31686, 31686, 31669, 0, 7918, 0, 0, 9, 0, 0, 0, 29078976, 31674.479841, 31657.486022, 0.000000
10464, 2, 3.001057, 210025265, 1.000120, 31710, 31710, 31720, 0, 7930, 0, 0, 7, 0, 0, 0, 29032721, 31706.185444, 31716.184241, 0.000000
10464, 3, 4.001519, 210096996, 1.000462, 31676, 31676, 31659, 0, 7914, 0, 0, 6, 0, 0, 0, 29241415, 31661.376063, 31644.383911, 0.000000
10464, 4, 5.001570, 210010741, 1.000051, 31592, 31592, 31616, 0, 7904, 0, 0, 2, 0, 0, 0, 29377042, 31590.384227, 31614.383000, 0.000000
10464, 5, 6.001649, 210016719, 1.000080, 31627, 31627, 31620, 0, 7905, 0, 0, 1, 0, 0, 0, 29976007, 31624.482239, 31617.482797, 0.000000
10464, 6, 7.001657, 210001484, 1.000007, 31623, 31623, 31617, 0, 7905, 0, 0, 0, 0, 0, 0, 29829165, 31622.776532, 31616.776575, 0.000000
10464, 7, 8.001658, 210000329, 1.000002, 31598, 31598, 31617, 0, 7904, 0, 0, 0, 0, 0, 0, 29608376, 31597.950497, 31616.950467, 0.000000
