ThreadID, cIDX, Time, cycles, deltaT, RX, OnRX, TX, SupTX, OnTX, Idle, OnIdle, Blocked, CacheMiss, CacheHit, CacheWB, CPUIdle, RX/s, TX/s, Sup/s
1016, 0, 0, 0, 0, 0, 0, 0, 0, 0, 0, 0, 0, 0, 0, 0, 0, 0, 0, 0
1016, 0, 1.000005, 210001150, 1.000005, 29369, 29369, 29364, 0, 7907, 0, 0, 0, 0, 0, 0, 29259922, 29368.839171, 29363.839198, 0.000000
1016, 1, 2.000012, 210001416, 1.000007, 29429, 29429, 29436, 0, 7922, 0, 0, 0, 0, 0, 0, 29176586, 29428.801566, 29435.801519, 0.000000
1016, 2, 3.000024, 210002454, 1.000012, 29425, 29425, 29416, 0, 7922, 0, 0, 0, 0, 0, 0, 29423871, 29424.656152, 29415.656257, 0.000000
1016, 3, 4.000064, 210008523, 1.000041, 29429, 29429, 29440, 0, 7928, 0, 0, 0, 0, 0, 0, 29333694, 29427.805651, 29438.805205, 0.000000
1016, 4, 5.000067, 210000606, 1.000003, 29353, 29353, 29350, 0, 7903, 0, 0, 0, 0, 0, 0, 29642366, 29352.915296, 29349.915305, 0.000000
1016, 5, 6.000100, 210006943, 1.000033, 29383, 29383, 29380, 0, 7912, 0, 0, 0, 0, 0, 0, 29809100, 29382.028574, 29379.028673, 0.000000
1016, 6, 7.000163, 210013049, 1.000062, 29340, 29340, 29335, 0, 7897, 0, 0, 2, 0, 0, 0, 29825792, 29338.176982, 29333.177292, 0.000000
1016, 7, 8.000205, 210008895, 1.000042, 29374, 29374, 29381, 0, 7913, 0, 0, 1, 0, 0, 0, 29930299, 29372.755854, 29379.755557, 0.000000
