ThreadID, cIDX, Time, cycles, deltaT, RX, OnRX, TX, SupTX, OnTX, Idle, OnIdle, Blocked, CacheMiss, CacheHit, CacheWB, CPUIdle, RX/s, TX/s, Sup/s
168, 0, 0, 0, 0, 0, 0, 0, 0, 0, 0, 0, 0, 0, 0, 0, 0, 0, 0, 0
168, 0, 1.000008, 210001618, 1.000008, 30484, 30484, 30471, 0, 7900, 0, 0, 0, 0, 0, 0, 25860703, 30483.765130, 30470.765230, 0.000000
168, 1, 2.000052, 210009265, 1.000044, 30560, 30560, 30579, 0, 7927, 0, 0, 1, 0, 0, 0, 25871312, 30558.651781, 30577.650943, 0.000000
168, 2, 3.000062, 210002120, 1.000010, 30500, 30500, 30499, 0, 7909, 0, 0, 0, 0, 0, 0, 25948375, 30499.692098, 30498.692108, 0.000000
168, 3, 4.000088, 210005511, 1.000026, 30571, 30571, 30571, 0, 7926, 0, 0, 4, 0, 0, 0, 25845525, 30570.197751, 30570.197751, 0.000000
168, 4, 5.000123, 210007314, 1.000035, 30489, 30489, 30496, 0, 7907, 0, 0, 0, 0, 0, 0, 26199453, 30487.938149, 30494.937905, 0.000000
168, 5, 6.000227, 210021764, 1.000104, 30514, 30514, 30497, 0, 7907, 0, 0, 0, 0, 0, 0, 26393314, 30510.837915, 30493.839677, 0.000000
168, 6, 7.000321, 210019842, 1.000094, 30422, 30422, 30412, 0, 7885, 0, 0, 0, 0, 0, 0, 26370271, 30419.125827, 30409.126772, 0.000000
168, 7, 8.000404, 210017419, 1.000083, 30565, 30565, 30590, 0, 7931, 0, 0, 3, 0, 0, 0, 26089584, 30562.464916, 30587.462843, 0.000000
