ThreadID, cIDX, Time, cycles, deltaT, RX, OnRX, TX, SupTX, OnTX, Idle, OnIdle, Blocked, CacheMiss, CacheHit, CacheWB, CPUIdle, RX/s, TX/s, Sup/s
10183, 0, 0, 0, 0, 0, 0, 0, 0, 0, 0, 0, 0, 0, 0, 0, 0, 0, 0, 0
10183, 0, 1.000199, 210041769, 1.000199, 30515, 30515, 30518, 0, 7912, 0, 0, 0, 652257, 182114490, 271093, 29114044, 30508.931773, 30511.931177, 0.000000
10183, 1, 2.000425, 210047577, 1.000227, 30555, 30555, 30564, 0, 7925, 0, 0, 8, 566838, 182128523, 230827, 29173942, 30548.079114, 30557.077076, 0.000000
10183, 2, 3.000440, 210003093, 1.000015, 30562, 30562, 30552, 0, 7921, 0, 0, 8, 545472, 182023492, 220798, 29289863, 30561.549872, 30551.550019, 0.000000
10183, 3, 4.000644, 210042773, 1.000204, 30556, 30556, 30549, 0, 7920, 0, 0, 2, 527001, 182028088, 211705, 29361710, 30549.777592, 30542.779018, 0.000000
10183, 4, 5.000678, 210007103, 1.000034, 30563, 30563, 30575, 0, 7926, 0, 0, 10, 520961, 181913558, 208893, 29594702, 30561.966278, 30573.965872, 0.000000
10183, 5, 6.000743, 210013766, 1.000066, 30428, 30428, 30405, 0, 7883, 0, 0, 0, 501621, 181683433, 199435, 30022483, 30426.005503, 30403.007011, 0.000000
10183, 6, 7.000749, 210001214, 1.000006, 30586, 30586, 30589, 0, 7930, 0, 0, 0, 504155, 181716571, 200109, 29965992, 30585.823185, 30588.823167, 0.000000
10183, 7, 8.000752, 210000727, 1.000003, 30495, 30495, 30507, 0, 7909, 0, 0, 0, 504593, 181914682, 201514, 29607818, 30494.894430, 30506.894388, 0.000000
