ThreadID, cIDX, Time, cycles, deltaT, RX, OnRX, TX, SupTX, OnTX, Idle, OnIdle, Blocked, CacheMiss, CacheHit, CacheWB, CPUIdle, RX/s, TX/s, Sup/s
331, 0, 0, 0, 0, 0, 0, 0, 0, 0, 0, 0, 0, 0, 0, 0, 0, 0, 0, 0
331, 0, 1.000074, 210015466, 1.000074, 27206, 27206, 27209, 0, 6803, 0, 0, 1, 673262, 183356848, 276977, 26742260, 27203.996490, 27206.996270, 0.000000
331, 1, 2.000084, 210002224, 1.000011, 27118, 27118, 27112, 0, 6778, 0, 0, 2, 606152, 183406637, 243163, 26702238, 27117.712811, 27111.712874, 0.000000
331, 2, 3.000093, 210001772, 1.000008, 27121, 27121, 27124, 0, 6781, 0, 0, 2, 584263, 183304424, 232173, 26867808, 27120.771152, 27123.771127, 0.000000
331, 3, 4.000165, 210015256, 1.000073, 27164, 27164, 27159, 0, 6789, 0, 0, 1, 581244, 183443872, 230928, 26668786, 27162.026743, 27157.027107, 0.000000
331, 4, 5.000171, 210001157, 1.000006, 27133, 27133, 27144, 0, 6786, 0, 0, 0, 565246, 183159112, 222604, 27097354, 27132.850511, 27143.850450, 0.000000
331, 5, 6.000271, 210021060, 1.000100, 27074, 27074, 27068, 0, 6767, 0, 0, 1, 564479, 183093238, 221911, 27362680, 27071.285137, 27065.285738, 0.000000
331, 6, 7.000336, 210013702, 1.000065, 27061, 27061, 27056, 0, 6764, 0, 0, 0, 554775, 183025349, 215795, 27554000, 27059.234449, 27054.234776, 0.000000
331, 7, 8.000339, 210000569, 1.000003, 27201, 27201, 27210, 0, 6803, 0, 0, 1, 547017, 183155876, 213825, 27345443, 27200.926298, 27209.926274, 0.000000
