ThreadID, cIDX, Time, cycles, deltaT, RX, OnRX, TX, SupTX, OnTX, Idle, OnIdle, Blocked, CacheMiss, CacheHit, CacheWB, CPUIdle, RX/s, TX/s, Sup/s
10174, 0, 0, 0, 0, 0, 0, 0, 0, 0, 0, 0, 0, 0, 0, 0, 0, 0, 0, 0
10174, 0, 1.000032, 210006624, 1.000032, 27208, 27208, 27208, 0, 6802, 0, 0, 0, 0, 0, 0, 28200085, 27207.141809, 27207.141809, 0.000000
10174, 1, 2.000033, 210000284, 1.000001, 27199, 27199, 27197, 0, 6800, 0, 0, 0, 0, 0, 0, 28266509, 27198.963217, 27196.963219, 0.000000
10174, 2, 3.000055, 210004599, 1.000022, 27131, 27131, 27140, 0, 6785, 0, 0, 8, 0, 0, 0, 28410100, 27130.405844, 27139.405647, 0.000000
10174, 3, 4.000058, 210000728, 1.000003, 27050, 27050, 27046, 0, 6761, 0, 0, 0, 0, 0, 0, 28516033, 27049.906227, 27045.906241, 0.000000
10174, 4, 5.000117, 210012424, 1.000059, 27110, 27110, 27113, 0, 6778, 0, 0, 8, 0, 0, 0, 28788539, 27108.396216, 27111.396038, 0.000000
10174, 5, 6.000121, 210000744, 1.000004, 27163, 27163, 27161, 0, 6791, 0, 0, 4, 0, 0, 0, 29138958, 27162.903766, 27160.903773, 0.000000
10174, 6, 7.000140, 210003921, 1.000019, 26948, 26948, 26951, 0, 6737, 0, 0, 0, 0, 0, 0, 29061598, 26947.496852, 26950.496796, 0.000000
10174, 7, 8.000146, 210001298, 1.000006, 27142, 27142, 27131, 0, 6783, 0, 0, 0, 0, 0, 0, 28818835, 27141.832238, 27130.832306, 0.000000
