ThreadID, cIDX, Time, cycles, deltaT, RX, OnRX, TX, SupTX, OnTX, Idle, OnIdle, Blocked, CacheMiss, CacheHit, CacheWB, CPUIdle, RX/s, TX/s, Sup/s
9698, 0, 0, 0, 0, 0, 0, 0, 0, 0, 0, 0, 0, 0, 0, 0, 0, 0, 0, 0
9698, 0, 1.000052, 210010836, 1.000052, 31669, 31669, 31671, 0, 7918, 0, 0, 0, 0, 0, 0, 29032505, 31667.365964, 31669.365861, 0.000000
9698, 1, 2.000060, 210001741, 1.000008, 31636, 31636, 31636, 0, 7909, 0, 0, 10, 0, 0, 0, 28938448, 31635.737725, 31635.737725, 0.000000
9698, 2, 3.000545, 210101823, 1.000485, 31663, 31663, 31644, 0, 7911, 0, 0, 16, 0, 0, 0, 29103996, 31647.654956, 31628.664164, 0.000000
9698, 3, 4.000597, 210010917, 1.000052, 31711, 31711, 31719, 0, 7930, 0, 0, 11, 0, 0, 0, 29157022, 31709.351567, 31717.351151, 0.000000
9698, 4, 5.000784, 210039382, 1.000188, 31644, 31644, 31629, 0, 7907, 0, 0, 6, 0, 0, 0, 29326297, 31638.066808, 31623.069620, 0.000000
9698, 5, 6.001169, 210080764, 1.000385, 31628, 31628, 31634, 0, 7909, 0, 0, 8, 0, 0, 0, 29783894, 31615.840849, 31621.838542, 0.000000
9698, 6, 7.001273, 210021792, 1.000104, 31648, 31648, 31651, 0, 7912, 0, 0, 0, 0, 0, 0, 29498333, 31644.716183, 31647.715871, 0.000000
9698, 7, 8.001285, 210002526, 1.000012, 31692, 31692, 31716, 0, 7929, 0, 0, 2, 0, 0, 0, 29405242, 31691.618795, 31715.618506, 0.000000
