ThreadID, cIDX, Time, cycles, deltaT, RX, OnRX, TX, SupTX, OnTX, Idle, OnIdle, Blocked, CacheMiss, CacheHit, CacheWB, CPUIdle, RX/s, TX/s, Sup/s
2758, 0, 0, 0, 0, 0, 0, 0, 0, 0, 0, 0, 0, 0, 0, 0, 0, 0, 0, 0
2758, 0, 1.000127, 210026695, 1.000127, 31583, 31583, 31569, 0, 7893, 0, 0, 0, 658545, 182103456, 271334, 29123529, 31578.985709, 31564.987489, 0.000000
2758, 1, 2.000717, 210123793, 1.000589, 31705, 31705, 31719, 0, 7929, 0, 0, 6, 568769, 182235780, 227863, 29001834, 31686.321215, 31700.312967, 0.000000
2758, 2, 3.000903, 210039134, 1.000186, 31631, 31631, 31628, 0, 7907, 0, 0, 2, 556546, 182198308, 224864, 28966218, 31625.106586, 31622.107145, 0.000000
2758, 3, 4.000969, 210013789, 1.000066, 31720, 31720, 31728, 0, 7932, 0, 0, 10, 533969, 182133275, 213725, 29107104, 31717.917341, 31725.916816, 0.000000
2758, 4, 5.000972, 210000623, 1.000003, 31613, 31613, 31606, 0, 7902, 0, 0, 1, 522473, 181965035, 206628, 29450341, 31612.906215, 31605.906236, 0.000000
2758, 5, 6.000975, 210000744, 1.000004, 31626, 31626, 31630, 0, 7907, 0, 0, 0, 514271, 181672542, 201984, 30054561, 31625.887954, 31629.887940, 0.000000
2758, 6, 7.001379, 210084860, 1.000404, 31667, 31667, 31647, 0, 7912, 0, 0, 1, 508947, 181860292, 201516, 29782705, 31654.208685, 31634.216764, 0.000000
2758, 7, 8.001808, 210090026, 1.000429, 31667, 31667, 31664, 0, 7916, 0, 0, 0, 506800, 181944900, 200021, 29658136, 31653.430325, 31650.431611, 0.000000
