ThreadID, cIDX, Time, cycles, deltaT, RX, OnRX, TX, SupTX, OnTX, Idle, OnIdle, Blocked, CacheMiss, CacheHit, CacheWB, CPUIdle, RX/s, TX/s, Sup/s
10809, 0, 0, 0, 0, 0, 0, 0, 0, 0, 0, 0, 0, 0, 0, 0, 0, 0, 0, 0
10809, 0, 1.000019, 210003893, 1.000019, 27171, 27171, 27164, 0, 6791, 0, 0, 0, 0, 0, 0, 28296876, 27170.496311, 27163.496441, 0.000000
10809, 1, 2.000023, 210001024, 1.000005, 27146, 27146, 27156, 0, 6789, 0, 0, 2, 0, 0, 0, 28247917, 27145.867632, 27155.867583, 0.000000
10809, 2, 3.000031, 210001603, 1.000008, 27138, 27138, 27125, 0, 6782, 0, 0, 0, 0, 0, 0, 28399591, 27137.792848, 27124.792947, 0.000000
10809, 3, 4.000037, 210001162, 1.000006, 27194, 27194, 27195, 0, 6798, 0, 0, 7, 0, 0, 0, 28332927, 27193.849527, 27194.849522, 0.000000
10809, 4, 5.000088, 210010804, 1.000051, 27172, 27172, 27177, 0, 6795, 0, 0, 9, 0, 0, 0, 28671512, 27170.602137, 27175.601880, 0.000000
10809, 5, 6.000151, 210013299, 1.000063, 27018, 27018, 27019, 0, 6754, 0, 0, 0, 0, 0, 0, 29018374, 27016.289097, 27017.289034, 0.000000
10809, 6, 7.000158, 210001311, 1.000006, 27194, 27194, 27194, 0, 6799, 0, 0, 0, 0, 0, 0, 28988468, 27193.830233, 27193.830233, 0.000000
10809, 7, 8.000172, 210002927, 1.000014, 27132, 27132, 27135, 0, 6784, 0, 0, 0, 0, 0, 0, 28923597, 27131.621837, 27134.621795, 0.000000
