ThreadID, cIDX, Time, cycles, deltaT, RX, OnRX, TX, SupTX, OnTX, Idle, OnIdle, Blocked, CacheMiss, CacheHit, CacheWB, CPUIdle, RX/s, TX/s, Sup/s
337, 0, 0, 0, 0, 0, 0, 0, 0, 0, 0, 0, 0, 0, 0, 0, 0, 0, 0, 0
337, 0, 1.000006, 210001336, 1.000006, 31640, 31640, 31644, 0, 7911, 0, 0, 0, 0, 0, 0, 26690917, 31639.798711, 31643.798685, 0.000000
337, 1, 2.000058, 210010826, 1.000052, 31726, 31726, 31716, 0, 7929, 0, 0, 0, 0, 0, 0, 26739273, 31724.364533, 31714.365049, 0.000000
337, 2, 3.000242, 210038646, 1.000184, 31698, 31698, 31696, 0, 7924, 0, 0, 1, 0, 0, 0, 26881113, 31692.167736, 31690.168104, 0.000000
337, 3, 4.000302, 210012648, 1.000060, 31674, 31674, 31680, 0, 7920, 0, 0, 0, 0, 0, 0, 26638964, 31672.092435, 31678.092074, 0.000000
337, 4, 5.000307, 210001063, 1.000005, 31648, 31648, 31635, 0, 7909, 0, 0, 2, 0, 0, 0, 27121841, 31647.839802, 31634.839867, 0.000000
337, 5, 6.000331, 210004900, 1.000023, 31616, 31616, 31617, 0, 7904, 0, 0, 1, 0, 0, 0, 27368048, 31615.262311, 31616.262287, 0.000000
337, 6, 7.000336, 210001114, 1.000005, 31711, 31711, 31717, 0, 7930, 0, 0, 0, 0, 0, 0, 27556960, 31710.831782, 31716.831750, 0.000000
337, 7, 8.000400, 210013569, 1.000065, 31635, 31635, 31627, 0, 7906, 0, 0, 0, 0, 0, 0, 27294526, 31632.956059, 31624.956576, 0.000000
