ThreadID, cIDX, Time, cycles, deltaT, RX, OnRX, TX, SupTX, OnTX, Idle, OnIdle, Blocked, CacheMiss, CacheHit, CacheWB, CPUIdle, RX/s, TX/s, Sup/s
188, 0, 0, 0, 0, 0, 0, 0, 0, 0, 0, 0, 0, 0, 0, 0, 0, 0, 0, 0
188, 0, 1.000036, 210007647, 1.000036, 27263, 27263, 27260, 0, 6815, 0, 0, 0, 0, 0, 0, 25953004, 27262.007273, 27259.007383, 0.000000
188, 1, 2.000058, 210004514, 1.000021, 27121, 27121, 27132, 0, 6783, 0, 0, 2, 0, 0, 0, 25853091, 27120.417040, 27131.416804, 0.000000
188, 2, 3.000080, 210004587, 1.000022, 27089, 27089, 27080, 0, 6770, 0, 0, 1, 0, 0, 0, 25986732, 27088.408312, 27079.408508, 0.000000
188, 3, 4.000119, 210008248, 1.000039, 27220, 27220, 27224, 0, 6806, 0, 0, 0, 0, 0, 0, 25880776, 27218.930944, 27222.930787, 0.000000
188, 4, 5.000176, 210011903, 1.000057, 27151, 27151, 27144, 0, 6786, 0, 0, 0, 0, 0, 0, 26187944, 27149.461143, 27142.461539, 0.000000
188, 5, 6.000231, 210011608, 1.000055, 27057, 27057, 27057, 0, 6765, 0, 0, 0, 0, 0, 0, 26489338, 27055.504475, 27055.504475, 0.000000
188, 6, 7.000353, 210025625, 1.000122, 27197, 27197, 27199, 0, 6799, 0, 0, 0, 0, 0, 0, 26362694, 27193.681723, 27195.681479, 0.000000
188, 7, 8.000358, 210001087, 1.000005, 27103, 27103, 27106, 0, 6777, 0, 0, 0, 0, 0, 0, 26128136, 27102.859710, 27105.859695, 0.000000
