ThreadID, cIDX, Time, cycles, deltaT, RX, OnRX, TX, SupTX, OnTX, Idle, OnIdle, Blocked, CacheMiss, CacheHit, CacheWB, CPUIdle, RX/s, TX/s, Sup/s
9431, 0, 0, 0, 0, 0, 0, 0, 0, 0, 0, 0, 0, 0, 0, 0, 0, 0, 0, 0
9431, 0, 1.000453, 210095027, 1.000453, 30486, 30486, 30483, 0, 7903, 0, 0, 1, 0, 0, 0, 29346914, 30472.211034, 30469.212391, 0.000000
9431, 1, 2.000466, 210002769, 1.000013, 30589, 30589, 30592, 0, 7931, 0, 0, 6, 0, 0, 0, 29132008, 30588.596668, 30591.596628, 0.000000
9431, 2, 3.000754, 210060496, 1.000288, 30560, 30560, 30561, 0, 7923, 0, 0, 14, 0, 0, 0, 29155200, 30551.198927, 30552.198639, 0.000000
9431, 3, 4.000759, 210001200, 1.000006, 30461, 30461, 30450, 0, 7895, 0, 0, 13, 0, 0, 0, 29109568, 30460.825938, 30449.826001, 0.000000
9431, 4, 5.001086, 210068639, 1.000327, 30536, 30536, 30535, 0, 7918, 0, 0, 4, 0, 0, 0, 29257355, 30526.022497, 30525.022824, 0.000000
9431, 5, 6.001270, 210038627, 1.000184, 30575, 30575, 30571, 0, 7926, 0, 0, 6, 0, 0, 0, 29894801, 30569.377127, 30565.377863, 0.000000
9431, 6, 7.001408, 210028855, 1.000137, 30528, 30528, 30530, 0, 7913, 0, 0, 0, 0, 0, 0, 29847137, 30523.805884, 30525.805609, 0.000000
9431, 7, 8.001433, 210005365, 1.000026, 30437, 30437, 30452, 0, 7895, 0, 0, 3, 0, 0, 0, 29651105, 30436.222427, 30451.222044, 0.000000
