ThreadID, cIDX, Time, cycles, deltaT, RX, OnRX, TX, SupTX, OnTX, Idle, OnIdle, Blocked, CacheMiss, CacheHit, CacheWB, CPUIdle, RX/s, TX/s, Sup/s
9638, 0, 0, 0, 0, 0, 0, 0, 0, 0, 0, 0, 0, 0, 0, 0, 0, 0, 0, 0
9638, 0, 1.000006, 210001316, 1.000006, 31559, 31559, 31544, 0, 7886, 0, 0, 0, 0, 0, 0, 28349909, 31558.802232, 31543.802326, 0.000000
9638, 1, 2.000260, 210053235, 1.000253, 31698, 31698, 31712, 0, 7928, 0, 0, 4, 0, 0, 0, 28148875, 31689.966593, 31703.963045, 0.000000
9638, 2, 3.000528, 210056355, 1.000268, 31704, 31704, 31701, 0, 7926, 0, 0, 17, 0, 0, 0, 28298476, 31695.494288, 31692.495093, 0.000000
9638, 3, 4.000580, 210010907, 1.000052, 31609, 31609, 31615, 0, 7903, 0, 0, 4, 0, 0, 0, 28427990, 31607.358374, 31613.358062, 0.000000
9638, 4, 5.000814, 210049085, 1.000234, 31748, 31748, 31736, 0, 7934, 0, 0, 8, 0, 0, 0, 28668814, 31740.581017, 31728.583821, 0.000000
9638, 5, 6.000826, 210002605, 1.000012, 31595, 31595, 31601, 0, 7901, 0, 0, 1, 0, 0, 0, 29031560, 31594.608076, 31600.608002, 0.000000
9638, 6, 7.000860, 210007174, 1.000034, 31688, 31688, 31679, 0, 7919, 0, 0, 0, 0, 0, 0, 28768767, 31686.917515, 31677.917822, 0.000000
9638, 7, 8.000872, 210002548, 1.000012, 31646, 31646, 31668, 0, 7917, 0, 0, 0, 0, 0, 0, 28843113, 31645.616033, 31667.615766, 0.000000
