ThreadID, cIDX, Time, cycles, deltaT, RX, OnRX, TX, SupTX, OnTX, Idle, OnIdle, Blocked, CacheMiss, CacheHit, CacheWB, CPUIdle, RX/s, TX/s, Sup/s
9055, 0, 0, 0, 0, 0, 0, 0, 0, 0, 0, 0, 0, 0, 0, 0, 0, 0, 0, 0
9055, 0, 1.000015, 210003156, 1.000015, 27234, 27234, 27236, 0, 6809, 0, 0, 0, 0, 0, 0, 28482922, 27233.590718, 27235.590688, 0.000000
9055, 1, 2.000032, 210003588, 1.000017, 27116, 27116, 27115, 0, 6779, 0, 0, 0, 0, 0, 0, 28415445, 27115.536712, 27114.536729, 0.000000
9055, 2, 3.000041, 210001889, 1.000009, 27141, 27141, 27135, 0, 6784, 0, 0, 2, 0, 0, 0, 28537406, 27140.755862, 27134.755916, 0.000000
9055, 3, 4.000064, 210004825, 1.000023, 27197, 27197, 27198, 0, 6799, 0, 0, 3, 0, 0, 0, 28548858, 27196.375131, 27197.375108, 0.000000
9055, 4, 5.000241, 210037114, 1.000177, 27092, 27092, 27088, 0, 6772, 0, 0, 1, 0, 0, 0, 29178117, 27087.212787, 27083.213493, 0.000000
9055, 5, 6.000311, 210014696, 1.000070, 27095, 27095, 27092, 0, 6773, 0, 0, 0, 0, 0, 0, 29126731, 27093.103999, 27090.104209, 0.000000
9055, 6, 7.000324, 210002826, 1.000013, 27195, 27195, 27204, 0, 6801, 0, 0, 0, 0, 0, 0, 29089964, 27194.634038, 27203.633917, 0.000000
9055, 7, 8.000359, 210007287, 1.000035, 27099, 27099, 27092, 0, 6773, 0, 0, 0, 0, 0, 0, 29196044, 27098.059697, 27091.059940, 0.000000
