ThreadID, cIDX, Time, cycles, deltaT, RX, OnRX, TX, SupTX, OnTX, Idle, OnIdle, Blocked, CacheMiss, CacheHit, CacheWB, CPUIdle, RX/s, TX/s, Sup/s
242, 0, 0, 0, 0, 0, 0, 0, 0, 0, 0, 0, 0, 0, 0, 0, 0, 0, 0, 0
242, 0, 1.000033, 210006960, 1.000033, 31604, 31604, 31607, 0, 7902, 0, 0, 1, 0, 0, 0, 29158711, 31602.952588, 31605.952488, 0.000000
242, 1, 2.000045, 210002587, 1.000012, 31712, 31712, 31698, 0, 7925, 0, 0, 3, 0, 0, 0, 29130767, 31711.609343, 31697.609516, 0.000000
242, 2, 3.000061, 210003187, 1.000015, 31704, 31704, 31712, 0, 7928, 0, 0, 2, 0, 0, 0, 29317673, 31703.518861, 31711.518740, 0.000000
242, 3, 4.000067, 210001289, 1.000006, 31641, 31641, 31650, 0, 7912, 0, 0, 2, 0, 0, 0, 29273432, 31640.805786, 31649.805730, 0.000000
242, 4, 5.000144, 210016153, 1.000077, 31707, 31707, 31713, 0, 7928, 0, 0, 1, 0, 0, 0, 29508324, 31704.561315, 31710.560854, 0.000000
242, 5, 6.000462, 210066782, 1.000318, 31592, 31592, 31564, 0, 7891, 0, 0, 0, 0, 0, 0, 29956779, 31581.956637, 31553.965538, 0.000000
242, 6, 7.000465, 210000744, 1.000004, 31629, 31629, 31653, 0, 7914, 0, 0, 2, 0, 0, 0, 29810077, 31628.887943, 31652.887858, 0.000000
242, 7, 8.000830, 210076526, 1.000364, 31627, 31627, 31607, 0, 7901, 0, 0, 0, 0, 0, 0, 29675806, 31615.479018, 31595.486304, 0.000000
