ThreadID, cIDX, Time, cycles, deltaT, RX, OnRX, TX, SupTX, OnTX, Idle, OnIdle, Blocked, CacheMiss, CacheHit, CacheWB, CPUIdle, RX/s, TX/s, Sup/s
10193, 0, 0, 0, 0, 0, 0, 0, 0, 0, 0, 0, 0, 0, 0, 0, 0, 0, 0, 0
10193, 0, 1.000009, 210001929, 1.000009, 31604, 31604, 31616, 0, 7904, 0, 0, 0, 0, 0, 0, 29054011, 31603.709697, 31615.709587, 0.000000
10193, 1, 2.000014, 210000921, 1.000004, 31669, 31669, 31661, 0, 7916, 0, 0, 0, 0, 0, 0, 29142589, 31668.861109, 31660.861145, 0.000000
10193, 2, 3.000111, 210020506, 1.000098, 31694, 31694, 31687, 0, 7921, 0, 0, 10, 0, 0, 0, 29286555, 31690.905459, 31683.906142, 0.000000
10193, 3, 4.000118, 210001473, 1.000007, 31612, 31612, 31628, 0, 7907, 0, 0, 0, 0, 0, 0, 29282918, 31611.778266, 31627.778154, 0.000000
10193, 4, 5.000214, 210020066, 1.000096, 31692, 31692, 31688, 0, 7922, 0, 0, 0, 0, 0, 0, 29582491, 31688.972043, 31684.972425, 0.000000
10193, 5, 6.000548, 210070092, 1.000334, 31582, 31582, 31560, 0, 7890, 0, 0, 0, 0, 0, 0, 29967758, 31571.462348, 31549.469688, 0.000000
10193, 6, 7.000818, 210056783, 1.000270, 31595, 31595, 31596, 0, 7899, 0, 0, 0, 0, 0, 0, 29983549, 31586.459172, 31587.458902, 0.000000
10193, 7, 8.000930, 210023543, 1.000112, 31700, 31700, 31724, 0, 7931, 0, 0, 0, 0, 0, 0, 29582020, 31696.446526, 31720.443836, 0.000000
