ThreadID, cIDX, Time, cycles, deltaT, RX, OnRX, TX, SupTX, OnTX, Idle, OnIdle, Blocked, CacheMiss, CacheHit, CacheWB, CPUIdle, RX/s, TX/s, Sup/s
9001, 0, 0, 0, 0, 0, 0, 0, 0, 0, 0, 0, 0, 0, 0, 0, 0, 0, 0, 0
9001, 0, 1.000004, 210000929, 1.000004, 27112, 27112, 27105, 0, 6777, 0, 0, 0, 0, 0, 0, 27790539, 27111.880062, 27104.880093, 0.000000
9001, 1, 2.000026, 210004629, 1.000022, 27150, 27150, 27147, 0, 6786, 0, 0, 7, 0, 0, 0, 27612555, 27149.401550, 27146.401616, 0.000000
9001, 2, 3.000031, 210001043, 1.000005, 27141, 27141, 27156, 0, 6789, 0, 0, 4, 0, 0, 0, 27785875, 27140.865200, 27155.865126, 0.000000
9001, 3, 4.000035, 210000810, 1.000004, 27066, 27066, 27064, 0, 6766, 0, 0, 0, 0, 0, 0, 27671142, 27065.895603, 27063.895611, 0.000000
9001, 4, 5.000087, 210010811, 1.000051, 27111, 27111, 27108, 0, 6777, 0, 0, 0, 0, 0, 0, 28387280, 27109.604372, 27106.604526, 0.000000
9001, 5, 6.000139, 210010922, 1.000052, 27132, 27132, 27132, 0, 6783, 0, 0, 0, 0, 0, 0, 28383697, 27130.588951, 27130.588951, 0.000000
9001, 6, 7.000158, 210004113, 1.000020, 27024, 27024, 27024, 0, 6756, 0, 0, 0, 0, 0, 0, 28340377, 27023.470726, 27023.470726, 0.000000
9001, 7, 8.000172, 210002892, 1.000014, 27153, 27153, 27149, 0, 6788, 0, 0, 0, 0, 0, 0, 28419252, 27152.626070, 27148.626125, 0.000000
