ThreadID, cIDX, Time, cycles, deltaT, RX, OnRX, TX, SupTX, OnTX, Idle, OnIdle, Blocked, CacheMiss, CacheHit, CacheWB, CPUIdle, RX/s, TX/s, Sup/s
9717, 0, 0, 0, 0, 0, 0, 0, 0, 0, 0, 0, 0, 0, 0, 0, 0, 0, 0, 0
9717, 0, 1.000011, 210002308, 1.000011, 31557, 31557, 31544, 0, 7886, 0, 0, 0, 0, 0, 0, 30922026, 31556.653177, 31543.653320, 0.000000
9717, 1, 2.000013, 210000445, 1.000002, 31687, 31687, 31714, 0, 7929, 0, 0, 3, 0, 0, 0, 30914128, 31686.932854, 31713.932797, 0.000000
9717, 2, 3.000133, 210025272, 1.000120, 31709, 31709, 31682, 0, 7920, 0, 0, 2, 0, 0, 0, 31020048, 31705.184508, 31678.187756, 0.000000
9717, 3, 4.000161, 210005748, 1.000027, 31685, 31685, 31684, 0, 7921, 0, 0, 11, 0, 0, 0, 31126653, 31684.132760, 31683.132787, 0.000000
9717, 4, 5.000195, 210007101, 1.000034, 31692, 31692, 31708, 0, 7927, 0, 0, 8, 0, 0, 0, 31328764, 31690.928394, 31706.927853, 0.000000
9717, 5, 6.000298, 210021739, 1.000104, 31533, 31533, 31544, 0, 7886, 0, 0, 7, 0, 0, 0, 31709219, 31529.736072, 31540.734933, 0.000000
9717, 6, 7.000341, 210009038, 1.000043, 31708, 31708, 31708, 0, 7927, 0, 0, 0, 0, 0, 0, 31376520, 31706.635407, 31706.635407, 0.000000
9717, 7, 8.000343, 210000404, 1.000002, 31664, 31664, 31654, 0, 7914, 0, 0, 2, 0, 0, 0, 31276226, 31663.939085, 31653.939104, 0.000000
