ThreadID, cIDX, Time, cycles, deltaT, RX, OnRX, TX, SupTX, OnTX, Idle, OnIdle, Blocked, CacheMiss, CacheHit, CacheWB, CPUIdle, RX/s, TX/s, Sup/s
9807, 0, 0, 0, 0, 0, 0, 0, 0, 0, 0, 0, 0, 0, 0, 0, 0, 0, 0, 0
9807, 0, 1.000005, 210001047, 1.000005, 27180, 27180, 27180, 0, 6795, 0, 0, 0, 642844, 182101721, 270215, 29141489, 27179.864489, 27179.864489, 0.000000
9807, 1, 2.000026, 210004464, 1.000021, 27152, 27152, 27160, 0, 6790, 0, 0, 8, 573850, 182153254, 234557, 29023244, 27151.422838, 27159.422668, 0.000000
9807, 2, 3.000031, 210001078, 1.000005, 27148, 27148, 27138, 0, 6785, 0, 0, 4, 555947, 182054809, 225778, 29320721, 27147.860641, 27137.860692, 0.000000
9807, 3, 4.000049, 210003691, 1.000018, 27159, 27159, 27166, 0, 6791, 0, 0, 9, 550325, 181956968, 222435, 29445785, 27158.522657, 27165.522534, 0.000000
9807, 4, 5.000071, 210004568, 1.000022, 27128, 27128, 27122, 0, 6781, 0, 0, 1, 539742, 181873985, 217422, 29622311, 27127.409914, 27121.410045, 0.000000
9807, 5, 6.000074, 210000648, 1.000003, 27042, 27042, 27038, 0, 6759, 0, 0, 3, 528084, 181683258, 211553, 29970414, 27041.916556, 27037.916569, 0.000000
9807, 6, 7.000075, 210000179, 1.000001, 27104, 27104, 27112, 0, 6778, 0, 0, 2, 533290, 181881237, 214053, 29646476, 27103.976897, 27111.976890, 0.000000
9807, 7, 8.000114, 210008266, 1.000039, 27112, 27112, 27108, 0, 6777, 0, 0, 0, 536090, 181939922, 216236, 29460938, 27110.932862, 27106.933019, 0.000000
