ThreadID, cIDX, Time, cycles, deltaT, RX, OnRX, TX, SupTX, OnTX, Idle, OnIdle, Blocked, CacheMiss, CacheHit, CacheWB, CPUIdle, RX/s, TX/s, Sup/s
9885, 0, 0, 0, 0, 0, 0, 0, 0, 0, 0, 0, 0, 0, 0, 0, 0, 0, 0, 0
9885, 0, 1.000011, 210002363, 1.000011, 27254, 27254, 27258, 0, 6815, 0, 0, 0, 0, 0, 0, 29650437, 27253.693331, 27257.693286, 0.000000
9885, 1, 2.000015, 210000734, 1.000003, 27176, 27176, 27170, 0, 6792, 0, 0, 3, 0, 0, 0, 29792712, 27175.905014, 27169.905035, 0.000000
9885, 2, 3.000065, 210010607, 1.000051, 27113, 27113, 27116, 0, 6779, 0, 0, 8, 0, 0, 0, 29898516, 27111.630604, 27114.630453, 0.000000
9885, 3, 4.000088, 210004674, 1.000022, 27064, 27064, 27061, 0, 6766, 0, 0, 8, 0, 0, 0, 30080026, 27063.397646, 27060.397713, 0.000000
9885, 4, 5.000170, 210017309, 1.000082, 27100, 27100, 27103, 0, 6775, 0, 0, 5, 0, 0, 0, 30340743, 27097.766499, 27100.766252, 0.000000
9885, 5, 6.000364, 210040785, 1.000194, 27142, 27142, 27128, 0, 6782, 0, 0, 0, 0, 0, 0, 30646402, 27136.729659, 27122.732378, 0.000000
9885, 6, 7.000405, 210008577, 1.000041, 26980, 26980, 26984, 0, 6746, 0, 0, 4, 0, 0, 0, 30251916, 26978.898105, 26982.897941, 0.000000
9885, 7, 8.000428, 210004787, 1.000023, 27154, 27154, 27154, 0, 6789, 0, 0, 0, 0, 0, 0, 30242610, 27153.381032, 27153.381032, 0.000000
