ThreadID, cIDX, Time, cycles, deltaT, RX, OnRX, TX, SupTX, OnTX, Idle, OnIdle, Blocked, CacheMiss, CacheHit, CacheWB, CPUIdle, RX/s, TX/s, Sup/s
1921, 0, 0, 0, 0, 0, 0, 0, 0, 0, 0, 0, 0, 0, 0, 0, 0, 0, 0, 0
1921, 0, 1.000008, 210001607, 1.000008, 31648, 31648, 31658, 0, 7915, 0, 0, 0, 640818, 182072489, 263101, 31736733, 31647.757819, 31657.757743, 0.000000
1921, 1, 2.000032, 210005050, 1.000024, 31676, 31676, 31662, 0, 7915, 0, 0, 3, 573528, 182167387, 230695, 31612905, 31675.238286, 31661.238623, 0.000000
1921, 2, 3.000099, 210014082, 1.000067, 31697, 31697, 31688, 0, 7922, 0, 0, 0, 561790, 182044273, 225084, 31858742, 31694.874632, 31685.875236, 0.000000
1921, 3, 4.000124, 210005227, 1.000025, 31612, 31612, 31628, 0, 7907, 0, 0, 8, 541587, 181999589, 214343, 31980372, 31611.213182, 31627.212784, 0.000000
1921, 4, 5.000128, 210001000, 1.000005, 31685, 31685, 31680, 0, 7920, 0, 0, 0, 525341, 181877863, 205640, 32256509, 31684.849120, 31679.849144, 0.000000
1921, 5, 6.000220, 210019251, 1.000092, 31568, 31568, 31560, 0, 7890, 0, 0, 0, 511873, 181684927, 200885, 32608754, 31565.106382, 31557.107115, 0.000000
1921, 6, 7.000356, 210028487, 1.000136, 31591, 31591, 31588, 0, 7897, 0, 0, 2, 512791, 181796554, 201557, 32432647, 31586.715187, 31583.715594, 0.000000
1921, 7, 8.000365, 210001944, 1.000009, 31685, 31685, 31696, 0, 7924, 0, 0, 0, 513468, 181861755, 201184, 32369204, 31684.706690, 31695.706588, 0.000000
