ThreadID, cIDX, Time, cycles, deltaT, RX, OnRX, TX, SupTX, OnTX, Idle, OnIdle, Blocked, CacheMiss, CacheHit, CacheWB, CPUIdle, RX/s, TX/s, Sup/s
8680, 0, 0, 0, 0, 0, 0, 0, 0, 0, 0, 0, 0, 0, 0, 0, 0, 0, 0, 0
8680, 0, 1.000011, 210002336, 1.000011, 27092, 27092, 27092, 0, 6773, 0, 0, 0, 0, 0, 0, 28390302, 27091.698637, 27091.698637, 0.000000
8680, 1, 2.000039, 210005778, 1.000028, 27131, 27131, 27128, 0, 6782, 0, 0, 6, 0, 0, 0, 28378508, 27130.253530, 27127.253613, 0.000000
8680, 2, 3.000040, 210000300, 1.000001, 27130, 27130, 27144, 0, 6786, 0, 0, 6, 0, 0, 0, 28454084, 27129.961243, 27143.961223, 0.000000
8680, 3, 4.000111, 210014866, 1.000071, 27102, 27102, 27096, 0, 6774, 0, 0, 7, 0, 0, 0, 28335743, 27100.081572, 27094.081997, 0.000000
8680, 4, 5.000112, 210000232, 1.000001, 27099, 27099, 27099, 0, 6775, 0, 0, 0, 0, 0, 0, 28921684, 27098.970062, 27098.970062, 0.000000
8680, 5, 6.000123, 210002267, 1.000011, 27156, 27156, 27146, 0, 6787, 0, 0, 0, 0, 0, 0, 29077805, 27155.706848, 27145.706956, 0.000000
8680, 6, 7.000136, 210002858, 1.000014, 26978, 26978, 26979, 0, 6744, 0, 0, 0, 0, 0, 0, 29089262, 26977.632847, 26978.632834, 0.000000
8680, 7, 8.000158, 210004601, 1.000022, 27185, 27185, 27192, 0, 6798, 0, 0, 0, 0, 0, 0, 29065585, 27184.404403, 27191.404249, 0.000000
