ThreadID, cIDX, Time, cycles, deltaT, RX, OnRX, TX, SupTX, OnTX, Idle, OnIdle, Blocked, CacheMiss, CacheHit, CacheWB, CPUIdle, RX/s, TX/s, Sup/s
10302, 0, 0, 0, 0, 0, 0, 0, 0, 0, 0, 0, 0, 0, 0, 0, 0, 0, 0, 0
10302, 0, 1.000243, 210051087, 1.000243, 27232, 27232, 27240, 0, 6810, 0, 0, 1, 0, 0, 0, 28322581, 27225.376844, 27233.374898, 0.000000
10302, 1, 2.000244, 210000256, 1.000001, 27179, 27179, 27180, 0, 6795, 0, 0, 3, 0, 0, 0, 28276394, 27178.966868, 27179.966866, 0.000000
10302, 2, 3.000828, 210122553, 1.000584, 27125, 27125, 27117, 0, 6780, 0, 0, 6, 0, 0, 0, 28379892, 27109.179470, 27101.184136, 0.000000
10302, 3, 4.000845, 210003624, 1.000017, 27046, 27046, 27045, 0, 6761, 0, 0, 7, 0, 0, 0, 28455131, 27045.533271, 27044.533289, 0.000000
10302, 4, 5.000857, 210002365, 1.000011, 27126, 27126, 27127, 0, 6782, 0, 0, 3, 0, 0, 0, 28640477, 27125.694513, 27126.694502, 0.000000
10302, 5, 6.000900, 210009178, 1.000044, 27144, 27144, 27147, 0, 6786, 0, 0, 3, 0, 0, 0, 29094614, 27142.813730, 27145.813599, 0.000000
10302, 6, 7.000903, 210000505, 1.000002, 26976, 26976, 26968, 0, 6742, 0, 0, 0, 0, 0, 0, 29067873, 26975.935129, 26967.935149, 0.000000
10302, 7, 8.000909, 210001370, 1.000007, 27141, 27141, 27141, 0, 6786, 0, 0, 0, 0, 0, 0, 28859684, 27140.822938, 27140.822938, 0.000000
