ThreadID, cIDX, Time, cycles, deltaT, RX, OnRX, TX, SupTX, OnTX, Idle, OnIdle, Blocked, CacheMiss, CacheHit, CacheWB, CPUIdle, RX/s, TX/s, Sup/s
1495, 0, 0, 0, 0, 0, 0, 0, 0, 0, 0, 0, 0, 0, 0, 0, 0, 0, 0, 0
1495, 0, 1.000374, 210078521, 1.000374, 31580, 31580, 31592, 0, 7898, 0, 0, 0, 0, 0, 0, 29223926, 31568.196351, 31580.191865, 0.000000
1495, 1, 2.000380, 210001369, 1.000007, 31726, 31726, 31712, 0, 7928, 0, 0, 4, 0, 0, 0, 29159438, 31725.793178, 31711.793269, 0.000000
1495, 2, 3.000382, 210000425, 1.000002, 31709, 31709, 31714, 0, 7929, 0, 0, 8, 0, 0, 0, 29330691, 31708.935827, 31713.935817, 0.000000
1495, 3, 4.000388, 210001088, 1.000005, 31588, 31588, 31598, 0, 7899, 0, 0, 4, 0, 0, 0, 29316682, 31587.836345, 31597.836293, 0.000000
1495, 4, 5.000413, 210005343, 1.000025, 31706, 31706, 31696, 0, 7924, 0, 0, 0, 0, 0, 0, 29664992, 31705.193329, 31695.193584, 0.000000
1495, 5, 6.000472, 210012365, 1.000059, 31618, 31618, 31624, 0, 7906, 0, 0, 5, 0, 0, 0, 29872183, 31616.138412, 31622.138058, 0.000000
1495, 6, 7.000582, 210023017, 1.000110, 31699, 31699, 31676, 0, 7919, 0, 0, 0, 0, 0, 0, 29647245, 31695.526019, 31672.528540, 0.000000
1495, 7, 8.000629, 210009878, 1.000047, 31631, 31631, 31652, 0, 7913, 0, 0, 0, 0, 0, 0, 29704149, 31629.512208, 31650.511220, 0.000000
