ThreadID, cIDX, Time, cycles, deltaT, RX, OnRX, TX, SupTX, OnTX, Idle, OnIdle, Blocked, CacheMiss, CacheHit, CacheWB, CPUIdle, RX/s, TX/s, Sup/s
1714, 0, 0, 0, 0, 0, 0, 0, 0, 0, 0, 0, 0, 0, 0, 0, 0, 0, 0, 0
1714, 0, 1.000056, 210011683, 1.000056, 31695, 31695, 31688, 0, 7922, 0, 0, 0, 0, 0, 0, 28337857, 31693.236800, 31686.237189, 0.000000
1714, 1, 2.000189, 210027998, 1.000133, 31637, 31637, 31645, 0, 7912, 0, 0, 6, 0, 0, 0, 28342917, 31632.782597, 31640.781530, 0.000000
1714, 2, 3.000204, 210003160, 1.000015, 31620, 31620, 31635, 0, 7908, 0, 0, 6, 0, 0, 0, 28431176, 31619.524201, 31634.523976, 0.000000
1714, 3, 4.000269, 210013560, 1.000065, 31760, 31760, 31740, 0, 7935, 0, 0, 0, 0, 0, 0, 28588103, 31757.949344, 31737.950635, 0.000000
1714, 4, 5.000279, 210002149, 1.000010, 31626, 31626, 31621, 0, 7906, 0, 0, 1, 0, 0, 0, 28815620, 31625.676364, 31620.676415, 0.000000
1714, 5, 6.000281, 210000366, 1.000002, 31596, 31596, 31603, 0, 7900, 0, 0, 3, 0, 0, 0, 29097641, 31595.944933, 31602.944921, 0.000000
1714, 6, 7.000285, 210000897, 1.000004, 31696, 31696, 31685, 0, 7922, 0, 0, 2, 0, 0, 0, 28887106, 31695.864613, 31684.864660, 0.000000
1714, 7, 8.000465, 210037759, 1.000180, 31663, 31663, 31663, 0, 7915, 0, 0, 0, 0, 0, 0, 28906900, 31657.307865, 31657.307865, 0.000000
