ThreadID, cIDX, Time, cycles, deltaT, RX, OnRX, TX, SupTX, OnTX, Idle, OnIdle, Blocked, CacheMiss, CacheHit, CacheWB, CPUIdle, RX/s, TX/s, Sup/s
10182, 0, 0, 0, 0, 0, 0, 0, 0, 0, 0, 0, 0, 0, 0, 0, 0, 0, 0, 0
10182, 0, 1.000001, 210000263, 1.000001, 31589, 31589, 31585, 0, 7897, 0, 0, 0, 652343, 182101021, 271132, 29077497, 31588.960439, 31584.960444, 0.000000
10182, 1, 2.000009, 210001632, 1.000008, 31656, 31656, 31661, 0, 7915, 0, 0, 9, 566775, 182107439, 230797, 29146314, 31655.753990, 31660.753951, 0.000000
10182, 2, 3.000084, 210015768, 1.000075, 31690, 31690, 31674, 0, 7918, 0, 0, 7, 545492, 182027744, 220811, 29297725, 31687.620712, 31671.621914, 0.000000
10182, 3, 4.000136, 210010800, 1.000051, 31733, 31733, 31736, 0, 7934, 0, 0, 8, 526888, 181989519, 211662, 29364356, 31731.368101, 31734.367947, 0.000000
10182, 4, 5.000138, 210000437, 1.000002, 31718, 31718, 31715, 0, 7929, 0, 0, 11, 520877, 181889605, 208858, 29615124, 31717.933996, 31714.934003, 0.000000
10182, 5, 6.000541, 210084796, 1.000404, 31552, 31552, 31553, 0, 7888, 0, 0, 9, 501752, 181734317, 199485, 30047351, 31539.264745, 31540.264342, 0.000000
10182, 6, 7.000560, 210003934, 1.000019, 31677, 31677, 31704, 0, 7926, 0, 0, 2, 504169, 181718033, 200111, 29969464, 31676.406595, 31703.406090, 0.000000
10182, 7, 8.000672, 210023464, 1.000112, 31657, 31657, 31632, 0, 7908, 0, 0, 0, 504656, 181935436, 201539, 29609815, 31653.463253, 31628.466046, 0.000000
