ThreadID, cIDX, Time, cycles, deltaT, RX, OnRX, TX, SupTX, OnTX, Idle, OnIdle, Blocked, CacheMiss, CacheHit, CacheWB, CPUIdle, RX/s, TX/s, Sup/s
9910, 0, 0, 0, 0, 0, 0, 0, 0, 0, 0, 0, 0, 0, 0, 0, 0, 0, 0, 0
9910, 0, 1.000074, 210015548, 1.000074, 31619, 31619, 31616, 0, 7904, 0, 0, 0, 0, 0, 0, 28095828, 31616.659163, 31613.659385, 0.000000
9910, 1, 2.000438, 210076345, 1.000364, 31686, 31686, 31690, 0, 7923, 0, 0, 19, 0, 0, 0, 28279868, 31674.484816, 31678.483363, 0.000000
9910, 2, 3.000473, 210007370, 1.000035, 31690, 31690, 31695, 0, 7924, 0, 0, 11, 0, 0, 0, 28290722, 31688.887871, 31693.887695, 0.000000
9910, 3, 4.000505, 210006820, 1.000032, 31667, 31667, 31657, 0, 7914, 0, 0, 8, 0, 0, 0, 28388510, 31665.971610, 31655.971935, 0.000000
9910, 4, 5.000532, 210005610, 1.000027, 31701, 31701, 31710, 0, 7927, 0, 0, 7, 0, 0, 0, 28693088, 31700.153153, 31709.152913, 0.000000
9910, 5, 6.000605, 210015329, 1.000073, 31572, 31572, 31552, 0, 7888, 0, 0, 0, 0, 0, 0, 29120173, 31569.695563, 31549.697022, 0.000000
9910, 6, 7.000611, 210001279, 1.000006, 31711, 31711, 31715, 0, 7929, 0, 0, 0, 0, 0, 0, 28887500, 31710.806866, 31714.806842, 0.000000
9910, 7, 8.000612, 210000187, 1.000001, 31630, 31630, 31640, 0, 7910, 0, 0, 0, 0, 0, 0, 28741291, 31629.971834, 31639.971825, 0.000000
