ThreadID, cIDX, Time, cycles, deltaT, RX, OnRX, TX, SupTX, OnTX, Idle, OnIdle, Blocked, CacheMiss, CacheHit, CacheWB, CPUIdle, RX/s, TX/s, Sup/s
1194, 0, 0, 0, 0, 0, 0, 0, 0, 0, 0, 0, 0, 0, 0, 0, 0, 0, 0, 0
1194, 0, 1.000346, 210072651, 1.000346, 27137, 27137, 27136, 0, 6784, 0, 0, 1, 0, 0, 0, 28430692, 27127.615008, 27126.615354, 0.000000
1194, 1, 2.000468, 210025642, 1.000122, 27198, 27198, 27200, 0, 6800, 0, 0, 0, 0, 0, 0, 28308266, 27194.679400, 27196.679156, 0.000000
1194, 2, 3.000578, 210023027, 1.000110, 27145, 27145, 27144, 0, 6786, 0, 0, 0, 0, 0, 0, 28522325, 27142.023812, 27141.023922, 0.000000
1194, 3, 4.000664, 210018192, 1.000087, 27150, 27150, 27148, 0, 6787, 0, 0, 2, 0, 0, 0, 28322332, 27147.648238, 27145.648411, 0.000000
1194, 4, 5.000674, 210001954, 1.000009, 27059, 27059, 27057, 0, 6765, 0, 0, 4, 0, 0, 0, 28512861, 27058.748225, 27056.748243, 0.000000
1194, 5, 6.000697, 210004802, 1.000023, 27133, 27133, 27139, 0, 6784, 0, 0, 0, 0, 0, 0, 28896470, 27132.379573, 27138.379436, 0.000000
1194, 6, 7.000768, 210015000, 1.000071, 27072, 27072, 27068, 0, 6767, 0, 0, 0, 0, 0, 0, 28798855, 27070.066424, 27066.066710, 0.000000
1194, 7, 8.001006, 210049998, 1.000238, 27123, 27123, 27128, 0, 6782, 0, 0, 0, 0, 0, 0, 28820861, 27116.543938, 27121.542748, 0.000000
