ThreadID, cIDX, Time, cycles, deltaT, RX, OnRX, TX, SupTX, OnTX, Idle, OnIdle, Blocked, CacheMiss, CacheHit, CacheWB, CPUIdle, RX/s, TX/s, Sup/s
1109, 0, 0, 0, 0, 0, 0, 0, 0, 0, 0, 0, 0, 0, 0, 0, 0, 0, 0, 0
1109, 0, 1.000079, 210016550, 1.000079, 31515, 31515, 31504, 0, 7876, 0, 0, 1, 0, 0, 0, 29140910, 31512.516514, 31501.517380, 0.000000
1109, 1, 2.000114, 210007460, 1.000036, 31686, 31686, 31686, 0, 7922, 0, 0, 5, 0, 0, 0, 29220240, 31684.874433, 31684.874433, 0.000000
1109, 2, 3.000175, 210012711, 1.000061, 31691, 31691, 31710, 0, 7927, 0, 0, 3, 0, 0, 0, 29356110, 31689.081905, 31708.080755, 0.000000
1109, 3, 4.000278, 210021626, 1.000103, 31689, 31689, 31674, 0, 7919, 0, 0, 11, 0, 0, 0, 29126105, 31685.736973, 31670.738517, 0.000000
1109, 4, 5.000284, 210001247, 1.000006, 31674, 31674, 31689, 0, 7922, 0, 0, 10, 0, 0, 0, 29605142, 31673.811918, 31688.811829, 0.000000
1109, 5, 6.000367, 210017441, 1.000083, 31606, 31606, 31605, 0, 7901, 0, 0, 0, 0, 0, 0, 29681052, 31603.375264, 31602.375347, 0.000000
1109, 6, 7.000494, 210026699, 1.000127, 31666, 31666, 31644, 0, 7911, 0, 0, 0, 0, 0, 0, 29699051, 31661.974557, 31639.977354, 0.000000
1109, 7, 8.000500, 210001203, 1.000006, 31667, 31667, 31674, 0, 7919, 0, 0, 0, 0, 0, 0, 29737030, 31666.818594, 31673.818554, 0.000000
