ThreadID, cIDX, Time, cycles, deltaT, RX, OnRX, TX, SupTX, OnTX, Idle, OnIdle, Blocked, CacheMiss, CacheHit, CacheWB, CPUIdle, RX/s, TX/s, Sup/s
1536, 0, 0, 0, 0, 0, 0, 0, 0, 0, 0, 0, 0, 0, 0, 0, 0, 0, 0, 0
1536, 0, 1.000011, 210002293, 1.000011, 30560, 30560, 30563, 0, 7924, 0, 0, 0, 671087, 182063971, 275301, 31595397, 30559.666318, 30562.666285, 0.000000
1536, 1, 2.000055, 210009216, 1.000044, 30513, 30513, 30502, 0, 7908, 0, 0, 0, 583194, 182096173, 234656, 31758765, 30511.660974, 30500.661457, 0.000000
1536, 2, 3.000072, 210003615, 1.000017, 30518, 30518, 30523, 0, 7914, 0, 0, 4, 555530, 182082269, 222125, 31842016, 30517.474663, 30522.474577, 0.000000
1536, 3, 4.000074, 210000350, 1.000002, 30523, 30523, 30535, 0, 7915, 0, 0, 10, 543473, 182003168, 217934, 32048455, 30522.949128, 30534.949108, 0.000000
1536, 4, 5.000114, 210008447, 1.000040, 30559, 30559, 30543, 0, 7919, 0, 0, 1, 529072, 181885798, 210320, 32224122, 30557.770850, 30541.771494, 0.000000
1536, 5, 6.000268, 210032332, 1.000154, 30453, 30453, 30453, 0, 7895, 0, 0, 5, 518928, 181716420, 205566, 32572902, 30448.312120, 30448.312120, 0.000000
1536, 6, 7.000274, 210001335, 1.000006, 30446, 30446, 30459, 0, 7896, 0, 0, 3, 516129, 181914577, 202850, 32256557, 30445.806452, 30458.806369, 0.000000
1536, 7, 8.000538, 210055296, 1.000263, 30623, 30623, 30606, 0, 7936, 0, 0, 0, 513845, 181942743, 201973, 32237126, 30614.938649, 30597.943124, 0.000000
