ThreadID, cIDX, Time, cycles, deltaT, RX, OnRX, TX, SupTX, OnTX, Idle, OnIdle, Blocked, CacheMiss, CacheHit, CacheWB, CPUIdle, RX/s, TX/s, Sup/s
8216, 0, 0, 0, 0, 0, 0, 0, 0, 0, 0, 0, 0, 0, 0, 0, 0, 0, 0, 0
8216, 0, 1.000178, 210037339, 1.000178, 27141, 27141, 27148, 0, 6787, 0, 0, 1, 0, 0, 0, 29677375, 27136.175059, 27143.173814, 0.000000
8216, 1, 2.000433, 210053635, 1.000255, 27177, 27177, 27172, 0, 6793, 0, 0, 0, 0, 0, 0, 29642759, 27170.060637, 27165.061914, 0.000000
8216, 2, 3.000480, 210009861, 1.000047, 27116, 27116, 27119, 0, 6780, 0, 0, 7, 0, 0, 0, 29742518, 27114.726770, 27117.726629, 0.000000
8216, 3, 4.000509, 210006083, 1.000029, 27175, 27175, 27169, 0, 6792, 0, 0, 1, 0, 0, 0, 29616706, 27174.212854, 27168.213027, 0.000000
8216, 4, 5.000559, 210010554, 1.000050, 27110, 27110, 27108, 0, 6777, 0, 0, 0, 0, 0, 0, 30056309, 27108.637597, 27106.637698, 0.000000
8216, 5, 6.000571, 210002428, 1.000012, 27024, 27024, 27024, 0, 6756, 0, 0, 0, 0, 0, 0, 30401774, 27023.687555, 27023.687555, 0.000000
8216, 6, 7.000587, 210003470, 1.000017, 27187, 27187, 27187, 0, 6797, 0, 0, 0, 0, 0, 0, 30345678, 27186.550775, 27186.550775, 0.000000
8216, 7, 8.000620, 210006852, 1.000033, 27086, 27086, 27089, 0, 6772, 0, 0, 0, 0, 0, 0, 29799430, 27085.116251, 27088.116153, 0.000000
