ThreadID, cIDX, Time, cycles, deltaT, RX, OnRX, TX, SupTX, OnTX, Idle, OnIdle, Blocked, CacheMiss, CacheHit, CacheWB, CPUIdle, RX/s, TX/s, Sup/s
9484, 0, 0, 0, 0, 0, 0, 0, 0, 0, 0, 0, 0, 0, 0, 0, 0, 0, 0, 0
9484, 0, 1.000720, 210151149, 1.000720, 26148, 26148, 26148, 0, 6822, 0, 0, 0, 660659, 182069666, 272818, 31905673, 26129.193326, 26129.193326, 0.000000
9484, 1, 2.000721, 210000241, 1.000001, 26045, 26045, 26048, 0, 6795, 0, 0, 1, 563906, 182157441, 226044, 31681321, 26044.970110, 26047.970107, 0.000000
9484, 2, 3.000735, 210002973, 1.000014, 25949, 25949, 25944, 0, 6768, 0, 0, 5, 535878, 182040587, 215171, 31862896, 25948.632642, 25943.632712, 0.000000
9484, 3, 4.000759, 210004943, 1.000024, 26021, 26021, 26027, 0, 6789, 0, 0, 6, 523341, 182097599, 209169, 31822478, 26020.387530, 26026.387388, 0.000000
9484, 4, 5.000921, 210034018, 1.000162, 25964, 25964, 25960, 0, 6773, 0, 0, 10, 510266, 181958609, 203460, 32117896, 25959.794760, 25955.795408, 0.000000
9484, 5, 6.000941, 210004259, 1.000020, 25967, 25967, 25968, 0, 6775, 0, 0, 2, 500383, 181728875, 197567, 32481886, 25966.473375, 25967.473355, 0.000000
9484, 6, 7.000952, 210002390, 1.000011, 25911, 25911, 25910, 0, 6756, 0, 0, 0, 497588, 181869729, 195696, 32258808, 25910.705111, 25909.705123, 0.000000
9484, 7, 8.001047, 210019998, 1.000095, 25997, 25997, 25993, 0, 6783, 0, 0, 0, 499542, 181892265, 196624, 32216200, 25994.524579, 25990.524959, 0.000000
