ThreadID, cIDX, Time, cycles, deltaT, RX, OnRX, TX, SupTX, OnTX, Idle, OnIdle, Blocked, CacheMiss, CacheHit, CacheWB, CPUIdle, RX/s, TX/s, Sup/s
9265, 0, 0, 0, 0, 0, 0, 0, 0, 0, 0, 0, 0, 0, 0, 0, 0, 0, 0, 0
9265, 0, 1.000061, 210012827, 1.000061, 31615, 31615, 31608, 0, 7902, 0, 0, 2, 0, 0, 0, 28362980, 31613.069044, 31606.069471, 0.000000
9265, 1, 2.000638, 210121095, 1.000577, 31658, 31658, 31654, 0, 7914, 0, 0, 13, 0, 0, 0, 28294905, 31639.755161, 31635.757466, 0.000000
9265, 2, 3.000710, 210015149, 1.000072, 31648, 31648, 31655, 0, 7914, 0, 0, 11, 0, 0, 0, 28372406, 31645.717138, 31652.716633, 0.000000
9265, 3, 4.000768, 210012299, 1.000059, 31739, 31739, 31735, 0, 7933, 0, 0, 10, 0, 0, 0, 28204748, 31737.141261, 31733.141496, 0.000000
9265, 4, 5.000837, 210014356, 1.000068, 31640, 31640, 31637, 0, 7910, 0, 0, 9, 0, 0, 0, 28639497, 31637.837177, 31634.837382, 0.000000
9265, 5, 6.001137, 210063039, 1.000300, 31659, 31659, 31661, 0, 7915, 0, 0, 8, 0, 0, 0, 28725725, 31649.499272, 31651.498672, 0.000000
9265, 6, 7.001494, 210075028, 1.000357, 31643, 31643, 31638, 0, 7909, 0, 0, 0, 0, 0, 0, 28969984, 31631.698747, 31626.700533, 0.000000
9265, 7, 8.001500, 210001279, 1.000006, 31718, 31718, 31724, 0, 7931, 0, 0, 0, 0, 0, 0, 28695334, 31717.806823, 31723.806787, 0.000000
