ThreadID, cIDX, Time, cycles, deltaT, RX, OnRX, TX, SupTX, OnTX, Idle, OnIdle, Blocked, CacheMiss, CacheHit, CacheWB, CPUIdle, RX/s, TX/s, Sup/s
753, 0, 0, 0, 0, 0, 0, 0, 0, 0, 0, 0, 0, 0, 0, 0, 0, 0, 0, 0
753, 0, 1.000067, 210014081, 1.000067, 31655, 31655, 31644, 0, 7911, 0, 0, 0, 0, 0, 0, 29209244, 31652.877599, 31641.878337, 0.000000
753, 1, 2.000074, 210001390, 1.000007, 31628, 31628, 31636, 0, 7909, 0, 0, 0, 0, 0, 0, 29169090, 31627.790654, 31635.790601, 0.000000
753, 2, 3.000083, 210001922, 1.000009, 31702, 31702, 31688, 0, 7922, 0, 0, 0, 0, 0, 0, 29437488, 31701.709854, 31687.709982, 0.000000
753, 3, 4.000163, 210016747, 1.000080, 31728, 31728, 31732, 0, 7933, 0, 0, 1, 0, 0, 0, 29355786, 31725.469969, 31729.469650, 0.000000
753, 4, 5.000169, 210001285, 1.000006, 31669, 31669, 31681, 0, 7921, 0, 0, 0, 0, 0, 0, 29808328, 31668.806217, 31680.806144, 0.000000
753, 5, 6.000329, 210033648, 1.000160, 31628, 31628, 31615, 0, 7903, 0, 0, 0, 0, 0, 0, 29960722, 31622.933103, 31609.935185, 0.000000
753, 6, 7.000335, 210001255, 1.000006, 31657, 31657, 31684, 0, 7921, 0, 0, 0, 0, 0, 0, 29778711, 31656.810813, 31683.810652, 0.000000
753, 7, 8.000534, 210041770, 1.000199, 31739, 31739, 31712, 0, 7928, 0, 0, 1, 0, 0, 0, 29664663, 31732.688217, 31705.693587, 0.000000
