ThreadID, cIDX, Time, cycles, deltaT, RX, OnRX, TX, SupTX, OnTX, Idle, OnIdle, Blocked, CacheMiss, CacheHit, CacheWB, CPUIdle, RX/s, TX/s, Sup/s
10254, 0, 0, 0, 0, 0, 0, 0, 0, 0, 0, 0, 0, 0, 0, 0, 0, 0, 0, 0
10254, 0, 1.000032, 210006654, 1.000032, 27212, 27212, 27216, 0, 6804, 0, 0, 0, 658652, 182089708, 276025, 31710482, 27211.137796, 27215.137669, 0.000000
10254, 1, 2.000048, 210003343, 1.000016, 27185, 27185, 27184, 0, 6796, 0, 0, 1, 559981, 182109758, 228367, 31759846, 27184.567248, 27183.567263, 0.000000
10254, 2, 3.000315, 210056088, 1.000267, 27140, 27140, 27136, 0, 6784, 0, 0, 3, 546558, 182056259, 222592, 31974830, 27132.753229, 27128.754297, 0.000000
10254, 3, 4.000352, 210007899, 1.000038, 27049, 27049, 27052, 0, 6763, 0, 0, 6, 537238, 181979300, 217525, 32116917, 27047.982609, 27050.982497, 0.000000
10254, 4, 5.000525, 210036307, 1.000173, 27118, 27118, 27117, 0, 6780, 0, 0, 6, 533080, 181895702, 214732, 32278319, 27113.312367, 27112.312539, 0.000000
10254, 5, 6.000552, 210005653, 1.000027, 27155, 27155, 27155, 0, 6788, 0, 0, 1, 524151, 181707222, 211565, 32603549, 27154.269033, 27154.269033, 0.000000
10254, 6, 7.000629, 210016196, 1.000077, 26957, 26957, 26960, 0, 6740, 0, 0, 0, 519039, 181740508, 208208, 32524155, 26954.921134, 26957.920902, 0.000000
10254, 7, 8.000630, 210000234, 1.000001, 27142, 27142, 27140, 0, 6785, 0, 0, 0, 516196, 181877886, 207198, 32248547, 27141.969756, 27139.969758, 0.000000
