ThreadID, cIDX, Time, cycles, deltaT, RX, OnRX, TX, SupTX, OnTX, Idle, OnIdle, Blocked, CacheMiss, CacheHit, CacheWB, CPUIdle, RX/s, TX/s, Sup/s
10818, 0, 0, 0, 0, 0, 0, 0, 0, 0, 0, 0, 0, 0, 0, 0, 0, 0, 0, 0
10818, 0, 1.000041, 210008708, 1.000041, 31585, 31585, 31584, 0, 7896, 0, 0, 0, 652442, 182096274, 273022, 29107802, 31583.690330, 31582.690371, 0.000000
10818, 1, 2.000089, 210010085, 1.000048, 31667, 31667, 31656, 0, 7914, 0, 0, 5, 571097, 182125327, 233253, 29029114, 31665.479303, 31654.479831, 0.000000
10818, 2, 3.000668, 210121488, 1.000579, 31709, 31709, 31706, 0, 7927, 0, 0, 6, 549443, 182063867, 222815, 29330846, 31690.666497, 31687.668231, 0.000000
10818, 3, 4.000676, 210001592, 1.000008, 31689, 31689, 31704, 0, 7926, 0, 0, 4, 540266, 182099398, 218610, 29171416, 31688.759769, 31703.759655, 0.000000
10818, 4, 5.000801, 210026284, 1.000125, 31633, 31633, 31617, 0, 7904, 0, 0, 1, 528187, 181980578, 212621, 29419408, 31629.041249, 31613.043251, 0.000000
10818, 5, 6.001013, 210044575, 1.000212, 31598, 31598, 31601, 0, 7900, 0, 0, 0, 519049, 181737570, 207072, 29871455, 31591.294372, 31594.293735, 0.000000
10818, 6, 7.001521, 210106621, 1.000508, 31683, 31683, 31684, 0, 7921, 0, 0, 0, 514594, 181878266, 207145, 29812526, 31666.922100, 31667.921593, 0.000000
10818, 7, 8.001787, 210055943, 1.000266, 31581, 31581, 31572, 0, 7893, 0, 0, 0, 506051, 181889188, 201730, 29721195, 31572.589213, 31563.591609, 0.000000
