ThreadID, cIDX, Time, cycles, deltaT, RX, OnRX, TX, SupTX, OnTX, Idle, OnIdle, Blocked, CacheMiss, CacheHit, CacheWB, CPUIdle, RX/s, TX/s, Sup/s
619, 0, 0, 0, 0, 0, 0, 0, 0, 0, 0, 0, 0, 0, 0, 0, 0, 0, 0, 0
619, 0, 1.000074, 210015622, 1.000074, 27247, 27247, 27248, 0, 6812, 0, 0, 0, 0, 0, 0, 26721415, 27244.973233, 27245.973159, 0.000000
619, 1, 2.000175, 210021188, 1.000101, 27174, 27174, 27172, 0, 6793, 0, 0, 0, 0, 0, 0, 26671661, 27171.258549, 27169.258751, 0.000000
619, 2, 3.000248, 210015349, 1.000073, 27099, 27099, 27096, 0, 6774, 0, 0, 0, 0, 0, 0, 26822813, 27097.019466, 27094.019685, 0.000000
619, 3, 4.000282, 210007053, 1.000034, 27182, 27182, 27192, 0, 6798, 0, 0, 0, 0, 0, 0, 26640088, 27181.087104, 27191.086768, 0.000000
619, 4, 5.000291, 210001816, 1.000009, 27095, 27095, 27096, 0, 6774, 0, 0, 0, 0, 0, 0, 27331066, 27094.765695, 27095.765686, 0.000000
619, 5, 6.000294, 210000771, 1.000004, 27021, 27021, 27024, 0, 6756, 0, 0, 0, 0, 0, 0, 27481787, 27020.900795, 27023.900784, 0.000000
619, 6, 7.000351, 210011830, 1.000056, 27170, 27170, 27156, 0, 6789, 0, 0, 0, 0, 0, 0, 27418423, 27168.469510, 27154.470298, 0.000000
619, 7, 8.000491, 210029437, 1.000140, 27065, 27065, 27072, 0, 6768, 0, 0, 1, 0, 0, 0, 27416635, 27061.206663, 27068.205682, 0.000000
