ThreadID, cIDX, Time, cycles, deltaT, RX, OnRX, TX, SupTX, OnTX, Idle, OnIdle, Blocked, CacheMiss, CacheHit, CacheWB, CPUIdle, RX/s, TX/s, Sup/s
8231, 0, 0, 0, 0, 0, 0, 0, 0, 0, 0, 0, 0, 0, 0, 0, 0, 0, 0, 0
8231, 0, 1.000376, 210078998, 1.000376, 31595, 31595, 31597, 0, 7900, 0, 0, 8, 0, 0, 0, 28256720, 31583.119032, 31585.118280, 0.000000
8231, 1, 2.000409, 210006947, 1.000033, 31698, 31698, 31684, 0, 7921, 0, 0, 3, 0, 0, 0, 28118094, 31696.951435, 31682.951898, 0.000000
8231, 2, 3.000445, 210007516, 1.000036, 31629, 31629, 31643, 0, 7910, 0, 0, 2, 0, 0, 0, 28054419, 31627.868024, 31641.867522, 0.000000
8231, 3, 4.000504, 210012475, 1.000059, 31709, 31709, 31704, 0, 7926, 0, 0, 0, 0, 0, 0, 28209532, 31707.116446, 31702.116743, 0.000000
8231, 4, 5.000514, 210001955, 1.000009, 31629, 31629, 31633, 0, 7909, 0, 0, 0, 0, 0, 0, 28542936, 31628.705552, 31632.705515, 0.000000
8231, 5, 6.000529, 210003277, 1.000016, 31641, 31641, 31654, 0, 7913, 0, 0, 1, 0, 0, 0, 28917697, 31640.506257, 31653.506055, 0.000000
8231, 6, 7.001076, 210114887, 1.000547, 31572, 31572, 31541, 0, 7885, 0, 0, 1, 0, 0, 0, 28637672, 31554.737004, 31523.753955, 0.000000
8231, 7, 8.001116, 210008355, 1.000040, 31687, 31687, 31716, 0, 7929, 0, 0, 5, 0, 0, 0, 28082879, 31685.739360, 31714.738206, 0.000000
