ThreadID, cIDX, Time, cycles, deltaT, RX, OnRX, TX, SupTX, OnTX, Idle, OnIdle, Blocked, CacheMiss, CacheHit, CacheWB, CPUIdle, RX/s, TX/s, Sup/s
9715, 0, 0, 0, 0, 0, 0, 0, 0, 0, 0, 0, 0, 0, 0, 0, 0, 0, 0, 0
9715, 0, 1.000029, 210006017, 1.000029, 31525, 31525, 31520, 0, 7880, 0, 0, 0, 0, 0, 0, 30928128, 31524.096760, 31519.096903, 0.000000
9715, 1, 2.000541, 210107502, 1.000512, 31682, 31682, 31683, 0, 7921, 0, 0, 13, 0, 0, 0, 30999332, 31665.789830, 31666.789318, 0.000000
9715, 2, 3.000584, 210009092, 1.000043, 31630, 31630, 31618, 0, 7905, 0, 0, 10, 0, 0, 0, 31012107, 31628.630631, 31616.631150, 0.000000
9715, 3, 4.000590, 210001289, 1.000006, 31769, 31769, 31775, 0, 7943, 0, 0, 6, 0, 0, 0, 31110223, 31768.805000, 31774.804963, 0.000000
9715, 4, 5.000840, 210052405, 1.000250, 31651, 31651, 31641, 0, 7911, 0, 0, 7, 0, 0, 0, 31310834, 31643.103539, 31633.106034, 0.000000
9715, 5, 6.000852, 210002564, 1.000012, 31611, 31611, 31640, 0, 7910, 0, 0, 2, 0, 0, 0, 31688942, 31610.614049, 31639.613695, 0.000000
9715, 6, 7.000855, 210000785, 1.000004, 31650, 31650, 31633, 0, 7908, 0, 0, 0, 0, 0, 0, 31361336, 31649.881690, 31632.881753, 0.000000
9715, 7, 8.001107, 210052785, 1.000251, 31749, 31749, 31742, 0, 7935, 0, 0, 1, 0, 0, 0, 31294022, 31741.021667, 31734.023427, 0.000000
