ThreadID, cIDX, Time, cycles, deltaT, RX, OnRX, TX, SupTX, OnTX, Idle, OnIdle, Blocked, CacheMiss, CacheHit, CacheWB, CPUIdle, RX/s, TX/s, Sup/s
2715, 0, 0, 0, 0, 0, 0, 0, 0, 0, 0, 0, 0, 0, 0, 0, 0, 0, 0, 0
2715, 0, 1.000021, 210004328, 1.000021, 27262, 27262, 27261, 0, 6816, 0, 0, 2, 0, 0, 0, 29761985, 27261.438155, 27260.438175, 0.000000
2715, 1, 2.000082, 210012901, 1.000061, 27102, 27102, 27103, 0, 6775, 0, 0, 4, 0, 0, 0, 29643895, 27100.335136, 27101.335075, 0.000000
2715, 2, 3.000219, 210028837, 1.000137, 27142, 27142, 27140, 0, 6785, 0, 0, 4, 0, 0, 0, 29719858, 27138.273398, 27136.273673, 0.000000
2715, 3, 4.000431, 210044370, 1.000211, 27153, 27153, 27156, 0, 6789, 0, 0, 2, 0, 0, 0, 30013976, 27147.264171, 27150.263537, 0.000000
2715, 4, 5.000552, 210025438, 1.000121, 27173, 27173, 27172, 0, 6793, 0, 0, 9, 0, 0, 0, 30347467, 27169.708843, 27168.708964, 0.000000
2715, 5, 6.000563, 210002424, 1.000012, 27068, 27068, 27069, 0, 6768, 0, 0, 2, 0, 0, 0, 30723034, 27067.687562, 27068.687550, 0.000000
2715, 6, 7.000568, 210000885, 1.000004, 27144, 27144, 27145, 0, 6786, 0, 0, 0, 0, 0, 0, 30533334, 27143.885608, 27144.885604, 0.000000
2715, 7, 8.000670, 210021539, 1.000103, 27168, 27168, 27162, 0, 6790, 0, 0, 0, 0, 0, 0, 30300479, 27165.213755, 27159.214370, 0.000000
