ThreadID, cIDX, Time, cycles, deltaT, RX, OnRX, TX, SupTX, OnTX, Idle, OnIdle, Blocked, CacheMiss, CacheHit, CacheWB, CPUIdle, RX/s, TX/s, Sup/s
10997, 0, 0, 0, 0, 0, 0, 0, 0, 0, 0, 0, 0, 0, 0, 0, 0, 0, 0, 0
10997, 0, 1.000172, 210036143, 1.000172, 31542, 31542, 31529, 0, 7883, 0, 0, 0, 0, 0, 0, 30805137, 31536.572256, 31523.574493, 0.000000
10997, 1, 2.000719, 210114950, 1.000547, 31654, 31654, 31663, 0, 7915, 0, 0, 10, 0, 0, 0, 30920469, 31636.682683, 31645.677759, 0.000000
10997, 2, 3.000736, 210003454, 1.000016, 31659, 31659, 31653, 0, 7914, 0, 0, 11, 0, 0, 0, 30968348, 31658.479293, 31652.479392, 0.000000
10997, 3, 4.000741, 210001135, 1.000005, 31676, 31676, 31679, 0, 7919, 0, 0, 12, 0, 0, 0, 31015612, 31675.828800, 31678.828783, 0.000000
10997, 4, 5.000798, 210011892, 1.000057, 31663, 31663, 31655, 0, 7914, 0, 0, 5, 0, 0, 0, 31436226, 31661.207071, 31653.207524, 0.000000
10997, 5, 6.000804, 210001283, 1.000006, 31626, 31626, 31632, 0, 7908, 0, 0, 0, 0, 0, 0, 31809117, 31625.806781, 31631.806745, 0.000000
10997, 6, 7.000811, 210001354, 1.000006, 31556, 31556, 31575, 0, 7894, 0, 0, 0, 0, 0, 0, 31462615, 31555.796540, 31574.796418, 0.000000
10997, 7, 8.000819, 210001810, 1.000009, 31732, 31732, 31734, 0, 7933, 0, 0, 0, 0, 0, 0, 31385239, 31731.726503, 31733.726486, 0.000000
