ThreadID, cIDX, Time, cycles, deltaT, RX, OnRX, TX, SupTX, OnTX, Idle, OnIdle, Blocked, CacheMiss, CacheHit, CacheWB, CPUIdle, RX/s, TX/s, Sup/s
8536, 0, 0, 0, 0, 0, 0, 0, 0, 0, 0, 0, 0, 0, 0, 0, 0, 0, 0, 0
8536, 0, 1.000069, 210014446, 1.000069, 27102, 27102, 27104, 0, 6776, 0, 0, 1, 0, 0, 0, 28550531, 27100.135769, 27102.135631, 0.000000
8536, 1, 2.000201, 210027752, 1.000132, 27161, 27161, 27160, 0, 6790, 0, 0, 4, 0, 0, 0, 28491554, 27157.411083, 27156.411216, 0.000000
8536, 2, 3.000224, 210004942, 1.000024, 27114, 27114, 27112, 0, 6778, 0, 0, 5, 0, 0, 0, 28694171, 27113.361932, 27111.361979, 0.000000
8536, 3, 4.000247, 210004715, 1.000022, 27149, 27149, 27157, 0, 6790, 0, 0, 11, 0, 0, 0, 28525442, 27148.390454, 27156.390274, 0.000000
8536, 4, 5.000344, 210020348, 1.000097, 27094, 27094, 27087, 0, 6771, 0, 0, 1, 0, 0, 0, 28821393, 27091.374975, 27084.375653, 0.000000
8536, 5, 6.000378, 210007121, 1.000034, 27123, 27123, 27128, 0, 6782, 0, 0, 0, 0, 0, 0, 29215025, 27122.080303, 27127.080134, 0.000000
8536, 6, 7.000380, 210000498, 1.000002, 27026, 27026, 27025, 0, 6757, 0, 0, 0, 0, 0, 0, 29075585, 27025.935910, 27024.935912, 0.000000
8536, 7, 8.000389, 210001797, 1.000009, 27169, 27169, 27159, 0, 6789, 0, 0, 0, 0, 0, 0, 29109852, 27168.767513, 27158.767599, 0.000000
