ThreadID, cIDX, Time, cycles, deltaT, RX, OnRX, TX, SupTX, OnTX, Idle, OnIdle, Blocked, CacheMiss, CacheHit, CacheWB, CPUIdle, RX/s, TX/s, Sup/s
2605, 0, 0, 0, 0, 0, 0, 0, 0, 0, 0, 0, 0, 0, 0, 0, 0, 0, 0, 0
2605, 0, 1.000488, 210102405, 1.000488, 27203, 27203, 27200, 0, 6800, 0, 0, 0, 0, 0, 0, 28271889, 27189.741117, 27186.742579, 0.000000
2605, 1, 2.000494, 210001267, 1.000006, 27190, 27190, 27196, 0, 6799, 0, 0, 1, 0, 0, 0, 28178346, 27189.835955, 27195.835918, 0.000000
2605, 2, 3.000672, 210037470, 1.000178, 27165, 27165, 27164, 0, 6791, 0, 0, 0, 0, 0, 0, 28280163, 27160.153853, 27159.154031, 0.000000
2605, 3, 4.000697, 210005261, 1.000025, 27096, 27096, 27092, 0, 6773, 0, 0, 5, 0, 0, 0, 28493592, 27095.321198, 27091.321298, 0.000000
2605, 4, 5.000716, 210004017, 1.000019, 27133, 27133, 27140, 0, 6785, 0, 0, 9, 0, 0, 0, 28706585, 27132.480994, 27139.480861, 0.000000
2605, 5, 6.000721, 210001052, 1.000005, 27159, 27159, 27164, 0, 6791, 0, 0, 3, 0, 0, 0, 29296092, 27158.863947, 27163.863922, 0.000000
2605, 6, 7.000761, 210008355, 1.000040, 27157, 27157, 27148, 0, 6787, 0, 0, 2, 0, 0, 0, 29195725, 27155.919582, 27146.919940, 0.000000
2605, 7, 8.000895, 210028198, 1.000134, 27107, 27107, 27100, 0, 6775, 0, 0, 1, 0, 0, 0, 28838825, 27103.360664, 27096.361604, 0.000000
