ThreadID, cIDX, Time, cycles, deltaT, RX, OnRX, TX, SupTX, OnTX, Idle, OnIdle, Blocked, CacheMiss, CacheHit, CacheWB, CPUIdle, RX/s, TX/s, Sup/s
124, 0, 0, 0, 0, 0, 0, 0, 0, 0, 0, 0, 0, 0, 0, 0, 0, 0, 0, 0
124, 0, 1.000029, 210005992, 1.000029, 27255, 27255, 27260, 0, 6815, 0, 0, 0, 0, 0, 0, 28473903, 27254.222346, 27259.222204, 0.000000
124, 1, 2.000045, 210003524, 1.000017, 27128, 27128, 27123, 0, 6781, 0, 0, 0, 0, 0, 0, 28524783, 27127.544774, 27122.544858, 0.000000
124, 2, 3.000077, 210006685, 1.000032, 27089, 27089, 27094, 0, 6774, 0, 0, 2, 0, 0, 0, 28801569, 27088.137694, 27093.137535, 0.000000
124, 3, 4.000178, 210021210, 1.000101, 27222, 27222, 27219, 0, 6804, 0, 0, 2, 0, 0, 0, 28671711, 27219.250856, 27216.251159, 0.000000
124, 4, 5.000220, 210008804, 1.000042, 27143, 27143, 27136, 0, 6784, 0, 0, 0, 0, 0, 0, 28927396, 27141.862110, 27134.862403, 0.000000
124, 5, 6.000221, 210000298, 1.000001, 27062, 27062, 27071, 0, 6768, 0, 0, 1, 0, 0, 0, 29189208, 27061.961598, 27070.961585, 0.000000
124, 6, 7.000294, 210015223, 1.000072, 27212, 27212, 27209, 0, 6802, 0, 0, 0, 0, 0, 0, 29063286, 27210.027532, 27207.027750, 0.000000
124, 7, 8.000333, 210008287, 1.000039, 27087, 27087, 27088, 0, 6772, 0, 0, 1, 0, 0, 0, 28830815, 27085.931138, 27086.931098, 0.000000
