ThreadID, cIDX, Time, cycles, deltaT, RX, OnRX, TX, SupTX, OnTX, Idle, OnIdle, Blocked, CacheMiss, CacheHit, CacheWB, CPUIdle, RX/s, TX/s, Sup/s
9995, 0, 0, 0, 0, 0, 0, 0, 0, 0, 0, 0, 0, 0, 0, 0, 0, 0, 0, 0
9995, 0, 1.000007, 210001398, 1.000007, 27202, 27202, 27204, 0, 6801, 0, 0, 0, 672220, 182111944, 277711, 31577767, 27201.818914, 27203.818900, 0.000000
9995, 1, 2.000015, 210001845, 1.000009, 27177, 27177, 27176, 0, 6794, 0, 0, 6, 573643, 182168193, 231992, 31585637, 27176.761233, 27175.761242, 0.000000
9995, 2, 3.000037, 210004483, 1.000021, 27131, 27131, 27132, 0, 6783, 0, 0, 7, 551947, 182065977, 224575, 31808392, 27130.420830, 27131.420809, 0.000000
9995, 3, 4.000064, 210005805, 1.000028, 27131, 27131, 27124, 0, 6781, 0, 0, 8, 535689, 182047996, 216421, 31881263, 27130.250042, 27123.250236, 0.000000
9995, 4, 5.000079, 210003071, 1.000015, 27123, 27123, 27128, 0, 6782, 0, 0, 4, 534141, 181876809, 215222, 32246957, 27122.603364, 27127.603291, 0.000000
9995, 5, 6.000180, 210021165, 1.000101, 27083, 27083, 27084, 0, 6771, 0, 0, 0, 527270, 181724737, 213479, 32461906, 27080.270696, 27081.270595, 0.000000
9995, 6, 7.000204, 210004986, 1.000024, 27090, 27090, 27092, 0, 6773, 0, 0, 1, 527448, 181798425, 212298, 32314952, 27089.356821, 27091.356774, 0.000000
9995, 7, 8.000205, 210000306, 1.000001, 27146, 27146, 27144, 0, 6786, 0, 0, 0, 526493, 181887280, 213219, 32200170, 27145.960444, 27143.960447, 0.000000
