ThreadID, cIDX, Time, cycles, deltaT, RX, OnRX, TX, SupTX, OnTX, Idle, OnIdle, Blocked, CacheMiss, CacheHit, CacheWB, CPUIdle, RX/s, TX/s, Sup/s
1000, 0, 0, 0, 0, 0, 0, 0, 0, 0, 0, 0, 0, 0, 0, 0, 0, 0, 0, 0
1000, 0, 1.000010, 210001998, 1.000010, 30487, 30487, 30496, 0, 7907, 0, 0, 0, 0, 0, 0, 26749871, 30486.709941, 30495.709855, 0.000000
1000, 1, 2.000025, 210003250, 1.000015, 30568, 30568, 30549, 0, 7919, 0, 0, 0, 0, 0, 0, 26811245, 30567.526931, 30548.527225, 0.000000
1000, 2, 3.000047, 210004639, 1.000022, 30545, 30545, 30561, 0, 7924, 0, 0, 0, 0, 0, 0, 27068379, 30544.325261, 30560.324908, 0.000000
1000, 3, 4.000090, 210009088, 1.000043, 30579, 30579, 30561, 0, 7924, 0, 0, 0, 0, 0, 0, 26913403, 30577.676715, 30559.677494, 0.000000
1000, 4, 5.000292, 210042240, 1.000201, 30483, 30483, 30488, 0, 7905, 0, 0, 0, 0, 0, 0, 27303427, 30476.869795, 30481.868790, 0.000000
1000, 5, 6.000327, 210007383, 1.000035, 30515, 30515, 30534, 0, 7917, 0, 0, 1, 0, 0, 0, 27331997, 30513.927218, 30532.926550, 0.000000
1000, 6, 7.000337, 210002121, 1.000010, 30463, 30463, 30455, 0, 7895, 0, 0, 0, 0, 0, 0, 27499912, 30462.692327, 30454.692408, 0.000000
1000, 7, 8.000345, 210001804, 1.000009, 30513, 30513, 30519, 0, 7914, 0, 0, 3, 0, 0, 0, 27576053, 30512.737881, 30518.737830, 0.000000
