ThreadID, cIDX, Time, cycles, deltaT, RX, OnRX, TX, SupTX, OnTX, Idle, OnIdle, Blocked, CacheMiss, CacheHit, CacheWB, CPUIdle, RX/s, TX/s, Sup/s
9608, 0, 0, 0, 0, 0, 0, 0, 0, 0, 0, 0, 0, 0, 0, 0, 0, 0, 0, 0
9608, 0, 1.000018, 210003689, 1.000018, 27100, 27100, 27103, 0, 6776, 0, 0, 1, 659378, 182059504, 274265, 31687869, 27099.523952, 27102.523899, 0.000000
9608, 1, 2.000019, 210000202, 1.000001, 27180, 27180, 27178, 0, 6795, 0, 0, 4, 582931, 182155326, 237605, 31640143, 27179.973855, 27177.973857, 0.000000
9608, 2, 3.000067, 210010193, 1.000049, 27213, 27213, 27219, 0, 6804, 0, 0, 8, 561253, 182101357, 227677, 31815734, 27211.679197, 27217.678906, 0.000000
9608, 3, 4.000072, 210000998, 1.000005, 27069, 27069, 27056, 0, 6764, 0, 0, 3, 548164, 182008376, 222095, 31937875, 27068.871358, 27055.871420, 0.000000
9608, 4, 5.000151, 210016650, 1.000079, 27093, 27093, 27100, 0, 6775, 0, 0, 9, 534739, 181910727, 214537, 32168129, 27090.852082, 27097.851527, 0.000000
9608, 5, 6.000159, 210001616, 1.000008, 27165, 27165, 27166, 0, 6792, 0, 0, 4, 524262, 181711278, 209399, 32531024, 27164.790960, 27165.790953, 0.000000
9608, 6, 7.000220, 210012955, 1.000062, 27151, 27151, 27146, 0, 6786, 0, 0, 7, 522684, 181852547, 208169, 32363851, 27149.325145, 27144.325454, 0.000000
9608, 7, 8.000349, 210026884, 1.000128, 27050, 27050, 27048, 0, 6762, 0, 0, 0, 520845, 181907014, 207048, 32340798, 27046.537528, 27044.537784, 0.000000
