ThreadID, cIDX, Time, cycles, deltaT, RX, OnRX, TX, SupTX, OnTX, Idle, OnIdle, Blocked, CacheMiss, CacheHit, CacheWB, CPUIdle, RX/s, TX/s, Sup/s
2352, 0, 0, 0, 0, 0, 0, 0, 0, 0, 0, 0, 0, 0, 0, 0, 0, 0, 0, 0
2352, 0, 1.000001, 210000245, 1.000001, 30551, 30551, 30545, 0, 7920, 0, 0, 4, 0, 0, 0, 28119613, 30550.964357, 30544.964364, 0.000000
2352, 1, 2.000025, 210005090, 1.000024, 30593, 30593, 30603, 0, 7933, 0, 0, 7, 0, 0, 0, 28097781, 30592.258502, 30602.258260, 0.000000
2352, 2, 3.000047, 210004565, 1.000022, 30560, 30560, 30556, 0, 7924, 0, 0, 1, 0, 0, 0, 28495748, 30559.335698, 30555.335785, 0.000000
2352, 3, 4.000082, 210007315, 1.000035, 30448, 30448, 30450, 0, 7894, 0, 0, 1, 0, 0, 0, 28629983, 30446.939432, 30448.939362, 0.000000
2352, 4, 5.000137, 210011536, 1.000055, 30467, 30467, 30457, 0, 7894, 0, 0, 0, 0, 0, 0, 28662141, 30465.326438, 30455.326987, 0.000000
2352, 5, 6.000141, 210000882, 1.000004, 30570, 30570, 30591, 0, 7931, 0, 0, 8, 0, 0, 0, 29213970, 30569.871607, 30590.871518, 0.000000
2352, 6, 7.000146, 210000994, 1.000005, 30358, 30358, 30344, 0, 7870, 0, 0, 3, 0, 0, 0, 28972611, 30357.856306, 30343.856372, 0.000000
2352, 7, 8.000149, 210000589, 1.000003, 30498, 30498, 30489, 0, 7903, 0, 0, 5, 0, 0, 0, 28728988, 30497.914461, 30488.914486, 0.000000
