ThreadID, cIDX, Time, cycles, deltaT, RX, OnRX, TX, SupTX, OnTX, Idle, OnIdle, Blocked, CacheMiss, CacheHit, CacheWB, CPUIdle, RX/s, TX/s, Sup/s
8995, 0, 0, 0, 0, 0, 0, 0, 0, 0, 0, 0, 0, 0, 0, 0, 0, 0, 0, 0
8995, 0, 1.000108, 210022751, 1.000108, 31565, 31565, 31548, 0, 7887, 0, 0, 0, 0, 0, 0, 27799244, 31561.580678, 31544.582520, 0.000000
8995, 1, 2.000137, 210005988, 1.000029, 31653, 31653, 31680, 0, 7920, 0, 0, 5, 0, 0, 0, 27614394, 31652.097463, 31679.096693, 0.000000
8995, 2, 3.000143, 210001226, 1.000006, 31719, 31719, 31723, 0, 7931, 0, 0, 6, 0, 0, 0, 27779993, 31718.814823, 31722.814799, 0.000000
8995, 3, 4.000148, 210001066, 1.000005, 31687, 31687, 31683, 0, 7921, 0, 0, 1, 0, 0, 0, 27670702, 31686.839152, 31682.839172, 0.000000
8995, 4, 5.000157, 210001914, 1.000009, 31676, 31676, 31678, 0, 7919, 0, 0, 0, 0, 0, 0, 28385869, 31675.711299, 31677.711280, 0.000000
8995, 5, 6.000220, 210013160, 1.000063, 31631, 31631, 31636, 0, 7909, 0, 0, 0, 0, 0, 0, 28384504, 31629.017915, 31634.017602, 0.000000
8995, 6, 7.000270, 210010595, 1.000050, 31666, 31666, 31664, 0, 7916, 0, 0, 0, 0, 0, 0, 28342462, 31664.402456, 31662.402556, 0.000000
8995, 7, 8.000277, 210001469, 1.000007, 31617, 31617, 31596, 0, 7899, 0, 0, 0, 0, 0, 0, 28415681, 31616.778833, 31595.778980, 0.000000
