ThreadID, cIDX, Time, cycles, deltaT, RX, OnRX, TX, SupTX, OnTX, Idle, OnIdle, Blocked, CacheMiss, CacheHit, CacheWB, CPUIdle, RX/s, TX/s, Sup/s
9230, 0, 0, 0, 0, 0, 0, 0, 0, 0, 0, 0, 0, 0, 0, 0, 0, 0, 0, 0
9230, 0, 1.000027, 210005612, 1.000027, 27249, 27249, 27249, 0, 6813, 0, 0, 0, 632087, 182062938, 263210, 31728468, 27248.271822, 27248.271822, 0.000000
9230, 1, 2.000036, 210001894, 1.000009, 27092, 27092, 27087, 0, 6771, 0, 0, 8, 556700, 182175346, 223314, 31607969, 27091.755658, 27086.755703, 0.000000
9230, 2, 3.000041, 210001170, 1.000006, 27082, 27082, 27088, 0, 6772, 0, 0, 8, 544555, 182075429, 217836, 31837219, 27081.849115, 27087.849082, 0.000000
9230, 3, 4.000043, 210000455, 1.000002, 27199, 27199, 27196, 0, 6799, 0, 0, 7, 530651, 182134436, 210384, 31690632, 27198.941069, 27195.941075, 0.000000
9230, 4, 5.000072, 210005992, 1.000029, 27156, 27156, 27156, 0, 6789, 0, 0, 9, 521103, 181894337, 206711, 32207776, 27155.225171, 27155.225171, 0.000000
9230, 5, 6.000116, 210009323, 1.000044, 27071, 27071, 27068, 0, 6767, 0, 0, 7, 521584, 181905301, 206538, 32120111, 27069.798230, 27066.798363, 0.000000
9230, 6, 7.000226, 210023034, 1.000110, 27098, 27098, 27104, 0, 6776, 0, 0, 10, 517035, 181828558, 202899, 32364396, 27095.028062, 27101.027404, 0.000000
9230, 7, 8.000274, 210010070, 1.000048, 27194, 27194, 27192, 0, 6798, 0, 0, 0, 520348, 181974735, 204576, 32074033, 27192.696045, 27190.696141, 0.000000
