ThreadID, cIDX, Time, cycles, deltaT, RX, OnRX, TX, SupTX, OnTX, Idle, OnIdle, Blocked, CacheMiss, CacheHit, CacheWB, CPUIdle, RX/s, TX/s, Sup/s
8567, 0, 0, 0, 0, 0, 0, 0, 0, 0, 0, 0, 0, 0, 0, 0, 0, 0, 0, 0
8567, 0, 1.000033, 210007012, 1.000033, 31560, 31560, 31548, 0, 7887, 0, 0, 1, 0, 0, 0, 30910842, 31558.946232, 31546.946632, 0.000000
8567, 1, 2.000042, 210001743, 1.000008, 31667, 31667, 31692, 0, 7923, 0, 0, 6, 0, 0, 0, 30988036, 31666.737166, 31691.736959, 0.000000
8567, 2, 3.000125, 210017451, 1.000083, 31717, 31717, 31692, 0, 7923, 0, 0, 4, 0, 0, 0, 31088487, 31714.364536, 31689.366614, 0.000000
8567, 3, 4.000154, 210006048, 1.000029, 31595, 31595, 31606, 0, 7902, 0, 0, 7, 0, 0, 0, 30982142, 31594.090090, 31605.089773, 0.000000
8567, 4, 5.000554, 210084168, 1.000401, 31635, 31635, 31618, 0, 7904, 0, 0, 4, 0, 0, 0, 31260554, 31622.325772, 31605.332583, 0.000000
8567, 5, 6.000575, 210004357, 1.000021, 31671, 31671, 31700, 0, 7925, 0, 0, 0, 0, 0, 0, 31541781, 31670.342916, 31699.342314, 0.000000
8567, 6, 7.000700, 210026222, 1.000125, 31538, 31538, 31512, 0, 7878, 0, 0, 0, 0, 0, 0, 31588895, 31534.062447, 31508.065693, 0.000000
8567, 7, 8.001105, 210085074, 1.000405, 31675, 31675, 31676, 0, 7919, 0, 0, 0, 0, 0, 0, 31515213, 31662.173201, 31663.172796, 0.000000
