ThreadID, cIDX, Time, cycles, deltaT, RX, OnRX, TX, SupTX, OnTX, Idle, OnIdle, Blocked, CacheMiss, CacheHit, CacheWB, CPUIdle, RX/s, TX/s, Sup/s
10249, 0, 0, 0, 0, 0, 0, 0, 0, 0, 0, 0, 0, 0, 0, 0, 0, 0, 0, 0
10249, 0, 1.000019, 210003943, 1.000019, 27217, 27217, 27224, 0, 6806, 0, 0, 0, 658660, 182088051, 276046, 31709087, 27216.488978, 27223.488847, 0.000000
10249, 1, 2.000319, 210063071, 1.000300, 27154, 27154, 27148, 0, 6787, 0, 0, 8, 560010, 182120594, 228380, 31811651, 27145.847068, 27139.848869, 0.000000
10249, 2, 3.000823, 210105902, 1.000504, 27158, 27158, 27154, 0, 6789, 0, 0, 15, 546561, 182065750, 222589, 32009163, 27144.311253, 27140.313269, 0.000000
10249, 3, 4.000828, 210000983, 1.000005, 27097, 27097, 27091, 0, 6773, 0, 0, 8, 537260, 181982069, 217533, 32107064, 27096.873161, 27090.873189, 0.000000
10249, 4, 5.001005, 210037206, 1.000177, 27157, 27157, 27159, 0, 6789, 0, 0, 4, 533290, 181966228, 214822, 32208245, 27152.189408, 27154.189054, 0.000000
10249, 5, 6.001031, 210005395, 1.000026, 27135, 27135, 27137, 0, 6785, 0, 0, 0, 524146, 181704943, 211574, 32607740, 27134.302907, 27136.302855, 0.000000
10249, 6, 7.001051, 210004203, 1.000020, 27160, 27160, 27167, 0, 6791, 0, 0, 0, 519015, 181726838, 208184, 32521991, 27159.456423, 27166.456283, 0.000000
10249, 7, 8.001065, 210002946, 1.000014, 27130, 27130, 27117, 0, 6780, 0, 0, 0, 516184, 181880593, 207203, 32249087, 27129.619410, 27116.619593, 0.000000
