ThreadID, cIDX, Time, cycles, deltaT, RX, OnRX, TX, SupTX, OnTX, Idle, OnIdle, Blocked, CacheMiss, CacheHit, CacheWB, CPUIdle, RX/s, TX/s, Sup/s
1979, 0, 0, 0, 0, 0, 0, 0, 0, 0, 0, 0, 0, 0, 0, 0, 0, 0, 0, 0
1979, 0, 1.000005, 210001045, 1.000005, 27185, 27185, 27182, 0, 6796, 0, 0, 0, 0, 0, 0, 28379339, 27184.864723, 27181.864738, 0.000000
1979, 1, 2.000019, 210002944, 1.000014, 27199, 27199, 27194, 0, 6798, 0, 0, 5, 0, 0, 0, 28258123, 27198.618701, 27193.618771, 0.000000
1979, 2, 3.000024, 210001125, 1.000005, 27153, 27153, 27165, 0, 6792, 0, 0, 2, 0, 0, 0, 28459169, 27152.854538, 27164.854474, 0.000000
1979, 3, 4.000028, 210000809, 1.000004, 27102, 27102, 27099, 0, 6774, 0, 0, 1, 0, 0, 0, 28587951, 27101.895593, 27098.895605, 0.000000
1979, 4, 5.000071, 210008978, 1.000043, 27082, 27082, 27080, 0, 6770, 0, 0, 2, 0, 0, 0, 28718429, 27080.842230, 27078.842315, 0.000000
1979, 5, 6.000080, 210001846, 1.000009, 27182, 27182, 27188, 0, 6797, 0, 0, 0, 0, 0, 0, 29155725, 27181.761059, 27187.761007, 0.000000
1979, 6, 7.000099, 210004034, 1.000019, 27113, 27113, 27104, 0, 6776, 0, 0, 0, 0, 0, 0, 28969613, 27112.479182, 27103.479355, 0.000000
1979, 7, 8.000105, 210001214, 1.000006, 27079, 27079, 27088, 0, 6772, 0, 0, 0, 0, 0, 0, 28878009, 27078.843458, 27087.843406, 0.000000
