ThreadID, cIDX, Time, cycles, deltaT, RX, OnRX, TX, SupTX, OnTX, Idle, OnIdle, Blocked, CacheMiss, CacheHit, CacheWB, CPUIdle, RX/s, TX/s, Sup/s
9752, 0, 0, 0, 0, 0, 0, 0, 0, 0, 0, 0, 0, 0, 0, 0, 0, 0, 0, 0
9752, 0, 1.000005, 210001071, 1.000005, 27161, 27161, 27160, 0, 6790, 0, 0, 0, 0, 0, 0, 29873317, 27160.861480, 27159.861485, 0.000000
9752, 1, 2.000017, 210002537, 1.000012, 27199, 27199, 27201, 0, 6801, 0, 0, 2, 0, 0, 0, 29795644, 27198.671414, 27200.671390, 0.000000
9752, 2, 3.000029, 210002495, 1.000012, 27167, 27167, 27164, 0, 6791, 0, 0, 10, 0, 0, 0, 29886635, 27166.677234, 27163.677270, 0.000000
9752, 3, 4.000052, 210004846, 1.000023, 27050, 27050, 27053, 0, 6763, 0, 0, 5, 0, 0, 0, 30095423, 27049.375803, 27052.375734, 0.000000
9752, 4, 5.000073, 210004327, 1.000021, 27096, 27096, 27090, 0, 6772, 0, 0, 5, 0, 0, 0, 30336416, 27095.441705, 27089.441829, 0.000000
9752, 5, 6.000131, 210012270, 1.000058, 27200, 27200, 27204, 0, 6801, 0, 0, 2, 0, 0, 0, 30695930, 27198.410836, 27202.410602, 0.000000
9752, 6, 7.000211, 210016810, 1.000080, 27164, 27164, 27164, 0, 6791, 0, 0, 4, 0, 0, 0, 30446157, 27161.825761, 27161.825761, 0.000000
9752, 7, 8.000215, 210000698, 1.000003, 27042, 27042, 27044, 0, 6761, 0, 0, 0, 0, 0, 0, 30244043, 27041.910118, 27043.910111, 0.000000
