ThreadID, cIDX, Time, cycles, deltaT, RX, OnRX, TX, SupTX, OnTX, Idle, OnIdle, Blocked, CacheMiss, CacheHit, CacheWB, CPUIdle, RX/s, TX/s, Sup/s
9370, 0, 0, 0, 0, 0, 0, 0, 0, 0, 0, 0, 0, 0, 0, 0, 0, 0, 0, 0
9370, 0, 1.000024, 210005082, 1.000024, 27170, 27170, 27176, 0, 6794, 0, 0, 1, 0, 0, 0, 29893053, 27169.342502, 27175.342357, 0.000000
9370, 1, 2.000032, 210001710, 1.000008, 27166, 27166, 27165, 0, 6792, 0, 0, 5, 0, 0, 0, 29811401, 27165.778793, 27164.778801, 0.000000
9370, 2, 3.000041, 210001777, 1.000008, 27142, 27142, 27143, 0, 6785, 0, 0, 9, 0, 0, 0, 29914010, 27141.770329, 27142.770320, 0.000000
9370, 3, 4.000113, 210015086, 1.000072, 27074, 27074, 27064, 0, 6766, 0, 0, 9, 0, 0, 0, 29860419, 27072.055195, 27062.055913, 0.000000
9370, 4, 5.000122, 210002034, 1.000010, 27073, 27073, 27076, 0, 6769, 0, 0, 9, 0, 0, 0, 30129291, 27072.737781, 27075.737752, 0.000000
9370, 5, 6.000252, 210027263, 1.000130, 27170, 27170, 27164, 0, 6791, 0, 0, 4, 0, 0, 0, 30537883, 27166.473145, 27160.473924, 0.000000
9370, 6, 7.000307, 210011429, 1.000054, 27010, 27010, 27016, 0, 6754, 0, 0, 6, 0, 0, 0, 30436111, 27008.530093, 27014.529766, 0.000000
9370, 7, 8.000319, 210002538, 1.000012, 27119, 27119, 27113, 0, 6779, 0, 0, 0, 0, 0, 0, 30329905, 27118.672251, 27112.672324, 0.000000
