ThreadID, cIDX, Time, cycles, deltaT, RX, OnRX, TX, SupTX, OnTX, Idle, OnIdle, Blocked, CacheMiss, CacheHit, CacheWB, CPUIdle, RX/s, TX/s, Sup/s
9468, 0, 0, 0, 0, 0, 0, 0, 0, 0, 0, 0, 0, 0, 0, 0, 0, 0, 0, 0
9468, 0, 1.000016, 210003381, 1.000016, 26143, 26143, 26145, 0, 6821, 0, 0, 1, 0, 0, 0, 31003300, 26142.579104, 26144.579072, 0.000000
9468, 1, 2.000019, 210000511, 1.000002, 26037, 26037, 26029, 0, 6790, 0, 0, 6, 0, 0, 0, 30851725, 26036.936643, 26028.936663, 0.000000
9468, 2, 3.000078, 210012420, 1.000059, 25969, 25969, 25975, 0, 6777, 0, 0, 8, 0, 0, 0, 30963478, 25967.464210, 25973.463855, 0.000000
9468, 3, 4.000154, 210015973, 1.000076, 26029, 26029, 26036, 0, 6792, 0, 0, 8, 0, 0, 0, 30972915, 26027.020335, 26034.019803, 0.000000
9468, 4, 5.000210, 210011851, 1.000056, 25934, 25934, 25925, 0, 6762, 0, 0, 10, 0, 0, 0, 31137177, 25932.536541, 25923.537048, 0.000000
9468, 5, 6.000219, 210001932, 1.000009, 25945, 25945, 25947, 0, 6768, 0, 0, 3, 0, 0, 0, 31678351, 25944.761308, 25946.761290, 0.000000
9468, 6, 7.000223, 210000737, 1.000004, 25983, 25983, 25990, 0, 6782, 0, 0, 9, 0, 0, 0, 31373320, 25982.908812, 25989.908788, 0.000000
9468, 7, 8.000238, 210003121, 1.000015, 25952, 25952, 25947, 0, 6769, 0, 0, 0, 0, 0, 0, 31398344, 25951.614310, 25946.614384, 0.000000
