ThreadID, cIDX, Time, cycles, deltaT, RX, OnRX, TX, SupTX, OnTX, Idle, OnIdle, Blocked, CacheMiss, CacheHit, CacheWB, CPUIdle, RX/s, TX/s, Sup/s
9595, 0, 0, 0, 0, 0, 0, 0, 0, 0, 0, 0, 0, 0, 0, 0, 0, 0, 0, 0
9595, 0, 1.000623, 210130933, 1.000623, 27207, 27207, 27212, 0, 6803, 0, 0, 0, 0, 0, 0, 30961748, 27190.047264, 27195.044149, 0.000000
9595, 1, 2.000652, 210006049, 1.000029, 27159, 27159, 27153, 0, 6789, 0, 0, 6, 0, 0, 0, 30716560, 27158.217714, 27152.217887, 0.000000
9595, 2, 3.000692, 210008288, 1.000039, 27159, 27159, 27163, 0, 6790, 0, 0, 3, 0, 0, 0, 30927354, 27157.928167, 27161.928009, 0.000000
9595, 3, 4.000778, 210018054, 1.000086, 27043, 27043, 27036, 0, 6759, 0, 0, 6, 0, 0, 0, 31030356, 27040.675275, 27033.675876, 0.000000
9595, 4, 5.000811, 210006958, 1.000033, 27088, 27088, 27089, 0, 6773, 0, 0, 6, 0, 0, 0, 31221640, 27087.102514, 27088.102481, 0.000000
9595, 5, 6.000824, 210002729, 1.000013, 27156, 27156, 27153, 0, 6788, 0, 0, 3, 0, 0, 0, 31759643, 27155.647106, 27152.647145, 0.000000
9595, 6, 7.001155, 210069445, 1.000331, 27019, 27019, 27014, 0, 6753, 0, 0, 0, 0, 0, 0, 31567466, 27010.068028, 27005.069681, 0.000000
9595, 7, 8.001176, 210004466, 1.000021, 27138, 27138, 27152, 0, 6788, 0, 0, 1, 0, 0, 0, 31466103, 27137.422877, 27151.422580, 0.000000
