ThreadID, cIDX, Time, cycles, deltaT, RX, OnRX, TX, SupTX, OnTX, Idle, OnIdle, Blocked, CacheMiss, CacheHit, CacheWB, CPUIdle, RX/s, TX/s, Sup/s
419, 0, 0, 0, 0, 0, 0, 0, 0, 0, 0, 0, 0, 0, 0, 0, 0, 0, 0, 0
419, 0, 1.000008, 210001749, 1.000008, 31614, 31614, 31624, 0, 7906, 0, 0, 0, 0, 0, 0, 25927175, 31613.736703, 31623.736619, 0.000000
419, 1, 2.000016, 210001632, 1.000008, 31672, 31672, 31672, 0, 7918, 0, 0, 2, 0, 0, 0, 25953946, 31671.753865, 31671.753865, 0.000000
419, 2, 3.000108, 210019252, 1.000092, 31709, 31709, 31708, 0, 7927, 0, 0, 1, 0, 0, 0, 26133039, 31706.093306, 31705.093398, 0.000000
419, 3, 4.000113, 210001191, 1.000006, 31682, 31682, 31685, 0, 7922, 0, 0, 0, 0, 0, 0, 25974602, 31681.820319, 31684.820302, 0.000000
419, 4, 5.000115, 210000231, 1.000001, 31645, 31645, 31616, 0, 7904, 0, 0, 0, 0, 0, 0, 26606833, 31644.965191, 31615.965222, 0.000000
419, 5, 6.000131, 210003361, 1.000016, 31583, 31583, 31611, 0, 7902, 0, 0, 0, 0, 0, 0, 26629463, 31582.494530, 31610.494082, 0.000000
419, 6, 7.000473, 210071815, 1.000342, 31643, 31643, 31612, 0, 7903, 0, 0, 0, 0, 0, 0, 26771909, 31632.182547, 31601.193144, 0.000000
419, 7, 8.000520, 210009877, 1.000047, 31614, 31614, 31648, 0, 7912, 0, 0, 3, 0, 0, 0, 26467002, 31612.513158, 31646.511559, 0.000000
