ThreadID, cIDX, Time, cycles, deltaT, RX, OnRX, TX, SupTX, OnTX, Idle, OnIdle, Blocked, CacheMiss, CacheHit, CacheWB, CPUIdle, RX/s, TX/s, Sup/s
9848, 0, 0, 0, 0, 0, 0, 0, 0, 0, 0, 0, 0, 0, 0, 0, 0, 0, 0, 0
9848, 0, 1.000313, 210065716, 1.000313, 26059, 26059, 26068, 0, 6801, 0, 0, 0, 0, 0, 0, 30690678, 26050.847821, 26059.845006, 0.000000
9848, 1, 2.000616, 210063579, 1.000303, 26067, 26067, 26057, 0, 6798, 0, 0, 0, 0, 0, 0, 30849833, 26059.110418, 26049.113445, 0.000000
9848, 2, 3.000630, 210002909, 1.000014, 26030, 26030, 26034, 0, 6791, 0, 0, 5, 0, 0, 0, 30963487, 26029.639428, 26033.639372, 0.000000
9848, 3, 4.000632, 210000588, 1.000003, 25913, 25913, 25915, 0, 6759, 0, 0, 1, 0, 0, 0, 31154188, 25912.927444, 25914.927438, 0.000000
9848, 4, 5.000698, 210013759, 1.000066, 26008, 26008, 26009, 0, 6784, 0, 0, 7, 0, 0, 0, 31335678, 26006.296092, 26007.296027, 0.000000
9848, 5, 6.000704, 210001313, 1.000006, 26055, 26055, 26056, 0, 6798, 0, 0, 8, 0, 0, 0, 31710703, 26054.837095, 26055.837089, 0.000000
9848, 6, 7.000706, 210000436, 1.000002, 26037, 26037, 26037, 0, 6790, 0, 0, 0, 0, 0, 0, 31342195, 26036.945942, 26036.945942, 0.000000
9848, 7, 8.000776, 210014603, 1.000070, 25945, 25945, 25939, 0, 6767, 0, 0, 0, 0, 0, 0, 31347890, 25943.195960, 25937.196377, 0.000000
