ThreadID, cIDX, Time, cycles, deltaT, RX, OnRX, TX, SupTX, OnTX, Idle, OnIdle, Blocked, CacheMiss, CacheHit, CacheWB, CPUIdle, RX/s, TX/s, Sup/s
585, 0, 0, 0, 0, 0, 0, 0, 0, 0, 0, 0, 0, 0, 0, 0, 0, 0, 0, 0
585, 0, 1.000094, 210019714, 1.000094, 27109, 27109, 27104, 0, 6776, 0, 0, 0, 699263, 183335176, 286517, 26707536, 27106.455349, 27101.455819, 0.000000
585, 1, 2.000103, 210001885, 1.000009, 27133, 27133, 27136, 0, 6784, 0, 0, 0, 610361, 183409902, 244188, 26680661, 27132.756451, 27135.756424, 0.000000
585, 2, 3.000122, 210003969, 1.000019, 27132, 27132, 27131, 0, 6783, 0, 0, 0, 590031, 183337805, 234303, 26834947, 27131.487215, 27130.487234, 0.000000
585, 3, 4.000128, 210001286, 1.000006, 27102, 27102, 27107, 0, 6777, 0, 0, 0, 590281, 183437677, 234022, 26712991, 27101.834034, 27106.834003, 0.000000
585, 4, 5.000133, 210001171, 1.000006, 27095, 27095, 27091, 0, 6773, 0, 0, 0, 580010, 183081084, 230574, 27391272, 27094.848914, 27090.848936, 0.000000
585, 5, 6.000223, 210018753, 1.000089, 27157, 27157, 27159, 0, 6789, 0, 0, 0, 572071, 183014996, 225331, 27567283, 27154.575096, 27156.574918, 0.000000
585, 6, 7.000249, 210005445, 1.000026, 26984, 26984, 26984, 0, 6746, 0, 0, 0, 569207, 183046194, 223061, 27526970, 26983.300362, 26983.300362, 0.000000
585, 7, 8.000327, 210016469, 1.000078, 27174, 27174, 27168, 0, 6792, 0, 0, 0, 570291, 183094718, 224657, 27476726, 27171.869079, 27165.869549, 0.000000
