ThreadID, cIDX, Time, cycles, deltaT, RX, OnRX, TX, SupTX, OnTX, Idle, OnIdle, Blocked, CacheMiss, CacheHit, CacheWB, CPUIdle, RX/s, TX/s, Sup/s
1901, 0, 0, 0, 0, 0, 0, 0, 0, 0, 0, 0, 0, 0, 0, 0, 0, 0, 0, 0
1901, 0, 1.000009, 210001815, 1.000009, 27263, 27263, 27264, 0, 6816, 0, 0, 0, 0, 0, 0, 29028485, 27262.764372, 27263.764363, 0.000000
1901, 1, 2.000013, 210000947, 1.000005, 27193, 27193, 27196, 0, 6799, 0, 0, 0, 0, 0, 0, 28918272, 27192.877373, 27195.877360, 0.000000
1901, 2, 3.000051, 210008019, 1.000038, 27115, 27115, 27112, 0, 6778, 0, 0, 0, 0, 0, 0, 29204742, 27113.964634, 27110.964748, 0.000000
1901, 3, 4.000055, 210000836, 1.000004, 27088, 27088, 27092, 0, 6773, 0, 0, 4, 0, 0, 0, 29303819, 27087.892164, 27091.892148, 0.000000
1901, 4, 5.000076, 210004293, 1.000020, 27073, 27073, 27068, 0, 6767, 0, 0, 1, 0, 0, 0, 29475365, 27072.446562, 27067.446664, 0.000000
1901, 5, 6.000100, 210005004, 1.000024, 27164, 27164, 27160, 0, 6790, 0, 0, 0, 0, 0, 0, 29886943, 27163.352736, 27159.352831, 0.000000
1901, 6, 7.000114, 210002935, 1.000014, 27003, 27003, 27005, 0, 6752, 0, 0, 0, 0, 0, 0, 29750928, 27002.622606, 27004.622578, 0.000000
1901, 7, 8.000149, 210007474, 1.000036, 27100, 27100, 27100, 0, 6775, 0, 0, 0, 0, 0, 0, 29419347, 27099.035532, 27099.035532, 0.000000
