ThreadID, cIDX, Time, cycles, deltaT, RX, OnRX, TX, SupTX, OnTX, Idle, OnIdle, Blocked, CacheMiss, CacheHit, CacheWB, CPUIdle, RX/s, TX/s, Sup/s
209, 0, 0, 0, 0, 0, 0, 0, 0, 0, 0, 0, 0, 0, 0, 0, 0, 0, 0, 0
209, 0, 1.000029, 210006060, 1.000029, 31648, 31648, 31636, 0, 7909, 0, 0, 0, 0, 0, 0, 26722037, 31647.086755, 31635.087102, 0.000000
209, 1, 2.000069, 210008480, 1.000040, 31698, 31698, 31708, 0, 7927, 0, 0, 2, 0, 0, 0, 26611221, 31696.720056, 31706.719652, 0.000000
209, 2, 3.000224, 210032537, 1.000155, 31705, 31705, 31700, 0, 7925, 0, 0, 3, 0, 0, 0, 26779317, 31700.088449, 31695.089223, 0.000000
209, 3, 4.000251, 210005692, 1.000027, 31639, 31639, 31656, 0, 7914, 0, 0, 0, 0, 0, 0, 26624358, 31638.142456, 31655.141995, 0.000000
209, 4, 5.000278, 210005702, 1.000027, 31707, 31707, 31708, 0, 7927, 0, 0, 1, 0, 0, 0, 26901769, 31706.139103, 31707.139076, 0.000000
209, 5, 6.000348, 210014665, 1.000070, 31629, 31629, 31604, 0, 7901, 0, 0, 0, 0, 0, 0, 27373139, 31626.791396, 31601.793141, 0.000000
209, 6, 7.000493, 210030351, 1.000145, 31682, 31682, 31692, 0, 7923, 0, 0, 0, 0, 0, 0, 27279887, 31677.421707, 31687.420262, 0.000000
209, 7, 8.000494, 210000233, 1.000001, 31611, 31611, 31621, 0, 7906, 0, 0, 0, 0, 0, 0, 27190807, 31610.964927, 31620.964916, 0.000000
