ThreadID, cIDX, Time, cycles, deltaT, RX, OnRX, TX, SupTX, OnTX, Idle, OnIdle, Blocked, CacheMiss, CacheHit, CacheWB, CPUIdle, RX/s, TX/s, Sup/s
1235, 0, 0, 0, 0, 0, 0, 0, 0, 0, 0, 0, 0, 0, 0, 0, 0, 0, 0, 0
1235, 0, 1.000061, 210012769, 1.000061, 31580, 31580, 31564, 0, 7891, 0, 0, 1, 0, 0, 0, 29126332, 31578.079902, 31562.080875, 0.000000
1235, 1, 2.000301, 210050388, 1.000240, 31647, 31647, 31665, 0, 7917, 0, 0, 3, 0, 0, 0, 29213112, 31639.408350, 31657.404032, 0.000000
1235, 2, 3.000320, 210003998, 1.000019, 31698, 31698, 31693, 0, 7923, 0, 0, 7, 0, 0, 0, 29318840, 31697.396542, 31692.396637, 0.000000
1235, 3, 4.000331, 210002255, 1.000011, 31727, 31727, 31742, 0, 7935, 0, 0, 5, 0, 0, 0, 29189577, 31726.659316, 31741.659155, 0.000000
1235, 4, 5.000388, 210012134, 1.000058, 31674, 31674, 31664, 0, 7916, 0, 0, 2, 0, 0, 0, 29490938, 31672.169952, 31662.170530, 0.000000
1235, 5, 6.000495, 210022487, 1.000107, 31625, 31625, 31628, 0, 7907, 0, 0, 9, 0, 0, 0, 29700906, 31621.613927, 31624.613606, 0.000000
1235, 6, 7.000504, 210001732, 1.000008, 31668, 31668, 31664, 0, 7916, 0, 0, 0, 0, 0, 0, 29676842, 31667.738817, 31663.738850, 0.000000
1235, 7, 8.000528, 210005201, 1.000025, 31726, 31726, 31740, 0, 7935, 0, 0, 2, 0, 0, 0, 29598888, 31725.214272, 31739.213925, 0.000000
