ThreadID, cIDX, Time, cycles, deltaT, RX, OnRX, TX, SupTX, OnTX, Idle, OnIdle, Blocked, CacheMiss, CacheHit, CacheWB, CPUIdle, RX/s, TX/s, Sup/s
915, 0, 0, 0, 0, 0, 0, 0, 0, 0, 0, 0, 0, 0, 0, 0, 0, 0, 0, 0
915, 0, 1.000007, 210001414, 1.000007, 31541, 31541, 31543, 0, 7886, 0, 0, 0, 0, 0, 0, 27404341, 31540.787625, 31542.787612, 0.000000
915, 1, 2.000011, 210000821, 1.000004, 31716, 31716, 31719, 0, 7930, 0, 0, 0, 0, 0, 0, 27415789, 31715.876006, 31718.875994, 0.000000
915, 2, 3.000275, 210055561, 1.000265, 31710, 31710, 31698, 0, 7924, 0, 0, 0, 0, 0, 0, 27701692, 31701.612508, 31689.615682, 0.000000
915, 3, 4.000334, 210012248, 1.000058, 31685, 31685, 31696, 0, 7924, 0, 0, 0, 0, 0, 0, 27676250, 31683.152118, 31694.151476, 0.000000
915, 4, 5.000341, 210001494, 1.000007, 31664, 31664, 31660, 0, 7915, 0, 0, 0, 0, 0, 0, 27904405, 31663.774735, 31659.774763, 0.000000
915, 5, 6.000397, 210011784, 1.000056, 31584, 31584, 31592, 0, 7898, 0, 0, 0, 0, 0, 0, 28187876, 31582.227786, 31590.227337, 0.000000
915, 6, 7.000405, 210001822, 1.000009, 31711, 31711, 31701, 0, 7926, 0, 0, 1, 0, 0, 0, 28256368, 31710.724872, 31700.724958, 0.000000
915, 7, 8.000522, 210024405, 1.000116, 31677, 31677, 31687, 0, 7921, 0, 0, 0, 0, 0, 0, 28035470, 31673.319108, 31683.317946, 0.000000
