ThreadID, cIDX, Time, cycles, deltaT, RX, OnRX, TX, SupTX, OnTX, Idle, OnIdle, Blocked, CacheMiss, CacheHit, CacheWB, CPUIdle, RX/s, TX/s, Sup/s
1011, 0, 0, 0, 0, 0, 0, 0, 0, 0, 0, 0, 0, 0, 0, 0, 0, 0, 0, 0
1011, 0, 1.000025, 210005189, 1.000025, 31529, 31529, 31540, 0, 7885, 0, 0, 0, 0, 0, 0, 29259999, 31528.220953, 31539.220681, 0.000000
1011, 1, 2.000029, 210000922, 1.000004, 31703, 31703, 31702, 0, 7926, 0, 0, 1, 0, 0, 0, 29176223, 31702.860809, 31701.860814, 0.000000
1011, 2, 3.000040, 210002235, 1.000011, 31701, 31701, 31695, 0, 7924, 0, 0, 0, 0, 0, 0, 29424792, 31700.662614, 31694.662678, 0.000000
1011, 3, 4.000184, 210030355, 1.000145, 31721, 31721, 31707, 0, 7926, 0, 0, 0, 0, 0, 0, 29335810, 31716.415468, 31702.417491, 0.000000
1011, 4, 5.000203, 210003872, 1.000018, 31689, 31689, 31696, 0, 7924, 0, 0, 0, 0, 0, 0, 29644138, 31688.415726, 31695.415597, 0.000000
1011, 5, 6.000231, 210005959, 1.000028, 31577, 31577, 31596, 0, 7899, 0, 0, 0, 0, 0, 0, 29809250, 31576.103990, 31595.103451, 0.000000
1011, 6, 7.000237, 210001296, 1.000006, 31737, 31737, 31720, 0, 7930, 0, 0, 0, 0, 0, 0, 29822968, 31736.804139, 31719.804243, 0.000000
1011, 7, 8.000334, 210020259, 1.000096, 31652, 31652, 31660, 0, 7915, 0, 0, 1, 0, 0, 0, 29933522, 31648.946781, 31656.946009, 0.000000
