ThreadID, cIDX, Time, cycles, deltaT, RX, OnRX, TX, SupTX, OnTX, Idle, OnIdle, Blocked, CacheMiss, CacheHit, CacheWB, CPUIdle, RX/s, TX/s, Sup/s
1754, 0, 0, 0, 0, 0, 0, 0, 0, 0, 0, 0, 0, 0, 0, 0, 0, 0, 0, 0
1754, 0, 1.000025, 210005175, 1.000025, 27152, 27152, 27157, 0, 6790, 0, 0, 0, 0, 0, 0, 29097917, 27151.330914, 27156.330790, 0.000000
1754, 1, 2.000185, 210033604, 1.000160, 27190, 27190, 27184, 0, 6796, 0, 0, 4, 0, 0, 0, 29117085, 27185.649778, 27179.650738, 0.000000
1754, 2, 3.000214, 210006196, 1.000030, 27182, 27182, 27183, 0, 6795, 0, 0, 3, 0, 0, 0, 29274241, 27181.198025, 27182.197996, 0.000000
1754, 3, 4.000218, 210000809, 1.000004, 27087, 27087, 27088, 0, 6772, 0, 0, 0, 0, 0, 0, 29408677, 27086.895651, 27087.895647, 0.000000
1754, 4, 5.000295, 210016123, 1.000077, 27084, 27084, 27080, 0, 6770, 0, 0, 0, 0, 0, 0, 29655038, 27081.920753, 27077.921060, 0.000000
1754, 5, 6.000319, 210005041, 1.000024, 27162, 27162, 27160, 0, 6790, 0, 0, 0, 0, 0, 0, 30057971, 27161.347998, 27159.348046, 0.000000
1754, 6, 7.000321, 210000396, 1.000002, 27145, 27145, 27152, 0, 6788, 0, 0, 2, 0, 0, 0, 29696613, 27144.948812, 27151.948799, 0.000000
1754, 7, 8.000452, 210027676, 1.000132, 27068, 27068, 27052, 0, 6763, 0, 0, 0, 0, 0, 0, 29667383, 27064.433165, 27048.435274, 0.000000
