ThreadID, cIDX, Time, cycles, deltaT, RX, OnRX, TX, SupTX, OnTX, Idle, OnIdle, Blocked, CacheMiss, CacheHit, CacheWB, CPUIdle, RX/s, TX/s, Sup/s
2376, 0, 0, 0, 0, 0, 0, 0, 0, 0, 0, 0, 0, 0, 0, 0, 0, 0, 0, 0
2376, 0, 1.000010, 210002019, 1.000010, 27127, 27127, 27136, 0, 6784, 0, 0, 2, 656373, 182171304, 273131, 28895221, 27126.739196, 27135.739109, 0.000000
2376, 1, 2.000030, 210004225, 1.000020, 27122, 27122, 27116, 0, 6779, 0, 0, 0, 555844, 182198926, 224881, 28836194, 27121.454342, 27115.454463, 0.000000
2376, 2, 3.000447, 210087658, 1.000417, 27150, 27150, 27153, 0, 6789, 0, 0, 2, 531468, 182041392, 211990, 29398801, 27138.671801, 27141.670550, 0.000000
2376, 3, 4.000449, 210000487, 1.000002, 27215, 27215, 27216, 0, 6804, 0, 0, 8, 517691, 182013732, 205602, 29341738, 27214.936887, 27215.936885, 0.000000
2376, 4, 5.000494, 210009381, 1.000045, 27183, 27183, 27179, 0, 6794, 0, 0, 1, 503414, 181986893, 198721, 29474139, 27181.785751, 27177.785929, 0.000000
2376, 5, 6.000521, 210005699, 1.000027, 27030, 27030, 27027, 0, 6757, 0, 0, 2, 491407, 181699703, 192707, 30001999, 27029.266477, 27026.266559, 0.000000
2376, 6, 7.000561, 210008442, 1.000040, 27180, 27180, 27181, 0, 6795, 0, 0, 0, 485030, 181761480, 189541, 29868734, 27178.907408, 27179.907368, 0.000000
2376, 7, 8.000570, 210001790, 1.000009, 27135, 27135, 27132, 0, 6783, 0, 0, 1, 486755, 181872077, 189914, 29617454, 27134.768708, 27131.768734, 0.000000
