ThreadID, cIDX, Time, cycles, deltaT, RX, OnRX, TX, SupTX, OnTX, Idle, OnIdle, Blocked, CacheMiss, CacheHit, CacheWB, CPUIdle, RX/s, TX/s, Sup/s
9695, 0, 0, 0, 0, 0, 0, 0, 0, 0, 0, 0, 0, 0, 0, 0, 0, 0, 0, 0
9695, 0, 1.000002, 210000456, 1.000002, 27162, 27162, 27168, 0, 6792, 0, 0, 1, 0, 0, 0, 29184300, 27161.941020, 27167.941007, 0.000000
9695, 1, 2.000007, 210000947, 1.000005, 27138, 27138, 27134, 0, 6784, 0, 0, 1, 0, 0, 0, 28983785, 27137.877621, 27133.877639, 0.000000
9695, 2, 3.000019, 210002691, 1.000013, 27139, 27139, 27138, 0, 6784, 0, 0, 5, 0, 0, 0, 29093473, 27138.652238, 27137.652250, 0.000000
9695, 3, 4.000048, 210005979, 1.000028, 27145, 27145, 27143, 0, 6786, 0, 0, 9, 0, 0, 0, 29334043, 27144.227165, 27142.227222, 0.000000
9695, 4, 5.000075, 210005651, 1.000027, 27144, 27144, 27141, 0, 6785, 0, 0, 5, 0, 0, 0, 29485771, 27143.269588, 27140.269668, 0.000000
9695, 5, 6.000080, 210001067, 1.000005, 27048, 27048, 27049, 0, 6763, 0, 0, 6, 0, 0, 0, 29880523, 27047.862571, 27048.862566, 0.000000
9695, 6, 7.000084, 210000896, 1.000004, 27090, 27090, 27093, 0, 6773, 0, 0, 9, 0, 0, 0, 29745743, 27089.884416, 27092.884404, 0.000000
9695, 7, 8.000144, 210012494, 1.000059, 27170, 27170, 27174, 0, 6793, 0, 0, 0, 0, 0, 0, 29650295, 27168.383611, 27172.383373, 0.000000
