ThreadID, cIDX, Time, cycles, deltaT, RX, OnRX, TX, SupTX, OnTX, Idle, OnIdle, Blocked, CacheMiss, CacheHit, CacheWB, CPUIdle, RX/s, TX/s, Sup/s
8663, 0, 0, 0, 0, 0, 0, 0, 0, 0, 0, 0, 0, 0, 0, 0, 0, 0, 0, 0
8663, 0, 1.000075, 210015806, 1.000075, 31546, 31546, 31556, 0, 7889, 0, 0, 1, 0, 0, 0, 28594679, 31543.625816, 31553.625064, 0.000000
8663, 1, 2.000284, 210043793, 1.000209, 31722, 31722, 31694, 0, 7924, 0, 0, 10, 0, 0, 0, 28548602, 31715.386134, 31687.391972, 0.000000
8663, 2, 3.000285, 210000286, 1.000001, 31697, 31697, 31707, 0, 7927, 0, 0, 6, 0, 0, 0, 28550478, 31696.956832, 31706.956818, 0.000000
8663, 3, 4.000400, 210024123, 1.000115, 31653, 31653, 31647, 0, 7911, 0, 0, 2, 0, 0, 0, 28446028, 31649.364392, 31643.365081, 0.000000
8663, 4, 5.000457, 210011955, 1.000057, 31583, 31583, 31608, 0, 7902, 0, 0, 0, 0, 0, 0, 29033926, 31581.202127, 31606.200704, 0.000000
8663, 5, 6.000481, 210005106, 1.000024, 31695, 31695, 31696, 0, 7924, 0, 0, 0, 0, 0, 0, 29200657, 31694.229377, 31695.229353, 0.000000
8663, 6, 7.000485, 210000694, 1.000003, 31543, 31543, 31535, 0, 7884, 0, 0, 0, 0, 0, 0, 29272753, 31542.895758, 31534.895785, 0.000000
8663, 7, 8.000830, 210072451, 1.000345, 31657, 31657, 31641, 0, 7910, 0, 0, 0, 0, 0, 0, 29288763, 31646.081951, 31630.087469, 0.000000
