ThreadID, cIDX, Time, cycles, deltaT, RX, OnRX, TX, SupTX, OnTX, Idle, OnIdle, Blocked, CacheMiss, CacheHit, CacheWB, CPUIdle, RX/s, TX/s, Sup/s
8434, 0, 0, 0, 0, 0, 0, 0, 0, 0, 0, 0, 0, 0, 0, 0, 0, 0, 0, 0
8434, 0, 1.000053, 210011184, 1.000053, 31669, 31669, 31672, 0, 7918, 0, 0, 1, 0, 0, 0, 30298022, 31667.313489, 31670.313330, 0.000000
8434, 1, 2.000057, 210000851, 1.000004, 31674, 31674, 31672, 0, 7918, 0, 0, 8, 0, 0, 0, 30210617, 31673.871645, 31671.871654, 0.000000
8434, 2, 3.000339, 210059244, 1.000282, 31710, 31710, 31702, 0, 7926, 0, 0, 14, 0, 0, 0, 30547854, 31701.056679, 31693.058935, 0.000000
8434, 3, 4.000523, 210038585, 1.000184, 31675, 31675, 31671, 0, 7918, 0, 0, 6, 0, 0, 0, 30321940, 31669.181165, 31665.181900, 0.000000
8434, 4, 5.000525, 210000411, 1.000002, 31629, 31629, 31645, 0, 7911, 0, 0, 1, 0, 0, 0, 30525431, 31628.938098, 31644.938066, 0.000000
8434, 5, 6.000542, 210003505, 1.000017, 31616, 31616, 31603, 0, 7901, 0, 0, 2, 0, 0, 0, 30916188, 31615.472323, 31602.472540, 0.000000
8434, 6, 7.000555, 210002752, 1.000013, 31591, 31591, 31616, 0, 7904, 0, 0, 2, 0, 0, 0, 30954174, 31590.586013, 31615.585685, 0.000000
8434, 7, 8.000561, 210001331, 1.000006, 31606, 31606, 31603, 0, 7900, 0, 0, 2, 0, 0, 0, 30712448, 31605.799679, 31602.799698, 0.000000
