ThreadID, cIDX, Time, cycles, deltaT, RX, OnRX, TX, SupTX, OnTX, Idle, OnIdle, Blocked, CacheMiss, CacheHit, CacheWB, CPUIdle, RX/s, TX/s, Sup/s
1639, 0, 0, 0, 0, 0, 0, 0, 0, 0, 0, 0, 0, 0, 0, 0, 0, 0, 0, 0
1639, 0, 1.000002, 210000442, 1.000002, 31598, 31598, 31586, 0, 7897, 0, 0, 0, 0, 0, 0, 28966208, 31597.933494, 31585.933519, 0.000000
1639, 1, 2.000011, 210001872, 1.000009, 31662, 31662, 31687, 0, 7922, 0, 0, 6, 0, 0, 0, 29091004, 31661.717758, 31686.717536, 0.000000
1639, 2, 3.000026, 210003227, 1.000015, 31710, 31710, 31687, 0, 7921, 0, 0, 4, 0, 0, 0, 29077525, 31709.512730, 31686.513084, 0.000000
1639, 3, 4.000050, 210004971, 1.000024, 31658, 31658, 31663, 0, 7916, 0, 0, 12, 0, 0, 0, 29277988, 31657.250628, 31662.250509, 0.000000
1639, 4, 5.000060, 210002151, 1.000010, 31676, 31676, 31686, 0, 7922, 0, 0, 9, 0, 0, 0, 29425766, 31675.675551, 31685.675448, 0.000000
1639, 5, 6.000073, 210002732, 1.000013, 31618, 31618, 31599, 0, 7899, 0, 0, 2, 0, 0, 0, 29688372, 31617.588670, 31598.588917, 0.000000
1639, 6, 7.000249, 210036855, 1.000176, 31676, 31676, 31676, 0, 7919, 0, 0, 4, 0, 0, 0, 29448068, 31670.441837, 31670.441837, 0.000000
1639, 7, 8.000259, 210002061, 1.000010, 31666, 31666, 31677, 0, 7920, 0, 0, 1, 0, 0, 0, 29521882, 31665.689224, 31676.689116, 0.000000
