ThreadID, cIDX, Time, cycles, deltaT, RX, OnRX, TX, SupTX, OnTX, Idle, OnIdle, Blocked, CacheMiss, CacheHit, CacheWB, CPUIdle, RX/s, TX/s, Sup/s
3009, 0, 0, 0, 0, 0, 0, 0, 0, 0, 0, 0, 0, 0, 0, 0, 0, 0, 0, 0
3009, 0, 1.000136, 210028598, 1.000136, 31730, 31730, 31740, 0, 7935, 0, 0, 0, 663196, 182091663, 273094, 29190787, 31725.679567, 31735.678205, 0.000000
3009, 1, 2.000327, 210040081, 1.000191, 31689, 31689, 31673, 0, 7919, 0, 0, 7, 572638, 182219418, 228507, 28972522, 31682.952931, 31666.955984, 0.000000
3009, 2, 3.000408, 210016989, 1.000081, 31680, 31680, 31699, 0, 7924, 0, 0, 5, 553167, 182134355, 221886, 29025442, 31677.437295, 31696.435758, 0.000000
3009, 3, 4.000436, 210005883, 1.000028, 31644, 31644, 31640, 0, 7910, 0, 0, 3, 545103, 182159231, 217042, 29093613, 31643.113541, 31639.113653, 0.000000
3009, 4, 5.000562, 210026492, 1.000126, 31649, 31649, 31627, 0, 7907, 0, 0, 7, 537813, 181975340, 213459, 29490474, 31645.007907, 31623.010682, 0.000000
3009, 5, 6.000702, 210029280, 1.000139, 31623, 31623, 31621, 0, 7905, 0, 0, 1, 529488, 181782305, 209733, 29894295, 31618.591465, 31616.591744, 0.000000
3009, 6, 7.000714, 210002675, 1.000013, 31576, 31576, 31600, 0, 7900, 0, 0, 1, 520047, 181765431, 204350, 29833219, 31575.597787, 31599.597481, 0.000000
3009, 7, 8.000770, 210011690, 1.000056, 31629, 31629, 31636, 0, 7909, 0, 0, 0, 522387, 182006952, 206049, 29353394, 31627.239417, 31634.239027, 0.000000
