ThreadID, cIDX, Time, cycles, deltaT, RX, OnRX, TX, SupTX, OnTX, Idle, OnIdle, Blocked, CacheMiss, CacheHit, CacheWB, CPUIdle, RX/s, TX/s, Sup/s
10564, 0, 0, 0, 0, 0, 0, 0, 0, 0, 0, 0, 0, 0, 0, 0, 0, 0, 0, 0
10564, 0, 1.000071, 210014858, 1.000071, 31602, 31602, 31604, 0, 7901, 0, 0, 1, 648950, 182094248, 267486, 29101071, 31599.764241, 31601.764100, 0.000000
10564, 1, 2.000230, 210033402, 1.000159, 31662, 31662, 31648, 0, 7912, 0, 0, 4, 559123, 182107871, 222927, 29173520, 31656.964734, 31642.966960, 0.000000
10564, 2, 3.000645, 210087293, 1.000416, 31606, 31606, 31624, 0, 7906, 0, 0, 4, 545333, 182046524, 217099, 29296671, 31592.867447, 31610.859968, 0.000000
10564, 3, 4.000753, 210022525, 1.000107, 31754, 31754, 31751, 0, 7938, 0, 0, 8, 532639, 181967005, 212085, 29420768, 31750.594371, 31747.594693, 0.000000
10564, 4, 5.000837, 210017600, 1.000084, 31634, 31634, 31641, 0, 7910, 0, 0, 4, 531805, 181941077, 212316, 29666192, 31631.348992, 31638.348405, 0.000000
10564, 5, 6.001399, 210118071, 1.000562, 31625, 31625, 31600, 0, 7900, 0, 0, 1, 525989, 181716179, 208486, 30171319, 31607.229061, 31582.243109, 0.000000
10564, 6, 7.001621, 210046606, 1.000222, 31704, 31704, 31704, 0, 7926, 0, 0, 0, 525731, 181726967, 210660, 30030452, 31696.965387, 31696.965387, 0.000000
10564, 7, 8.001891, 210056787, 1.000270, 31667, 31667, 31664, 0, 7916, 0, 0, 0, 526702, 181907557, 209763, 29730817, 31658.439106, 31655.439917, 0.000000
