ThreadID, cIDX, Time, cycles, deltaT, RX, OnRX, TX, SupTX, OnTX, Idle, OnIdle, Blocked, CacheMiss, CacheHit, CacheWB, CPUIdle, RX/s, TX/s, Sup/s
988, 0, 0, 0, 0, 0, 0, 0, 0, 0, 0, 0, 0, 0, 0, 0, 0, 0, 0, 0
988, 0, 1.000003, 210000595, 1.000003, 27258, 27258, 27263, 0, 6816, 0, 0, 0, 0, 0, 0, 26661906, 27257.922769, 27262.922755, 0.000000
988, 1, 2.000009, 210001264, 1.000006, 27141, 27141, 27139, 0, 6785, 0, 0, 0, 0, 0, 0, 26621047, 27140.836638, 27138.836650, 0.000000
988, 2, 3.000045, 210007663, 1.000036, 27102, 27102, 27094, 0, 6773, 0, 0, 0, 0, 0, 0, 26934404, 27101.011071, 27093.011363, 0.000000
988, 3, 4.000048, 210000524, 1.000002, 27182, 27182, 27187, 0, 6797, 0, 0, 0, 0, 0, 0, 26834927, 27181.932175, 27186.932162, 0.000000
988, 4, 5.000111, 210013300, 1.000063, 27095, 27095, 27093, 0, 6773, 0, 0, 0, 0, 0, 0, 27231259, 27093.284092, 27091.284219, 0.000000
988, 5, 6.000117, 210001320, 1.000006, 27039, 27039, 27040, 0, 6760, 0, 0, 0, 0, 0, 0, 27236322, 27038.830042, 27039.830035, 0.000000
988, 6, 7.000119, 210000272, 1.000001, 27143, 27143, 27147, 0, 6787, 0, 0, 0, 0, 0, 0, 27334216, 27142.964843, 27146.964838, 0.000000
988, 7, 8.000120, 210000210, 1.000001, 27084, 27084, 27084, 0, 6771, 0, 0, 0, 0, 0, 0, 27429141, 27083.972916, 27083.972916, 0.000000
