ThreadID, cIDX, Time, cycles, deltaT, RX, OnRX, TX, SupTX, OnTX, Idle, OnIdle, Blocked, CacheMiss, CacheHit, CacheWB, CPUIdle, RX/s, TX/s, Sup/s
10723, 0, 0, 0, 0, 0, 0, 0, 0, 0, 0, 0, 0, 0, 0, 0, 0, 0, 0, 0
10723, 0, 1.000507, 210106427, 1.000507, 31541, 31541, 31552, 0, 7888, 0, 0, 1, 0, 0, 0, 28955627, 31525.023268, 31536.017696, 0.000000
10723, 1, 2.000797, 210060911, 1.000290, 31678, 31678, 31662, 0, 7916, 0, 0, 14, 0, 0, 0, 29014364, 31668.814385, 31652.819024, 0.000000
10723, 2, 3.000818, 210004341, 1.000021, 31695, 31695, 31696, 0, 7924, 0, 0, 12, 0, 0, 0, 29111286, 31694.344833, 31695.344812, 0.000000
10723, 3, 4.000819, 210000229, 1.000001, 31609, 31609, 31608, 0, 7902, 0, 0, 7, 0, 0, 0, 29263318, 31608.965531, 31607.965532, 0.000000
10723, 4, 5.000822, 210000753, 1.000004, 31702, 31702, 31707, 0, 7927, 0, 0, 4, 0, 0, 0, 29436479, 31701.886326, 31706.886308, 0.000000
10723, 5, 6.000887, 210013704, 1.000065, 31570, 31570, 31555, 0, 7888, 0, 0, 0, 0, 0, 0, 30003851, 31567.939966, 31552.940945, 0.000000
10723, 6, 7.001145, 210054020, 1.000257, 31599, 31599, 31596, 0, 7899, 0, 0, 0, 0, 0, 0, 29748058, 31590.873624, 31587.874395, 0.000000
10723, 7, 8.001182, 210007788, 1.000037, 31692, 31692, 31724, 0, 7931, 0, 0, 0, 0, 0, 0, 29537154, 31690.824723, 31722.823536, 0.000000
