ThreadID, cIDX, Time, cycles, deltaT, RX, OnRX, TX, SupTX, OnTX, Idle, OnIdle, Blocked, CacheMiss, CacheHit, CacheWB, CPUIdle, RX/s, TX/s, Sup/s
9035, 0, 0, 0, 0, 0, 0, 0, 0, 0, 0, 0, 0, 0, 0, 0, 0, 0, 0, 0
9035, 0, 1.000029, 210006109, 1.000029, 27251, 27251, 27240, 0, 6810, 0, 0, 0, 652845, 182298616, 267794, 28564818, 27250.207278, 27239.207598, 0.000000
9035, 1, 2.000047, 210003744, 1.000018, 27144, 27144, 27149, 0, 6788, 0, 0, 6, 569503, 182413001, 228376, 28435910, 27143.516070, 27148.515981, 0.000000
9035, 2, 3.000058, 210002397, 1.000011, 27100, 27100, 27103, 0, 6775, 0, 0, 6, 553456, 182326733, 218076, 28516524, 27099.690676, 27102.690642, 0.000000
9035, 3, 4.000063, 210000913, 1.000004, 27181, 27181, 27186, 0, 6797, 0, 0, 0, 543982, 182358329, 213677, 28527187, 27180.881828, 27185.881806, 0.000000
9035, 4, 5.000065, 210000461, 1.000002, 27097, 27097, 27091, 0, 6773, 0, 0, 1, 533420, 182058347, 209170, 29229822, 27096.940516, 27090.940529, 0.000000
9035, 5, 6.000078, 210002757, 1.000013, 27035, 27035, 27039, 0, 6759, 0, 0, 0, 517488, 182039706, 201237, 29165208, 27034.645074, 27038.645021, 0.000000
9035, 6, 7.000081, 210000561, 1.000003, 27153, 27153, 27153, 0, 6789, 0, 0, 0, 512900, 182114376, 197972, 29050685, 27152.927463, 27152.927463, 0.000000
9035, 7, 8.000086, 210001196, 1.000006, 27075, 27075, 27073, 0, 6768, 0, 0, 0, 513631, 182057370, 197347, 29229154, 27074.845802, 27072.845814, 0.000000
