ThreadID, cIDX, Time, cycles, deltaT, RX, OnRX, TX, SupTX, OnTX, Idle, OnIdle, Blocked, CacheMiss, CacheHit, CacheWB, CPUIdle, RX/s, TX/s, Sup/s
9596, 0, 0, 0, 0, 0, 0, 0, 0, 0, 0, 0, 0, 0, 0, 0, 0, 0, 0, 0
9596, 0, 1.000013, 210002638, 1.000013, 27262, 27262, 27268, 0, 6817, 0, 0, 0, 0, 0, 0, 30856999, 27261.657542, 27267.657466, 0.000000
9596, 1, 2.000035, 210004709, 1.000022, 27151, 27151, 27140, 0, 6785, 0, 0, 5, 0, 0, 0, 30721464, 27150.391185, 27139.391431, 0.000000
9596, 2, 3.000073, 210008059, 1.000038, 27108, 27108, 27108, 0, 6777, 0, 0, 8, 0, 0, 0, 30920443, 27106.959738, 27106.959738, 0.000000
9596, 3, 4.000335, 210054888, 1.000261, 27086, 27086, 27088, 0, 6772, 0, 0, 8, 0, 0, 0, 31102099, 27078.922343, 27080.921821, 0.000000
9596, 4, 5.000452, 210024634, 1.000117, 27102, 27102, 27105, 0, 6777, 0, 0, 11, 0, 0, 0, 31248516, 27098.821179, 27101.820827, 0.000000
9596, 5, 6.000462, 210002067, 1.000010, 27127, 27127, 27129, 0, 6782, 0, 0, 9, 0, 0, 0, 31758756, 27126.732995, 27128.732976, 0.000000
9596, 6, 7.000472, 210002168, 1.000010, 27012, 27012, 27010, 0, 6752, 0, 0, 1, 0, 0, 0, 31546946, 27011.721136, 27009.721157, 0.000000
9596, 7, 8.000474, 210000389, 1.000002, 27145, 27145, 27142, 0, 6786, 0, 0, 0, 0, 0, 0, 31472730, 27144.949717, 27141.949723, 0.000000
