ThreadID, cIDX, Time, cycles, deltaT, RX, OnRX, TX, SupTX, OnTX, Idle, OnIdle, Blocked, CacheMiss, CacheHit, CacheWB, CPUIdle, RX/s, TX/s, Sup/s
8363, 0, 0, 0, 0, 0, 0, 0, 0, 0, 0, 0, 0, 0, 0, 0, 0, 0, 0, 0
8363, 0, 1.000015, 210003082, 1.000015, 27257, 27257, 27256, 0, 6814, 0, 0, 1, 0, 0, 0, 27553337, 27256.599977, 27255.599992, 0.000000
8363, 1, 2.000018, 210000635, 1.000003, 27121, 27121, 27122, 0, 6781, 0, 0, 5, 0, 0, 0, 27478399, 27120.917992, 27121.917988, 0.000000
8363, 2, 3.000048, 210006335, 1.000030, 27083, 27083, 27082, 0, 6770, 0, 0, 4, 0, 0, 0, 27652455, 27082.183021, 27081.183051, 0.000000
8363, 3, 4.000053, 210001115, 1.000005, 27223, 27223, 27221, 0, 6806, 0, 0, 5, 0, 0, 0, 27544214, 27222.855460, 27220.855470, 0.000000
8363, 4, 5.000074, 210004303, 1.000020, 27155, 27155, 27163, 0, 6790, 0, 0, 2, 0, 0, 0, 27788940, 27154.443593, 27162.443429, 0.000000
8363, 5, 6.000153, 210016734, 1.000080, 27077, 27077, 27064, 0, 6766, 0, 0, 1, 0, 0, 0, 28102444, 27074.842522, 27061.843558, 0.000000
8363, 6, 7.000411, 210054150, 1.000258, 27094, 27094, 27096, 0, 6774, 0, 0, 0, 0, 0, 0, 28130255, 27087.015420, 27089.014904, 0.000000
8363, 7, 8.000414, 210000604, 1.000003, 27229, 27229, 27236, 0, 6809, 0, 0, 1, 0, 0, 0, 27613765, 27228.921684, 27235.921664, 0.000000
