ThreadID, cIDX, Time, cycles, deltaT, RX, OnRX, TX, SupTX, OnTX, Idle, OnIdle, Blocked, CacheMiss, CacheHit, CacheWB, CPUIdle, RX/s, TX/s, Sup/s
10655, 0, 0, 0, 0, 0, 0, 0, 0, 0, 0, 0, 0, 0, 0, 0, 0, 0, 0, 0
10655, 0, 1.000026, 210005540, 1.000026, 27214, 27214, 27215, 0, 6804, 0, 0, 1, 0, 0, 0, 29727635, 27213.282088, 27214.282061, 0.000000
10655, 1, 2.000039, 210002549, 1.000012, 27206, 27206, 27201, 0, 6800, 0, 0, 5, 0, 0, 0, 29815997, 27205.669775, 27200.669836, 0.000000
10655, 2, 3.000057, 210003856, 1.000018, 27116, 27116, 27117, 0, 6780, 0, 0, 4, 0, 0, 0, 29934362, 27115.502108, 27116.502089, 0.000000
10655, 3, 4.000059, 210000516, 1.000002, 27069, 27069, 27075, 0, 6768, 0, 0, 6, 0, 0, 0, 30146615, 27068.933488, 27074.933473, 0.000000
10655, 4, 5.000072, 210002641, 1.000013, 27101, 27101, 27093, 0, 6774, 0, 0, 3, 0, 0, 0, 30273341, 27100.659177, 27092.659278, 0.000000
10655, 5, 6.000155, 210017364, 1.000083, 27164, 27164, 27163, 0, 6790, 0, 0, 1, 0, 0, 0, 30879878, 27161.754111, 27160.754194, 0.000000
10655, 6, 7.000201, 210009798, 1.000047, 26976, 26976, 26988, 0, 6747, 0, 0, 4, 0, 0, 0, 30608616, 26974.741436, 26986.740876, 0.000000
10655, 7, 8.000237, 210007487, 1.000036, 27105, 27105, 27092, 0, 6773, 0, 0, 0, 0, 0, 0, 30319983, 27104.033677, 27091.034140, 0.000000
