ThreadID, cIDX, Time, cycles, deltaT, RX, OnRX, TX, SupTX, OnTX, Idle, OnIdle, Blocked, CacheMiss, CacheHit, CacheWB, CPUIdle, RX/s, TX/s, Sup/s
10433, 0, 0, 0, 0, 0, 0, 0, 0, 0, 0, 0, 0, 0, 0, 0, 0, 0, 0, 0
10433, 0, 1.000033, 210006947, 1.000033, 31651, 31651, 31649, 0, 7913, 0, 0, 1, 667896, 182139122, 277272, 28976629, 31649.952989, 31647.953056, 0.000000
10433, 1, 2.000062, 210006047, 1.000029, 31672, 31672, 31667, 0, 7916, 0, 0, 8, 570033, 182072086, 233220, 29195727, 31671.088023, 31666.088167, 0.000000
10433, 2, 3.000508, 210093780, 1.000447, 31699, 31699, 31708, 0, 7927, 0, 0, 7, 553527, 182066552, 227826, 29168634, 31684.850451, 31693.846434, 0.000000
10433, 3, 4.000813, 210063965, 1.000305, 31690, 31690, 31673, 0, 7919, 0, 0, 7, 535082, 182009404, 218113, 29365729, 31680.350316, 31663.355493, 0.000000
10433, 4, 5.000994, 210037951, 1.000181, 31635, 31635, 31663, 0, 7915, 0, 0, 5, 518815, 181998052, 209948, 29407034, 31629.283986, 31657.278927, 0.000000
10433, 5, 6.001063, 210014437, 1.000069, 31558, 31558, 31544, 0, 7886, 0, 0, 2, 503963, 181658380, 204036, 29952696, 31555.830612, 31541.831574, 0.000000
10433, 6, 7.001247, 210038700, 1.000184, 31679, 31679, 31668, 0, 7917, 0, 0, 0, 503553, 181720809, 202798, 29984360, 31673.163089, 31662.165115, 0.000000
10433, 7, 8.001526, 210058561, 1.000279, 31604, 31604, 31604, 0, 7901, 0, 0, 0, 500287, 181899740, 200652, 29701230, 31595.189305, 31595.189305, 0.000000
