ThreadID, cIDX, Time, cycles, deltaT, RX, OnRX, TX, SupTX, OnTX, Idle, OnIdle, Blocked, CacheMiss, CacheHit, CacheWB, CPUIdle, RX/s, TX/s, Sup/s
10258, 0, 0, 0, 0, 0, 0, 0, 0, 0, 0, 0, 0, 0, 0, 0, 0, 0, 0, 0
10258, 0, 1.000045, 210009427, 1.000045, 31615, 31615, 31612, 0, 7903, 0, 0, 1, 0, 0, 0, 29782931, 31613.580851, 31610.580986, 0.000000
10258, 1, 2.000130, 210017784, 1.000085, 31641, 31641, 31632, 0, 7908, 0, 0, 5, 0, 0, 0, 29828708, 31638.320686, 31629.321448, 0.000000
10258, 2, 3.000202, 210015271, 1.000073, 31649, 31649, 31668, 0, 7917, 0, 0, 2, 0, 0, 0, 29935069, 31646.698682, 31665.697301, 0.000000
10258, 3, 4.000207, 210000887, 1.000004, 31678, 31678, 31684, 0, 7921, 0, 0, 6, 0, 0, 0, 30068590, 31677.866199, 31683.866173, 0.000000
10258, 4, 5.000211, 210000982, 1.000005, 31677, 31677, 31676, 0, 7919, 0, 0, 2, 0, 0, 0, 30280948, 31676.851873, 31675.851878, 0.000000
10258, 5, 6.000276, 210013534, 1.000064, 31593, 31593, 31588, 0, 7897, 0, 0, 0, 0, 0, 0, 30638234, 31590.964038, 31585.964360, 0.000000
10258, 6, 7.000293, 210003649, 1.000017, 31597, 31597, 31577, 0, 7895, 0, 0, 5, 0, 0, 0, 30576166, 31596.450974, 31576.451322, 0.000000
10258, 7, 8.000408, 210024055, 1.000115, 31743, 31743, 31743, 0, 7935, 0, 0, 0, 0, 0, 0, 30387334, 31739.364331, 31739.364331, 0.000000
