ThreadID, cIDX, Time, cycles, deltaT, RX, OnRX, TX, SupTX, OnTX, Idle, OnIdle, Blocked, CacheMiss, CacheHit, CacheWB, CPUIdle, RX/s, TX/s, Sup/s
407, 0, 0, 0, 0, 0, 0, 0, 0, 0, 0, 0, 0, 0, 0, 0, 0, 0, 0, 0
407, 0, 1.000002, 210000427, 1.000002, 31534, 31534, 31544, 0, 7886, 0, 0, 0, 0, 0, 0, 27501811, 31533.935881, 31543.935861, 0.000000
407, 1, 2.000015, 210002686, 1.000013, 31707, 31707, 31708, 0, 7927, 0, 0, 0, 0, 0, 0, 27494300, 31706.594458, 31707.594445, 0.000000
407, 2, 3.000021, 210001394, 1.000007, 31706, 31706, 31703, 0, 7926, 0, 0, 3, 0, 0, 0, 27735494, 31705.789534, 31702.789554, 0.000000
407, 3, 4.000151, 210027261, 1.000130, 31689, 31689, 31665, 0, 7916, 0, 0, 1, 0, 0, 0, 27545010, 31684.886849, 31660.889964, 0.000000
407, 4, 5.000298, 210030710, 1.000146, 31571, 31571, 31600, 0, 7900, 0, 0, 0, 0, 0, 0, 28159008, 31566.383792, 31595.379552, 0.000000
407, 5, 6.000324, 210005605, 1.000027, 31676, 31676, 31664, 0, 7916, 0, 0, 0, 0, 0, 0, 28100254, 31675.154575, 31663.154895, 0.000000
407, 6, 7.000735, 210086211, 1.000411, 31595, 31595, 31580, 0, 7895, 0, 0, 0, 0, 0, 0, 28277700, 31582.034672, 31567.040828, 0.000000
407, 7, 8.000739, 210000974, 1.000005, 31640, 31640, 31645, 0, 7912, 0, 0, 1, 0, 0, 0, 27927792, 31639.853251, 31644.853228, 0.000000
