ThreadID, cIDX, Time, cycles, deltaT, RX, OnRX, TX, SupTX, OnTX, Idle, OnIdle, Blocked, CacheMiss, CacheHit, CacheWB, CPUIdle, RX/s, TX/s, Sup/s
10264, 0, 0, 0, 0, 0, 0, 0, 0, 0, 0, 0, 0, 0, 0, 0, 0, 0, 0, 0
10264, 0, 1.000063, 210013230, 1.000063, 27176, 27176, 27168, 0, 6792, 0, 0, 1, 0, 0, 0, 29784569, 27174.288020, 27166.288524, 0.000000
10264, 1, 2.000912, 210178275, 1.000849, 27101, 27101, 27097, 0, 6775, 0, 0, 12, 0, 0, 0, 29970093, 27078.012701, 27074.016094, 0.000000
10264, 2, 3.001093, 210037929, 1.000181, 27189, 27189, 27187, 0, 6796, 0, 0, 6, 0, 0, 0, 29913376, 27184.090165, 27182.090526, 0.000000
10264, 3, 4.001136, 210009108, 1.000043, 27142, 27142, 27145, 0, 6787, 0, 0, 4, 0, 0, 0, 30060344, 27140.822864, 27143.822734, 0.000000
10264, 4, 5.001188, 210010859, 1.000052, 27171, 27171, 27187, 0, 6796, 0, 0, 4, 0, 0, 0, 30234906, 27169.595073, 27185.594246, 0.000000
10264, 5, 6.001344, 210032878, 1.000157, 27087, 27087, 27076, 0, 6769, 0, 0, 1, 0, 0, 0, 30608599, 27082.759872, 27071.761593, 0.000000
10264, 6, 7.001360, 210003359, 1.000016, 27152, 27152, 27152, 0, 6788, 0, 0, 0, 0, 0, 0, 30573780, 27151.565704, 27151.565704, 0.000000
10264, 7, 8.001380, 210004101, 1.000020, 27148, 27148, 27157, 0, 6790, 0, 0, 0, 0, 0, 0, 30379184, 27147.469849, 27156.469673, 0.000000
