ThreadID, cIDX, Time, cycles, deltaT, RX, OnRX, TX, SupTX, OnTX, Idle, OnIdle, Blocked, CacheMiss, CacheHit, CacheWB, CPUIdle, RX/s, TX/s, Sup/s
2162, 0, 0, 0, 0, 0, 0, 0, 0, 0, 0, 0, 0, 0, 0, 0, 0, 0, 0, 0
2162, 0, 1.000546, 210114690, 1.000546, 31605, 31605, 31616, 0, 7904, 0, 0, 5, 0, 0, 0, 30920636, 31587.748577, 31598.742572, 0.000000
2162, 1, 2.000561, 210003215, 1.000015, 31677, 31677, 31661, 0, 7916, 0, 0, 4, 0, 0, 0, 30898345, 31676.515048, 31660.515293, 0.000000
2162, 2, 3.000565, 210000742, 1.000004, 31693, 31693, 31689, 0, 7922, 0, 0, 12, 0, 0, 0, 31117318, 31692.888018, 31688.888033, 0.000000
2162, 3, 4.000587, 210004676, 1.000022, 31615, 31615, 31618, 0, 7904, 0, 0, 6, 0, 0, 0, 31278816, 31614.296055, 31617.295988, 0.000000
2162, 4, 5.000648, 210012663, 1.000060, 31697, 31697, 31705, 0, 7927, 0, 0, 8, 0, 0, 0, 31402860, 31695.088786, 31703.088304, 0.000000
2162, 5, 6.000662, 210002952, 1.000014, 31560, 31560, 31567, 0, 7891, 0, 0, 9, 0, 0, 0, 31927349, 31559.556363, 31566.556264, 0.000000
2162, 6, 7.001139, 210100186, 1.000477, 31611, 31611, 31588, 0, 7897, 0, 0, 3, 0, 0, 0, 31755291, 31595.926336, 31572.937303, 0.000000
2162, 7, 8.001145, 210001361, 1.000006, 31695, 31695, 31703, 0, 7926, 0, 0, 3, 0, 0, 0, 31361174, 31694.794588, 31702.794536, 0.000000
