ThreadID, cIDX, Time, cycles, deltaT, RX, OnRX, TX, SupTX, OnTX, Idle, OnIdle, Blocked, CacheMiss, CacheHit, CacheWB, CPUIdle, RX/s, TX/s, Sup/s
9540, 0, 0, 0, 0, 0, 0, 0, 0, 0, 0, 0, 0, 0, 0, 0, 0, 0, 0, 0
9540, 0, 1.000002, 210000478, 1.000002, 31498, 31498, 31485, 0, 7872, 0, 0, 1, 654801, 182031815, 273178, 29232529, 31497.928305, 31484.928334, 0.000000
9540, 1, 2.000173, 210035771, 1.000170, 31694, 31694, 31687, 0, 7921, 0, 0, 11, 577365, 182197617, 238033, 28951669, 31688.602224, 31681.603416, 0.000000
9540, 2, 3.000181, 210001755, 1.000008, 31703, 31703, 31712, 0, 7928, 0, 0, 5, 566124, 182067819, 233359, 29252386, 31702.735056, 31711.734981, 0.000000
9540, 3, 4.000186, 210000999, 1.000005, 31707, 31707, 31717, 0, 7930, 0, 0, 13, 561880, 182036335, 230359, 29173500, 31706.849166, 31716.849118, 0.000000
9540, 4, 5.000413, 210047646, 1.000227, 31687, 31687, 31693, 0, 7923, 0, 0, 13, 547062, 181926736, 223185, 29510477, 31679.812303, 31685.810942, 0.000000
9540, 5, 6.000457, 210009332, 1.000044, 31568, 31568, 31561, 0, 7890, 0, 0, 5, 533595, 181687409, 216153, 29998977, 31566.597241, 31559.597552, 0.000000
9540, 6, 7.000834, 210079253, 1.000377, 31732, 31732, 31717, 0, 7929, 0, 0, 3, 524710, 181914533, 210687, 29673498, 31720.029012, 31705.034671, 0.000000
9540, 7, 8.001317, 210101370, 1.000483, 31688, 31688, 31688, 0, 7922, 0, 0, 0, 528327, 181927445, 212103, 29802063, 31672.711130, 31672.711130, 0.000000
