ThreadID, cIDX, Time, cycles, deltaT, RX, OnRX, TX, SupTX, OnTX, Idle, OnIdle, Blocked, CacheMiss, CacheHit, CacheWB, CPUIdle, RX/s, TX/s, Sup/s
8805, 0, 0, 0, 0, 0, 0, 0, 0, 0, 0, 0, 0, 0, 0, 0, 0, 0, 0, 0
8805, 0, 1.000055, 210011557, 1.000055, 31506, 31506, 31487, 0, 7872, 0, 0, 0, 0, 0, 0, 28572412, 31504.266215, 31485.267261, 0.000000
8805, 1, 2.000094, 210008140, 1.000039, 31710, 31710, 31705, 0, 7926, 0, 0, 5, 0, 0, 0, 28404417, 31708.770908, 31703.771101, 0.000000
8805, 2, 3.000102, 210001810, 1.000009, 31721, 31721, 31745, 0, 7937, 0, 0, 6, 0, 0, 0, 28428541, 31720.726598, 31744.726391, 0.000000
8805, 3, 4.000103, 210000191, 1.000001, 31615, 31615, 31627, 0, 7906, 0, 0, 3, 0, 0, 0, 28456864, 31614.971245, 31626.971235, 0.000000
8805, 4, 5.000108, 210000951, 1.000005, 31612, 31612, 31602, 0, 7901, 0, 0, 0, 0, 0, 0, 29170165, 31611.856843, 31601.856889, 0.000000
8805, 5, 6.000187, 210016568, 1.000079, 31688, 31688, 31666, 0, 7916, 0, 0, 0, 0, 0, 0, 29286575, 31685.500165, 31663.501900, 0.000000
8805, 6, 7.000191, 210000893, 1.000004, 31635, 31635, 31663, 0, 7916, 0, 0, 0, 0, 0, 0, 29286495, 31634.865477, 31662.865357, 0.000000
8805, 7, 8.000293, 210021368, 1.000102, 31572, 31572, 31553, 0, 7888, 0, 0, 0, 0, 0, 0, 29024920, 31568.787801, 31549.789734, 0.000000
