ThreadID, cIDX, Time, cycles, deltaT, RX, OnRX, TX, SupTX, OnTX, Idle, OnIdle, Blocked, CacheMiss, CacheHit, CacheWB, CPUIdle, RX/s, TX/s, Sup/s
2886, 0, 0, 0, 0, 0, 0, 0, 0, 0, 0, 0, 0, 0, 0, 0, 0, 0, 0, 0
2886, 0, 1.000120, 210025251, 1.000120, 31548, 31548, 31532, 0, 7883, 0, 0, 1, 659070, 182115481, 275050, 29066500, 31544.207034, 31528.208958, 0.000000
2886, 1, 2.000306, 210039077, 1.000186, 31674, 31674, 31704, 0, 7926, 0, 0, 7, 583569, 182211284, 235989, 28931744, 31668.107168, 31698.101587, 0.000000
2886, 2, 3.000329, 210004759, 1.000023, 31655, 31655, 31647, 0, 7912, 0, 0, 4, 566067, 182141514, 227740, 29037044, 31654.282654, 31646.282835, 0.000000
2886, 3, 4.000332, 210000636, 1.000003, 31702, 31702, 31692, 0, 7923, 0, 0, 14, 533968, 182099867, 212359, 29086733, 31701.903989, 31691.904019, 0.000000
2886, 4, 5.000336, 210000927, 1.000004, 31614, 31614, 31629, 0, 7907, 0, 0, 6, 521382, 181897775, 205020, 29522383, 31613.860447, 31628.860381, 0.000000
2886, 5, 6.000387, 210010594, 1.000050, 31660, 31660, 31644, 0, 7911, 0, 0, 0, 512527, 181656801, 201641, 30059262, 31658.402909, 31642.403716, 0.000000
2886, 6, 7.000477, 210018971, 1.000090, 31556, 31556, 31540, 0, 7885, 0, 0, 0, 509036, 181821630, 200910, 29707060, 31553.149549, 31537.150994, 0.000000
2886, 7, 8.000487, 210002139, 1.000010, 31721, 31721, 31733, 0, 7934, 0, 0, 0, 505188, 181881512, 198194, 29673879, 31720.676902, 31732.676780, 0.000000
