ThreadID, cIDX, Time, cycles, deltaT, RX, OnRX, TX, SupTX, OnTX, Idle, OnIdle, Blocked, CacheMiss, CacheHit, CacheWB, CPUIdle, RX/s, TX/s, Sup/s
1856, 0, 0, 0, 0, 0, 0, 0, 0, 0, 0, 0, 0, 0, 0, 0, 0, 0, 0, 0
1856, 0, 1.000007, 210001400, 1.000007, 30576, 30576, 30582, 0, 7929, 0, 0, 0, 652670, 182079107, 268652, 29142645, 30575.796161, 30581.796121, 0.000000
1856, 1, 2.000008, 210000384, 1.000002, 30534, 30534, 30519, 0, 7914, 0, 0, 2, 564743, 182153352, 225072, 28994432, 30533.944167, 30518.944194, 0.000000
1856, 2, 3.000143, 210028288, 1.000135, 30574, 30574, 30589, 0, 7930, 0, 0, 11, 552110, 182057614, 221059, 29309304, 30569.882091, 30584.880071, 0.000000
1856, 3, 4.000146, 210000521, 1.000002, 30559, 30559, 30553, 0, 7919, 0, 0, 2, 537318, 182003533, 213579, 29347486, 30558.924185, 30552.924200, 0.000000
1856, 4, 5.000187, 210008614, 1.000041, 30485, 30485, 30483, 0, 7903, 0, 0, 5, 529289, 181891983, 209091, 29556674, 30483.749586, 30481.749668, 0.000000
1856, 5, 6.000191, 210000855, 1.000004, 30411, 30411, 30426, 0, 7889, 0, 0, 0, 519475, 181650753, 205094, 30044110, 30410.876184, 30425.876123, 0.000000
1856, 6, 7.000263, 210015227, 1.000073, 30560, 30560, 30537, 0, 7916, 0, 0, 0, 519582, 181764696, 204441, 29903258, 30557.784270, 30534.785937, 0.000000
1856, 7, 8.000365, 210021457, 1.000102, 30454, 30454, 30461, 0, 7898, 0, 0, 0, 514961, 181947162, 201910, 29559790, 30450.888644, 30457.887929, 0.000000
