ThreadID, cIDX, Time, cycles, deltaT, RX, OnRX, TX, SupTX, OnTX, Idle, OnIdle, Blocked, CacheMiss, CacheHit, CacheWB, CPUIdle, RX/s, TX/s, Sup/s
212, 0, 0, 0, 0, 0, 0, 0, 0, 0, 0, 0, 0, 0, 0, 0, 0, 0, 0, 0
212, 0, 1.000036, 210007552, 1.000036, 31545, 31545, 31552, 0, 7888, 0, 0, 1, 0, 0, 0, 26722855, 31543.865623, 31550.865371, 0.000000
212, 1, 2.000039, 210000575, 1.000003, 31716, 31716, 31724, 0, 7931, 0, 0, 0, 0, 0, 0, 26608890, 31715.913159, 31723.913137, 0.000000
212, 2, 3.000316, 210058156, 1.000277, 31720, 31720, 31696, 0, 7924, 0, 0, 0, 0, 0, 0, 26790323, 31711.218107, 31687.224751, 0.000000
212, 3, 4.000331, 210003243, 1.000015, 31595, 31595, 31607, 0, 7902, 0, 0, 0, 0, 0, 0, 26621661, 31594.512090, 31606.511905, 0.000000
212, 4, 5.000464, 210027831, 1.000133, 31569, 31569, 31549, 0, 7887, 0, 0, 0, 0, 0, 0, 26898368, 31564.816760, 31544.819410, 0.000000
212, 5, 6.000568, 210021851, 1.000104, 31699, 31699, 31700, 0, 7925, 0, 0, 0, 0, 0, 0, 27376267, 31695.701987, 31696.701883, 0.000000
212, 6, 7.000693, 210026390, 1.000126, 31596, 31596, 31592, 0, 7898, 0, 0, 0, 0, 0, 0, 27280195, 31592.029935, 31588.030438, 0.000000
212, 7, 8.000924, 210048374, 1.000230, 31578, 31578, 31580, 0, 7895, 0, 0, 3, 0, 0, 0, 27195251, 31570.727608, 31572.727147, 0.000000
