ThreadID, cIDX, Time, cycles, deltaT, RX, OnRX, TX, SupTX, OnTX, Idle, OnIdle, Blocked, CacheMiss, CacheHit, CacheWB, CPUIdle, RX/s, TX/s, Sup/s
2051, 0, 0, 0, 0, 0, 0, 0, 0, 0, 0, 0, 0, 0, 0, 0, 0, 0, 0, 0
2051, 0, 1.000006, 210001207, 1.000006, 30523, 30523, 30511, 0, 7911, 0, 0, 4, 668598, 182120453, 274990, 31599343, 30522.824566, 30510.824635, 0.000000
2051, 1, 2.000550, 210114264, 1.000544, 30521, 30521, 30520, 0, 7913, 0, 0, 8, 577366, 182178920, 229886, 31724701, 30504.402119, 30503.402663, 0.000000
2051, 2, 3.000589, 210008306, 1.000040, 30491, 30491, 30504, 0, 7907, 0, 0, 4, 548680, 182037941, 216750, 31905284, 30489.794056, 30502.793542, 0.000000
2051, 3, 4.000596, 210001364, 1.000006, 30600, 30600, 30608, 0, 7936, 0, 0, 13, 523020, 181963614, 205651, 32057919, 30599.801247, 30607.801195, 0.000000
2051, 4, 5.000635, 210008264, 1.000039, 30547, 30547, 30542, 0, 7918, 0, 0, 11, 514781, 181923573, 199896, 32156792, 30545.797950, 30540.798147, 0.000000
2051, 5, 6.000637, 210000279, 1.000001, 30475, 30475, 30459, 0, 7897, 0, 0, 0, 503375, 181652731, 195525, 32600317, 30474.959512, 30458.959533, 0.000000
2051, 6, 7.000657, 210004294, 1.000020, 30482, 30482, 30510, 0, 7906, 0, 0, 4, 503599, 181772752, 195197, 32443501, 30481.376728, 30509.376156, 0.000000
2051, 7, 8.000678, 210004387, 1.000021, 30596, 30596, 30587, 0, 7933, 0, 0, 1, 502425, 181890691, 194604, 32264332, 30595.360848, 30586.361036, 0.000000
