ThreadID, cIDX, Time, cycles, deltaT, RX, OnRX, TX, SupTX, OnTX, Idle, OnIdle, Blocked, CacheMiss, CacheHit, CacheWB, CPUIdle, RX/s, TX/s, Sup/s
10238, 0, 0, 0, 0, 0, 0, 0, 0, 0, 0, 0, 0, 0, 0, 0, 0, 0, 0, 0
10238, 0, 1.000120, 210025117, 1.000120, 27207, 27207, 27205, 0, 6802, 0, 0, 1, 0, 0, 0, 30932286, 27203.746302, 27201.746542, 0.000000
10238, 1, 2.000233, 210023854, 1.000114, 27187, 27187, 27183, 0, 6795, 0, 0, 9, 0, 0, 0, 30966599, 27183.912166, 27179.912621, 0.000000
10238, 2, 3.000270, 210007663, 1.000036, 27148, 27148, 27155, 0, 6789, 0, 0, 9, 0, 0, 0, 31158632, 27147.009393, 27154.009137, 0.000000
10238, 3, 4.000360, 210018893, 1.000090, 27046, 27046, 27045, 0, 6761, 0, 0, 9, 0, 0, 0, 31266236, 27043.566980, 27042.567070, 0.000000
10238, 4, 5.000401, 210008746, 1.000042, 27112, 27112, 27112, 0, 6778, 0, 0, 3, 0, 0, 0, 31456345, 27110.870897, 27110.870897, 0.000000
10238, 5, 6.000409, 210001634, 1.000008, 27156, 27156, 27160, 0, 6790, 0, 0, 2, 0, 0, 0, 31842164, 27155.788702, 27159.788671, 0.000000
10238, 6, 7.000450, 210008648, 1.000041, 26951, 26951, 26944, 0, 6736, 0, 0, 0, 0, 0, 0, 31693527, 26949.890178, 26942.890466, 0.000000
10238, 7, 8.000491, 210008492, 1.000040, 27151, 27151, 27160, 0, 6790, 0, 0, 0, 0, 0, 0, 31354279, 27149.902110, 27158.901746, 0.000000
