ThreadID, cIDX, Time, cycles, deltaT, RX, OnRX, TX, SupTX, OnTX, Idle, OnIdle, Blocked, CacheMiss, CacheHit, CacheWB, CPUIdle, RX/s, TX/s, Sup/s
10030, 0, 0, 0, 0, 0, 0, 0, 0, 0, 0, 0, 0, 0, 0, 0, 0, 0, 0, 0
10030, 0, 1.000027, 210005712, 1.000027, 27239, 27239, 27240, 0, 6810, 0, 0, 0, 0, 0, 0, 28249208, 27238.259119, 27239.259092, 0.000000
10030, 1, 2.000308, 210058956, 1.000281, 27195, 27195, 27200, 0, 6800, 0, 0, 8, 0, 0, 0, 28231927, 27187.367341, 27192.365937, 0.000000
10030, 2, 3.000348, 210008420, 1.000040, 27131, 27131, 27126, 0, 6782, 0, 0, 2, 0, 0, 0, 28420671, 27129.912220, 27124.912420, 0.000000
10030, 3, 4.000391, 210009072, 1.000043, 27101, 27101, 27102, 0, 6775, 0, 0, 4, 0, 0, 0, 28406335, 27099.829287, 27100.829244, 0.000000
10030, 4, 5.000392, 210000221, 1.000001, 27121, 27121, 27120, 0, 6780, 0, 0, 2, 0, 0, 0, 28794014, 27120.971458, 27119.971459, 0.000000
10030, 5, 6.000446, 210011177, 1.000053, 27125, 27125, 27124, 0, 6781, 0, 0, 2, 0, 0, 0, 29065337, 27123.556381, 27122.556434, 0.000000
10030, 6, 7.000491, 210009455, 1.000045, 26966, 26966, 26968, 0, 6742, 0, 0, 0, 0, 0, 0, 28978126, 26964.785943, 26966.785853, 0.000000
10030, 7, 8.000494, 210000703, 1.000003, 27141, 27141, 27144, 0, 6786, 0, 0, 0, 0, 0, 0, 28898489, 27140.909143, 27143.909133, 0.000000
