ThreadID, cIDX, Time, cycles, deltaT, RX, OnRX, TX, SupTX, OnTX, Idle, OnIdle, Blocked, CacheMiss, CacheHit, CacheWB, CPUIdle, RX/s, TX/s, Sup/s
2344, 0, 0, 0, 0, 0, 0, 0, 0, 0, 0, 0, 0, 0, 0, 0, 0, 0, 0, 0
2344, 0, 1.000016, 210003344, 1.000016, 27125, 27125, 27132, 0, 6783, 0, 0, 1, 0, 0, 0, 28061217, 27124.568074, 27131.567962, 0.000000
2344, 1, 2.000025, 210001937, 1.000009, 27123, 27123, 27116, 0, 6779, 0, 0, 0, 0, 0, 0, 28044060, 27122.749825, 27115.749889, 0.000000
2344, 2, 3.000046, 210004391, 1.000021, 27147, 27147, 27152, 0, 6788, 0, 0, 1, 0, 0, 0, 28514711, 27146.432381, 27151.432276, 0.000000
2344, 3, 4.000071, 210005276, 1.000025, 27215, 27215, 27208, 0, 6802, 0, 0, 2, 0, 0, 0, 28623469, 27214.316273, 27207.316449, 0.000000
2344, 4, 5.000075, 210000871, 1.000004, 27176, 27176, 27180, 0, 6795, 0, 0, 4, 0, 0, 0, 28670350, 27175.887285, 27179.887268, 0.000000
2344, 5, 6.000220, 210030289, 1.000144, 27037, 27037, 27036, 0, 6759, 0, 0, 5, 0, 0, 0, 29203040, 27033.100926, 27032.101070, 0.000000
2344, 6, 7.000222, 210000497, 1.000002, 27187, 27187, 27184, 0, 6796, 0, 0, 2, 0, 0, 0, 29026920, 27186.935658, 27183.935665, 0.000000
2344, 7, 8.000229, 210001538, 1.000007, 27118, 27118, 27116, 0, 6779, 0, 0, 2, 0, 0, 0, 28681605, 27117.801394, 27115.801409, 0.000000
