ThreadID, cIDX, Time, cycles, deltaT, RX, OnRX, TX, SupTX, OnTX, Idle, OnIdle, Blocked, CacheMiss, CacheHit, CacheWB, CPUIdle, RX/s, TX/s, Sup/s
1551, 0, 0, 0, 0, 0, 0, 0, 0, 0, 0, 0, 0, 0, 0, 0, 0, 0, 0, 0
1551, 0, 1.000182, 210038250, 1.000182, 26076, 26076, 26077, 0, 6804, 0, 0, 1, 671057, 182069206, 275291, 31629053, 26071.251308, 26072.251126, 0.000000
1551, 1, 2.000207, 210005141, 1.000024, 26024, 26024, 26014, 0, 6786, 0, 0, 5, 583195, 182095754, 234659, 31755857, 26023.362923, 26013.363168, 0.000000
1551, 2, 3.000265, 210012182, 1.000058, 26017, 26017, 26033, 0, 6792, 0, 0, 5, 555559, 182093358, 222139, 31840087, 26015.490854, 26031.489926, 0.000000
1551, 3, 4.000317, 210010938, 1.000052, 26052, 26052, 26049, 0, 6797, 0, 0, 1, 543541, 182020046, 217966, 32046379, 26050.643134, 26047.643290, 0.000000
1551, 4, 5.000354, 210007770, 1.000037, 25966, 25966, 25962, 0, 6772, 0, 0, 2, 529064, 181886132, 210304, 32221830, 25965.039294, 25961.039442, 0.000000
1551, 5, 6.000357, 210000692, 1.000003, 25908, 25908, 25913, 0, 6760, 0, 0, 0, 518882, 181699211, 205555, 32553317, 25907.914627, 25912.914611, 0.000000
1551, 6, 7.000379, 210004552, 1.000022, 26019, 26019, 26017, 0, 6787, 0, 0, 0, 516124, 181919633, 202844, 32253801, 26018.436019, 26016.436063, 0.000000
1551, 7, 8.000385, 210001226, 1.000006, 25945, 25945, 25942, 0, 6768, 0, 0, 0, 513728, 181895106, 201922, 32230698, 25944.848532, 25941.848549, 0.000000
