ThreadID, cIDX, Time, cycles, deltaT, RX, OnRX, TX, SupTX, OnTX, Idle, OnIdle, Blocked, CacheMiss, CacheHit, CacheWB, CPUIdle, RX/s, TX/s, Sup/s
974, 0, 0, 0, 0, 0, 0, 0, 0, 0, 0, 0, 0, 0, 0, 0, 0, 0, 0, 0
974, 0, 1.000014, 210002843, 1.000014, 27231, 27231, 27232, 0, 6808, 0, 0, 0, 695976, 183244642, 288974, 26598866, 27230.631349, 27231.631336, 0.000000
974, 1, 2.000056, 210008904, 1.000042, 27097, 27097, 27096, 0, 6774, 0, 0, 0, 624231, 183341341, 251854, 26641619, 27095.851136, 27094.851178, 0.000000
974, 2, 3.000110, 210011394, 1.000054, 27070, 27070, 27072, 0, 6768, 0, 0, 0, 606462, 183217290, 245532, 26956675, 27068.531339, 27070.531230, 0.000000
974, 3, 4.000222, 210023435, 1.000112, 27207, 27207, 27204, 0, 6801, 0, 0, 0, 594283, 183282776, 238498, 26822799, 27203.964167, 27200.964502, 0.000000
974, 4, 5.000226, 210000946, 1.000005, 27147, 27147, 27144, 0, 6786, 0, 0, 0, 580859, 183066467, 233755, 27212519, 27146.877710, 27143.877723, 0.000000
974, 5, 6.000232, 210001296, 1.000006, 27094, 27094, 27096, 0, 6774, 0, 0, 0, 567036, 183006238, 228510, 27292700, 27093.832792, 27095.832780, 0.000000
974, 6, 7.000234, 210000263, 1.000001, 27059, 27059, 27068, 0, 6767, 0, 0, 0, 555008, 183019482, 221353, 27398531, 27058.966112, 27067.966101, 0.000000
974, 7, 8.000287, 210011176, 1.000053, 27208, 27208, 27196, 0, 6799, 0, 0, 0, 552342, 183004700, 218552, 27446860, 27206.552093, 27194.552732, 0.000000
