ThreadID, cIDX, Time, cycles, deltaT, RX, OnRX, TX, SupTX, OnTX, Idle, OnIdle, Blocked, CacheMiss, CacheHit, CacheWB, CPUIdle, RX/s, TX/s, Sup/s
2705, 0, 0, 0, 0, 0, 0, 0, 0, 0, 0, 0, 0, 0, 0, 0, 0, 0, 0, 0
2705, 0, 1.000494, 210103831, 1.000494, 31658, 31658, 31653, 0, 7914, 0, 0, 4, 0, 0, 0, 29862029, 31642.354965, 31637.357436, 0.000000
2705, 1, 2.000553, 210012400, 1.000059, 31707, 31707, 31698, 0, 7924, 0, 0, 9, 0, 0, 0, 29644511, 31705.127888, 31696.128419, 0.000000
2705, 2, 3.000584, 210006473, 1.000031, 31711, 31711, 31712, 0, 7928, 0, 0, 7, 0, 0, 0, 29690201, 31710.022576, 31711.022545, 0.000000
2705, 3, 4.000593, 210001866, 1.000009, 31572, 31572, 31581, 0, 7895, 0, 0, 9, 0, 0, 0, 29953866, 31571.719463, 31580.719383, 0.000000
2705, 4, 5.000599, 210001131, 1.000005, 31591, 31591, 31598, 0, 7900, 0, 0, 7, 0, 0, 0, 30337728, 31590.829861, 31597.829823, 0.000000
2705, 5, 6.000736, 210028925, 1.000138, 31715, 31715, 31718, 0, 7929, 0, 0, 8, 0, 0, 0, 30730697, 31710.632238, 31713.631825, 0.000000
2705, 6, 7.000752, 210003234, 1.000015, 31502, 31502, 31500, 0, 7875, 0, 0, 0, 0, 0, 0, 30529672, 31501.514877, 31499.514907, 0.000000
2705, 7, 8.000924, 210036109, 1.000172, 31606, 31606, 31580, 0, 7895, 0, 0, 3, 0, 0, 0, 30301252, 31600.566358, 31574.570828, 0.000000
