ThreadID, cIDX, Time, cycles, deltaT, RX, OnRX, TX, SupTX, OnTX, Idle, OnIdle, Blocked, CacheMiss, CacheHit, CacheWB, CPUIdle, RX/s, TX/s, Sup/s
2933, 0, 0, 0, 0, 0, 0, 0, 0, 0, 0, 0, 0, 0, 0, 0, 0, 0, 0, 0
2933, 0, 1.000009, 210001855, 1.000009, 31502, 31502, 31510, 0, 7878, 0, 0, 1, 0, 0, 0, 30824000, 31501.721735, 31509.721664, 0.000000
2933, 1, 2.000098, 210018686, 1.000089, 31685, 31685, 31659, 0, 7915, 0, 0, 5, 0, 0, 0, 30717465, 31682.180889, 31656.183203, 0.000000
2933, 2, 3.000408, 210065044, 1.000310, 31683, 31683, 31707, 0, 7926, 0, 0, 7, 0, 0, 0, 30944266, 31673.189757, 31697.182326, 0.000000
2933, 3, 4.000451, 210009108, 1.000043, 31614, 31614, 31612, 0, 7903, 0, 0, 15, 0, 0, 0, 31001201, 31612.628915, 31610.629002, 0.000000
2933, 4, 5.000478, 210005621, 1.000027, 31691, 31691, 31677, 0, 7920, 0, 0, 3, 0, 0, 0, 31313164, 31690.151760, 31676.152135, 0.000000
2933, 5, 6.000878, 210084003, 1.000400, 31614, 31614, 31607, 0, 7901, 0, 0, 1, 0, 0, 0, 31753638, 31601.359005, 31594.361804, 0.000000
2933, 6, 7.001292, 210086961, 1.000414, 31575, 31575, 31576, 0, 7894, 0, 0, 0, 0, 0, 0, 31461578, 31561.930205, 31562.929791, 0.000000
2933, 7, 8.001306, 210003054, 1.000015, 31687, 31687, 31688, 0, 7922, 0, 0, 0, 0, 0, 0, 31343807, 31686.539187, 31687.539173, 0.000000
