ThreadID, cIDX, Time, cycles, deltaT, RX, OnRX, TX, SupTX, OnTX, Idle, OnIdle, Blocked, CacheMiss, CacheHit, CacheWB, CPUIdle, RX/s, TX/s, Sup/s
185, 0, 0, 0, 0, 0, 0, 0, 0, 0, 0, 0, 0, 0, 0, 0, 0, 0, 0, 0
185, 0, 1.000191, 210040104, 1.000191, 27162, 27162, 27168, 0, 6792, 0, 0, 0, 0, 0, 0, 25977620, 27156.813824, 27162.812679, 0.000000
185, 1, 2.000225, 210007079, 1.000034, 27165, 27165, 27164, 0, 6791, 0, 0, 0, 0, 0, 0, 25846643, 27164.084312, 27163.084345, 0.000000
185, 2, 3.000353, 210026922, 1.000128, 27105, 27105, 27100, 0, 6775, 0, 0, 4, 0, 0, 0, 25990286, 27101.525584, 27096.526225, 0.000000
185, 3, 4.000362, 210001836, 1.000009, 27178, 27178, 27180, 0, 6795, 0, 0, 2, 0, 0, 0, 25877749, 27177.762389, 27179.762371, 0.000000
185, 4, 5.000411, 210010422, 1.000050, 27110, 27110, 27109, 0, 6778, 0, 0, 0, 0, 0, 0, 26175746, 27108.654636, 27107.654686, 0.000000
185, 5, 6.000544, 210027871, 1.000133, 27031, 27031, 27027, 0, 6756, 0, 0, 0, 0, 0, 0, 26495954, 27027.412947, 27023.413478, 0.000000
185, 6, 7.000683, 210029177, 1.000139, 27187, 27187, 27184, 0, 6796, 0, 0, 1, 0, 0, 0, 26358367, 27183.223215, 27180.223632, 0.000000
185, 7, 8.000695, 210002522, 1.000012, 27077, 27077, 27080, 0, 6770, 0, 0, 0, 0, 0, 0, 26129490, 27076.674822, 27079.674786, 0.000000
