ThreadID, cIDX, Time, cycles, deltaT, RX, OnRX, TX, SupTX, OnTX, Idle, OnIdle, Blocked, CacheMiss, CacheHit, CacheWB, CPUIdle, RX/s, TX/s, Sup/s
9176, 0, 0, 0, 0, 0, 0, 0, 0, 0, 0, 0, 0, 0, 0, 0, 0, 0, 0, 0
9176, 0, 1.000008, 210001764, 1.000008, 27081, 27081, 27080, 0, 6770, 0, 0, 0, 0, 0, 0, 29024409, 27080.772522, 27079.772530, 0.000000
9176, 1, 2.000016, 210001621, 1.000008, 27168, 27168, 27164, 0, 6791, 0, 0, 6, 0, 0, 0, 28946082, 27167.790291, 27163.790321, 0.000000
9176, 2, 3.000026, 210001975, 1.000009, 27142, 27142, 27142, 0, 6786, 0, 0, 5, 0, 0, 0, 29160516, 27141.744738, 27141.744738, 0.000000
9176, 3, 4.000259, 210048973, 1.000233, 27162, 27162, 27158, 0, 6789, 0, 0, 5, 0, 0, 0, 29058572, 27155.667169, 27151.668102, 0.000000
9176, 4, 5.000266, 210001467, 1.000007, 27108, 27108, 27112, 0, 6778, 0, 0, 0, 0, 0, 0, 29595523, 27107.810633, 27111.810605, 0.000000
9176, 5, 6.000267, 210000276, 1.000001, 27101, 27101, 27113, 0, 6779, 0, 0, 0, 0, 0, 0, 29676466, 27100.964382, 27112.964366, 0.000000
9176, 6, 7.000287, 210004223, 1.000020, 27087, 27087, 27083, 0, 6770, 0, 0, 0, 0, 0, 0, 29742287, 27086.455304, 27082.455385, 0.000000
9176, 7, 8.000295, 210001634, 1.000008, 27107, 27107, 27112, 0, 6778, 0, 0, 0, 0, 0, 0, 29547349, 27106.789083, 27111.789044, 0.000000
