ThreadID, cIDX, Time, cycles, deltaT, RX, OnRX, TX, SupTX, OnTX, Idle, OnIdle, Blocked, CacheMiss, CacheHit, CacheWB, CPUIdle, RX/s, TX/s, Sup/s
10121, 0, 0, 0, 0, 0, 0, 0, 0, 0, 0, 0, 0, 0, 0, 0, 0, 0, 0, 0
10121, 0, 1.000024, 210005080, 1.000024, 26119, 26119, 26123, 0, 6817, 0, 0, 0, 641737, 182142030, 267789, 31605747, 26118.368184, 26122.368087, 0.000000
10121, 1, 2.000056, 210006637, 1.000032, 26020, 26020, 26018, 0, 6785, 0, 0, 0, 564736, 182130938, 231320, 31780210, 26019.177670, 26017.177733, 0.000000
10121, 2, 3.000069, 210002859, 1.000014, 26033, 26033, 26031, 0, 6792, 0, 0, 7, 548653, 182045286, 223780, 31959193, 26032.645584, 26030.645611, 0.000000
10121, 3, 4.000071, 210000386, 1.000002, 25935, 25935, 25932, 0, 6764, 0, 0, 4, 542034, 181991922, 220499, 32027110, 25934.952329, 25931.952335, 0.000000
10121, 4, 5.000095, 210004964, 1.000024, 26005, 26005, 26009, 0, 6784, 0, 0, 8, 537749, 181896682, 217059, 32217305, 26004.385306, 26008.385211, 0.000000
10121, 5, 6.000115, 210004284, 1.000020, 26038, 26038, 26034, 0, 6791, 0, 0, 7, 524593, 181678352, 211835, 32583112, 26037.468836, 26033.468917, 0.000000
10121, 6, 7.000146, 210006415, 1.000031, 26054, 26054, 26059, 0, 6797, 0, 0, 2, 520703, 181753749, 209317, 32425209, 26053.204137, 26058.203984, 0.000000
10121, 7, 8.000175, 210006056, 1.000029, 25975, 25975, 25975, 0, 6778, 0, 0, 0, 513344, 181893334, 205632, 32291740, 25974.250952, 25974.250952, 0.000000
