ThreadID, cIDX, Time, cycles, deltaT, RX, OnRX, TX, SupTX, OnTX, Idle, OnIdle, Blocked, CacheMiss, CacheHit, CacheWB, CPUIdle, RX/s, TX/s, Sup/s
2823, 0, 0, 0, 0, 0, 0, 0, 0, 0, 0, 0, 0, 0, 0, 0, 0, 0, 0, 0
2823, 0, 1.000004, 210000793, 1.000004, 31607, 31607, 31618, 0, 7905, 0, 0, 1, 657324, 182111047, 268667, 31607566, 31606.880646, 31617.880605, 0.000000
2823, 1, 2.000065, 210012826, 1.000061, 31709, 31709, 31706, 0, 7926, 0, 0, 2, 557283, 182204018, 222243, 31601023, 31707.063453, 31704.063637, 0.000000
2823, 2, 3.000080, 210003096, 1.000015, 31667, 31667, 31650, 0, 7913, 0, 0, 3, 544945, 182181919, 216533, 31617099, 31666.533145, 31649.533395, 0.000000
2823, 3, 4.000083, 210000792, 1.000004, 31687, 31687, 31702, 0, 7925, 0, 0, 7, 538771, 182127170, 213602, 31737526, 31686.880495, 31701.880439, 0.000000
2823, 4, 5.000087, 210000728, 1.000003, 31659, 31659, 31660, 0, 7915, 0, 0, 0, 536482, 181932372, 212266, 32030966, 31658.890249, 31659.890246, 0.000000
2823, 5, 6.000101, 210002998, 1.000014, 31551, 31551, 31556, 0, 7889, 0, 0, 0, 527922, 181661825, 208527, 32563992, 31550.549578, 31555.549507, 0.000000
2823, 6, 7.000464, 210076231, 1.000363, 31714, 31714, 31688, 0, 7922, 0, 0, 0, 526011, 181858294, 208273, 32322411, 31702.491844, 31676.501279, 0.000000
2823, 7, 8.000530, 210013923, 1.000066, 31611, 31611, 31612, 0, 7903, 0, 0, 0, 519026, 181866722, 203303, 32259250, 31608.904330, 31609.904263, 0.000000
