ThreadID, cIDX, Time, cycles, deltaT, RX, OnRX, TX, SupTX, OnTX, Idle, OnIdle, Blocked, CacheMiss, CacheHit, CacheWB, CPUIdle, RX/s, TX/s, Sup/s
10403, 0, 0, 0, 0, 0, 0, 0, 0, 0, 0, 0, 0, 0, 0, 0, 0, 0, 0, 0
10403, 0, 1.000795, 210167005, 1.000795, 31627, 31627, 31625, 0, 7907, 0, 0, 4, 0, 0, 0, 28228995, 31601.868238, 31599.869827, 0.000000
10403, 1, 2.000870, 210015685, 1.000075, 31639, 31639, 31638, 0, 7909, 0, 0, 7, 0, 0, 0, 28418795, 31636.637045, 31635.637119, 0.000000
10403, 2, 3.000882, 210002515, 1.000012, 31625, 31625, 31616, 0, 7904, 0, 0, 11, 0, 0, 0, 28305671, 31624.621258, 31615.621365, 0.000000
10403, 3, 4.001072, 210039842, 1.000190, 31743, 31743, 31742, 0, 7936, 0, 0, 9, 0, 0, 0, 28458336, 31736.978739, 31735.978929, 0.000000
10403, 4, 5.001077, 210001203, 1.000006, 31678, 31678, 31700, 0, 7925, 0, 0, 0, 0, 0, 0, 28545764, 31677.818531, 31699.818405, 0.000000
10403, 5, 6.001079, 210000391, 1.000002, 31606, 31606, 31598, 0, 7899, 0, 0, 2, 0, 0, 0, 29017947, 31605.941153, 31597.941168, 0.000000
10403, 6, 7.001090, 210002160, 1.000010, 31606, 31606, 31589, 0, 7897, 0, 0, 0, 0, 0, 0, 29169315, 31605.674913, 31588.675088, 0.000000
10403, 7, 8.001122, 210006832, 1.000033, 31740, 31740, 31744, 0, 7936, 0, 0, 0, 0, 0, 0, 28838311, 31738.967426, 31742.967295, 0.000000
