ThreadID, cIDX, Time, cycles, deltaT, RX, OnRX, TX, SupTX, OnTX, Idle, OnIdle, Blocked, CacheMiss, CacheHit, CacheWB, CPUIdle, RX/s, TX/s, Sup/s
227, 0, 0, 0, 0, 0, 0, 0, 0, 0, 0, 0, 0, 0, 0, 0, 0, 0, 0, 0
227, 0, 1.000002, 210000388, 1.000002, 31669, 31669, 31680, 0, 7920, 0, 0, 0, 0, 0, 0, 26773060, 31668.941488, 31679.941468, 0.000000
227, 1, 2.000192, 210039941, 1.000190, 31734, 31734, 31712, 0, 7928, 0, 0, 0, 0, 0, 0, 26723433, 31727.965492, 31705.969676, 0.000000
227, 2, 3.000200, 210001655, 1.000008, 31665, 31665, 31676, 0, 7919, 0, 0, 2, 0, 0, 0, 26927324, 31664.750452, 31675.750365, 0.000000
227, 3, 4.000207, 210001389, 1.000007, 31584, 31584, 31580, 0, 7895, 0, 0, 0, 0, 0, 0, 26879163, 31583.791096, 31579.791122, 0.000000
227, 4, 5.000212, 210001133, 1.000005, 31614, 31614, 31626, 0, 7907, 0, 0, 0, 0, 0, 0, 27015720, 31613.829436, 31625.829371, 0.000000
227, 5, 6.000250, 210008071, 1.000038, 31657, 31657, 31662, 0, 7915, 0, 0, 0, 0, 0, 0, 27549248, 31655.783363, 31660.783171, 0.000000
227, 6, 7.000336, 210017921, 1.000085, 31602, 31602, 31580, 0, 7895, 0, 0, 1, 0, 0, 0, 27421391, 31599.303376, 31577.305253, 0.000000
227, 7, 8.000343, 210001614, 1.000008, 31595, 31595, 31589, 0, 7898, 0, 0, 0, 0, 0, 0, 27300985, 31594.757172, 31588.757218, 0.000000
