ThreadID, cIDX, Time, cycles, deltaT, RX, OnRX, TX, SupTX, OnTX, Idle, OnIdle, Blocked, CacheMiss, CacheHit, CacheWB, CPUIdle, RX/s, TX/s, Sup/s
2187, 0, 0, 0, 0, 0, 0, 0, 0, 0, 0, 0, 0, 0, 0, 0, 0, 0, 0, 0
2187, 0, 1.000020, 210004150, 1.000020, 27241, 27241, 27248, 0, 6812, 0, 0, 2, 647149, 182109243, 267221, 31664170, 27240.461677, 27247.461538, 0.000000
2187, 1, 2.000661, 210134735, 1.000642, 27191, 27191, 27188, 0, 6797, 0, 0, 1, 573343, 182153294, 231712, 31809334, 27173.565570, 27170.567493, 0.000000
2187, 2, 3.000675, 210002878, 1.000014, 27132, 27132, 27124, 0, 6781, 0, 0, 0, 554576, 182017859, 223584, 31895060, 27131.628167, 27123.628277, 0.000000
2187, 3, 4.000732, 210011959, 1.000057, 27086, 27086, 27092, 0, 6773, 0, 0, 5, 539674, 181940763, 216805, 32068759, 27084.457605, 27090.457263, 0.000000
2187, 4, 5.000843, 210023406, 1.000111, 27116, 27116, 27113, 0, 6779, 0, 0, 4, 535277, 181917533, 213962, 32205340, 27112.978065, 27109.978399, 0.000000
2187, 5, 6.000846, 210000431, 1.000002, 27213, 27213, 27212, 0, 6803, 0, 0, 1, 523226, 181649146, 207641, 32651064, 27212.944149, 27211.944151, 0.000000
2187, 6, 7.000850, 210001020, 1.000005, 27155, 27155, 27151, 0, 6787, 0, 0, 1, 522023, 181734118, 207346, 32598564, 27154.868105, 27150.868124, 0.000000
2187, 7, 8.000915, 210013640, 1.000065, 27061, 27061, 27068, 0, 6767, 0, 0, 2, 524744, 181917248, 208965, 32257394, 27059.242438, 27066.241983, 0.000000
