ThreadID, cIDX, Time, cycles, deltaT, RX, OnRX, TX, SupTX, OnTX, Idle, OnIdle, Blocked, CacheMiss, CacheHit, CacheWB, CPUIdle, RX/s, TX/s, Sup/s
9040, 0, 0, 0, 0, 0, 0, 0, 0, 0, 0, 0, 0, 0, 0, 0, 0, 0, 0, 0
9040, 0, 1.000005, 210000986, 1.000005, 31675, 31675, 31688, 0, 7922, 0, 0, 0, 0, 0, 0, 28482804, 31674.851279, 31687.851218, 0.000000
9040, 1, 2.000075, 210014751, 1.000070, 31647, 31647, 31636, 0, 7909, 0, 0, 0, 0, 0, 0, 28417916, 31644.777180, 31633.777953, 0.000000
9040, 2, 3.000135, 210012693, 1.000060, 31643, 31643, 31652, 0, 7913, 0, 0, 2, 0, 0, 0, 28537202, 31641.087522, 31650.086978, 0.000000
9040, 3, 4.000226, 210019092, 1.000091, 31745, 31745, 31741, 0, 7936, 0, 0, 0, 0, 0, 0, 28550540, 31742.114188, 31738.114552, 0.000000
9040, 4, 5.000376, 210031341, 1.000149, 31635, 31635, 31615, 0, 7903, 0, 0, 0, 0, 0, 0, 29178185, 31630.279407, 31610.282391, 0.000000
9040, 5, 6.000379, 210000775, 1.000004, 31621, 31621, 31620, 0, 7905, 0, 0, 0, 0, 0, 0, 29125254, 31620.883304, 31619.883308, 0.000000
9040, 6, 7.000459, 210016831, 1.000080, 31645, 31645, 31644, 0, 7911, 0, 0, 1, 0, 0, 0, 29090297, 31642.463932, 31641.464012, 0.000000
9040, 7, 8.000483, 210004916, 1.000023, 31725, 31725, 31756, 0, 7939, 0, 0, 0, 0, 0, 0, 29196259, 31724.257350, 31755.256625, 0.000000
