ThreadID, cIDX, Time, cycles, deltaT, RX, OnRX, TX, SupTX, OnTX, Idle, OnIdle, Blocked, CacheMiss, CacheHit, CacheWB, CPUIdle, RX/s, TX/s, Sup/s
1804, 0, 0, 0, 0, 0, 0, 0, 0, 0, 0, 0, 0, 0, 0, 0, 0, 0, 0, 0
1804, 0, 1.000016, 210003395, 1.000016, 27219, 27219, 27224, 0, 6806, 0, 0, 0, 674227, 182108875, 276073, 31627817, 27218.559967, 27223.559886, 0.000000
1804, 1, 2.000039, 210004792, 1.000023, 27184, 27184, 27184, 0, 6796, 0, 0, 0, 578925, 182126883, 231827, 31774089, 27183.379701, 27183.379701, 0.000000
1804, 2, 3.000042, 210000590, 1.000003, 27114, 27114, 27108, 0, 6777, 0, 0, 0, 545042, 182062476, 215702, 31851372, 27113.923823, 27107.923840, 0.000000
1804, 3, 4.000053, 210002325, 1.000011, 27151, 27151, 27152, 0, 6788, 0, 0, 1, 530060, 181989602, 209223, 32042523, 27150.699403, 27151.699392, 0.000000
1804, 4, 5.000063, 210002199, 1.000010, 27076, 27076, 27080, 0, 6770, 0, 0, 0, 522503, 181898838, 204885, 32189199, 27075.716479, 27079.716437, 0.000000
1804, 5, 6.000079, 210003314, 1.000016, 27117, 27117, 27112, 0, 6778, 0, 0, 0, 511947, 181668541, 200263, 32678276, 27116.572075, 27111.572154, 0.000000
1804, 6, 7.000188, 210022938, 1.000109, 27094, 27094, 27096, 0, 6774, 0, 0, 1, 509574, 181785933, 198380, 32426937, 27091.040884, 27093.040666, 0.000000
1804, 7, 8.000223, 210007236, 1.000034, 27102, 27102, 27104, 0, 6776, 0, 0, 0, 508081, 181942616, 197042, 32197970, 27101.066175, 27103.066106, 0.000000
