ThreadID, cIDX, Time, cycles, deltaT, RX, OnRX, TX, SupTX, OnTX, Idle, OnIdle, Blocked, CacheMiss, CacheHit, CacheWB, CPUIdle, RX/s, TX/s, Sup/s
10639, 0, 0, 0, 0, 0, 0, 0, 0, 0, 0, 0, 0, 0, 0, 0, 0, 0, 0, 0
10639, 0, 1.000506, 210106356, 1.000506, 27206, 27206, 27204, 0, 6801, 0, 0, 1, 652077, 182111681, 273034, 31742315, 27192.228302, 27190.229314, 0.000000
10639, 1, 2.000614, 210022639, 1.000108, 27208, 27208, 27212, 0, 6803, 0, 0, 2, 574388, 182117026, 236655, 31728748, 27205.067164, 27209.066733, 0.000000
10639, 2, 3.000729, 210024190, 1.000115, 27117, 27117, 27113, 0, 6779, 0, 0, 2, 557511, 182042284, 226905, 31876206, 27113.876740, 27109.877200, 0.000000
10639, 3, 4.000752, 210004829, 1.000023, 27072, 27072, 27075, 0, 6768, 0, 0, 7, 547812, 181967901, 221946, 31960113, 27071.377487, 27074.377418, 0.000000
10639, 4, 5.000762, 210002020, 1.000010, 27111, 27111, 27112, 0, 6778, 0, 0, 8, 540094, 181938413, 216518, 32061473, 27110.739221, 27111.739211, 0.000000
10639, 5, 6.000836, 210015560, 1.000074, 27166, 27166, 27160, 0, 6790, 0, 0, 3, 529442, 181600181, 210776, 32707362, 27163.987278, 27157.987722, 0.000000
10639, 6, 7.001000, 210034348, 1.000164, 26984, 26984, 26984, 0, 6746, 0, 0, 0, 523949, 181738114, 209906, 32533241, 26979.587167, 26979.587167, 0.000000
10639, 7, 8.001011, 210002317, 1.000011, 27106, 27106, 27107, 0, 6777, 0, 0, 0, 519743, 181870805, 206045, 32219994, 27105.700934, 27106.700923, 0.000000
