ThreadID, cIDX, Time, cycles, deltaT, RX, OnRX, TX, SupTX, OnTX, Idle, OnIdle, Blocked, CacheMiss, CacheHit, CacheWB, CPUIdle, RX/s, TX/s, Sup/s
1750, 0, 0, 0, 0, 0, 0, 0, 0, 0, 0, 0, 0, 0, 0, 0, 0, 0, 0, 0
1750, 0, 1.000199, 210041788, 1.000199, 31542, 31542, 31540, 0, 7885, 0, 0, 0, 0, 0, 0, 29137939, 31535.724691, 31533.725089, 0.000000
1750, 1, 2.000251, 210010969, 1.000052, 31681, 31681, 31696, 0, 7924, 0, 0, 0, 0, 0, 0, 29088270, 31679.345282, 31694.344499, 0.000000
1750, 2, 3.000253, 210000429, 1.000002, 31694, 31694, 31676, 0, 7919, 0, 0, 5, 0, 0, 0, 29268220, 31693.935254, 31675.935291, 0.000000
1750, 3, 4.000260, 210001428, 1.000007, 31730, 31730, 31727, 0, 7932, 0, 0, 8, 0, 0, 0, 29411543, 31729.784237, 31726.784258, 0.000000
1750, 4, 5.000264, 210000828, 1.000004, 31693, 31693, 31699, 0, 7925, 0, 0, 7, 0, 0, 0, 29645868, 31692.875040, 31698.875016, 0.000000
1750, 5, 6.000266, 210000428, 1.000002, 31550, 31550, 31538, 0, 7884, 0, 0, 3, 0, 0, 0, 30056665, 31549.935698, 31537.935723, 0.000000
1750, 6, 7.000630, 210076490, 1.000364, 31724, 31724, 31724, 0, 7931, 0, 0, 1, 0, 0, 0, 29705505, 31712.449118, 31712.449118, 0.000000
1750, 7, 8.000641, 210002298, 1.000011, 31622, 31622, 31645, 0, 7912, 0, 0, 0, 0, 0, 0, 29664361, 31621.653969, 31644.653717, 0.000000
