ThreadID, cIDX, Time, cycles, deltaT, RX, OnRX, TX, SupTX, OnTX, Idle, OnIdle, Blocked, CacheMiss, CacheHit, CacheWB, CPUIdle, RX/s, TX/s, Sup/s
2027, 0, 0, 0, 0, 0, 0, 0, 0, 0, 0, 0, 0, 0, 0, 0, 0, 0, 0, 0
2027, 0, 1.000013, 210002727, 1.000013, 27187, 27187, 27192, 0, 6798, 0, 0, 0, 0, 0, 0, 28950440, 27186.646962, 27191.646897, 0.000000
2027, 1, 2.000072, 210012392, 1.000059, 27187, 27187, 27188, 0, 6797, 0, 0, 0, 0, 0, 0, 28959774, 27185.395803, 27186.395744, 0.000000
2027, 2, 3.000081, 210001927, 1.000009, 27169, 27169, 27160, 0, 6790, 0, 0, 0, 0, 0, 0, 29239637, 27168.750694, 27159.750777, 0.000000
2027, 3, 4.000103, 210004535, 1.000022, 27090, 27090, 27096, 0, 6774, 0, 0, 0, 0, 0, 0, 29322578, 27089.414998, 27095.414868, 0.000000
2027, 4, 5.000145, 210008949, 1.000043, 27088, 27088, 27076, 0, 6769, 0, 0, 0, 0, 0, 0, 29380489, 27086.845713, 27074.846225, 0.000000
2027, 5, 6.000230, 210017802, 1.000085, 27173, 27173, 27180, 0, 6795, 0, 0, 3, 0, 0, 0, 29843304, 27170.696701, 27177.696108, 0.000000
2027, 6, 7.000323, 210019475, 1.000093, 27144, 27144, 27144, 0, 6786, 0, 0, 2, 0, 0, 0, 29754224, 27141.482951, 27141.482951, 0.000000
2027, 7, 8.000333, 210002113, 1.000010, 27075, 27075, 27077, 0, 6770, 0, 0, 0, 0, 0, 0, 29543500, 27074.727577, 27076.727557, 0.000000
