ThreadID, cIDX, Time, cycles, deltaT, RX, OnRX, TX, SupTX, OnTX, Idle, OnIdle, Blocked, CacheMiss, CacheHit, CacheWB, CPUIdle, RX/s, TX/s, Sup/s
9247, 0, 0, 0, 0, 0, 0, 0, 0, 0, 0, 0, 0, 0, 0, 0, 0, 0, 0, 0
9247, 0, 1.000027, 210005627, 1.000027, 27239, 27239, 27240, 0, 6810, 0, 0, 1, 0, 0, 0, 29826146, 27238.270144, 27239.270117, 0.000000
9247, 1, 2.000047, 210004287, 1.000020, 27109, 27109, 27105, 0, 6777, 0, 0, 4, 0, 0, 0, 29619166, 27108.446600, 27104.446682, 0.000000
9247, 2, 3.000056, 210001911, 1.000009, 27111, 27111, 27112, 0, 6778, 0, 0, 10, 0, 0, 0, 29884896, 27110.753292, 27111.753283, 0.000000
9247, 3, 4.000088, 210006552, 1.000031, 27238, 27238, 27243, 0, 6810, 0, 0, 5, 0, 0, 0, 29857401, 27237.150201, 27242.150045, 0.000000
9247, 4, 5.000093, 210001194, 1.000006, 27095, 27095, 27099, 0, 6775, 0, 0, 9, 0, 0, 0, 30312991, 27094.845946, 27098.845924, 0.000000
9247, 5, 6.000139, 210009632, 1.000046, 27069, 27069, 27061, 0, 6765, 0, 0, 0, 0, 0, 0, 30217804, 27067.758492, 27059.758859, 0.000000
9247, 6, 7.000149, 210002163, 1.000010, 27199, 27199, 27204, 0, 6801, 0, 0, 8, 0, 0, 0, 30455044, 27198.719853, 27203.719802, 0.000000
9247, 7, 8.000150, 210000234, 1.000001, 27112, 27112, 27115, 0, 6779, 0, 0, 0, 0, 0, 0, 30169078, 27111.969790, 27114.969786, 0.000000
