ThreadID, cIDX, Time, cycles, deltaT, RX, OnRX, TX, SupTX, OnTX, Idle, OnIdle, Blocked, CacheMiss, CacheHit, CacheWB, CPUIdle, RX/s, TX/s, Sup/s
926, 0, 0, 0, 0, 0, 0, 0, 0, 0, 0, 0, 0, 0, 0, 0, 0, 0, 0, 0
926, 0, 1.000006, 210001196, 1.000006, 27255, 27255, 27261, 0, 6816, 0, 0, 0, 0, 0, 0, 27404712, 27254.844777, 27260.844743, 0.000000
926, 1, 2.000008, 210000498, 1.000002, 27090, 27090, 27085, 0, 6771, 0, 0, 0, 0, 0, 0, 27415754, 27089.935758, 27084.935770, 0.000000
926, 2, 3.000049, 210008586, 1.000041, 27071, 27071, 27066, 0, 6766, 0, 0, 1, 0, 0, 0, 27691279, 27069.893228, 27064.893432, 0.000000
926, 3, 4.000146, 210020381, 1.000097, 27201, 27201, 27200, 0, 6800, 0, 0, 0, 0, 0, 0, 27675863, 27198.360334, 27197.360431, 0.000000
926, 4, 5.000199, 210011184, 1.000053, 27157, 27157, 27164, 0, 6791, 0, 0, 0, 0, 0, 0, 27912280, 27155.553773, 27162.553400, 0.000000
926, 5, 6.000228, 210006121, 1.000029, 27079, 27079, 27077, 0, 6770, 0, 0, 0, 0, 0, 0, 28180411, 27078.210735, 27076.210793, 0.000000
926, 6, 7.000236, 210001506, 1.000007, 27089, 27089, 27084, 0, 6771, 0, 0, 0, 0, 0, 0, 28262251, 27088.805735, 27083.805770, 0.000000
926, 7, 8.000257, 210004439, 1.000021, 27195, 27195, 27203, 0, 6800, 0, 0, 0, 0, 0, 0, 28027971, 27194.425162, 27202.424993, 0.000000
