ThreadID, cIDX, Time, cycles, deltaT, RX, OnRX, TX, SupTX, OnTX, Idle, OnIdle, Blocked, CacheMiss, CacheHit, CacheWB, CPUIdle, RX/s, TX/s, Sup/s
8305, 0, 0, 0, 0, 0, 0, 0, 0, 0, 0, 0, 0, 0, 0, 0, 0, 0, 0, 0
8305, 0, 1.000356, 210074701, 1.000356, 31624, 31624, 31628, 0, 7907, 0, 0, 2, 0, 0, 0, 31506066, 31612.754741, 31616.753319, 0.000000
8305, 1, 2.000382, 210005610, 1.000027, 31717, 31717, 31701, 0, 7926, 0, 0, 7, 0, 0, 0, 31236528, 31716.152726, 31700.153153, 0.000000
8305, 2, 3.000384, 210000357, 1.000002, 31708, 31708, 31710, 0, 7927, 0, 0, 9, 0, 0, 0, 31402961, 31707.946096, 31709.946093, 0.000000
8305, 3, 4.000391, 210001390, 1.000007, 31640, 31640, 31646, 0, 7912, 0, 0, 3, 0, 0, 0, 31490308, 31639.790575, 31645.790535, 0.000000
8305, 4, 5.000713, 210067648, 1.000322, 31726, 31726, 31723, 0, 7930, 0, 0, 0, 0, 0, 0, 31633408, 31715.783289, 31712.784255, 0.000000
8305, 5, 6.000720, 210001410, 1.000007, 31571, 31571, 31569, 0, 7893, 0, 0, 0, 0, 0, 0, 32081857, 31570.788025, 31568.788038, 0.000000
8305, 6, 7.000745, 210005410, 1.000026, 31628, 31628, 31647, 0, 7911, 0, 0, 0, 0, 0, 0, 31958126, 31627.185223, 31646.184734, 0.000000
8305, 7, 8.001063, 210066714, 1.000318, 31631, 31631, 31609, 0, 7903, 0, 0, 1, 0, 0, 0, 31796168, 31620.954474, 31598.961461, 0.000000
