ThreadID, cIDX, Time, cycles, deltaT, RX, OnRX, TX, SupTX, OnTX, Idle, OnIdle, Blocked, CacheMiss, CacheHit, CacheWB, CPUIdle, RX/s, TX/s, Sup/s
8510, 0, 0, 0, 0, 0, 0, 0, 0, 0, 0, 0, 0, 0, 0, 0, 0, 0, 0, 0
8510, 0, 1.000322, 210067605, 1.000322, 27207, 27207, 27212, 0, 6803, 0, 0, 0, 0, 0, 0, 27697102, 27198.244108, 27203.242499, 0.000000
8510, 1, 2.000333, 210002272, 1.000011, 27112, 27112, 27109, 0, 6778, 0, 0, 2, 0, 0, 0, 27564629, 27111.706677, 27108.706710, 0.000000
8510, 2, 3.000432, 210020849, 1.000099, 27115, 27115, 27106, 0, 6776, 0, 0, 5, 0, 0, 0, 27860719, 27112.308264, 27103.309158, 0.000000
8510, 3, 4.000583, 210031708, 1.000151, 27203, 27203, 27205, 0, 6801, 0, 0, 7, 0, 0, 0, 27699958, 27198.893226, 27200.892924, 0.000000
8510, 4, 5.000586, 210000559, 1.000003, 27127, 27127, 27132, 0, 6783, 0, 0, 0, 0, 0, 0, 27928341, 27126.927791, 27131.927777, 0.000000
8510, 5, 6.000587, 210000325, 1.000002, 27111, 27111, 27112, 0, 6778, 0, 0, 0, 0, 0, 0, 28459968, 27110.958043, 27111.958041, 0.000000
8510, 6, 7.000608, 210004281, 1.000020, 27112, 27112, 27120, 0, 6780, 0, 0, 0, 0, 0, 0, 28323288, 27111.447314, 27119.447151, 0.000000
8510, 7, 8.000676, 210014271, 1.000068, 27200, 27200, 27181, 0, 6796, 0, 0, 0, 0, 0, 0, 28317801, 27198.151691, 27179.152982, 0.000000
