ThreadID, cIDX, Time, cycles, deltaT, RX, OnRX, TX, SupTX, OnTX, Idle, OnIdle, Blocked, CacheMiss, CacheHit, CacheWB, CPUIdle, RX/s, TX/s, Sup/s
10048, 0, 0, 0, 0, 0, 0, 0, 0, 0, 0, 0, 0, 0, 0, 0, 0, 0, 0, 0
10048, 0, 1.000038, 210008013, 1.000038, 31667, 31667, 31664, 0, 7916, 0, 0, 0, 650944, 182120308, 271337, 29115182, 31665.791724, 31662.791838, 0.000000
10048, 1, 2.000099, 210012793, 1.000061, 31690, 31690, 31686, 0, 7922, 0, 0, 7, 566507, 182126730, 229158, 29036319, 31688.069593, 31684.069837, 0.000000
10048, 2, 3.000179, 210016846, 1.000080, 31695, 31695, 31697, 0, 7924, 0, 0, 8, 545641, 182006190, 219101, 29323672, 31692.457661, 31694.457501, 0.000000
10048, 3, 4.000205, 210005329, 1.000025, 31647, 31647, 31642, 0, 7911, 0, 0, 12, 535609, 181974907, 213455, 29418160, 31646.196940, 31641.197067, 0.000000
10048, 4, 5.000436, 210048503, 1.000231, 31673, 31673, 31671, 0, 7917, 0, 0, 6, 529298, 181906154, 209751, 29636662, 31665.686282, 31663.686744, 0.000000
10048, 5, 6.000700, 210055574, 1.000265, 31556, 31556, 31556, 0, 7889, 0, 0, 6, 514168, 181719743, 202598, 29960303, 31547.651290, 31547.651290, 0.000000
10048, 6, 7.000726, 210005499, 1.000026, 31612, 31612, 31629, 0, 7908, 0, 0, 0, 518367, 181770924, 204160, 29816489, 31611.172239, 31628.171794, 0.000000
10048, 7, 8.000945, 210045800, 1.000218, 31666, 31666, 31647, 0, 7911, 0, 0, 0, 517154, 181900009, 203687, 29685450, 31659.095302, 31640.099445, 0.000000
