ThreadID, cIDX, Time, cycles, deltaT, RX, OnRX, TX, SupTX, OnTX, Idle, OnIdle, Blocked, CacheMiss, CacheHit, CacheWB, CPUIdle, RX/s, TX/s, Sup/s
2558, 0, 0, 0, 0, 0, 0, 0, 0, 0, 0, 0, 0, 0, 0, 0, 0, 0, 0, 0
2558, 0, 1.000791, 210166082, 1.000791, 27214, 27214, 27216, 0, 6804, 0, 0, 2, 0, 0, 0, 30869980, 27192.494363, 27194.492782, 0.000000
2558, 1, 2.000796, 210001123, 1.000005, 27155, 27155, 27155, 0, 6789, 0, 0, 0, 0, 0, 0, 30779970, 27154.854786, 27154.854786, 0.000000
2558, 2, 3.000798, 210000353, 1.000002, 27158, 27158, 27160, 0, 6790, 0, 0, 5, 0, 0, 0, 30946267, 27157.954349, 27159.954345, 0.000000
2558, 3, 4.000800, 210000370, 1.000002, 27192, 27192, 27185, 0, 6796, 0, 0, 4, 0, 0, 0, 31066064, 27191.952090, 27184.952103, 0.000000
2558, 4, 5.000801, 210000234, 1.000001, 27117, 27117, 27117, 0, 6780, 0, 0, 3, 0, 0, 0, 31163679, 27116.969784, 27116.969784, 0.000000
2558, 5, 6.000805, 210000896, 1.000004, 27108, 27108, 27114, 0, 6778, 0, 0, 0, 0, 0, 0, 31777366, 27107.884340, 27113.884314, 0.000000
2558, 6, 7.001049, 210051283, 1.000244, 27110, 27110, 27109, 0, 6777, 0, 0, 2, 0, 0, 0, 31682574, 27103.381225, 27102.381469, 0.000000
2558, 7, 8.001089, 210008325, 1.000040, 27113, 27113, 27108, 0, 6777, 0, 0, 1, 0, 0, 0, 31316521, 27111.925206, 27106.925404, 0.000000
