ThreadID, cIDX, Time, cycles, deltaT, RX, OnRX, TX, SupTX, OnTX, Idle, OnIdle, Blocked, CacheMiss, CacheHit, CacheWB, CPUIdle, RX/s, TX/s, Sup/s
2837, 0, 0, 0, 0, 0, 0, 0, 0, 0, 0, 0, 0, 0, 0, 0, 0, 0, 0, 0
2837, 0, 1.000003, 210000672, 1.000003, 31498, 31498, 31494, 0, 7874, 0, 0, 0, 0, 0, 0, 29777247, 31497.899207, 31493.899220, 0.000000
2837, 1, 2.000465, 210096955, 1.000462, 31650, 31650, 31658, 0, 7914, 0, 0, 5, 0, 0, 0, 29741288, 31635.394240, 31643.390548, 0.000000
2837, 2, 3.000466, 210000252, 1.000001, 31692, 31692, 31673, 0, 7919, 0, 0, 6, 0, 0, 0, 29710009, 31691.961970, 31672.961992, 0.000000
2837, 3, 4.000479, 210002648, 1.000013, 31622, 31622, 31639, 0, 7909, 0, 0, 9, 0, 0, 0, 29815930, 31621.601267, 31638.601052, 0.000000
2837, 4, 5.000548, 210014450, 1.000069, 31697, 31697, 31700, 0, 7925, 0, 0, 9, 0, 0, 0, 30121441, 31694.819095, 31697.818888, 0.000000
2837, 5, 6.000925, 210079263, 1.000377, 31613, 31613, 31592, 0, 7898, 0, 0, 0, 0, 0, 0, 30673055, 31601.072401, 31580.080324, 0.000000
2837, 6, 7.001076, 210031749, 1.000151, 31565, 31565, 31564, 0, 7891, 0, 0, 0, 0, 0, 0, 30431628, 31560.228544, 31559.228695, 0.000000
2837, 7, 8.001486, 210086127, 1.000410, 31749, 31749, 31756, 0, 7939, 0, 0, 0, 0, 0, 0, 30382835, 31735.984166, 31742.981296, 0.000000
