ThreadID, cIDX, Time, cycles, deltaT, RX, OnRX, TX, SupTX, OnTX, Idle, OnIdle, Blocked, CacheMiss, CacheHit, CacheWB, CPUIdle, RX/s, TX/s, Sup/s
9965, 0, 0, 0, 0, 0, 0, 0, 0, 0, 0, 0, 0, 0, 0, 0, 0, 0, 0, 0
9965, 0, 1.000003, 210000724, 1.000003, 27236, 27236, 27247, 0, 6812, 0, 0, 0, 0, 0, 0, 28859719, 27235.906101, 27246.906063, 0.000000
9965, 1, 2.000083, 210016608, 1.000079, 27169, 27169, 27161, 0, 6790, 0, 0, 1, 0, 0, 0, 28878128, 27166.851490, 27158.852123, 0.000000
9965, 2, 3.000440, 210075120, 1.000358, 27135, 27135, 27133, 0, 6784, 0, 0, 7, 0, 0, 0, 29108862, 27125.296894, 27123.297609, 0.000000
9965, 3, 4.000464, 210005082, 1.000024, 27049, 27049, 27054, 0, 6763, 0, 0, 8, 0, 0, 0, 29156663, 27048.345430, 27053.345309, 0.000000
9965, 4, 5.000512, 210009923, 1.000047, 27102, 27102, 27095, 0, 6774, 0, 0, 0, 0, 0, 0, 29441791, 27100.719426, 27093.719757, 0.000000
9965, 5, 6.000584, 210015174, 1.000072, 27164, 27164, 27158, 0, 6789, 0, 0, 0, 0, 0, 0, 29804984, 27162.037349, 27156.037782, 0.000000
9965, 6, 7.000691, 210022574, 1.000107, 26954, 26954, 26960, 0, 6740, 0, 0, 0, 0, 0, 0, 29577881, 26951.102885, 26957.102240, 0.000000
9965, 7, 8.000782, 210018935, 1.000090, 27170, 27170, 27160, 0, 6790, 0, 0, 0, 0, 0, 0, 29443820, 27167.550393, 27157.551294, 0.000000
