ThreadID, cIDX, Time, cycles, deltaT, RX, OnRX, TX, SupTX, OnTX, Idle, OnIdle, Blocked, CacheMiss, CacheHit, CacheWB, CPUIdle, RX/s, TX/s, Sup/s
9867, 0, 0, 0, 0, 0, 0, 0, 0, 0, 0, 0, 0, 0, 0, 0, 0, 0, 0, 0
9867, 0, 1.000437, 210091853, 1.000437, 27202, 27202, 27201, 0, 6801, 0, 0, 1, 656838, 182166087, 273805, 31575315, 27190.107177, 27189.107614, 0.000000
9867, 1, 2.000545, 210022572, 1.000107, 27181, 27181, 27183, 0, 6795, 0, 0, 1, 567680, 182151090, 232099, 31676768, 27178.078745, 27180.078530, 0.000000
9867, 2, 3.000582, 210007841, 1.000037, 27130, 27130, 27126, 0, 6782, 0, 0, 7, 553609, 182101648, 225473, 31791933, 27128.987055, 27124.987205, 0.000000
9867, 3, 4.000589, 210001377, 1.000007, 27146, 27146, 27144, 0, 6786, 0, 0, 1, 548312, 182014285, 223246, 32026458, 27145.822001, 27143.822014, 0.000000
9867, 4, 5.000640, 210010682, 1.000051, 27084, 27084, 27086, 0, 6771, 0, 0, 3, 539362, 181898611, 218767, 32226501, 27082.622397, 27084.622296, 0.000000
9867, 5, 6.000707, 210014201, 1.000068, 27118, 27118, 27120, 0, 6780, 0, 0, 4, 532155, 181721957, 215922, 32530715, 27116.166302, 27118.166166, 0.000000
9867, 6, 7.000828, 210025389, 1.000121, 27098, 27098, 27100, 0, 6775, 0, 0, 0, 532194, 181894722, 215688, 32180072, 27094.724248, 27096.724006, 0.000000
9867, 7, 8.000834, 210001177, 1.000006, 27100, 27100, 27100, 0, 6775, 0, 0, 0, 525641, 181942669, 212343, 32175818, 27099.848112, 27099.848112, 0.000000
