ThreadID, cIDX, Time, cycles, deltaT, RX, OnRX, TX, SupTX, OnTX, Idle, OnIdle, Blocked, CacheMiss, CacheHit, CacheWB, CPUIdle, RX/s, TX/s, Sup/s
2615, 0, 0, 0, 0, 0, 0, 0, 0, 0, 0, 0, 0, 0, 0, 0, 0, 0, 0, 0
2615, 0, 1.000058, 210012194, 1.000058, 31664, 31664, 31660, 0, 7915, 0, 0, 1, 0, 0, 0, 28201252, 31662.161484, 31658.161716, 0.000000
2615, 1, 2.000494, 210091627, 1.000436, 31639, 31639, 31656, 0, 7914, 0, 0, 0, 0, 0, 0, 28275468, 31625.201322, 31642.193908, 0.000000
2615, 2, 3.000497, 210000472, 1.000002, 31682, 31682, 31670, 0, 7918, 0, 0, 7, 0, 0, 0, 28258730, 31681.928791, 31669.928818, 0.000000
2615, 3, 4.000506, 210001866, 1.000009, 31692, 31692, 31695, 0, 7924, 0, 0, 12, 0, 0, 0, 28462560, 31691.718396, 31694.718370, 0.000000
2615, 4, 5.000518, 210002725, 1.000013, 31690, 31690, 31676, 0, 7919, 0, 0, 3, 0, 0, 0, 28754269, 31689.588790, 31675.588972, 0.000000
2615, 5, 6.000579, 210012677, 1.000060, 31551, 31551, 31571, 0, 7892, 0, 0, 7, 0, 0, 0, 29305230, 31549.095486, 31569.094279, 0.000000
2615, 6, 7.000581, 210000398, 1.000002, 31612, 31612, 31597, 0, 7900, 0, 0, 0, 0, 0, 0, 29180390, 31611.940088, 31596.940116, 0.000000
2615, 7, 8.000730, 210031407, 1.000150, 31668, 31668, 31666, 0, 7916, 0, 0, 1, 0, 0, 0, 28848010, 31663.264533, 31661.264832, 0.000000
