ThreadID, cIDX, Time, cycles, deltaT, RX, OnRX, TX, SupTX, OnTX, Idle, OnIdle, Blocked, CacheMiss, CacheHit, CacheWB, CPUIdle, RX/s, TX/s, Sup/s
1589, 0, 0, 0, 0, 0, 0, 0, 0, 0, 0, 0, 0, 0, 0, 0, 0, 0, 0, 0
1589, 0, 1.000033, 210007011, 1.000033, 31529, 31529, 31533, 0, 7884, 0, 0, 0, 0, 0, 0, 28394906, 31527.947417, 31531.947283, 0.000000
1589, 1, 2.000198, 210034629, 1.000165, 31677, 31677, 31659, 0, 7914, 0, 0, 2, 0, 0, 0, 28392829, 31671.777324, 31653.780292, 0.000000
1589, 2, 3.000207, 210001780, 1.000008, 31674, 31674, 31697, 0, 7925, 0, 0, 7, 0, 0, 0, 28378856, 31673.731527, 31696.731332, 0.000000
1589, 3, 4.000260, 210011274, 1.000054, 31728, 31728, 31731, 0, 7932, 0, 0, 2, 0, 0, 0, 28468562, 31726.296751, 31729.296590, 0.000000
1589, 4, 5.000277, 210003578, 1.000017, 31722, 31722, 31716, 0, 7929, 0, 0, 0, 0, 0, 0, 28785780, 31721.459527, 31715.459629, 0.000000
1589, 5, 6.000284, 210001448, 1.000007, 31555, 31555, 31540, 0, 7885, 0, 0, 4, 0, 0, 0, 29160629, 31554.782422, 31539.782526, 0.000000
1589, 6, 7.000739, 210095450, 1.000455, 31714, 31714, 31700, 0, 7925, 0, 0, 2, 0, 0, 0, 28692388, 31699.591781, 31685.598141, 0.000000
1589, 7, 8.000747, 210001694, 1.000008, 31666, 31666, 31681, 0, 7921, 0, 0, 0, 0, 0, 0, 28846017, 31665.744563, 31680.744442, 0.000000
