ThreadID, cIDX, Time, cycles, deltaT, RX, OnRX, TX, SupTX, OnTX, Idle, OnIdle, Blocked, CacheMiss, CacheHit, CacheWB, CPUIdle, RX/s, TX/s, Sup/s
8872, 0, 0, 0, 0, 0, 0, 0, 0, 0, 0, 0, 0, 0, 0, 0, 0, 0, 0, 0
8872, 0, 1.000009, 210001801, 1.000009, 27082, 27082, 27080, 0, 6770, 0, 0, 0, 0, 0, 0, 27779810, 27081.767742, 27079.767759, 0.000000
8872, 1, 2.000023, 210003099, 1.000015, 27181, 27181, 27184, 0, 6796, 0, 0, 0, 0, 0, 0, 27586480, 27180.598892, 27183.598848, 0.000000
8872, 2, 3.000033, 210001938, 1.000009, 27140, 27140, 27136, 0, 6784, 0, 0, 5, 0, 0, 0, 27660262, 27139.749539, 27135.749576, 0.000000
8872, 3, 4.000066, 210006948, 1.000033, 27103, 27103, 27101, 0, 6776, 0, 0, 2, 0, 0, 0, 27614435, 27102.103308, 27100.103374, 0.000000
8872, 4, 5.000174, 210022745, 1.000108, 27073, 27073, 27075, 0, 6768, 0, 0, 3, 0, 0, 0, 28335271, 27070.068054, 27072.067837, 0.000000
8872, 5, 6.000197, 210004819, 1.000023, 27168, 27168, 27170, 0, 6793, 0, 0, 0, 0, 0, 0, 28450766, 27167.376573, 27169.376527, 0.000000
8872, 6, 7.000235, 210007941, 1.000038, 27012, 27012, 27010, 0, 6752, 0, 0, 0, 0, 0, 0, 28437935, 27010.978599, 27008.978675, 0.000000
8872, 7, 8.000255, 210004265, 1.000020, 27121, 27121, 27124, 0, 6781, 0, 0, 0, 0, 0, 0, 28316823, 27120.449197, 27123.449136, 0.000000
