ThreadID, cIDX, Time, cycles, deltaT, RX, OnRX, TX, SupTX, OnTX, Idle, OnIdle, Blocked, CacheMiss, CacheHit, CacheWB, CPUIdle, RX/s, TX/s, Sup/s
8656, 0, 0, 0, 0, 0, 0, 0, 0, 0, 0, 0, 0, 0, 0, 0, 0, 0, 0, 0
8656, 0, 1.000096, 210020139, 1.000096, 31644, 31644, 31652, 0, 7913, 0, 0, 1, 0, 0, 0, 28597535, 31640.965631, 31648.964864, 0.000000
8656, 1, 2.000115, 210004007, 1.000019, 31686, 31686, 31688, 0, 7922, 0, 0, 4, 0, 0, 0, 28522530, 31685.395412, 31687.395374, 0.000000
8656, 2, 3.000144, 210006051, 1.000029, 31690, 31690, 31684, 0, 7921, 0, 0, 2, 0, 0, 0, 28555487, 31689.086902, 31683.087074, 0.000000
8656, 3, 4.000176, 210006799, 1.000032, 31714, 31714, 31720, 0, 7930, 0, 0, 4, 0, 0, 0, 28458442, 31712.973255, 31718.973060, 0.000000
8656, 4, 5.000189, 210002633, 1.000013, 31697, 31697, 31701, 0, 7926, 0, 0, 0, 0, 0, 0, 29023462, 31696.602585, 31700.602535, 0.000000
8656, 5, 6.000207, 210003753, 1.000018, 31593, 31593, 31567, 0, 7891, 0, 0, 0, 0, 0, 0, 29204123, 31592.435398, 31566.435863, 0.000000
8656, 6, 7.000312, 210022209, 1.000106, 31710, 31710, 31708, 0, 7927, 0, 0, 0, 0, 0, 0, 29281123, 31706.646796, 31704.647007, 0.000000
8656, 7, 8.000319, 210001351, 1.000006, 31693, 31693, 31707, 0, 7927, 0, 0, 1, 0, 0, 0, 29280686, 31692.796110, 31706.796020, 0.000000
