ThreadID, cIDX, Time, cycles, deltaT, RX, OnRX, TX, SupTX, OnTX, Idle, OnIdle, Blocked, CacheMiss, CacheHit, CacheWB, CPUIdle, RX/s, TX/s, Sup/s
1535, 0, 0, 0, 0, 0, 0, 0, 0, 0, 0, 0, 0, 0, 0, 0, 0, 0, 0, 0
1535, 0, 1.000031, 210006453, 1.000031, 26076, 26076, 26074, 0, 6803, 0, 0, 1, 0, 0, 0, 30856257, 26075.198746, 26073.198808, 0.000000
1535, 1, 2.000235, 210042940, 1.000204, 26028, 26028, 26041, 0, 6793, 0, 0, 2, 0, 0, 0, 30952878, 26022.678982, 26035.676324, 0.000000
1535, 2, 3.000241, 210001207, 1.000006, 25999, 25999, 25983, 0, 6779, 0, 0, 2, 0, 0, 0, 30998362, 25998.850569, 25982.850660, 0.000000
1535, 3, 4.000249, 210001606, 1.000008, 26040, 26040, 26049, 0, 6797, 0, 0, 4, 0, 0, 0, 31125801, 26039.800858, 26048.800789, 0.000000
1535, 4, 5.000277, 210005949, 1.000028, 25990, 25990, 25988, 0, 6779, 0, 0, 2, 0, 0, 0, 31330765, 25989.263761, 25987.263818, 0.000000
1535, 5, 6.000282, 210001102, 1.000005, 25914, 25914, 25915, 0, 6761, 0, 0, 0, 0, 0, 0, 31688843, 25913.864014, 25914.864009, 0.000000
1535, 6, 7.000293, 210002368, 1.000011, 25988, 25988, 25985, 0, 6777, 0, 0, 0, 0, 0, 0, 31385602, 25987.706958, 25984.706991, 0.000000
1535, 7, 8.000333, 210008404, 1.000040, 25952, 25952, 25959, 0, 6772, 0, 0, 0, 0, 0, 0, 31472970, 25950.961467, 25957.961187, 0.000000
