ThreadID, cIDX, Time, cycles, deltaT, RX, OnRX, TX, SupTX, OnTX, Idle, OnIdle, Blocked, CacheMiss, CacheHit, CacheWB, CPUIdle, RX/s, TX/s, Sup/s
2052, 0, 0, 0, 0, 0, 0, 0, 0, 0, 0, 0, 0, 0, 0, 0, 0, 0, 0, 0
2052, 0, 1.000047, 210009793, 1.000047, 31580, 31580, 31564, 0, 7891, 0, 0, 6, 668651, 182121807, 275007, 31604733, 31578.527388, 31562.528134, 0.000000
2052, 1, 2.000076, 210006181, 1.000029, 31694, 31694, 31704, 0, 7926, 0, 0, 3, 577332, 182163722, 229870, 31633007, 31693.067167, 31703.066873, 0.000000
2052, 2, 3.000173, 210020424, 1.000097, 31629, 31629, 31648, 0, 7912, 0, 0, 8, 548655, 182029704, 216741, 31926352, 31625.924153, 31644.922305, 0.000000
2052, 3, 4.000231, 210012129, 1.000058, 31720, 31720, 31716, 0, 7929, 0, 0, 1, 522984, 181942400, 205641, 32080659, 31718.168049, 31714.168280, 0.000000
2052, 4, 5.000299, 210014313, 1.000068, 31639, 31639, 31610, 0, 7903, 0, 0, 5, 514710, 181904532, 199875, 32187354, 31636.843723, 31607.845700, 0.000000
2052, 5, 6.000308, 210001796, 1.000009, 31610, 31610, 31629, 0, 7907, 0, 0, 8, 503343, 181652260, 195509, 32601743, 31609.729662, 31628.729499, 0.000000
2052, 6, 7.000396, 210018586, 1.000089, 31700, 31700, 31685, 0, 7921, 0, 0, 9, 503669, 181785568, 195227, 32448573, 31697.194647, 31682.195975, 0.000000
2052, 7, 8.000496, 210020961, 1.000100, 31666, 31666, 31692, 0, 7923, 0, 0, 3, 502463, 181904444, 194614, 32266871, 31662.839596, 31688.837001, 0.000000
