ThreadID, cIDX, Time, cycles, deltaT, RX, OnRX, TX, SupTX, OnTX, Idle, OnIdle, Blocked, CacheMiss, CacheHit, CacheWB, CPUIdle, RX/s, TX/s, Sup/s
10591, 0, 0, 0, 0, 0, 0, 0, 0, 0, 0, 0, 0, 0, 0, 0, 0, 0, 0, 0
10591, 0, 1.000045, 210009466, 1.000045, 27194, 27194, 27196, 0, 6799, 0, 0, 1, 0, 0, 0, 29070629, 27192.774253, 27194.774163, 0.000000
10591, 1, 2.000050, 210000999, 1.000005, 27207, 27207, 27208, 0, 6802, 0, 0, 4, 0, 0, 0, 29109149, 27206.870573, 27207.870568, 0.000000
10591, 2, 3.000053, 210000586, 1.000003, 27110, 27110, 27112, 0, 6778, 0, 0, 4, 0, 0, 0, 29167508, 27109.924350, 27111.924345, 0.000000
10591, 3, 4.000057, 210000913, 1.000004, 27057, 27057, 27053, 0, 6764, 0, 0, 2, 0, 0, 0, 29454428, 27056.882367, 27052.882384, 0.000000
10591, 4, 5.000094, 210007690, 1.000037, 27120, 27120, 27123, 0, 6780, 0, 0, 3, 0, 0, 0, 29622714, 27119.006928, 27122.006818, 0.000000
10591, 5, 6.000109, 210003261, 1.000016, 27152, 27152, 27144, 0, 6786, 0, 0, 0, 0, 0, 0, 30172655, 27151.578375, 27143.578499, 0.000000
10591, 6, 7.000123, 210002907, 1.000014, 26972, 26972, 26977, 0, 6745, 0, 0, 2, 0, 0, 0, 30014057, 26971.626636, 26976.626566, 0.000000
10591, 7, 8.000134, 210002370, 1.000011, 27118, 27118, 27120, 0, 6780, 0, 0, 0, 0, 0, 0, 29684348, 27117.693957, 27119.693935, 0.000000
