ThreadID, cIDX, Time, cycles, deltaT, RX, OnRX, TX, SupTX, OnTX, Idle, OnIdle, Blocked, CacheMiss, CacheHit, CacheWB, CPUIdle, RX/s, TX/s, Sup/s
9383, 0, 0, 0, 0, 0, 0, 0, 0, 0, 0, 0, 0, 0, 0, 0, 0, 0, 0, 0
9383, 0, 1.000044, 210009233, 1.000044, 30460, 30460, 30468, 0, 7899, 0, 0, 1, 0, 0, 0, 28471583, 30458.660834, 30466.660482, 0.000000
9383, 1, 2.000359, 210066237, 1.000315, 30573, 30573, 30564, 0, 7924, 0, 0, 9, 0, 0, 0, 28306807, 30563.359880, 30554.362718, 0.000000
9383, 2, 3.000706, 210072737, 1.000346, 30596, 30596, 30604, 0, 7934, 0, 0, 13, 0, 0, 0, 28315130, 30585.406235, 30593.403465, 0.000000
9383, 3, 4.000762, 210011902, 1.000057, 30463, 30463, 30459, 0, 7897, 0, 0, 8, 0, 0, 0, 28266694, 30461.273571, 30457.273798, 0.000000
9383, 4, 5.000771, 210001885, 1.000009, 30509, 30509, 30507, 0, 7912, 0, 0, 11, 0, 0, 0, 28490195, 30508.726148, 30506.726166, 0.000000
9383, 5, 6.000776, 210001027, 1.000005, 30576, 30576, 30569, 0, 7925, 0, 0, 5, 0, 0, 0, 29022558, 30575.850470, 30568.850504, 0.000000
9383, 6, 7.000823, 210009818, 1.000047, 30514, 30514, 30508, 0, 7907, 0, 0, 0, 0, 0, 0, 28932098, 30512.573465, 30506.573745, 0.000000
9383, 7, 8.000829, 210001221, 1.000006, 30432, 30432, 30454, 0, 7896, 0, 0, 0, 0, 0, 0, 28776923, 30431.823061, 30453.822933, 0.000000
