ThreadID, cIDX, Time, cycles, deltaT, RX, OnRX, TX, SupTX, OnTX, Idle, OnIdle, Blocked, CacheMiss, CacheHit, CacheWB, CPUIdle, RX/s, TX/s, Sup/s
8934, 0, 0, 0, 0, 0, 0, 0, 0, 0, 0, 0, 0, 0, 0, 0, 0, 0, 0, 0
8934, 0, 1.000032, 210006801, 1.000032, 31540, 31540, 31556, 0, 7889, 0, 0, 0, 0, 0, 0, 28456793, 31538.978588, 31554.978069, 0.000000
8934, 1, 2.000038, 210001083, 1.000005, 31728, 31728, 31720, 0, 7930, 0, 0, 1, 0, 0, 0, 28389982, 31727.836375, 31719.836416, 0.000000
8934, 2, 3.000050, 210002601, 1.000012, 31720, 31720, 31705, 0, 7927, 0, 0, 0, 0, 0, 0, 28491455, 31719.607130, 31704.607316, 0.000000
8934, 3, 4.000212, 210034025, 1.000162, 31633, 31633, 31627, 0, 7906, 0, 0, 5, 0, 0, 0, 28298787, 31627.875531, 31621.876503, 0.000000
8934, 4, 5.000223, 210002419, 1.000012, 31633, 31633, 31632, 0, 7908, 0, 0, 0, 0, 0, 0, 29028447, 31632.635622, 31631.635634, 0.000000
8934, 5, 6.000229, 210001089, 1.000005, 31673, 31673, 31675, 0, 7919, 0, 0, 0, 0, 0, 0, 29050999, 31672.835754, 31674.835743, 0.000000
8934, 6, 7.000266, 210007824, 1.000037, 31572, 31572, 31601, 0, 7900, 0, 0, 0, 0, 0, 0, 29170555, 31570.823761, 31599.822681, 0.000000
8934, 7, 8.000272, 210001176, 1.000006, 31578, 31578, 31571, 0, 7893, 0, 0, 0, 0, 0, 0, 29038246, 31577.823164, 31570.823203, 0.000000
