ThreadID, cIDX, Time, cycles, deltaT, RX, OnRX, TX, SupTX, OnTX, Idle, OnIdle, Blocked, CacheMiss, CacheHit, CacheWB, CPUIdle, RX/s, TX/s, Sup/s
8600, 0, 0, 0, 0, 0, 0, 0, 0, 0, 0, 0, 0, 0, 0, 0, 0, 0, 0, 0
8600, 0, 1.000276, 210057923, 1.000276, 27113, 27113, 27121, 0, 6781, 0, 0, 5, 0, 0, 0, 29400328, 27105.523651, 27113.521445, 0.000000
8600, 1, 2.000323, 210009830, 1.000047, 27135, 27135, 27125, 0, 6781, 0, 0, 8, 0, 0, 0, 29322374, 27133.729883, 27123.730351, 0.000000
8600, 2, 3.000346, 210005001, 1.000024, 27118, 27118, 27119, 0, 6780, 0, 0, 7, 0, 0, 0, 29435848, 27117.354220, 27118.354196, 0.000000
8600, 3, 4.000349, 210000613, 1.000003, 27118, 27118, 27123, 0, 6780, 0, 0, 7, 0, 0, 0, 29259518, 27117.920841, 27122.920827, 0.000000
8600, 4, 5.000418, 210014429, 1.000069, 27098, 27098, 27100, 0, 6775, 0, 0, 0, 0, 0, 0, 29765742, 27096.138237, 27098.138100, 0.000000
8600, 5, 6.000447, 210006114, 1.000029, 27136, 27136, 27136, 0, 6784, 0, 0, 0, 0, 0, 0, 29976233, 27135.209978, 27135.209978, 0.000000
8600, 6, 7.000502, 210011483, 1.000055, 27018, 27018, 27020, 0, 6755, 0, 0, 0, 0, 0, 0, 30019341, 27016.522711, 27018.522601, 0.000000
8600, 7, 8.000514, 210002483, 1.000012, 27165, 27165, 27152, 0, 6788, 0, 0, 0, 0, 0, 0, 30033616, 27164.678810, 27151.678964, 0.000000
