ThreadID, cIDX, Time, cycles, deltaT, RX, OnRX, TX, SupTX, OnTX, Idle, OnIdle, Blocked, CacheMiss, CacheHit, CacheWB, CPUIdle, RX/s, TX/s, Sup/s
10952, 0, 0, 0, 0, 0, 0, 0, 0, 0, 0, 0, 0, 0, 0, 0, 0, 0, 0, 0
10952, 0, 1.000020, 210004102, 1.000020, 27101, 27101, 27100, 0, 6775, 0, 0, 0, 644635, 182126762, 269700, 28958573, 27100.470637, 27099.470657, 0.000000
10952, 1, 2.000035, 210003284, 1.000016, 27124, 27124, 27120, 0, 6780, 0, 0, 0, 563516, 182119342, 229090, 29117687, 27123.575839, 27119.575901, 0.000000
10952, 2, 3.000039, 210000905, 1.000004, 27130, 27130, 27141, 0, 6786, 0, 0, 5, 555776, 182051344, 226428, 29278695, 27129.883083, 27140.883036, 0.000000
10952, 3, 4.000112, 210015241, 1.000073, 27230, 27230, 27219, 0, 6804, 0, 0, 8, 542190, 182068313, 220328, 29091233, 27228.023894, 27217.024692, 0.000000
10952, 4, 5.000119, 210001436, 1.000007, 27144, 27144, 27147, 0, 6787, 0, 0, 10, 527122, 181835263, 212687, 29700108, 27143.814388, 27146.814367, 0.000000
10952, 5, 6.000124, 210001100, 1.000005, 27075, 27075, 27083, 0, 6771, 0, 0, 5, 519380, 181613548, 208670, 30018175, 27074.858179, 27082.858137, 0.000000
10952, 6, 7.000230, 210022179, 1.000106, 27061, 27061, 27054, 0, 6763, 0, 0, 0, 517696, 181827177, 208776, 29659398, 27058.142274, 27051.143013, 0.000000
10952, 7, 8.000278, 210010181, 1.000048, 27215, 27215, 27208, 0, 6802, 0, 0, 0, 515965, 181851848, 205715, 29727826, 27213.680655, 27206.680994, 0.000000
