ThreadID, cIDX, Time, cycles, deltaT, RX, OnRX, TX, SupTX, OnTX, Idle, OnIdle, Blocked, CacheMiss, CacheHit, CacheWB, CPUIdle, RX/s, TX/s, Sup/s
10265, 0, 0, 0, 0, 0, 0, 0, 0, 0, 0, 0, 0, 0, 0, 0, 0, 0, 0, 0
10265, 0, 1.000025, 210005326, 1.000025, 27209, 27209, 27208, 0, 6802, 0, 0, 1, 0, 0, 0, 29780472, 27208.309945, 27207.309971, 0.000000
10265, 1, 2.000051, 210005299, 1.000025, 27154, 27154, 27156, 0, 6789, 0, 0, 7, 0, 0, 0, 29817402, 27153.314831, 27155.314781, 0.000000
10265, 2, 3.000053, 210000599, 1.000003, 27145, 27145, 27148, 0, 6787, 0, 0, 5, 0, 0, 0, 29926551, 27144.922572, 27147.922564, 0.000000
10265, 3, 4.000070, 210003548, 1.000017, 27106, 27106, 27104, 0, 6776, 0, 0, 6, 0, 0, 0, 30073468, 27105.542045, 27103.542079, 0.000000
10265, 4, 5.000175, 210022020, 1.000105, 27142, 27142, 27144, 0, 6786, 0, 0, 5, 0, 0, 0, 30294071, 27139.154266, 27141.154056, 0.000000
10265, 5, 6.000194, 210003980, 1.000019, 27128, 27128, 27124, 0, 6781, 0, 0, 3, 0, 0, 0, 30637674, 27127.485870, 27123.485945, 0.000000
10265, 6, 7.000370, 210036881, 1.000176, 27164, 27164, 27156, 0, 6789, 0, 0, 0, 0, 0, 0, 30581772, 27159.230193, 27151.231597, 0.000000
10265, 7, 8.000484, 210023984, 1.000114, 27140, 27140, 27140, 0, 6785, 0, 0, 0, 0, 0, 0, 30386553, 27136.900707, 27136.900707, 0.000000
