ThreadID, cIDX, Time, cycles, deltaT, RX, OnRX, TX, SupTX, OnTX, Idle, OnIdle, Blocked, CacheMiss, CacheHit, CacheWB, CPUIdle, RX/s, TX/s, Sup/s
8766, 0, 0, 0, 0, 0, 0, 0, 0, 0, 0, 0, 0, 0, 0, 0, 0, 0, 0, 0
8766, 0, 1.000021, 210004503, 1.000021, 27290, 27290, 27282, 0, 6821, 0, 0, 0, 0, 0, 0, 27687077, 27289.414837, 27281.415009, 0.000000
8766, 1, 2.000176, 210032367, 1.000154, 27092, 27092, 27095, 0, 6774, 0, 0, 8, 0, 0, 0, 27643367, 27087.824992, 27090.824530, 0.000000
8766, 2, 3.000283, 210022605, 1.000108, 27142, 27142, 27143, 0, 6785, 0, 0, 3, 0, 0, 0, 27566875, 27139.078672, 27140.078564, 0.000000
8766, 3, 4.000298, 210003089, 1.000015, 27181, 27181, 27187, 0, 6797, 0, 0, 6, 0, 0, 0, 27673095, 27180.600186, 27186.600098, 0.000000
8766, 4, 5.000335, 210007770, 1.000037, 27101, 27101, 27097, 0, 6774, 0, 0, 0, 0, 0, 0, 28404712, 27099.997300, 27095.997448, 0.000000
8766, 5, 6.000456, 210025350, 1.000121, 27100, 27100, 27104, 0, 6776, 0, 0, 0, 0, 0, 0, 28437150, 27096.729038, 27100.728555, 0.000000
8766, 6, 7.000470, 210002952, 1.000014, 27197, 27197, 27200, 0, 6800, 0, 0, 0, 0, 0, 0, 28471388, 27196.617693, 27199.617651, 0.000000
8766, 7, 8.000569, 210020811, 1.000099, 27084, 27084, 27076, 0, 6769, 0, 0, 1, 0, 0, 0, 28169436, 27081.316242, 27073.317034, 0.000000
