ThreadID, cIDX, Time, cycles, deltaT, RX, OnRX, TX, SupTX, OnTX, Idle, OnIdle, Blocked, CacheMiss, CacheHit, CacheWB, CPUIdle, RX/s, TX/s, Sup/s
2474, 0, 0, 0, 0, 0, 0, 0, 0, 0, 0, 0, 0, 0, 0, 0, 0, 0, 0, 0
2474, 0, 1.000028, 210005946, 1.000028, 27233, 27233, 27228, 0, 6807, 0, 0, 2, 0, 0, 0, 28218008, 27232.228939, 27227.229080, 0.000000
2474, 1, 2.000655, 210131516, 1.000626, 27100, 27100, 27107, 0, 6777, 0, 0, 5, 0, 0, 0, 28166015, 27083.038796, 27090.034414, 0.000000
2474, 2, 3.000675, 210004270, 1.000020, 27166, 27166, 27169, 0, 6792, 0, 0, 5, 0, 0, 0, 28289363, 27165.447636, 27168.447575, 0.000000
2474, 3, 4.000703, 210005935, 1.000028, 27134, 27134, 27132, 0, 6783, 0, 0, 3, 0, 0, 0, 28351049, 27133.233163, 27131.233220, 0.000000
2474, 4, 5.000707, 210000831, 1.000004, 27178, 27178, 27172, 0, 6793, 0, 0, 5, 0, 0, 0, 28655679, 27177.892453, 27171.892477, 0.000000
2474, 5, 6.000725, 210003661, 1.000017, 27073, 27073, 27076, 0, 6769, 0, 0, 1, 0, 0, 0, 29030498, 27072.528036, 27075.527983, 0.000000
2474, 6, 7.000790, 210013738, 1.000065, 27162, 27162, 27160, 0, 6790, 0, 0, 0, 0, 0, 0, 29048265, 27160.223204, 27158.223335, 0.000000
2474, 7, 8.000824, 210007152, 1.000034, 27152, 27152, 27148, 0, 6787, 0, 0, 0, 0, 0, 0, 28806836, 27151.075312, 27147.075448, 0.000000
