ThreadID, cIDX, Time, cycles, deltaT, RX, OnRX, TX, SupTX, OnTX, Idle, OnIdle, Blocked, CacheMiss, CacheHit, CacheWB, CPUIdle, RX/s, TX/s, Sup/s
10115, 0, 0, 0, 0, 0, 0, 0, 0, 0, 0, 0, 0, 0, 0, 0, 0, 0, 0, 0
10115, 0, 1.000008, 210001680, 1.000008, 31592, 31592, 31592, 0, 7898, 0, 0, 0, 641708, 182139880, 267748, 31605344, 31591.747266, 31591.747266, 0.000000
10115, 1, 2.000019, 210002378, 1.000011, 31682, 31682, 31693, 0, 7924, 0, 0, 0, 564732, 182127871, 231315, 31777690, 31681.641243, 31692.641119, 0.000000
10115, 2, 3.000020, 210000246, 1.000001, 31654, 31654, 31634, 0, 7908, 0, 0, 10, 548645, 182042575, 223780, 31960457, 31653.962920, 31633.962943, 0.000000
10115, 3, 4.000174, 210032203, 1.000153, 31723, 31723, 31721, 0, 7930, 0, 0, 13, 542098, 182015584, 220525, 32037664, 31718.136099, 31716.136406, 0.000000
10115, 4, 5.000181, 210001604, 1.000008, 31611, 31611, 31632, 0, 7908, 0, 0, 8, 537751, 181897148, 217055, 32210363, 31610.758554, 31631.758394, 0.000000
10115, 5, 6.000187, 210001221, 1.000006, 31620, 31620, 31624, 0, 7906, 0, 0, 0, 524594, 181676240, 211840, 32583478, 31619.816153, 31623.816130, 0.000000
10115, 6, 7.000266, 210016631, 1.000079, 31694, 31694, 31688, 0, 7922, 0, 0, 0, 520714, 181762784, 209321, 32425833, 31691.490185, 31685.490660, 0.000000
10115, 7, 8.000524, 210054101, 1.000258, 31688, 31688, 31664, 0, 7916, 0, 0, 0, 513482, 181935390, 205696, 32295608, 31679.838519, 31655.844701, 0.000000
