ThreadID, cIDX, Time, cycles, deltaT, RX, OnRX, TX, SupTX, OnTX, Idle, OnIdle, Blocked, CacheMiss, CacheHit, CacheWB, CPUIdle, RX/s, TX/s, Sup/s
969, 0, 0, 0, 0, 0, 0, 0, 0, 0, 0, 0, 0, 0, 0, 0, 0, 0, 0, 0
969, 0, 1.000050, 210010550, 1.000050, 27104, 27104, 27100, 0, 6775, 0, 0, 0, 695995, 183251089, 288978, 26599802, 27102.638415, 27098.638616, 0.000000
969, 1, 2.000054, 210000863, 1.000004, 27184, 27184, 27180, 0, 6795, 0, 0, 0, 624214, 183334371, 251853, 26640682, 27183.888287, 27179.888304, 0.000000
969, 2, 3.000068, 210002965, 1.000014, 27144, 27144, 27148, 0, 6787, 0, 0, 0, 606429, 183210006, 245514, 26954776, 27143.616758, 27147.616702, 0.000000
969, 3, 4.000179, 210023129, 1.000110, 27154, 27154, 27156, 0, 6789, 0, 0, 0, 594293, 183282316, 238506, 26824278, 27151.009640, 27153.009419, 0.000000
969, 4, 5.000196, 210003631, 1.000017, 27069, 27069, 27080, 0, 6770, 0, 0, 1, 580868, 183069261, 233760, 27211849, 27068.531972, 27079.531782, 0.000000
969, 5, 6.000220, 210004984, 1.000024, 27125, 27125, 27114, 0, 6779, 0, 0, 0, 567042, 183008982, 228513, 27293707, 27124.356249, 27113.356510, 0.000000
969, 6, 7.000230, 210002234, 1.000011, 27078, 27078, 27083, 0, 6771, 0, 0, 0, 555013, 183021513, 221354, 27398641, 27077.711945, 27082.711892, 0.000000
969, 7, 8.000234, 210000684, 1.000003, 27087, 27087, 27087, 0, 6771, 0, 0, 0, 552315, 182995990, 218539, 27444569, 27086.911774, 27086.911774, 0.000000
