ThreadID, cIDX, Time, cycles, deltaT, RX, OnRX, TX, SupTX, OnTX, Idle, OnIdle, Blocked, CacheMiss, CacheHit, CacheWB, CPUIdle, RX/s, TX/s, Sup/s
10221, 0, 0, 0, 0, 0, 0, 0, 0, 0, 0, 0, 0, 0, 0, 0, 0, 0, 0, 0
10221, 0, 1.000053, 210011074, 1.000053, 27282, 27282, 27276, 0, 6819, 0, 0, 0, 0, 0, 0, 28941365, 27280.561405, 27274.561721, 0.000000
10221, 1, 2.000477, 210089146, 1.000425, 27192, 27192, 27208, 0, 6802, 0, 0, 6, 0, 0, 0, 29110895, 27180.461765, 27196.454975, 0.000000
10221, 2, 3.000556, 210016541, 1.000079, 27108, 27108, 27104, 0, 6776, 0, 0, 6, 0, 0, 0, 29144937, 27105.864961, 27101.865276, 0.000000
10221, 3, 4.000609, 210011047, 1.000053, 27092, 27092, 27088, 0, 6772, 0, 0, 6, 0, 0, 0, 29251304, 27090.574907, 27086.575117, 0.000000
10221, 4, 5.000615, 210001318, 1.000006, 27081, 27081, 27077, 0, 6770, 0, 0, 0, 0, 0, 0, 29500556, 27080.830036, 27076.830061, 0.000000
10221, 5, 6.000683, 210014370, 1.000068, 27166, 27166, 27171, 0, 6792, 0, 0, 6, 0, 0, 0, 29899956, 27164.141197, 27169.140855, 0.000000
10221, 6, 7.000707, 210005027, 1.000024, 26996, 26996, 26992, 0, 6748, 0, 0, 0, 0, 0, 0, 29815488, 26995.353783, 26991.353878, 0.000000
10221, 7, 8.000749, 210008679, 1.000041, 27101, 27101, 27096, 0, 6774, 0, 0, 0, 0, 0, 0, 29476456, 27099.880001, 27094.880207, 0.000000
