ThreadID, cIDX, Time, cycles, deltaT, RX, OnRX, TX, SupTX, OnTX, Idle, OnIdle, Blocked, CacheMiss, CacheHit, CacheWB, CPUIdle, RX/s, TX/s, Sup/s
2445, 0, 0, 0, 0, 0, 0, 0, 0, 0, 0, 0, 0, 0, 0, 0, 0, 0, 0, 0
2445, 0, 1.000536, 210112548, 1.000536, 27237, 27237, 27244, 0, 6811, 0, 0, 1, 644817, 182147758, 268090, 31704954, 27222.410344, 27229.406594, 0.000000
2445, 1, 2.000687, 210031767, 1.000151, 27185, 27185, 27185, 0, 6797, 0, 0, 2, 572389, 182191702, 232264, 31548639, 27180.888308, 27180.888308, 0.000000
2445, 2, 3.000708, 210004394, 1.000021, 27149, 27149, 27147, 0, 6786, 0, 0, 7, 547339, 182127151, 220008, 31710640, 27148.431951, 27146.431993, 0.000000
2445, 3, 4.000735, 210005543, 1.000026, 27113, 27113, 27108, 0, 6777, 0, 0, 7, 535388, 182049754, 212909, 31818442, 27112.284365, 27107.284497, 0.000000
2445, 4, 5.000822, 210018273, 1.000087, 27128, 27128, 27132, 0, 6783, 0, 0, 2, 527238, 181965369, 208486, 32030421, 27125.639682, 27129.639334, 0.000000
2445, 5, 6.000822, 210000178, 1.000001, 27142, 27142, 27132, 0, 6783, 0, 0, 2, 520071, 181716582, 205318, 32423111, 27141.976994, 27131.977002, 0.000000
2445, 6, 7.000824, 210000426, 1.000002, 27124, 27124, 27127, 0, 6782, 0, 0, 3, 512839, 181735037, 201212, 32399255, 27123.944977, 27126.944971, 0.000000
2445, 7, 8.000834, 210002041, 1.000010, 27097, 27097, 27101, 0, 6775, 0, 0, 0, 515482, 181853689, 203024, 32332930, 27096.736646, 27100.736607, 0.000000
