ThreadID, cIDX, Time, cycles, deltaT, RX, OnRX, TX, SupTX, OnTX, Idle, OnIdle, Blocked, CacheMiss, CacheHit, CacheWB, CPUIdle, RX/s, TX/s, Sup/s
8555, 0, 0, 0, 0, 0, 0, 0, 0, 0, 0, 0, 0, 0, 0, 0, 0, 0, 0, 0
8555, 0, 1.000039, 210008220, 1.000039, 27201, 27201, 27196, 0, 6799, 0, 0, 0, 0, 0, 0, 28577234, 27199.935317, 27194.935513, 0.000000
8555, 1, 2.000060, 210004296, 1.000020, 27131, 27131, 27132, 0, 6783, 0, 0, 6, 0, 0, 0, 28526543, 27130.444989, 27131.444968, 0.000000
8555, 2, 3.000237, 210037280, 1.000178, 27077, 27077, 27081, 0, 6771, 0, 0, 7, 0, 0, 0, 28729187, 27072.194041, 27076.193331, 0.000000
8555, 3, 4.000250, 210002730, 1.000013, 27201, 27201, 27197, 0, 6799, 0, 0, 5, 0, 0, 0, 28574691, 27200.646392, 27196.646444, 0.000000
8555, 4, 5.000267, 210003474, 1.000017, 27147, 27147, 27150, 0, 6787, 0, 0, 2, 0, 0, 0, 28895082, 27146.550918, 27149.550869, 0.000000
8555, 5, 6.000271, 210000909, 1.000004, 27084, 27084, 27087, 0, 6772, 0, 0, 2, 0, 0, 0, 29138595, 27083.882765, 27086.882752, 0.000000
8555, 6, 7.000326, 210011592, 1.000055, 27045, 27045, 27033, 0, 6758, 0, 0, 1, 0, 0, 0, 29116551, 27043.507198, 27031.507861, 0.000000
8555, 7, 8.000349, 210004761, 1.000023, 27250, 27250, 27264, 0, 6816, 0, 0, 0, 0, 0, 0, 29185882, 27249.382218, 27263.381900, 0.000000
