ThreadID, cIDX, Time, cycles, deltaT, RX, OnRX, TX, SupTX, OnTX, Idle, OnIdle, Blocked, CacheMiss, CacheHit, CacheWB, CPUIdle, RX/s, TX/s, Sup/s
9811, 0, 0, 0, 0, 0, 0, 0, 0, 0, 0, 0, 0, 0, 0, 0, 0, 0, 0, 0
9811, 0, 1.000438, 210092041, 1.000438, 31565, 31565, 31553, 0, 7889, 0, 0, 2, 0, 0, 0, 29149303, 31551.171422, 31539.176679, 0.000000
9811, 1, 2.000503, 210013581, 1.000065, 31651, 31651, 31664, 0, 7916, 0, 0, 11, 0, 0, 0, 29038474, 31648.953217, 31661.952376, 0.000000
9811, 2, 3.000506, 210000712, 1.000003, 31651, 31651, 31647, 0, 7911, 0, 0, 9, 0, 0, 0, 29266566, 31650.892688, 31646.892702, 0.000000
9811, 3, 4.000526, 210004185, 1.000020, 31744, 31744, 31732, 0, 7933, 0, 0, 13, 0, 0, 0, 29368006, 31743.367400, 31731.367639, 0.000000
9811, 4, 5.000531, 210000930, 1.000004, 31630, 31630, 31644, 0, 7911, 0, 0, 7, 0, 0, 0, 29622313, 31629.859925, 31643.859863, 0.000000
9811, 5, 6.000537, 210001364, 1.000006, 31635, 31635, 31634, 0, 7909, 0, 0, 1, 0, 0, 0, 29892009, 31634.794524, 31633.794531, 0.000000
9811, 6, 7.000542, 210000928, 1.000004, 31628, 31628, 31630, 0, 7907, 0, 0, 1, 0, 0, 0, 29584685, 31627.860235, 31629.860226, 0.000000
9811, 7, 8.000549, 210001614, 1.000008, 31719, 31719, 31733, 0, 7934, 0, 0, 0, 0, 0, 0, 29455274, 31718.756219, 31732.756111, 0.000000
