ThreadID, cIDX, Time, cycles, deltaT, RX, OnRX, TX, SupTX, OnTX, Idle, OnIdle, Blocked, CacheMiss, CacheHit, CacheWB, CPUIdle, RX/s, TX/s, Sup/s
2627, 0, 0, 0, 0, 0, 0, 0, 0, 0, 0, 0, 0, 0, 0, 0, 0, 0, 0, 0
2627, 0, 1.000042, 210008811, 1.000042, 31600, 31600, 31592, 0, 7898, 0, 0, 0, 649765, 182134972, 268573, 29009248, 31598.674210, 31590.674546, 0.000000
2627, 1, 2.000044, 210000412, 1.000002, 31664, 31664, 31672, 0, 7918, 0, 0, 5, 558769, 182189884, 226154, 28955080, 31663.937878, 31671.937863, 0.000000
2627, 2, 3.000457, 210086786, 1.000413, 31701, 31701, 31708, 0, 7927, 0, 0, 1, 537028, 182153716, 214814, 29156374, 31687.904445, 31694.901554, 0.000000
2627, 3, 4.000460, 210000678, 1.000003, 31692, 31692, 31694, 0, 7924, 0, 0, 10, 517346, 182039856, 204587, 29267498, 31691.897680, 31693.897674, 0.000000
2627, 4, 5.000471, 210002157, 1.000010, 31634, 31634, 31623, 0, 7906, 0, 0, 1, 510273, 181874354, 200943, 29619404, 31633.675077, 31622.675190, 0.000000
2627, 5, 6.000474, 210000646, 1.000003, 31561, 31561, 31570, 0, 7892, 0, 0, 1, 501990, 181616701, 197773, 30084128, 31560.902913, 31569.902885, 0.000000
2627, 6, 7.000480, 210001297, 1.000006, 31648, 31648, 31642, 0, 7911, 0, 0, 0, 498762, 181714002, 196097, 30028830, 31647.804537, 31641.804574, 0.000000
2627, 7, 8.000603, 210025804, 1.000123, 31608, 31608, 31591, 0, 7897, 0, 0, 0, 497729, 181886162, 193843, 29680457, 31604.116607, 31587.118695, 0.000000
