ThreadID, cIDX, Time, cycles, deltaT, RX, OnRX, TX, SupTX, OnTX, Idle, OnIdle, Blocked, CacheMiss, CacheHit, CacheWB, CPUIdle, RX/s, TX/s, Sup/s
2269, 0, 0, 0, 0, 0, 0, 0, 0, 0, 0, 0, 0, 0, 0, 0, 0, 0, 0, 0
2269, 0, 1.000680, 210142763, 1.000680, 27224, 27224, 27221, 0, 6806, 0, 0, 5, 0, 0, 0, 29210164, 27205.505050, 27202.507088, 0.000000
2269, 1, 2.000705, 210005366, 1.000026, 27193, 27193, 27188, 0, 6797, 0, 0, 3, 0, 0, 0, 28912906, 27192.305172, 27187.305300, 0.000000
2269, 2, 3.000719, 210002785, 1.000013, 27118, 27118, 27127, 0, 6781, 0, 0, 5, 0, 0, 0, 29335840, 27117.640368, 27126.640249, 0.000000
2269, 3, 4.000806, 210018406, 1.000088, 27173, 27173, 27172, 0, 6793, 0, 0, 7, 0, 0, 0, 29488292, 27170.618560, 27169.618648, 0.000000
2269, 4, 5.000817, 210002163, 1.000010, 27104, 27104, 27105, 0, 6777, 0, 0, 2, 0, 0, 0, 29561489, 27103.720832, 27104.720821, 0.000000
2269, 5, 6.001013, 210041208, 1.000196, 27117, 27117, 27111, 0, 6777, 0, 0, 5, 0, 0, 0, 30007634, 27111.679914, 27105.681091, 0.000000
2269, 6, 7.001142, 210027176, 1.000129, 27102, 27102, 27108, 0, 6777, 0, 0, 1, 0, 0, 0, 29800216, 27098.493197, 27104.492421, 0.000000
2269, 7, 8.001171, 210006037, 1.000029, 27117, 27117, 27112, 0, 6778, 0, 0, 0, 0, 0, 0, 29553124, 27116.220473, 27111.220617, 0.000000
