ThreadID, cIDX, Time, cycles, deltaT, RX, OnRX, TX, SupTX, OnTX, Idle, OnIdle, Blocked, CacheMiss, CacheHit, CacheWB, CPUIdle, RX/s, TX/s, Sup/s
2490, 0, 0, 0, 0, 0, 0, 0, 0, 0, 0, 0, 0, 0, 0, 0, 0, 0, 0, 0
2490, 0, 1.000006, 210001272, 1.000006, 27232, 27232, 27233, 0, 6809, 0, 0, 3, 0, 0, 0, 28179029, 27231.835053, 27232.835047, 0.000000
2490, 1, 2.000039, 210006928, 1.000033, 27108, 27108, 27107, 0, 6776, 0, 0, 2, 0, 0, 0, 28024573, 27107.105724, 27106.105757, 0.000000
2490, 2, 3.000646, 210127550, 1.000607, 27160, 27160, 27156, 0, 6789, 0, 0, 0, 0, 0, 0, 28392182, 27143.513547, 27139.515975, 0.000000
2490, 3, 4.000747, 210021132, 1.000101, 27125, 27125, 27128, 0, 6782, 0, 0, 3, 0, 0, 0, 28404095, 27122.270725, 27125.270423, 0.000000
2490, 4, 5.000770, 210004883, 1.000023, 27194, 27194, 27192, 0, 6798, 0, 0, 0, 0, 0, 0, 28642940, 27193.367689, 27191.367736, 0.000000
2490, 5, 6.000776, 210001129, 1.000005, 27066, 27066, 27066, 0, 6767, 0, 0, 3, 0, 0, 0, 29162744, 27065.854489, 27065.854489, 0.000000
2490, 6, 7.000795, 210003953, 1.000019, 27167, 27167, 27174, 0, 6793, 0, 0, 3, 0, 0, 0, 29132261, 27166.488623, 27173.488491, 0.000000
2490, 7, 8.000803, 210001854, 1.000009, 27140, 27140, 27144, 0, 6786, 0, 0, 2, 0, 0, 0, 28808307, 27139.760395, 27143.760359, 0.000000
