ThreadID, cIDX, Time, cycles, deltaT, RX, OnRX, TX, SupTX, OnTX, Idle, OnIdle, Blocked, CacheMiss, CacheHit, CacheWB, CPUIdle, RX/s, TX/s, Sup/s
10376, 0, 0, 0, 0, 0, 0, 0, 0, 0, 0, 0, 0, 0, 0, 0, 0, 0, 0, 0
10376, 0, 1.000765, 210160645, 1.000765, 26060, 26060, 26065, 0, 6801, 0, 0, 0, 647515, 182184817, 268830, 31708039, 26040.079959, 26045.076137, 0.000000
10376, 1, 2.000873, 210022610, 1.000108, 26004, 26004, 25994, 0, 6782, 0, 0, 4, 563528, 182089876, 226354, 31732457, 26001.200537, 25991.201614, 0.000000
10376, 2, 3.000886, 210002783, 1.000013, 26012, 26012, 26017, 0, 6787, 0, 0, 6, 550291, 182058381, 221201, 31822345, 26011.655284, 26016.655217, 0.000000
10376, 3, 4.000971, 210017848, 1.000085, 26018, 26018, 26013, 0, 6788, 0, 0, 4, 542667, 182020614, 218265, 31853710, 26015.788906, 26010.789331, 0.000000
10376, 4, 5.001104, 210027855, 1.000133, 26068, 26068, 26066, 0, 6797, 0, 0, 6, 539680, 182053822, 216215, 31869335, 26064.542725, 26062.542990, 0.000000
10376, 5, 6.001266, 210034033, 1.000162, 25926, 25926, 25929, 0, 6763, 0, 0, 2, 531050, 181746568, 211900, 32438588, 25921.799064, 25924.798578, 0.000000
10376, 6, 7.001283, 210003582, 1.000017, 26058, 26058, 26063, 0, 6801, 0, 0, 0, 531133, 181724257, 213279, 32445329, 26057.555533, 26062.555447, 0.000000
10376, 7, 8.001294, 210002321, 1.000011, 25984, 25984, 25984, 0, 6780, 0, 0, 0, 528609, 181883944, 211282, 32243173, 25983.712818, 25983.712818, 0.000000
