ThreadID, cIDX, Time, cycles, deltaT, RX, OnRX, TX, SupTX, OnTX, Idle, OnIdle, Blocked, CacheMiss, CacheHit, CacheWB, CPUIdle, RX/s, TX/s, Sup/s
11084, 0, 0, 0, 0, 0, 0, 0, 0, 0, 0, 0, 0, 0, 0, 0, 0, 0, 0, 0
11084, 0, 1.000036, 210007494, 1.000036, 27227, 27227, 27228, 0, 6807, 0, 0, 0, 656389, 182084069, 273175, 29120912, 27226.028420, 27227.028384, 0.000000
11084, 1, 2.000041, 210001161, 1.000006, 27127, 27127, 27128, 0, 6782, 0, 0, 5, 573130, 182168440, 236743, 28981509, 27126.850027, 27127.850022, 0.000000
11084, 2, 3.000090, 210010246, 1.000049, 27107, 27107, 27104, 0, 6776, 0, 0, 3, 547074, 182087051, 224356, 29164797, 27105.677501, 27102.677647, 0.000000
11084, 3, 4.000100, 210001998, 1.000010, 27184, 27184, 27187, 0, 6797, 0, 0, 6, 540913, 182065925, 220776, 29264032, 27183.741366, 27186.741338, 0.000000
11084, 4, 5.000131, 210006520, 1.000031, 27147, 27147, 27145, 0, 6786, 0, 0, 3, 534378, 181910419, 217525, 29567137, 27146.157176, 27144.157239, 0.000000
11084, 5, 6.000138, 210001496, 1.000007, 27099, 27099, 27100, 0, 6775, 0, 0, 4, 522936, 181712970, 211886, 29908849, 27098.806953, 27099.806946, 0.000000
11084, 6, 7.000336, 210041713, 1.000199, 27141, 27141, 27132, 0, 6783, 0, 0, 1, 518998, 181770143, 210371, 29774529, 27135.609963, 27126.611751, 0.000000
11084, 7, 8.000347, 210002181, 1.000010, 27188, 27188, 27197, 0, 6800, 0, 0, 0, 514796, 181924218, 208425, 29559719, 27187.717636, 27196.717543, 0.000000
