ThreadID, cIDX, Time, cycles, deltaT, RX, OnRX, TX, SupTX, OnTX, Idle, OnIdle, Blocked, CacheMiss, CacheHit, CacheWB, CPUIdle, RX/s, TX/s, Sup/s
904, 0, 0, 0, 0, 0, 0, 0, 0, 0, 0, 0, 0, 0, 0, 0, 0, 0, 0, 0
904, 0, 1.000009, 210001869, 1.000009, 30452, 30452, 30458, 0, 7897, 0, 0, 0, 671427, 183371660, 276692, 29381225, 30451.728980, 30457.728926, 0.000000
904, 1, 2.000249, 210050448, 1.000240, 30564, 30564, 30555, 0, 7920, 0, 0, 0, 605044, 183463741, 240419, 29467066, 30556.659417, 30547.661579, 0.000000
904, 2, 3.000250, 210000189, 1.000001, 30562, 30562, 30574, 0, 7928, 0, 0, 0, 592292, 183304378, 234170, 29671049, 30561.972494, 30573.972483, 0.000000
904, 3, 4.000253, 210000551, 1.000003, 30548, 30548, 30532, 0, 7917, 0, 0, 0, 587942, 183356886, 230617, 29591745, 30547.919848, 30531.919890, 0.000000
904, 4, 5.000262, 210002020, 1.000010, 30512, 30512, 30521, 0, 7913, 0, 0, 0, 585383, 183164617, 229666, 29873460, 30511.706506, 30520.706420, 0.000000
904, 5, 6.000333, 210014911, 1.000071, 30501, 30501, 30488, 0, 7905, 0, 0, 0, 579048, 183081950, 226701, 30190022, 30498.834438, 30485.835361, 0.000000
904, 6, 7.000350, 210003605, 1.000017, 30461, 30461, 30463, 0, 7897, 0, 0, 0, 573883, 183080545, 223754, 30239312, 30460.477095, 30462.477061, 0.000000
904, 7, 8.000361, 210002272, 1.000011, 30530, 30530, 30528, 0, 7917, 0, 0, 0, 569396, 183139513, 221094, 29953185, 30529.669698, 30527.669720, 0.000000
