ThreadID, cIDX, Time, cycles, deltaT, RX, OnRX, TX, SupTX, OnTX, Idle, OnIdle, Blocked, CacheMiss, CacheHit, CacheWB, CPUIdle, RX/s, TX/s, Sup/s
2434, 0, 0, 0, 0, 0, 0, 0, 0, 0, 0, 0, 0, 0, 0, 0, 0, 0, 0, 0
2434, 0, 1.000060, 210012642, 1.000060, 31614, 31614, 31612, 0, 7903, 0, 0, 0, 644845, 182147792, 268118, 31604906, 31612.096952, 31610.097072, 0.000000
2434, 1, 2.000558, 210104552, 1.000498, 31668, 31668, 31680, 0, 7920, 0, 0, 3, 572385, 182189879, 232264, 31624561, 31652.241404, 31664.235433, 0.000000
2434, 2, 3.000613, 210011469, 1.000055, 31713, 31713, 31693, 0, 7924, 0, 0, 8, 547286, 182112144, 219992, 31728878, 31711.268112, 31691.269204, 0.000000
2434, 3, 4.000655, 210008848, 1.000042, 31687, 31687, 31699, 0, 7924, 0, 0, 2, 535395, 182051835, 212904, 31819621, 31685.664977, 31697.664472, 0.000000
2434, 4, 5.000682, 210005606, 1.000027, 31613, 31613, 31624, 0, 7906, 0, 0, 4, 527223, 181954890, 208477, 32026842, 31612.156106, 31623.155812, 0.000000
2434, 5, 6.000748, 210013863, 1.000066, 31596, 31596, 31576, 0, 7894, 0, 0, 4, 520097, 181727455, 205334, 32427792, 31593.914350, 31573.915671, 0.000000
2434, 6, 7.000897, 210031346, 1.000149, 31695, 31695, 31692, 0, 7923, 0, 0, 3, 512920, 181761639, 201245, 32405645, 31690.269699, 31687.270147, 0.000000
2434, 7, 8.001045, 210031087, 1.000148, 31572, 31572, 31568, 0, 7892, 0, 0, 4, 515527, 181879046, 203041, 32333386, 31567.326983, 31563.327575, 0.000000
