ThreadID, cIDX, Time, cycles, deltaT, RX, OnRX, TX, SupTX, OnTX, Idle, OnIdle, Blocked, CacheMiss, CacheHit, CacheWB, CPUIdle, RX/s, TX/s, Sup/s
10875, 0, 0, 0, 0, 0, 0, 0, 0, 0, 0, 0, 0, 0, 0, 0, 0, 0, 0, 0
10875, 0, 1.000028, 210005837, 1.000028, 27210, 27210, 27204, 0, 6801, 0, 0, 0, 0, 0, 0, 30862517, 27209.243713, 27203.243879, 0.000000
10875, 1, 2.000789, 210159823, 1.000761, 27166, 27166, 27176, 0, 6794, 0, 0, 3, 0, 0, 0, 31025542, 27145.340715, 27155.333110, 0.000000
10875, 2, 3.000796, 210001516, 1.000007, 27102, 27102, 27096, 0, 6774, 0, 0, 3, 0, 0, 0, 30953289, 27101.804351, 27095.804394, 0.000000
10875, 3, 4.000817, 210004312, 1.000021, 27154, 27154, 27152, 0, 6788, 0, 0, 4, 0, 0, 0, 30852801, 27153.442449, 27151.442490, 0.000000
10875, 4, 5.000820, 210000757, 1.000004, 27188, 27188, 27197, 0, 6800, 0, 0, 2, 0, 0, 0, 31233029, 27187.901994, 27196.901962, 0.000000
10875, 5, 6.000836, 210003275, 1.000016, 27079, 27079, 27079, 0, 6769, 0, 0, 1, 0, 0, 0, 31701174, 27078.577703, 27078.577703, 0.000000
10875, 6, 7.000884, 210010126, 1.000048, 27133, 27133, 27120, 0, 6780, 0, 0, 0, 0, 0, 0, 31541635, 27131.691736, 27118.692362, 0.000000
10875, 7, 8.000902, 210003855, 1.000018, 27186, 27186, 27197, 0, 6800, 0, 0, 0, 0, 0, 0, 31437943, 27185.500952, 27196.500750, 0.000000
