ThreadID, cIDX, Time, cycles, deltaT, RX, OnRX, TX, SupTX, OnTX, Idle, OnIdle, Blocked, CacheMiss, CacheHit, CacheWB, CPUIdle, RX/s, TX/s, Sup/s
1521, 0, 0, 0, 0, 0, 0, 0, 0, 0, 0, 0, 0, 0, 0, 0, 0, 0, 0, 0
1521, 0, 1.000003, 210000605, 1.000003, 30595, 30595, 30608, 0, 7936, 0, 0, 0, 0, 0, 0, 30852770, 30594.911858, 30607.911820, 0.000000
1521, 1, 2.000016, 210002770, 1.000013, 30515, 30515, 30514, 0, 7912, 0, 0, 0, 0, 0, 0, 30918091, 30514.597498, 30513.597511, 0.000000
1521, 2, 3.000096, 210016728, 1.000080, 30509, 30509, 30486, 0, 7903, 0, 0, 3, 0, 0, 0, 31011396, 30506.569934, 30483.571766, 0.000000
1521, 3, 4.000221, 210026408, 1.000126, 30600, 30600, 30622, 0, 7939, 0, 0, 10, 0, 0, 0, 31147094, 30596.152461, 30618.149695, 0.000000
1521, 4, 5.000235, 210002845, 1.000014, 30515, 30515, 30516, 0, 7910, 0, 0, 0, 0, 0, 0, 31330856, 30514.586600, 30515.586586, 0.000000
1521, 5, 6.000300, 210013690, 1.000065, 30444, 30444, 30433, 0, 7889, 0, 0, 0, 0, 0, 0, 31693491, 30442.015471, 30431.016188, 0.000000
1521, 6, 7.000340, 210008266, 1.000039, 30572, 30572, 30584, 0, 7931, 0, 0, 1, 0, 0, 0, 31386168, 30570.796675, 30582.796203, 0.000000
1521, 7, 8.000756, 210087387, 1.000416, 30562, 30562, 30537, 0, 7917, 0, 0, 0, 0, 0, 0, 31483228, 30549.287569, 30524.297967, 0.000000
