ThreadID, cIDX, Time, cycles, deltaT, RX, OnRX, TX, SupTX, OnTX, Idle, OnIdle, Blocked, CacheMiss, CacheHit, CacheWB, CPUIdle, RX/s, TX/s, Sup/s
580, 0, 0, 0, 0, 0, 0, 0, 0, 0, 0, 0, 0, 0, 0, 0, 0, 0, 0, 0
580, 0, 1.000054, 210011301, 1.000054, 31644, 31644, 31632, 0, 7908, 0, 0, 0, 699271, 183326782, 286536, 26705450, 31642.297192, 31630.297838, 0.000000
580, 1, 2.000064, 210002116, 1.000010, 31676, 31676, 31685, 0, 7922, 0, 0, 2, 610367, 183409995, 244193, 26682559, 31675.680830, 31684.680739, 0.000000
580, 2, 3.000169, 210022094, 1.000105, 31695, 31695, 31683, 0, 7920, 0, 0, 0, 590076, 183352425, 234317, 26836632, 31691.665735, 31679.666997, 0.000000
580, 3, 4.000186, 210003605, 1.000017, 31638, 31638, 31640, 0, 7910, 0, 0, 0, 590276, 183440240, 234023, 26712915, 31637.456890, 31639.456856, 0.000000
580, 4, 5.000226, 210008407, 1.000040, 31631, 31631, 31644, 0, 7911, 0, 0, 0, 580045, 183087381, 230589, 27393802, 31629.733756, 31642.733236, 0.000000
580, 5, 6.000229, 210000488, 1.000002, 31628, 31628, 31609, 0, 7903, 0, 0, 0, 572011, 182998867, 225307, 27563743, 31627.926503, 31608.926547, 0.000000
580, 6, 7.000235, 210001278, 1.000006, 31652, 31652, 31681, 0, 7920, 0, 0, 0, 569203, 183042302, 223057, 27527115, 31651.807376, 31680.807200, 0.000000
580, 7, 8.000246, 210002290, 1.000011, 31644, 31644, 31631, 0, 7908, 0, 0, 1, 570245, 183082688, 224641, 27473734, 31643.654933, 31630.655075, 0.000000
