ThreadID, cIDX, Time, cycles, deltaT, RX, OnRX, TX, SupTX, OnTX, Idle, OnIdle, Blocked, CacheMiss, CacheHit, CacheWB, CPUIdle, RX/s, TX/s, Sup/s
10955, 0, 0, 0, 0, 0, 0, 0, 0, 0, 0, 0, 0, 0, 0, 0, 0, 0, 0, 0
10955, 0, 1.000508, 210106703, 1.000508, 27227, 27227, 27228, 0, 6807, 0, 0, 0, 644539, 182139547, 269666, 29058710, 27213.172728, 27214.172220, 0.000000
10955, 1, 2.000694, 210038942, 1.000185, 27126, 27126, 27122, 0, 6781, 0, 0, 5, 563543, 182130984, 229105, 29141257, 27120.970739, 27116.971480, 0.000000
10955, 2, 3.000698, 210000991, 1.000005, 27132, 27132, 27136, 0, 6784, 0, 0, 7, 555808, 182065315, 226434, 29264792, 27131.871963, 27135.871945, 0.000000
10955, 3, 4.000701, 210000526, 1.000003, 27162, 27162, 27165, 0, 6791, 0, 0, 6, 542202, 182077022, 220335, 29069670, 27161.931966, 27164.931958, 0.000000
10955, 4, 5.000706, 210001079, 1.000005, 27172, 27172, 27169, 0, 6792, 0, 0, 5, 527238, 181874325, 212731, 29654316, 27171.860388, 27168.860404, 0.000000
10955, 5, 6.000875, 210035448, 1.000169, 27071, 27071, 27068, 0, 6767, 0, 0, 1, 519549, 181664813, 208735, 30000981, 27066.431186, 27063.431693, 0.000000
10955, 6, 7.000974, 210020795, 1.000099, 27131, 27131, 27125, 0, 6782, 0, 0, 0, 517668, 181829831, 208758, 29652094, 27128.313651, 27122.314245, 0.000000
10955, 7, 8.000978, 210000960, 1.000005, 27184, 27184, 27195, 0, 6798, 0, 0, 0, 515986, 181845100, 205735, 29732255, 27183.875731, 27194.875681, 0.000000
