ThreadID, cIDX, Time, cycles, deltaT, RX, OnRX, TX, SupTX, OnTX, Idle, OnIdle, Blocked, CacheMiss, CacheHit, CacheWB, CPUIdle, RX/s, TX/s, Sup/s
434, 0, 0, 0, 0, 0, 0, 0, 0, 0, 0, 0, 0, 0, 0, 0, 0, 0, 0, 0
434, 0, 1.000155, 210032574, 1.000155, 31606, 31606, 31616, 0, 7904, 0, 0, 0, 0, 0, 0, 25880068, 31601.098218, 31611.096667, 0.000000
434, 1, 2.000186, 210006437, 1.000031, 31684, 31684, 31682, 0, 7921, 0, 0, 4, 0, 0, 0, 25985947, 31683.028840, 31681.028901, 0.000000
434, 2, 3.000293, 210022428, 1.000107, 31712, 31712, 31694, 0, 7923, 0, 0, 0, 0, 0, 0, 26138576, 31708.613520, 31690.615442, 0.000000
434, 3, 4.000301, 210001831, 1.000009, 31674, 31674, 31680, 0, 7920, 0, 0, 0, 0, 0, 0, 25971658, 31673.723835, 31679.723783, 0.000000
434, 4, 5.000327, 210005422, 1.000026, 31692, 31692, 31680, 0, 7920, 0, 0, 0, 0, 0, 0, 26668979, 31691.181764, 31679.182074, 0.000000
434, 5, 6.000489, 210034075, 1.000162, 31625, 31625, 31624, 0, 7906, 0, 0, 0, 0, 0, 0, 26649527, 31619.869300, 31618.869462, 0.000000
434, 6, 7.000491, 210000349, 1.000002, 31677, 31677, 31699, 0, 7925, 0, 0, 1, 0, 0, 0, 26772926, 31676.947356, 31698.947319, 0.000000
434, 7, 8.000807, 210066424, 1.000316, 31619, 31619, 31601, 0, 7900, 0, 0, 0, 0, 0, 0, 26573501, 31609.001922, 31591.007614, 0.000000
