ThreadID, cIDX, Time, cycles, deltaT, RX, OnRX, TX, SupTX, OnTX, Idle, OnIdle, Blocked, CacheMiss, CacheHit, CacheWB, CPUIdle, RX/s, TX/s, Sup/s
8266, 0, 0, 0, 0, 0, 0, 0, 0, 0, 0, 0, 0, 0, 0, 0, 0, 0, 0, 0
8266, 0, 1.000002, 210000357, 1.000002, 27160, 27160, 27159, 0, 6790, 0, 0, 0, 653848, 182023304, 271156, 28986061, 27159.953828, 27158.953830, 0.000000
8266, 1, 2.000047, 210009590, 1.000046, 27131, 27131, 27133, 0, 6783, 0, 0, 0, 559729, 182146772, 221684, 28885324, 27129.761074, 27131.760983, 0.000000
8266, 2, 3.000340, 210061429, 1.000293, 27104, 27104, 27104, 0, 6776, 0, 0, 0, 541601, 182124753, 215466, 28970307, 27096.073882, 27096.073882, 0.000000
8266, 3, 4.000348, 210001634, 1.000008, 27215, 27215, 27220, 0, 6805, 0, 0, 4, 524147, 182098888, 206982, 28929681, 27214.788243, 27219.788204, 0.000000
8266, 4, 5.000351, 210000675, 1.000003, 27141, 27141, 27139, 0, 6785, 0, 0, 0, 513097, 181925658, 202765, 29337629, 27140.912761, 27138.912768, 0.000000
8266, 5, 6.000384, 210006919, 1.000033, 27097, 27097, 27097, 0, 6774, 0, 0, 0, 505176, 181714982, 198431, 29722754, 27096.107248, 27096.107248, 0.000000
8266, 6, 7.000401, 210003554, 1.000017, 27046, 27046, 27040, 0, 6760, 0, 0, 1, 502894, 181836927, 197073, 29392163, 27045.542286, 27039.542388, 0.000000
8266, 7, 8.000430, 210006228, 1.000030, 27230, 27230, 27232, 0, 6808, 0, 0, 0, 504631, 181968219, 198001, 28928792, 27229.192460, 27231.192401, 0.000000
