ThreadID, cIDX, Time, cycles, deltaT, RX, OnRX, TX, SupTX, OnTX, Idle, OnIdle, Blocked, CacheMiss, CacheHit, CacheWB, CPUIdle, RX/s, TX/s, Sup/s
9702, 0, 0, 0, 0, 0, 0, 0, 0, 0, 0, 0, 0, 0, 0, 0, 0, 0, 0, 0
9702, 0, 1.000267, 210055981, 1.000267, 31572, 31572, 31584, 0, 7896, 0, 0, 0, 0, 0, 0, 29079723, 31563.585900, 31575.582701, 0.000000
9702, 1, 2.000613, 210072845, 1.000347, 31673, 31673, 31668, 0, 7917, 0, 0, 0, 0, 0, 0, 28989914, 31662.017049, 31657.018783, 0.000000
9702, 2, 3.000669, 210011711, 1.000056, 31709, 31709, 31711, 0, 7928, 0, 0, 9, 0, 0, 0, 29024107, 31707.231793, 31709.231682, 0.000000
9702, 3, 4.000679, 210002114, 1.000010, 31660, 31660, 31653, 0, 7913, 0, 0, 0, 0, 0, 0, 29139510, 31659.681293, 31652.681363, 0.000000
9702, 4, 5.000715, 210007447, 1.000035, 31688, 31688, 31690, 0, 7923, 0, 0, 6, 0, 0, 0, 29323614, 31686.876323, 31688.876252, 0.000000
9702, 5, 6.000726, 210002373, 1.000011, 31624, 31624, 31614, 0, 7903, 0, 0, 4, 0, 0, 0, 29770216, 31623.642653, 31613.642766, 0.000000
9702, 6, 7.000904, 210037301, 1.000178, 31677, 31677, 31668, 0, 7917, 0, 0, 0, 0, 0, 0, 29503906, 31671.374410, 31662.376008, 0.000000
9702, 7, 8.000908, 210001005, 1.000005, 31662, 31662, 31681, 0, 7921, 0, 0, 1, 0, 0, 0, 29401883, 31661.848475, 31680.848385, 0.000000
