ThreadID, cIDX, Time, cycles, deltaT, RX, OnRX, TX, SupTX, OnTX, Idle, OnIdle, Blocked, CacheMiss, CacheHit, CacheWB, CPUIdle, RX/s, TX/s, Sup/s
8302, 0, 0, 0, 0, 0, 0, 0, 0, 0, 0, 0, 0, 0, 0, 0, 0, 0, 0, 0
8302, 0, 1.000400, 210083906, 1.000400, 27224, 27224, 27228, 0, 6807, 0, 0, 1, 0, 0, 0, 29154922, 27213.126930, 27217.125333, 0.000000
8302, 1, 2.000407, 210001651, 1.000008, 27103, 27103, 27093, 0, 6774, 0, 0, 4, 0, 0, 0, 28905433, 27102.786920, 27092.786999, 0.000000
8302, 2, 3.000418, 210002285, 1.000011, 27147, 27147, 27157, 0, 6789, 0, 0, 3, 0, 0, 0, 29006343, 27146.704618, 27156.704509, 0.000000
8302, 3, 4.000430, 210002524, 1.000012, 27191, 27191, 27190, 0, 6797, 0, 0, 3, 0, 0, 0, 29066513, 27190.673194, 27189.673206, 0.000000
8302, 4, 5.000436, 210001240, 1.000006, 27159, 27159, 27154, 0, 6789, 0, 0, 0, 0, 0, 0, 29365036, 27158.839634, 27153.839663, 0.000000
8302, 5, 6.000446, 210002142, 1.000010, 27103, 27103, 27106, 0, 6776, 0, 0, 0, 0, 0, 0, 29715256, 27102.723552, 27105.723522, 0.000000
8302, 6, 7.000455, 210001722, 1.000008, 27151, 27151, 27148, 0, 6787, 0, 0, 0, 0, 0, 0, 29469950, 27150.777364, 27147.777388, 0.000000
8302, 7, 8.000462, 210001613, 1.000008, 27196, 27196, 27203, 0, 6801, 0, 0, 1, 0, 0, 0, 29333946, 27195.791110, 27202.791057, 0.000000
