ThreadID, cIDX, Time, cycles, deltaT, RX, OnRX, TX, SupTX, OnTX, Idle, OnIdle, Blocked, CacheMiss, CacheHit, CacheWB, CPUIdle, RX/s, TX/s, Sup/s
10824, 0, 0, 0, 0, 0, 0, 0, 0, 0, 0, 0, 0, 0, 0, 0, 0, 0, 0, 0
10824, 0, 1.000010, 210002142, 1.000010, 27149, 27149, 27151, 0, 6788, 0, 0, 0, 652438, 182091963, 273023, 29103950, 27148.723083, 27150.723063, 0.000000
10824, 1, 2.000049, 210008152, 1.000039, 27115, 27115, 27113, 0, 6778, 0, 0, 4, 571110, 182126885, 233257, 29028083, 27113.947462, 27111.947540, 0.000000
10824, 2, 3.000050, 210000258, 1.000001, 27143, 27143, 27144, 0, 6786, 0, 0, 0, 549410, 182053161, 222802, 29215733, 27142.966653, 27143.966652, 0.000000
10824, 3, 4.000067, 210003610, 1.000017, 27231, 27231, 27230, 0, 6808, 0, 0, 3, 540229, 182081037, 218592, 29192525, 27230.531894, 27229.531911, 0.000000
10824, 4, 5.000164, 210020349, 1.000097, 27161, 27161, 27156, 0, 6789, 0, 0, 1, 528038, 181937717, 212572, 29459593, 27158.368354, 27153.368839, 0.000000
10824, 5, 6.000188, 210004964, 1.000024, 27062, 27062, 27066, 0, 6766, 0, 0, 3, 518954, 181674271, 207038, 29888717, 27061.360321, 27065.360226, 0.000000
10824, 6, 7.000287, 210020811, 1.000099, 27092, 27092, 27088, 0, 6772, 0, 0, 2, 514290, 181790229, 207013, 29816096, 27089.315449, 27085.315845, 0.000000
10824, 7, 8.000297, 210002079, 1.000010, 27206, 27206, 27213, 0, 6804, 0, 0, 0, 505905, 181844909, 201657, 29713326, 27205.730663, 27212.730594, 0.000000
