ThreadID, cIDX, Time, cycles, deltaT, RX, OnRX, TX, SupTX, OnTX, Idle, OnIdle, Blocked, CacheMiss, CacheHit, CacheWB, CPUIdle, RX/s, TX/s, Sup/s
1336, 0, 0, 0, 0, 0, 0, 0, 0, 0, 0, 0, 0, 0, 0, 0, 0, 0, 0, 0
1336, 0, 1.000014, 210002875, 1.000014, 27106, 27106, 27104, 0, 6776, 0, 0, 1, 0, 0, 0, 28238078, 27105.628911, 27103.628938, 0.000000
1336, 1, 2.000260, 210051647, 1.000246, 27180, 27180, 27180, 0, 6795, 0, 0, 3, 0, 0, 0, 28408542, 27173.317046, 27173.317046, 0.000000
1336, 2, 3.000265, 210001099, 1.000005, 27196, 27196, 27200, 0, 6800, 0, 0, 6, 0, 0, 0, 28404995, 27195.857675, 27199.857654, 0.000000
1336, 3, 4.000609, 210072367, 1.000345, 27063, 27063, 27056, 0, 6764, 0, 0, 0, 0, 0, 0, 28516748, 27053.677174, 27046.679585, 0.000000
1336, 4, 5.000684, 210015693, 1.000075, 27101, 27101, 27100, 0, 6775, 0, 0, 0, 0, 0, 0, 28663821, 27098.974932, 27097.975007, 0.000000
1336, 5, 6.000704, 210004144, 1.000020, 27174, 27174, 27179, 0, 6795, 0, 0, 0, 0, 0, 0, 29040370, 27173.463777, 27178.463678, 0.000000
1336, 6, 7.000710, 210001205, 1.000006, 27158, 27158, 27155, 0, 6789, 0, 0, 0, 0, 0, 0, 28798185, 27157.844166, 27154.844183, 0.000000
1336, 7, 8.000788, 210016352, 1.000078, 27057, 27057, 27062, 0, 6765, 0, 0, 0, 0, 0, 0, 28695195, 27054.893326, 27059.892936, 0.000000
