ThreadID, cIDX, Time, cycles, deltaT, RX, OnRX, TX, SupTX, OnTX, Idle, OnIdle, Blocked, CacheMiss, CacheHit, CacheWB, CPUIdle, RX/s, TX/s, Sup/s
655, 0, 0, 0, 0, 0, 0, 0, 0, 0, 0, 0, 0, 0, 0, 0, 0, 0, 0, 0
655, 0, 1.000005, 210001011, 1.000005, 26144, 26144, 26139, 0, 6819, 0, 0, 0, 703146, 183313939, 289059, 29439331, 26143.874136, 26138.874160, 0.000000
655, 1, 2.000067, 210013036, 1.000062, 25971, 25971, 25976, 0, 6777, 0, 0, 3, 612071, 183416097, 244664, 29476248, 25969.387919, 25974.387609, 0.000000
655, 2, 3.000140, 210015390, 1.000073, 25995, 25995, 26001, 0, 6783, 0, 0, 0, 589285, 183325448, 232301, 29683288, 25993.095077, 25999.094638, 0.000000
655, 3, 4.000190, 210010364, 1.000049, 26045, 26045, 26044, 0, 6795, 0, 0, 0, 579595, 183384026, 226782, 29490500, 26043.714681, 26042.714730, 0.000000
655, 4, 5.000216, 210005619, 1.000027, 25985, 25985, 25985, 0, 6777, 0, 0, 0, 565123, 183095041, 221197, 30042183, 25984.304734, 25984.304734, 0.000000
655, 5, 6.000302, 210017977, 1.000086, 25968, 25968, 25966, 0, 6775, 0, 0, 0, 556058, 183002266, 215617, 30243363, 25965.777206, 25963.777377, 0.000000
655, 6, 7.000313, 210002391, 1.000011, 26044, 26044, 26036, 0, 6794, 0, 0, 0, 558839, 183078519, 217183, 30162076, 26043.703474, 26035.703565, 0.000000
655, 7, 8.000336, 210004763, 1.000023, 25973, 25973, 25980, 0, 6776, 0, 0, 0, 554088, 183089008, 214491, 30107093, 25972.410921, 25979.410762, 0.000000
