ThreadID, cIDX, Time, cycles, deltaT, RX, OnRX, TX, SupTX, OnTX, Idle, OnIdle, Blocked, CacheMiss, CacheHit, CacheWB, CPUIdle, RX/s, TX/s, Sup/s
1420, 0, 0, 0, 0, 0, 0, 0, 0, 0, 0, 0, 0, 0, 0, 0, 0, 0, 0, 0
1420, 0, 1.000020, 210004114, 1.000020, 27230, 27230, 27232, 0, 6808, 0, 0, 0, 665457, 182049334, 270097, 31822278, 27229.466562, 27231.466523, 0.000000
1420, 1, 2.000051, 210006653, 1.000032, 27135, 27135, 27124, 0, 6781, 0, 0, 0, 568085, 182089261, 226001, 31831086, 27134.140365, 27123.140713, 0.000000
1420, 2, 3.000061, 210002056, 1.000010, 27136, 27136, 27144, 0, 6786, 0, 0, 4, 531945, 182052535, 210412, 31855348, 27135.734328, 27143.734250, 0.000000
1420, 3, 4.000096, 210007284, 1.000035, 27041, 27041, 27048, 0, 6762, 0, 0, 4, 521532, 182038682, 206030, 31816910, 27040.062096, 27047.061853, 0.000000
1420, 4, 5.000120, 210005196, 1.000025, 27106, 27106, 27096, 0, 6774, 0, 0, 0, 515789, 181824611, 202352, 32289479, 27105.329337, 27095.329584, 0.000000
1420, 5, 6.000124, 210000808, 1.000004, 27149, 27149, 27150, 0, 6788, 0, 0, 7, 510935, 181726533, 200254, 32473959, 27148.895541, 27149.895538, 0.000000
1420, 6, 7.000162, 210007823, 1.000037, 26994, 26994, 26998, 0, 6749, 0, 0, 0, 511158, 181864854, 199239, 32319283, 26992.994447, 26996.994298, 0.000000
1420, 7, 8.000163, 210000247, 1.000001, 27161, 27161, 27168, 0, 6792, 0, 0, 0, 510141, 181968043, 199205, 32034285, 27160.968054, 27167.968045, 0.000000
