ThreadID, cIDX, Time, cycles, deltaT, RX, OnRX, TX, SupTX, OnTX, Idle, OnIdle, Blocked, CacheMiss, CacheHit, CacheWB, CPUIdle, RX/s, TX/s, Sup/s
72, 0, 0, 0, 0, 0, 0, 0, 0, 0, 0, 0, 0, 0, 0, 0, 0, 0, 0, 0
72, 0, 1.000062, 210013050, 1.000062, 30501, 30501, 30497, 0, 7906, 0, 0, 0, 691293, 183421930, 285111, 26620867, 30499.104698, 30495.104947, 0.000000
72, 1, 2.000063, 210000192, 1.000001, 30578, 30578, 30585, 0, 7929, 0, 0, 2, 599786, 183486125, 239421, 26526317, 30577.972043, 30584.972037, 0.000000
72, 2, 3.000089, 210005504, 1.000026, 30485, 30485, 30492, 0, 7907, 0, 0, 0, 584787, 183382712, 232087, 26778561, 30484.201024, 30491.200840, 0.000000
72, 3, 4.000091, 210000445, 1.000002, 30589, 30589, 30585, 0, 7929, 0, 0, 1, 580741, 183411198, 230413, 26770649, 30588.935181, 30584.935189, 0.000000
72, 4, 5.000364, 210057208, 1.000272, 30482, 30482, 30475, 0, 7903, 0, 0, 0, 572357, 183277309, 227446, 27120583, 30473.698384, 30466.700291, 0.000000
72, 5, 6.000577, 210044790, 1.000213, 30479, 30479, 30476, 0, 7902, 0, 0, 1, 559228, 183158395, 220209, 27331622, 30472.500651, 30469.501291, 0.000000
72, 6, 7.000596, 210004053, 1.000019, 30524, 30524, 30524, 0, 7913, 0, 0, 1, 549693, 183178624, 215356, 27168996, 30523.410898, 30523.410898, 0.000000
72, 7, 8.000616, 210004152, 1.000020, 30493, 30493, 30501, 0, 7908, 0, 0, 1, 547879, 183332034, 214272, 26770886, 30492.397122, 30500.396964, 0.000000
