ThreadID, cIDX, Time, cycles, deltaT, RX, OnRX, TX, SupTX, OnTX, Idle, OnIdle, Blocked, CacheMiss, CacheHit, CacheWB, CPUIdle, RX/s, TX/s, Sup/s
2644, 0, 0, 0, 0, 0, 0, 0, 0, 0, 0, 0, 0, 0, 0, 0, 0, 0, 0, 0
2644, 0, 1.000504, 210105743, 1.000504, 31522, 31522, 31532, 0, 7883, 0, 0, 1, 0, 0, 0, 29114368, 31506.135461, 31516.130428, 0.000000
2644, 1, 2.000517, 210002907, 1.000014, 31672, 31672, 31649, 0, 7913, 0, 0, 3, 0, 0, 0, 28903932, 31671.561575, 31648.561893, 0.000000
2644, 2, 3.000552, 210007234, 1.000034, 31682, 31682, 31703, 0, 7925, 0, 0, 9, 0, 0, 0, 29014831, 31680.908668, 31701.907945, 0.000000
2644, 3, 4.000560, 210001645, 1.000008, 31619, 31619, 31621, 0, 7906, 0, 0, 10, 0, 0, 0, 29247051, 31618.752320, 31620.752304, 0.000000
2644, 4, 5.000577, 210003631, 1.000017, 31701, 31701, 31688, 0, 7922, 0, 0, 7, 0, 0, 0, 29590918, 31700.451884, 31687.452109, 0.000000
2644, 5, 6.000810, 210048925, 1.000233, 31571, 31571, 31567, 0, 7891, 0, 0, 2, 0, 0, 0, 30106566, 31563.646422, 31559.647354, 0.000000
2644, 6, 7.001117, 210064446, 1.000307, 31605, 31605, 31603, 0, 7901, 0, 0, 0, 0, 0, 0, 29959563, 31595.303853, 31593.304466, 0.000000
2644, 7, 8.001692, 210120845, 1.000575, 31725, 31725, 31717, 0, 7929, 0, 0, 0, 0, 0, 0, 29636840, 31706.754273, 31698.758874, 0.000000
