ThreadID, cIDX, Time, cycles, deltaT, RX, OnRX, TX, SupTX, OnTX, Idle, OnIdle, Blocked, CacheMiss, CacheHit, CacheWB, CPUIdle, RX/s, TX/s, Sup/s
10765, 0, 0, 0, 0, 0, 0, 0, 0, 0, 0, 0, 0, 0, 0, 0, 0, 0, 0, 0
10765, 0, 1.000038, 210008019, 1.000038, 27225, 27225, 27228, 0, 6807, 0, 0, 0, 646213, 182123485, 270680, 31603725, 27223.960434, 27226.960319, 0.000000
10765, 1, 2.000719, 210142896, 1.000680, 27186, 27186, 27188, 0, 6797, 0, 0, 2, 557060, 182135397, 222690, 31797008, 27167.513671, 27169.512311, 0.000000
10765, 2, 3.000749, 210006381, 1.000030, 27155, 27155, 27149, 0, 6788, 0, 0, 6, 540725, 182099413, 215717, 31745839, 27154.174901, 27148.175083, 0.000000
10765, 3, 4.000753, 210000828, 1.000004, 27119, 27119, 27126, 0, 6781, 0, 0, 6, 529600, 182044878, 212291, 31915475, 27118.893074, 27125.893046, 0.000000
10765, 4, 5.000837, 210017559, 1.000084, 27134, 27134, 27125, 0, 6781, 0, 0, 3, 520534, 181946447, 206425, 32129123, 27131.731400, 27122.732152, 0.000000
10765, 5, 6.000891, 210011387, 1.000054, 27129, 27129, 27132, 0, 6783, 0, 0, 0, 517895, 181694453, 205748, 32618194, 27127.529042, 27130.528879, 0.000000
10765, 6, 7.001011, 210025136, 1.000120, 27142, 27142, 27140, 0, 6785, 0, 0, 0, 512769, 181786329, 203024, 32453802, 27138.751621, 27136.751860, 0.000000
10765, 7, 8.001024, 210002744, 1.000013, 27085, 27085, 27096, 0, 6774, 0, 0, 0, 513589, 181830882, 202915, 32309543, 27084.646094, 27095.645950, 0.000000
