ThreadID, cIDX, Time, cycles, deltaT, RX, OnRX, TX, SupTX, OnTX, Idle, OnIdle, Blocked, CacheMiss, CacheHit, CacheWB, CPUIdle, RX/s, TX/s, Sup/s
10710, 0, 0, 0, 0, 0, 0, 0, 0, 0, 0, 0, 0, 0, 0, 0, 0, 0, 0, 0
10710, 0, 1.000001, 210000206, 1.000001, 31656, 31656, 31647, 0, 7912, 0, 0, 1, 0, 0, 0, 29004476, 31655.968947, 31646.968956, 0.000000
10710, 1, 2.000087, 210018089, 1.000086, 31644, 31644, 31641, 0, 7910, 0, 0, 3, 0, 0, 0, 29151323, 31641.274481, 31638.274739, 0.000000
10710, 2, 3.000089, 210000406, 1.000002, 31671, 31671, 31680, 0, 7920, 0, 0, 3, 0, 0, 0, 29244744, 31670.938770, 31679.938752, 0.000000
10710, 3, 4.000139, 210010431, 1.000050, 31680, 31680, 31689, 0, 7923, 0, 0, 9, 0, 0, 0, 29408278, 31678.426487, 31687.426040, 0.000000
10710, 4, 5.000180, 210008672, 1.000041, 31705, 31705, 31683, 0, 7920, 0, 0, 11, 0, 0, 0, 29614546, 31703.690789, 31681.691697, 0.000000
10710, 5, 6.000327, 210030869, 1.000147, 31545, 31545, 31552, 0, 7888, 0, 0, 2, 0, 0, 0, 30192527, 31540.363717, 31547.362688, 0.000000
10710, 6, 7.000349, 210004664, 1.000022, 31618, 31618, 31615, 0, 7904, 0, 0, 2, 0, 0, 0, 29886247, 31617.297795, 31614.297861, 0.000000
10710, 7, 8.000372, 210004731, 1.000023, 31655, 31655, 31667, 0, 7917, 0, 0, 0, 0, 0, 0, 29729397, 31654.286874, 31666.286604, 0.000000
