ThreadID, cIDX, Time, cycles, deltaT, RX, OnRX, TX, SupTX, OnTX, Idle, OnIdle, Blocked, CacheMiss, CacheHit, CacheWB, CPUIdle, RX/s, TX/s, Sup/s
208, 0, 0, 0, 0, 0, 0, 0, 0, 0, 0, 0, 0, 0, 0, 0, 0, 0, 0, 0
208, 0, 1.000020, 210004220, 1.000020, 30503, 30503, 30498, 0, 7908, 0, 0, 0, 0, 0, 0, 26721351, 30502.387047, 30497.387148, 0.000000
208, 1, 2.000051, 210006400, 1.000030, 30576, 30576, 30586, 0, 7930, 0, 0, 2, 0, 0, 0, 26610360, 30575.068188, 30585.067884, 0.000000
208, 2, 3.000058, 210001640, 1.000008, 30565, 30565, 30558, 0, 7923, 0, 0, 1, 0, 0, 0, 26770408, 30564.761304, 30557.761358, 0.000000
208, 3, 4.000065, 210001399, 1.000007, 30581, 30581, 30576, 0, 7929, 0, 0, 0, 0, 0, 0, 26622399, 30580.796274, 30575.796307, 0.000000
208, 4, 5.000095, 210006219, 1.000030, 30537, 30537, 30547, 0, 7917, 0, 0, 1, 0, 0, 0, 26908321, 30536.095695, 30546.095399, 0.000000
208, 5, 6.000352, 210054057, 1.000257, 30481, 30481, 30465, 0, 7897, 0, 0, 0, 0, 0, 0, 27379117, 30473.155774, 30457.159892, 0.000000
208, 6, 7.000356, 210000907, 1.000004, 30581, 30581, 30593, 0, 7934, 0, 0, 3, 0, 0, 0, 27275681, 30580.867920, 30592.867868, 0.000000
208, 7, 8.000357, 210000171, 1.000001, 30520, 30520, 30520, 0, 7914, 0, 0, 0, 0, 0, 0, 27188623, 30519.975148, 30519.975148, 0.000000
