ThreadID, cIDX, Time, cycles, deltaT, RX, OnRX, TX, SupTX, OnTX, Idle, OnIdle, Blocked, CacheMiss, CacheHit, CacheWB, CPUIdle, RX/s, TX/s, Sup/s
9722, 0, 0, 0, 0, 0, 0, 0, 0, 0, 0, 0, 0, 0, 0, 0, 0, 0, 0, 0
9722, 0, 1.000007, 210001439, 1.000007, 27165, 27165, 27158, 0, 6790, 0, 0, 1, 0, 0, 0, 30922314, 27164.813856, 27157.813904, 0.000000
9722, 1, 2.000011, 210000777, 1.000004, 27170, 27170, 27175, 0, 6794, 0, 0, 8, 0, 0, 0, 30914217, 27169.899471, 27174.899453, 0.000000
9722, 2, 3.000015, 210000876, 1.000004, 27142, 27142, 27140, 0, 6785, 0, 0, 5, 0, 0, 0, 31011125, 27141.886780, 27139.886788, 0.000000
9722, 3, 4.000035, 210004187, 1.000020, 27131, 27131, 27139, 0, 6784, 0, 0, 8, 0, 0, 0, 31128761, 27130.459070, 27138.458911, 0.000000
9722, 4, 5.000040, 210001196, 1.000006, 27122, 27122, 27119, 0, 6780, 0, 0, 4, 0, 0, 0, 31329036, 27121.845535, 27118.845552, 0.000000
9722, 5, 6.000056, 210003205, 1.000015, 27081, 27081, 27078, 0, 6770, 0, 0, 0, 0, 0, 0, 31702380, 27080.586699, 27077.586744, 0.000000
9722, 6, 7.000106, 210010521, 1.000050, 27093, 27093, 27096, 0, 6774, 0, 0, 1, 0, 0, 0, 31379623, 27091.642709, 27094.642558, 0.000000
9722, 7, 8.000151, 210009453, 1.000045, 27143, 27143, 27151, 0, 6787, 0, 0, 0, 0, 0, 0, 31281879, 27141.778232, 27149.777872, 0.000000
