ThreadID, cIDX, Time, cycles, deltaT, RX, OnRX, TX, SupTX, OnTX, Idle, OnIdle, Blocked, CacheMiss, CacheHit, CacheWB, CPUIdle, RX/s, TX/s, Sup/s
2221, 0, 0, 0, 0, 0, 0, 0, 0, 0, 0, 0, 0, 0, 0, 0, 0, 0, 0, 0
2221, 0, 1.000017, 210003659, 1.000017, 27221, 27221, 27222, 0, 6806, 0, 0, 6, 0, 0, 0, 28246791, 27220.525715, 27221.525697, 0.000000
2221, 1, 2.000748, 210153424, 1.000731, 27202, 27202, 27214, 0, 6803, 0, 0, 5, 0, 0, 0, 28221846, 27182.140987, 27194.132226, 0.000000
2221, 2, 3.000861, 210023806, 1.000113, 27113, 27113, 27100, 0, 6775, 0, 0, 0, 0, 0, 0, 28434569, 27109.926767, 27096.928241, 0.000000
2221, 3, 4.000921, 210012552, 1.000060, 27153, 27153, 27152, 0, 6788, 0, 0, 4, 0, 0, 0, 28657624, 27151.377123, 27150.377183, 0.000000
2221, 4, 5.001043, 210025693, 1.000122, 27139, 27139, 27132, 0, 6783, 0, 0, 7, 0, 0, 0, 28795192, 27135.680014, 27128.680870, 0.000000
2221, 5, 6.001093, 210010340, 1.000049, 27080, 27080, 27096, 0, 6774, 0, 0, 6, 0, 0, 0, 29180022, 27078.666698, 27094.665910, 0.000000
2221, 6, 7.001286, 210040565, 1.000193, 27110, 27110, 27100, 0, 6775, 0, 0, 6, 0, 0, 0, 28983818, 27104.764263, 27094.766194, 0.000000
2221, 7, 8.001306, 210004166, 1.000020, 27121, 27121, 27116, 0, 6779, 0, 0, 2, 0, 0, 0, 28688188, 27120.461982, 27115.462081, 0.000000
