ThreadID, cIDX, Time, cycles, deltaT, RX, OnRX, TX, SupTX, OnTX, Idle, OnIdle, Blocked, CacheMiss, CacheHit, CacheWB, CPUIdle, RX/s, TX/s, Sup/s
9985, 0, 0, 0, 0, 0, 0, 0, 0, 0, 0, 0, 0, 0, 0, 0, 0, 0, 0, 0
9985, 0, 1.000193, 210040619, 1.000193, 31657, 31657, 31664, 0, 7916, 0, 0, 0, 672165, 182121415, 277700, 31614643, 31650.877967, 31657.876613, 0.000000
9985, 1, 2.000267, 210015501, 1.000074, 31640, 31640, 31629, 0, 7908, 0, 0, 12, 573666, 182176252, 231998, 31591614, 31637.664688, 31626.665500, 0.000000
9985, 2, 3.000341, 210015561, 1.000074, 31655, 31655, 31650, 0, 7912, 0, 0, 15, 551995, 182080715, 224589, 31806580, 31652.654538, 31647.654909, 0.000000
9985, 3, 4.000374, 210006800, 1.000032, 31681, 31681, 31690, 0, 7923, 0, 0, 12, 535696, 182058918, 216437, 31873199, 31679.974172, 31688.973881, 0.000000
9985, 4, 5.000806, 210090707, 1.000432, 31703, 31703, 31691, 0, 7922, 0, 0, 1, 534410, 181959861, 215324, 32254386, 31689.312179, 31677.317360, 0.000000
9985, 5, 6.001070, 210055551, 1.000265, 31593, 31593, 31588, 0, 7897, 0, 0, 8, 527377, 181762742, 213518, 32456451, 31584.644959, 31579.646281, 0.000000
9985, 6, 7.001361, 210061148, 1.000291, 31607, 31607, 31608, 0, 7902, 0, 0, 0, 527601, 181848487, 212371, 32317908, 31597.799323, 31598.799032, 0.000000
9985, 7, 8.001430, 210014485, 1.000069, 31736, 31736, 31736, 0, 7934, 0, 0, 0, 526512, 181900212, 213219, 32207757, 31733.811123, 31733.811123, 0.000000
