ThreadID, cIDX, Time, cycles, deltaT, RX, OnRX, TX, SupTX, OnTX, Idle, OnIdle, Blocked, CacheMiss, CacheHit, CacheWB, CPUIdle, RX/s, TX/s, Sup/s
2003, 0, 0, 0, 0, 0, 0, 0, 0, 0, 0, 0, 0, 0, 0, 0, 0, 0, 0, 0
2003, 0, 1.000004, 210000871, 1.000004, 31657, 31657, 31659, 0, 7915, 0, 0, 0, 0, 0, 0, 29111419, 31656.868699, 31658.868691, 0.000000
2003, 1, 2.000019, 210003208, 1.000015, 31655, 31655, 31647, 0, 7912, 0, 0, 2, 0, 0, 0, 29069904, 31654.516440, 31646.516562, 0.000000
2003, 2, 3.000025, 210001242, 1.000006, 31619, 31619, 31615, 0, 7904, 0, 0, 9, 0, 0, 0, 29342030, 31618.812997, 31614.813021, 0.000000
2003, 3, 4.000055, 210006219, 1.000030, 31735, 31735, 31759, 0, 7939, 0, 0, 12, 0, 0, 0, 29446423, 31734.060218, 31758.059508, 0.000000
2003, 4, 5.000134, 210016639, 1.000079, 31640, 31640, 31632, 0, 7908, 0, 0, 0, 0, 0, 0, 29509533, 31637.493256, 31629.493890, 0.000000
2003, 5, 6.000315, 210037901, 1.000180, 31594, 31594, 31576, 0, 7894, 0, 0, 0, 0, 0, 0, 29952962, 31588.298914, 31570.302162, 0.000000
2003, 6, 7.000590, 210057731, 1.000275, 31707, 31707, 31720, 0, 7930, 0, 0, 0, 0, 0, 0, 29824754, 31698.285839, 31711.282266, 0.000000
2003, 7, 8.000598, 210001667, 1.000008, 31660, 31660, 31644, 0, 7911, 0, 0, 0, 0, 0, 0, 29699499, 31659.748682, 31643.748809, 0.000000
