ThreadID, cIDX, Time, cycles, deltaT, RX, OnRX, TX, SupTX, OnTX, Idle, OnIdle, Blocked, CacheMiss, CacheHit, CacheWB, CPUIdle, RX/s, TX/s, Sup/s
10929, 0, 0, 0, 0, 0, 0, 0, 0, 0, 0, 0, 0, 0, 0, 0, 0, 0, 0, 0
10929, 0, 1.000434, 210091121, 1.000434, 31617, 31617, 31624, 0, 7906, 0, 0, 0, 0, 0, 0, 28262033, 31603.287033, 31610.283997, 0.000000
10929, 1, 2.000647, 210044852, 1.000214, 31739, 31739, 31723, 0, 7931, 0, 0, 15, 0, 0, 0, 28369271, 31732.222602, 31716.226018, 0.000000
10929, 2, 3.000666, 210003841, 1.000018, 31693, 31693, 31707, 0, 7927, 0, 0, 8, 0, 0, 0, 28440394, 31692.420331, 31706.420074, 0.000000
10929, 3, 4.000767, 210021176, 1.000101, 31605, 31605, 31599, 0, 7900, 0, 0, 10, 0, 0, 0, 28263391, 31601.813333, 31595.813938, 0.000000
10929, 4, 5.000776, 210001975, 1.000009, 31567, 31567, 31574, 0, 7893, 0, 0, 4, 0, 0, 0, 28821659, 31566.703123, 31573.703057, 0.000000
10929, 5, 6.001008, 210048650, 1.000232, 31730, 31730, 31709, 0, 7927, 0, 0, 5, 0, 0, 0, 29144117, 31722.650919, 31701.655783, 0.000000
10929, 6, 7.001033, 210005311, 1.000025, 31506, 31506, 31530, 0, 7883, 0, 0, 0, 0, 0, 0, 28865533, 31505.203218, 31529.202611, 0.000000
10929, 7, 8.001113, 210016731, 1.000080, 31611, 31611, 31606, 0, 7901, 0, 0, 0, 0, 0, 0, 28960046, 31608.481707, 31603.482105, 0.000000
