ThreadID, cIDX, Time, cycles, deltaT, RX, OnRX, TX, SupTX, OnTX, Idle, OnIdle, Blocked, CacheMiss, CacheHit, CacheWB, CPUIdle, RX/s, TX/s, Sup/s
800, 0, 0, 0, 0, 0, 0, 0, 0, 0, 0, 0, 0, 0, 0, 0, 0, 0, 0, 0
800, 0, 1.000001, 210000222, 1.000001, 30599, 30599, 30608, 0, 7936, 0, 0, 0, 0, 0, 0, 25876630, 30598.967653, 30607.967643, 0.000000
800, 1, 2.000003, 210000402, 1.000002, 30524, 30524, 30504, 0, 7910, 0, 0, 0, 0, 0, 0, 25886179, 30523.941568, 30503.941607, 0.000000
800, 2, 3.000025, 210004631, 1.000022, 30505, 30505, 30514, 0, 7911, 0, 0, 0, 0, 0, 0, 26148598, 30504.327307, 30513.327108, 0.000000
800, 3, 4.000031, 210001182, 1.000006, 30595, 30595, 30608, 0, 7935, 0, 0, 0, 0, 0, 0, 26025412, 30594.827795, 30607.827722, 0.000000
800, 4, 5.000140, 210022881, 1.000109, 30506, 30506, 30480, 0, 7901, 0, 0, 0, 0, 0, 0, 26401978, 30502.676516, 30476.679348, 0.000000
800, 5, 6.000160, 210004372, 1.000021, 30477, 30477, 30490, 0, 7905, 0, 0, 0, 0, 0, 0, 26698829, 30476.365511, 30489.365240, 0.000000
800, 6, 7.000204, 210009197, 1.000044, 30515, 30515, 30518, 0, 7913, 0, 0, 0, 0, 0, 0, 26607475, 30513.663647, 30516.663515, 0.000000
800, 7, 8.000228, 210004959, 1.000024, 30574, 30574, 30579, 0, 7927, 0, 0, 1, 0, 0, 0, 26250795, 30573.278034, 30578.277916, 0.000000
