ThreadID, cIDX, Time, cycles, deltaT, RX, OnRX, TX, SupTX, OnTX, Idle, OnIdle, Blocked, CacheMiss, CacheHit, CacheWB, CPUIdle, RX/s, TX/s, Sup/s
3071, 0, 0, 0, 0, 0, 0, 0, 0, 0, 0, 0, 0, 0, 0, 0, 0, 0, 0, 0
3071, 0, 1.000038, 210008075, 1.000038, 27149, 27149, 27152, 0, 6788, 0, 0, 0, 0, 0, 0, 30842556, 27147.956096, 27150.955981, 0.000000
3071, 1, 2.000215, 210037035, 1.000176, 27183, 27183, 27178, 0, 6795, 0, 0, 2, 0, 0, 0, 30840723, 27178.206929, 27173.207811, 0.000000
3071, 2, 3.000358, 210030095, 1.000143, 27171, 27171, 27174, 0, 6793, 0, 0, 11, 0, 0, 0, 31042283, 27167.106695, 27170.106265, 0.000000
3071, 3, 4.000386, 210005760, 1.000027, 27125, 27125, 27125, 0, 6782, 0, 0, 9, 0, 0, 0, 30907734, 27124.256020, 27124.256020, 0.000000
3071, 4, 5.000422, 210007604, 1.000036, 27155, 27155, 27161, 0, 6790, 0, 0, 10, 0, 0, 0, 31191660, 27154.016766, 27160.016549, 0.000000
3071, 5, 6.000531, 210022929, 1.000109, 27117, 27117, 27114, 0, 6778, 0, 0, 6, 0, 0, 0, 31582743, 27114.039534, 27111.039862, 0.000000
3071, 6, 7.000545, 210002886, 1.000014, 27150, 27150, 27152, 0, 6788, 0, 0, 0, 0, 0, 0, 31548413, 27149.626887, 27151.626859, 0.000000
3071, 7, 8.000749, 210042911, 1.000204, 27106, 27106, 27096, 0, 6774, 0, 0, 0, 0, 0, 0, 31085818, 27100.462343, 27090.464386, 0.000000
