ThreadID, cIDX, Time, cycles, deltaT, RX, OnRX, TX, SupTX, OnTX, Idle, OnIdle, Blocked, CacheMiss, CacheHit, CacheWB, CPUIdle, RX/s, TX/s, Sup/s
1811, 0, 0, 0, 0, 0, 0, 0, 0, 0, 0, 0, 0, 0, 0, 0, 0, 0, 0, 0
1811, 0, 1.000046, 210009700, 1.000046, 31617, 31617, 31604, 0, 7901, 0, 0, 0, 0, 0, 0, 29719220, 31615.539663, 31602.540264, 0.000000
1811, 1, 2.000090, 210009208, 1.000044, 31678, 31678, 31688, 0, 7922, 0, 0, 4, 0, 0, 0, 29858353, 31676.611056, 31686.610618, 0.000000
1811, 2, 3.000157, 210013965, 1.000066, 31638, 31638, 31656, 0, 7914, 0, 0, 1, 0, 0, 0, 29921297, 31635.896213, 31653.895016, 0.000000
1811, 3, 4.000182, 210005354, 1.000025, 31730, 31730, 31714, 0, 7929, 0, 0, 5, 0, 0, 0, 30132295, 31729.191057, 31713.191465, 0.000000
1811, 4, 5.000204, 210004682, 1.000022, 31624, 31624, 31622, 0, 7905, 0, 0, 3, 0, 0, 0, 30226236, 31623.294951, 31621.294996, 0.000000
1811, 5, 6.000798, 210124697, 1.000594, 31634, 31634, 31620, 0, 7905, 0, 0, 0, 0, 0, 0, 30690553, 31615.227029, 31601.235337, 0.000000
1811, 6, 7.000822, 210005027, 1.000024, 31688, 31688, 31720, 0, 7930, 0, 0, 0, 0, 0, 0, 30544108, 31687.241468, 31719.240702, 0.000000
1811, 7, 8.001292, 210098668, 1.000470, 31698, 31698, 31668, 0, 7917, 0, 0, 0, 0, 0, 0, 30297693, 31683.113764, 31653.127853, 0.000000
