ThreadID, cIDX, Time, cycles, deltaT, RX, OnRX, TX, SupTX, OnTX, Idle, OnIdle, Blocked, CacheMiss, CacheHit, CacheWB, CPUIdle, RX/s, TX/s, Sup/s
1424, 0, 0, 0, 0, 0, 0, 0, 0, 0, 0, 0, 0, 0, 0, 0, 0, 0, 0, 0
1424, 0, 1.000015, 210003244, 1.000015, 30581, 30581, 30583, 0, 7929, 0, 0, 0, 0, 0, 0, 29799599, 30580.527604, 30582.527573, 0.000000
1424, 1, 2.000258, 210050992, 1.000243, 30499, 30499, 30511, 0, 7911, 0, 0, 1, 0, 0, 0, 29909085, 30491.596060, 30503.593147, 0.000000
1424, 2, 3.000288, 210006222, 1.000030, 30505, 30505, 30501, 0, 7908, 0, 0, 5, 0, 0, 0, 29961107, 30504.096207, 30500.096326, 0.000000
1424, 3, 4.000340, 210010988, 1.000052, 30576, 30576, 30562, 0, 7921, 0, 0, 1, 0, 0, 0, 29969324, 30574.400231, 30560.400963, 0.000000
1424, 4, 5.000345, 210000998, 1.000005, 30547, 30547, 30560, 0, 7924, 0, 0, 7, 0, 0, 0, 30380070, 30546.854830, 30559.854768, 0.000000
1424, 5, 6.000353, 210001599, 1.000008, 30454, 30454, 30442, 0, 7893, 0, 0, 4, 0, 0, 0, 30511666, 30453.768116, 30441.768208, 0.000000
1424, 6, 7.000378, 210005414, 1.000026, 30467, 30467, 30477, 0, 7900, 0, 0, 0, 0, 0, 0, 30358138, 30466.214552, 30476.214294, 0.000000
1424, 7, 8.000431, 210011140, 1.000053, 30606, 30606, 30610, 0, 7937, 0, 0, 0, 0, 0, 0, 30180888, 30604.376511, 30608.376299, 0.000000
