ThreadID, cIDX, Time, cycles, deltaT, RX, OnRX, TX, SupTX, OnTX, Idle, OnIdle, Blocked, CacheMiss, CacheHit, CacheWB, CPUIdle, RX/s, TX/s, Sup/s
10062, 0, 0, 0, 0, 0, 0, 0, 0, 0, 0, 0, 0, 0, 0, 0, 0, 0, 0, 0
10062, 0, 1.000041, 210008558, 1.000041, 27231, 27231, 27232, 0, 6808, 0, 0, 0, 650987, 182119633, 271350, 29114766, 27229.890317, 27230.890276, 0.000000
10062, 1, 2.000072, 210006530, 1.000031, 27200, 27200, 27201, 0, 6801, 0, 0, 9, 566506, 182125919, 229158, 29029525, 27199.154236, 27200.154205, 0.000000
10062, 2, 3.000099, 210005742, 1.000027, 27132, 27132, 27125, 0, 6781, 0, 0, 11, 545638, 182001768, 219100, 29319589, 27131.258154, 27124.258345, 0.000000
10062, 3, 4.000143, 210009229, 1.000044, 27078, 27078, 27086, 0, 6771, 0, 0, 8, 535595, 181972284, 213448, 29423899, 27076.810039, 27084.809687, 0.000000
10062, 4, 5.000205, 210012956, 1.000062, 27129, 27129, 27124, 0, 6781, 0, 0, 4, 529226, 181874938, 209731, 29628950, 27127.326373, 27122.326682, 0.000000
10062, 5, 6.000229, 210005153, 1.000025, 27132, 27132, 27133, 0, 6784, 0, 0, 6, 514011, 181673304, 202533, 29953911, 27131.334249, 27132.334224, 0.000000
10062, 6, 7.000247, 210003678, 1.000018, 26955, 26955, 26960, 0, 6740, 0, 0, 2, 518338, 181767111, 204148, 29825678, 26954.527911, 26959.527823, 0.000000
10062, 7, 8.000325, 210016375, 1.000078, 27146, 27146, 27147, 0, 6786, 0, 0, 0, 517132, 181876040, 203674, 29675344, 27143.883423, 27144.883345, 0.000000
