ThreadID, cIDX, Time, cycles, deltaT, RX, OnRX, TX, SupTX, OnTX, Idle, OnIdle, Blocked, CacheMiss, CacheHit, CacheWB, CPUIdle, RX/s, TX/s, Sup/s
1133, 0, 0, 0, 0, 0, 0, 0, 0, 0, 0, 0, 0, 0, 0, 0, 0, 0, 0, 0
1133, 0, 1.000030, 210006237, 1.000030, 27262, 27262, 27265, 0, 6817, 0, 0, 1, 0, 0, 0, 29024907, 27261.190343, 27264.190254, 0.000000
1133, 1, 2.000311, 210058971, 1.000281, 27152, 27152, 27152, 0, 6788, 0, 0, 9, 0, 0, 0, 29058399, 27144.377471, 27144.377471, 0.000000
1133, 2, 3.000322, 210002392, 1.000011, 27129, 27129, 27123, 0, 6780, 0, 0, 7, 0, 0, 0, 29254991, 27128.690991, 27122.691060, 0.000000
1133, 3, 4.000354, 210006694, 1.000032, 27184, 27184, 27188, 0, 6797, 0, 0, 3, 0, 0, 0, 29037045, 27183.133505, 27187.133378, 0.000000
1133, 4, 5.000364, 210002201, 1.000010, 27092, 27092, 27088, 0, 6772, 0, 0, 1, 0, 0, 0, 29429731, 27091.716053, 27087.716095, 0.000000
1133, 5, 6.000376, 210002411, 1.000011, 27033, 27033, 27037, 0, 6760, 0, 0, 2, 0, 0, 0, 29512373, 27032.689639, 27036.689593, 0.000000
1133, 6, 7.000400, 210005165, 1.000025, 27162, 27162, 27158, 0, 6789, 0, 0, 0, 0, 0, 0, 29495203, 27161.331961, 27157.332059, 0.000000
1133, 7, 8.000410, 210002041, 1.000010, 27057, 27057, 27066, 0, 6767, 0, 0, 0, 0, 0, 0, 29542388, 27056.737034, 27065.736947, 0.000000
