ThreadID, cIDX, Time, cycles, deltaT, RX, OnRX, TX, SupTX, OnTX, Idle, OnIdle, Blocked, CacheMiss, CacheHit, CacheWB, CPUIdle, RX/s, TX/s, Sup/s
10018, 0, 0, 0, 0, 0, 0, 0, 0, 0, 0, 0, 0, 0, 0, 0, 0, 0, 0, 0
10018, 0, 1.000006, 210001200, 1.000006, 31668, 31668, 31668, 0, 7917, 0, 0, 0, 0, 0, 0, 28248620, 31667.819041, 31667.819041, 0.000000
10018, 1, 2.000045, 210008304, 1.000040, 31646, 31646, 31632, 0, 7908, 0, 0, 9, 0, 0, 0, 28190067, 31644.748676, 31630.749230, 0.000000
10018, 2, 3.000052, 210001486, 1.000007, 31624, 31624, 31639, 0, 7910, 0, 0, 11, 0, 0, 0, 28426507, 31623.776224, 31638.776118, 0.000000
10018, 3, 4.000058, 210001251, 1.000006, 31746, 31746, 31742, 0, 7936, 0, 0, 8, 0, 0, 0, 28412512, 31745.810886, 31741.810909, 0.000000
10018, 4, 5.000454, 210083068, 1.000396, 31644, 31644, 31635, 0, 7908, 0, 0, 9, 0, 0, 0, 28827437, 31631.487788, 31622.491347, 0.000000
10018, 5, 6.000459, 210001020, 1.000005, 31597, 31597, 31605, 0, 7902, 0, 0, 4, 0, 0, 0, 29062858, 31596.846530, 31604.846491, 0.000000
10018, 6, 7.000612, 210032268, 1.000154, 31696, 31696, 31683, 0, 7920, 0, 0, 1, 0, 0, 0, 28980835, 31691.130431, 31678.132429, 0.000000
10018, 7, 8.000708, 210020165, 1.000096, 31658, 31658, 31660, 0, 7915, 0, 0, 0, 0, 0, 0, 28897913, 31654.960370, 31656.960178, 0.000000
