ThreadID, cIDX, Time, cycles, deltaT, RX, OnRX, TX, SupTX, OnTX, Idle, OnIdle, Blocked, CacheMiss, CacheHit, CacheWB, CPUIdle, RX/s, TX/s, Sup/s
9027, 0, 0, 0, 0, 0, 0, 0, 0, 0, 0, 0, 0, 0, 0, 0, 0, 0, 0, 0
9027, 0, 1.000111, 210023412, 1.000111, 31563, 31563, 31548, 0, 7887, 0, 0, 0, 652847, 182309128, 267793, 28572217, 31559.481569, 31544.483241, 0.000000
9027, 1, 2.000150, 210008130, 1.000039, 31677, 31677, 31696, 0, 7924, 0, 0, 6, 569517, 182417040, 228377, 28438899, 31675.773695, 31694.772960, 0.000000
9027, 2, 3.000152, 210000459, 1.000002, 31701, 31701, 31708, 0, 7927, 0, 0, 3, 553471, 182329282, 218077, 28508822, 31700.930711, 31707.930696, 0.000000
9027, 3, 4.000153, 210000185, 1.000001, 31660, 31660, 31664, 0, 7916, 0, 0, 1, 543984, 182358245, 213682, 28526530, 31659.972109, 31663.972106, 0.000000
9027, 4, 5.000553, 210083943, 1.000400, 31723, 31723, 31700, 0, 7925, 0, 0, 0, 533626, 182128603, 209244, 29241854, 31710.324477, 31687.333667, 0.000000
9027, 5, 6.000858, 210064115, 1.000305, 31629, 31629, 31632, 0, 7908, 0, 0, 0, 517625, 182092238, 201308, 29177820, 31619.346312, 31622.345397, 0.000000
9027, 6, 7.000864, 210001282, 1.000006, 31678, 31678, 31693, 0, 7924, 0, 0, 0, 512906, 182118076, 197961, 29048675, 31677.806615, 31692.806523, 0.000000
9027, 7, 8.001066, 210042255, 1.000201, 31622, 31622, 31603, 0, 7900, 0, 0, 1, 513719, 182092179, 197379, 29235383, 31615.638482, 31596.642304, 0.000000
