ThreadID, cIDX, Time, cycles, deltaT, RX, OnRX, TX, SupTX, OnTX, Idle, OnIdle, Blocked, CacheMiss, CacheHit, CacheWB, CPUIdle, RX/s, TX/s, Sup/s
376, 0, 0, 0, 0, 0, 0, 0, 0, 0, 0, 0, 0, 0, 0, 0, 0, 0, 0, 0
376, 0, 1.000002, 210000514, 1.000002, 30453, 30453, 30464, 0, 7898, 0, 0, 0, 0, 0, 0, 28636701, 30452.925463, 30463.925436, 0.000000
376, 1, 2.000038, 210007544, 1.000036, 30516, 30516, 30508, 0, 7909, 0, 0, 0, 0, 0, 0, 28664967, 30514.903788, 30506.904076, 0.000000
376, 2, 3.000042, 210000727, 1.000003, 30550, 30550, 30529, 0, 7917, 0, 0, 0, 0, 0, 0, 28920030, 30549.894239, 30528.894312, 0.000000
376, 3, 4.000053, 210002377, 1.000011, 30484, 30484, 30501, 0, 7908, 0, 0, 1, 0, 0, 0, 28628496, 30483.654954, 30500.654762, 0.000000
376, 4, 5.000254, 210042109, 1.000201, 30508, 30508, 30500, 0, 7907, 0, 0, 0, 0, 0, 0, 29209720, 30501.883791, 30493.885395, 0.000000
376, 5, 6.000541, 210060248, 1.000287, 30560, 30560, 30558, 0, 7923, 0, 0, 0, 0, 0, 0, 29285009, 30551.234996, 30549.235570, 0.000000
376, 6, 7.000563, 210004747, 1.000023, 30362, 30362, 30380, 0, 7877, 0, 0, 0, 0, 0, 0, 29445954, 30361.313690, 30379.313283, 0.000000
376, 7, 8.000590, 210005649, 1.000027, 30577, 30577, 30572, 0, 7926, 0, 0, 0, 0, 0, 0, 29071844, 30576.177501, 30571.177635, 0.000000
