ThreadID, cIDX, Time, cycles, deltaT, RX, OnRX, TX, SupTX, OnTX, Idle, OnIdle, Blocked, CacheMiss, CacheHit, CacheWB, CPUIdle, RX/s, TX/s, Sup/s
10701, 0, 0, 0, 0, 0, 0, 0, 0, 0, 0, 0, 0, 0, 0, 0, 0, 0, 0, 0
10701, 0, 1.000745, 210156429, 1.000745, 27229, 27229, 27225, 0, 6807, 0, 0, 1, 662768, 182141615, 272082, 29151491, 27208.732215, 27204.735193, 0.000000
10701, 1, 2.000795, 210010545, 1.000050, 27179, 27179, 27176, 0, 6794, 0, 0, 5, 565919, 182122242, 227480, 29115335, 27177.635294, 27174.635445, 0.000000
10701, 2, 3.000810, 210003070, 1.000015, 27144, 27144, 27151, 0, 6787, 0, 0, 7, 544242, 182054883, 216566, 29251392, 27143.603186, 27150.603084, 0.000000
10701, 3, 4.000826, 210003404, 1.000016, 27140, 27140, 27134, 0, 6784, 0, 0, 5, 528966, 181983337, 209787, 29420001, 27139.560081, 27133.560178, 0.000000
10701, 4, 5.000854, 210005920, 1.000028, 27136, 27136, 27139, 0, 6785, 0, 0, 4, 517481, 181926622, 202962, 29566758, 27135.235045, 27138.234960, 0.000000
10701, 5, 6.000857, 210000675, 1.000003, 27126, 27126, 27133, 0, 6783, 0, 0, 5, 508490, 181596804, 198131, 30153305, 27125.912810, 27132.912787, 0.000000
10701, 6, 7.000908, 210010721, 1.000051, 27119, 27119, 27112, 0, 6778, 0, 0, 0, 507548, 181741456, 199064, 29908239, 27117.615581, 27110.615939, 0.000000
10701, 7, 8.000965, 210011885, 1.000057, 27110, 27110, 27114, 0, 6778, 0, 0, 0, 505694, 181865101, 197644, 29746541, 27108.465790, 27112.465564, 0.000000
