ThreadID, cIDX, Time, cycles, deltaT, RX, OnRX, TX, SupTX, OnTX, Idle, OnIdle, Blocked, CacheMiss, CacheHit, CacheWB, CPUIdle, RX/s, TX/s, Sup/s
10319, 0, 0, 0, 0, 0, 0, 0, 0, 0, 0, 0, 0, 0, 0, 0, 0, 0, 0, 0
10319, 0, 1.000033, 210006929, 1.000033, 27190, 27190, 27197, 0, 6800, 0, 0, 1, 663961, 182129988, 274332, 29076191, 27189.102889, 27196.102658, 0.000000
10319, 1, 2.000988, 210200465, 1.000955, 27206, 27206, 27203, 0, 6800, 0, 0, 5, 572716, 182160320, 230425, 29238558, 27180.054050, 27177.056911, 0.000000
10319, 2, 3.001004, 210003364, 1.000016, 27159, 27159, 27159, 0, 6790, 0, 0, 7, 558202, 182047533, 224244, 29160454, 27158.564946, 27158.564946, 0.000000
10319, 3, 4.001015, 210002368, 1.000011, 27083, 27083, 27070, 0, 6768, 0, 0, 9, 539046, 181994624, 214829, 29382695, 27082.694610, 27069.694757, 0.000000
10319, 4, 5.001041, 210005505, 1.000026, 27129, 27129, 27132, 0, 6783, 0, 0, 3, 534257, 181995462, 213201, 29481102, 27128.288851, 27131.288773, 0.000000
10319, 5, 6.001048, 210001379, 1.000007, 27151, 27151, 27151, 0, 6787, 0, 0, 2, 528613, 181720363, 212140, 29887161, 27150.821710, 27150.821710, 0.000000
10319, 6, 7.001096, 210010069, 1.000048, 26952, 26952, 26960, 0, 6740, 0, 0, 0, 520732, 181745607, 207511, 29858594, 26950.707778, 26958.707394, 0.000000
10319, 7, 8.001115, 210004118, 1.000020, 27133, 27133, 27132, 0, 6783, 0, 0, 0, 516993, 181857567, 205337, 29721493, 27132.467945, 27131.467965, 0.000000
