ThreadID, cIDX, Time, cycles, deltaT, RX, OnRX, TX, SupTX, OnTX, Idle, OnIdle, Blocked, CacheMiss, CacheHit, CacheWB, CPUIdle, RX/s, TX/s, Sup/s
102, 0, 0, 0, 0, 0, 0, 0, 0, 0, 0, 0, 0, 0, 0, 0, 0, 0, 0, 0
102, 0, 1.000256, 210053796, 1.000256, 31522, 31522, 31500, 0, 7875, 0, 0, 0, 0, 0, 0, 26539372, 31513.927032, 31491.932667, 0.000000
102, 1, 2.000362, 210022173, 1.000106, 31706, 31706, 31724, 0, 7931, 0, 0, 0, 0, 0, 0, 26604863, 31702.652653, 31720.650752, 0.000000
102, 2, 3.000363, 210000198, 1.000001, 31691, 31691, 31708, 0, 7927, 0, 0, 4, 0, 0, 0, 26756356, 31690.970120, 31707.970104, 0.000000
102, 3, 4.000842, 210100637, 1.000479, 31674, 31674, 31648, 0, 7912, 0, 0, 2, 0, 0, 0, 26675003, 31658.828336, 31632.840790, 0.000000
102, 4, 5.000902, 210012555, 1.000060, 31596, 31596, 31620, 0, 7905, 0, 0, 0, 0, 0, 0, 27022239, 31594.111123, 31618.109689, 0.000000
102, 5, 6.000904, 210000579, 1.000003, 31685, 31685, 31672, 0, 7918, 0, 0, 0, 0, 0, 0, 27196011, 31684.912640, 31671.912676, 0.000000
102, 6, 7.000914, 210001958, 1.000009, 31556, 31556, 31540, 0, 7885, 0, 0, 0, 0, 0, 0, 27106990, 31555.705781, 31539.705930, 0.000000
102, 7, 8.000997, 210017487, 1.000083, 31619, 31619, 31636, 0, 7909, 0, 0, 1, 0, 0, 0, 26778051, 31616.367260, 31633.365844, 0.000000
