ThreadID, cIDX, Time, cycles, deltaT, RX, OnRX, TX, SupTX, OnTX, Idle, OnIdle, Blocked, CacheMiss, CacheHit, CacheWB, CPUIdle, RX/s, TX/s, Sup/s
637, 0, 0, 0, 0, 0, 0, 0, 0, 0, 0, 0, 0, 0, 0, 0, 0, 0, 0, 0
637, 0, 1.000039, 210008120, 1.000039, 27271, 27271, 27272, 0, 6818, 0, 0, 0, 0, 0, 0, 28650072, 27269.945562, 27270.945523, 0.000000
637, 1, 2.000163, 210026165, 1.000125, 27087, 27087, 27076, 0, 6769, 0, 0, 1, 0, 0, 0, 28651150, 27083.625509, 27072.626880, 0.000000
637, 2, 3.000170, 210001437, 1.000007, 27077, 27077, 27092, 0, 6773, 0, 0, 0, 0, 0, 0, 28860272, 27076.814717, 27091.814615, 0.000000
637, 3, 4.000273, 210021595, 1.000103, 27200, 27200, 27196, 0, 6799, 0, 0, 0, 0, 0, 0, 28635607, 27197.203221, 27193.203632, 0.000000
637, 4, 5.000296, 210004742, 1.000023, 27159, 27159, 27155, 0, 6789, 0, 0, 0, 0, 0, 0, 29260560, 27158.386738, 27154.386828, 0.000000
637, 5, 6.000332, 210007647, 1.000036, 27082, 27082, 27089, 0, 6772, 0, 0, 0, 0, 0, 0, 29429624, 27081.013864, 27088.013609, 0.000000
637, 6, 7.000426, 210019789, 1.000094, 27100, 27100, 27088, 0, 6772, 0, 0, 0, 0, 0, 0, 29301683, 27097.446517, 27085.447648, 0.000000
637, 7, 8.000427, 210000198, 1.000001, 27202, 27202, 27210, 0, 6803, 0, 0, 0, 0, 0, 0, 29312329, 27201.974352, 27209.974345, 0.000000
