ThreadID, cIDX, Time, cycles, deltaT, RX, OnRX, TX, SupTX, OnTX, Idle, OnIdle, Blocked, CacheMiss, CacheHit, CacheWB, CPUIdle, RX/s, TX/s, Sup/s
1308, 0, 0, 0, 0, 0, 0, 0, 0, 0, 0, 0, 0, 0, 0, 0, 0, 0, 0, 0
1308, 0, 1.000019, 210004041, 1.000019, 27247, 27247, 27260, 0, 6815, 0, 0, 1, 0, 0, 0, 29781091, 27246.475700, 27259.475450, 0.000000
1308, 1, 2.000045, 210005373, 1.000026, 27135, 27135, 27120, 0, 6780, 0, 0, 0, 0, 0, 0, 29903522, 27134.305749, 27119.306133, 0.000000
1308, 2, 3.000212, 210035093, 1.000167, 27120, 27120, 27121, 0, 6781, 0, 0, 1, 0, 0, 0, 30056412, 27115.468747, 27116.468580, 0.000000
1308, 3, 4.000485, 210057426, 1.000273, 27076, 27076, 27075, 0, 6768, 0, 0, 8, 0, 0, 0, 30066808, 27068.597899, 27067.598172, 0.000000
1308, 4, 5.000503, 210003645, 1.000017, 27093, 27093, 27100, 0, 6775, 0, 0, 3, 0, 0, 0, 30262446, 27092.529751, 27099.529630, 0.000000
1308, 5, 6.000512, 210001899, 1.000009, 27137, 27137, 27129, 0, 6783, 0, 0, 2, 0, 0, 0, 30604699, 27136.754606, 27128.754679, 0.000000
1308, 6, 7.000516, 210000940, 1.000004, 27017, 27017, 27025, 0, 6756, 0, 0, 0, 0, 0, 0, 30315103, 27016.879067, 27024.879031, 0.000000
1308, 7, 8.000622, 210022280, 1.000106, 27151, 27151, 27134, 0, 6783, 0, 0, 0, 0, 0, 0, 30294744, 27148.119714, 27131.121517, 0.000000
